Rank,Ticker,Sector,Industry,Exchange,Relative Strength,Percentile,1M_RS_Percentile,3M_RS_Percentile,6M_RS_Percentile,Price,MarketCap,Float,ShortFloatPct,PctFrom52WkHigh,AvgVol10,AvgVol30,AvgVol50,RevenueGrowth
1,DFNS,Industrials,Aerospace & Defense,NASDAQ,7917.01,99,0,0,2,84.98,26820383.193911612,60270525.0,0.1344,391.78,32007840,26035296,25597858,
2,TRIB,Healthcare,Medical Devices,NASDAQ,1626.12,99,8,17,27,12.75,14175608.05859083,20250869.0,0.0123000005,270.64,108376,2585055,1613001,
3,CCG,Communication Services,Internet Content & Information,NASDAQ,1570.41,99,9,23,30,13.1,51473368.21587765,83021561.0,0.0028,750.65,33220,136716,147960,-0.156
4,MGRT,Technology,Information Technology Services,NASDAQ,1351.4,99,99,99,76,95.71,1140975046.157837,13750000.0,0.0149,-43.7,17800,15290,14352,3.088
5,MI,Consumer Cyclical,Internet Retail,NYSE ARCA,1286.17,99,99,0,77,7.51,3614915.161886215,230985.0,0.0023999999,-62.15,20490,15410,12308,0.182
6,ASBP,Healthcare,Biotechnology,NASDAQ,1222.48,99,98,0,0,6.72,7110834.363544464,1295234.0,0.0591,-80.8,59320,79800,371400,
7,PRPL,Consumer Cyclical,"Furnishings, Fixtures & Appliances",NASDAQ,1055.74,99,6,14,27,7.27,43639079.28356445,108825636.0,0.0374,476.98,126270,226006,248984,-0.081
8,DUKR,Industrials,Aerospace & Defense,NASDAQ,1051.4,99,99,99,81,5.14,25559827.5,3407977.0,0.02,-63.8,18440,30763,41846,
9,QMMM,Communication Services,Advertising Agencies,NASDAQ,1012.31,99,99,99,99,119.4,6830437441.489952,57206343.0,0.103,-60.59,0,0,0,-0.401
10,INHD,Basic Materials,Steel,NASDAQ,879.64,99,67,0,0,39.49,5741286.3737745285,4520698.0,0.061100002,-99.48,0,0,5604650,0.949
11,BANL,Energy,Oil & Gas Midstream,NASDAQ,875.87,99,7,59,7,4.56,10155816.370882988,27448152.0,0.0403,342.72,150250,173586,206720,-0.133
12,SNDK,Technology,Computer Hardware,S&P 500,766.48,99,99,99,99,1279.96,251009175122.4619,148089758.0,0.0963,-25.1,18046010,14606540,13155790,2.51
13,FFAI,Consumer Cyclical,Auto Manufacturers,NASDAQ,715.12,99,4,3,20,5.35,110621106.89785177,303904146.0,0.1693,48.2,35271780,25159670,21077470,0.62
14,DKI,Communication Services,Electronic Gaming & Multimedia,NASDAQ,661.75,99,99,5,10,4.34,12256978.798121452,2077454.0,0.028299998,-71.07,15090,15246,79206,-0.025
15,AXTI,Technology,Semiconductor Equipment & Materials,NASDAQ,615.13,99,99,99,99,46.94,6749055901.026855,65423184.0,0.1319,-67.21,7981620,9119706,9124578,0.391
16,BVC,Technology,Software - Application,NASDAQ,506.39,99,99,99,99,10.91,1631280006.4086914,168000000.0,0.0005,-27.28,23010,15490,25328,
17,PN,Technology,Solar,NASDAQ,466.07,99,4,3,6,23.67,52125093.75,13900025.0,0.008,-72.92,2373630,805646,751664,0.429
18,ERAS,Healthcare,Biotechnology,NASDAQ,462.25,99,99,99,99,18.68,3993041566.7324753,310984542.0,0.113299996,-23.06,3815670,5671053,5425502,
19,DBGI,Consumer Cyclical,Apparel Retail,NASDAQ,455.02,99,1,1,94,14.19,11125010.011717975,22985558.0,0.054899998,-21.17,518613,756744,6335646,-0.297
20,QTTB,Healthcare,Biotechnology,NASDAQ,425.23,99,99,95,94,15.56,187368388.9841795,16956415.0,0.0777,18.33,696640,1889730,1794182,
21,FBRX,Healthcare,Biotechnology,NASDAQ,400.55,99,62,96,98,76.98,390531033.940361,20478817.0,0.0592,115.03,3371730,1734473,1142076,
22,ANL,Healthcare,Biotechnology,NASDAQ,399.72,99,99,99,99,13.0,768911352.6975498,64397938.0,0.052800003,-24.64,230490,214193,181188,1.781
23,EVC,Communication Services,Advertising Agencies,NYSE,397.71,99,99,91,79,11.62,835715747.3779678,92039180.0,0.056900002,14.82,1442000,1810313,2126210,1.144
24,OPAD,Real Estate,Real Estate Services,NYSE,353.22,99,99,8,12,4.15,36245474.1119141,47317853.0,0.1342,-34.65,38580,53480,234297,-0.502
25,CLYM,Healthcare,Biotechnology,NASDAQ,350.98,99,99,99,98,12.08,627575334.2643156,57260523.0,0.051599998,-3.21,1049380,1413120,1316266,
26,RXT,Technology,Software - Infrastructure,NASDAQ,340.18,99,99,97,3,4.21,1288480338.8441677,249222499.0,0.203,-44.97,7160320,16963123,19114358,0.019
27,SLS,Healthcare,Biotechnology,NASDAQ,335.16,99,99,96,97,10.29,1731963342.0023746,186032574.0,0.3081,8.2,7043890,10127560,10009810,
28,AGL,Healthcare,Medical Care Facilities,NYSE,326.42,99,99,43,11,96.75,1539579751.7140503,16683786.0,0.0614,2.15,322880,336140,311536,-0.073
29,MU,Technology,Semiconductors,S&P 500,313.47,99,99,99,99,874.66,1095029763521.0,1127734051.0,0.0313,-10.84,50344970,51793726,52850040,1.963
30,STTK,Healthcare,Biotechnology,NASDAQ,308.86,99,98,99,98,7.19,456249061.5243521,76680517.0,0.018,-13.69,1196520,1663480,1416030,
31,ALMS,Healthcare,Biotechnology,NASDAQ,304.81,99,99,99,99,28.95,2753826816.6343307,127491980.0,0.1585,-5.39,884170,1544760,1400322,-0.9
32,ATEX,Communication Services,Telecom Services,NASDAQ,303.66,99,99,95,68,93.58,1199279490.8949356,18732889.0,0.1478,41.17,340540,462793,478522,0.004
33,DMRA,Healthcare,Biotechnology,NASDAQ,301.39,99,99,99,99,29.21,1531443415.0625038,61553194.0,0.024500001,-23.78,442720,803073,628016,
34,ORKA,Healthcare,Biotechnology,NASDAQ,301.04,99,99,99,96,97.86,3530067197.90683,60312101.0,0.158,7.54,1039380,1543450,1391814,
35,CHRN,Technology,Information Technology Services,NASDAQ,299.16,99,97,95,94,21.06,2627194562.4972687,143093381.0,0.84,1.74,259460,377210,372936,
36,ANTX,Healthcare,Biotechnology,NASDAQ,298.71,99,98,99,32,5.33,155949974.38218498,36016161.0,0.0278,-22.87,162560,359280,303852,
37,WDC,Technology,Computer Hardware,S&P 500,297.85,99,99,99,99,533.04,183098602382.09198,344682131.0,0.097399995,-3.7,7483600,9278356,8387906,0.455
38,MAAS,Financial Services,Asset Management,NASDAQ,295.92,99,99,94,80,18.16,5257467774.228937,442175578.0,0.0008,-13.07,76140,147533,110374,
39,BW,Industrials,Specialty Industrial Machinery,NYSE,292.38,99,99,99,99,9.47,2746089460.5055504,148839531.0,0.0955,-57.01,3229760,4133136,3680872,0.443
40,SIF,Industrials,Aerospace & Defense,NYSE ARCA,290.9,99,99,98,88,25.64,126771177.4229126,6254128.0,0.0167,13.96,112240,129183,110288,0.39
41,SYRE,Healthcare,Biotechnology,NASDAQ,290.7,99,99,98,94,101.5,6382832095.5,86841253.0,0.1531,28.81,891200,1593263,1370188,
42,ANRO,Healthcare,Biotechnology,NYSE,286.8,99,99,99,99,28.63,704335365.0901794,35093940.0,0.054899998,0.66,434160,662443,526242,
43,DFTX,Healthcare,Biotechnology,NASDAQ,277.62,99,99,94,93,44.49,2638325539.0179462,109066783.0,0.0855,69.49,1441420,3760556,3117638,
44,PIII,Healthcare,Medical Care Facilities,NASDAQ,275.48,99,98,19,2,10.22,40508951.45497131,3325858.0,0.1117,-39.49,20840,27550,206988,0.038
45,NUAI,Technology,Software - Infrastructure,NASDAQ,275.04,99,99,99,99,4.83,483157724.62802887,101290928.0,0.073699996,-48.86,8699670,9232803,8542960,1.458
46,LQDA,Healthcare,Drug Manufacturers - Specialty & Generic,S&P 600,272.15,99,98,89,97,86.8,5501092258.417404,88928099.0,0.1426,36.78,1518100,2016843,1970196,41.585
47,NVCT,Healthcare,Biotechnology,NASDAQ,268.61,99,97,65,80,22.76,258623946.75,26525533.0,0.0915,70.61,252960,494133,333624,
48,FCEL,Industrials,Electrical Equipment & Parts,NASDAQ,265.84,99,99,96,59,23.62,1147500569.4762192,52977866.0,0.1035,-14.7,9978880,13540320,12625400,0.607
49,MBX,Healthcare,Biotechnology,NASDAQ,262.15,99,97,89,98,66.46,1497894425.2373657,47597536.0,0.1263,44.95,602040,880363,851336,
50,TXG,Healthcare,Health Information Services,NASDAQ,260.77,99,97,90,88,49.43,3593494968.388954,126956189.0,0.2591,71.28,2522350,3235543,3231852,-0.026
51,STX,Technology,Computer Hardware,S&P 500,260.53,99,99,99,98,851.68,199056608894.93335,226252116.0,0.0476,-5.93,6319520,5563530,4702816,0.441
52,PRLD,Healthcare,Biotechnology,NASDAQ,259.07,99,98,99,95,5.05,312209609.5164547,79645307.0,0.0736,-8.84,412170,524993,435434,
53,RLYB,Healthcare,Biotechnology,NASDAQ,258.97,99,99,99,63,16.07,76611061.22210789,5298137.0,0.1314,0.44,30310,43550,55002,0.0
54,BBGI,Communication Services,Broadcasting,NASDAQ,258.43,99,99,99,21,20.09,26913973.610948563,1806307.0,0.0908,-23.81,20290,31936,32316,-0.129
55,STAK,Energy,Oil & Gas Equipment & Services,NASDAQ,256.1,99,99,87,2,2.05,18441934.62779063,19210349.0,1.2866,-48.36,14695110,7036690,5919784,0.134
56,BFLY,Healthcare,Medical Devices,NYSE,251.01,99,98,95,87,8.17,1190466172.2040424,261640906.0,0.122200005,42.83,6928090,11078256,8575062,0.25
57,MXL,Technology,Semiconductors,S&P 600,250.2,99,99,99,69,66.92,8321505997.197258,89545959.0,0.047,-37.03,5466360,4261123,4361636,0.43
58,RLAY,Healthcare,Biotechnology,NASDAQ,248.76,99,98,97,95,19.45,3062061706.1688194,217940332.0,0.17940001,12.3,2268210,3880876,4304658,-0.609
59,DNTH,Healthcare,Biotechnology,NASDAQ,248.19,99,96,98,95,112.64,5084506448.109673,54666233.0,0.1354,16.73,849170,1234313,1134396,-0.602
60,RLMD,Healthcare,Biotechnology,NASDAQ,246.28,99,99,99,99,5.35,756258511.8312445,104890223.0,0.0556,-33.13,1763000,2273696,1837166,
61,ETON,Healthcare,Drug Manufacturers - Specialty & Generic,NASDAQ,245.52,98,94,94,23,49.03,834097321.9987106,27392358.0,0.0795,37.49,677060,534713,474982,0.404
62,BUUU,Industrials,Specialty Business Services,NASDAQ,244.41,98,97,98,95,21.65,320377058.9160919,16695000.0,0.0027,-16.73,80880,62080,45752,0.123
63,LITE,Technology,Communication Equipment,S&P 500,243.04,98,99,99,99,693.24,66515889709.47266,77800000.0,0.1302,-36.15,4686240,4815286,5216776,0.901
64,RVMD,Healthcare,Biotechnology,NASDAQ,242.3,98,98,97,97,192.17,33479689927.44992,212596462.0,0.055,21.53,1906290,2761326,2801254,
65,ALOT,Technology,Computer Hardware,NASDAQ,241.29,98,98,88,34,28.84,120162159.91962433,7692840.0,0.0018000001,80.36,139080,239460,172684,0.005
66,BIOA,Healthcare,Drug Manufacturers - Specialty & Generic,NASDAQ,240.52,98,98,97,99,24.85,768587811.5576935,44452734.0,0.0434,3.54,625490,700076,595372,0.91
67,DELL,Technology,Computer Hardware,S&P 500,237.55,98,98,93,34,404.81,273409790059.9601,649568287.0,0.0708,-5.67,6112350,7477626,9402490,0.875
68,SLGL,Healthcare,Biotechnology,NASDAQ,237.13,98,98,99,99,85.19,241447677.25523376,3268991.0,0.024300002,-13.04,47150,36420,39276,1.504
69,TNGX,Healthcare,Biotechnology,NASDAQ,236.93,98,98,99,99,27.57,3179362578.1454086,144647982.0,0.2228,-2.96,2298140,3901976,4237844,
70,NBTX,Healthcare,Biotechnology,NASDAQ,229.74,98,98,99,99,40.15,2048844828.9833908,50713979.0,0.0023,-29.73,142900,114516,94402,
71,ALTO,Basic Materials,Specialty Chemicals,NASDAQ,226.67,98,98,99,97,4.62,422298952.27070904,77486049.0,0.0196,-23.0,2445310,2609960,2561366,-0.008
72,BLZE,Technology,Software - Infrastructure,NASDAQ,226.51,98,99,30,12,12.63,496921956.6543379,60014731.0,0.0295,16.32,1830860,4262040,3157144,0.117
73,HUT,Financial Services,Capital Markets,NASDAQ,225.98,98,98,98,96,108.27,14055123207.125977,112594112.0,0.1532,-14.51,5015120,4533926,4342482,2.255
74,BDSX,Healthcare,Diagnostics & Research,NASDAQ,224.71,98,98,77,46,21.33,169006799.7196579,10355809.0,0.024300002,5.54,61180,89960,71216,0.423
75,LVLU,Consumer Cyclical,Apparel Retail,NASDAQ,224.64,98,85,86,99,16.73,26954050.612926483,2864405.0,0.015700001,-48.23,39170,41476,31482,-0.103
76,PACS,Healthcare,Medical Care Facilities,NYSE,224.36,98,95,96,98,46.99,5800682821.90448,158272376.0,0.0888,9.08,814430,960326,902988,0.112
77,VSXY,Consumer Cyclical,Apparel Retail,S&P 600,222.68,98,96,91,97,88.24,,,,,1889190,1882286,2369912,
78,DOCN,Technology,Software - Infrastructure,S&P 400,221.39,98,98,98,90,120.23,16275593708.455795,104364181.0,0.1557,-27.57,3517120,3816766,3457876,0.224
79,AEHR,Technology,Semiconductor Equipment & Materials,NASDAQ,220.34,98,99,99,91,76.87,2904078999.412628,31453254.0,0.1608,-31.37,3121000,2774720,2471714,-0.437
80,OTLK,Healthcare,Biotechnology,NASDAQ,219.24,98,99,3,3,1.04,108468599.70407438,148587119.0,0.0752,-69.32,20694620,14071920,26314300,
81,EQ,Healthcare,Biotechnology,NASDAQ,217.56,98,98,97,97,2.32,183357018.42975426,63226556.0,0.052600004,-25.16,442880,823656,950266,
82,ROMA,Industrials,Consulting Services,NASDAQ,216.7,98,97,98,87,9.93,413378126.1483121,59564571.0,0.0171,-15.63,16340,25600,46656,0.176
83,KOD,Healthcare,Biotechnology,NASDAQ,215.28,98,98,99,98,42.5,2297254511.817726,62578441.0,0.2587,-11.16,514560,778153,742890,
84,ICHR,Technology,Semiconductor Equipment & Materials,S&P 600,212.35,98,99,98,90,74.97,2493691513.5136185,34867053.0,0.053000003,-3.88,930260,1187683,1177792,0.047
85,MTC,Technology,Software - Application,NASDAQ,211.59,98,85,99,97,3.93,658275444.0064073,99587811.0,0.0085,-56.79,32810,33456,66920,-1.0
86,DRTS,Healthcare,Biotechnology,NASDAQ,211.01,98,97,94,96,11.89,978229230.1886826,90325876.0,0.0239,2.32,676180,780446,886232,
87,ARWR,Healthcare,Biotechnology,S&P 400,210.7,98,96,98,99,87.32,10974171021.943817,140857021.0,0.1278,6.15,2640770,2889796,2312392,-0.864
88,NDLS,Consumer Cyclical,Restaurants,NASDAQ,208.8,98,97,96,14,17.58,74239819.64763832,5892049.0,0.0254,26.02,103300,59156,50128,-0.0
89,APGE,Healthcare,Biotechnology,NASDAQ,205.24,98,96,91,88,134.3,6192483216.485977,75389375.0,0.19590001,40.9,967440,4385380,3071560,
90,CORT,Healthcare,Biotechnology,S&P 600,204.74,98,89,32,10,118.32,7459862037.732254,107351594.0,0.111999996,30.02,1599760,1249150,1151788,0.049
91,MAMK,Industrials,Conglomerates,NASDAQ,204.24,98,96,97,98,13.0,216125000.0,16625000.0,0.0291,-9.09,0,0,0,0.437
92,CDNA,Healthcare,Diagnostics & Research,NASDAQ,204.15,98,91,80,67,38.1,1178869340.6547775,51659481.0,0.1283,63.94,1037680,1119963,975860,0.39
93,VNCE,Consumer Cyclical,Apparel Manufacturing,NASDAQ,204.07,98,98,96,65,6.28,56656564.57965851,12847294.0,0.0034999999,6.44,77190,178956,201064,0.047
94,VSAT,Technology,Communication Equipment,S&P 600,203.21,98,98,98,97,77.6,10950727921.692085,135831401.0,0.0967,-13.58,1944910,2684550,2897484,0.021
95,RTB,Technology,Software - Application,NASDAQ,203.17,98,94,21,5,16.57,25177740.7310071,5774711.0,1.98,-79.68,92880,200330,156786,
96,PBF,Energy,Oil & Gas Refining & Marketing,S&P 400,202.7,98,89,93,83,73.1,4815154371.562191,118308459.0,0.1458,40.09,3442870,3158786,2865046,0.119
97,ZNTL,Healthcare,Biotechnology,NASDAQ,200.51,98,97,96,90,4.92,284745392.0,71186348.0,0.0866,-29.21,1480720,1420450,1186254,
98,MKDW,Consumer Cyclical,Auto Parts,NASDAQ,199.05,98,94,91,3,11.31,36400492.460315704,4198442.0,0.0062,-33.98,2720,14720,16914,-0.613
99,CRNX,Healthcare,Biotechnology,NASDAQ,199.0,98,49,56,77,83.63,3748399313.9555054,105440208.0,0.1463,44.21,3452350,6411480,4228470,28.734
100,TOP,Financial Services,Capital Markets,NASDAQ,198.77,98,94,15,27,2.09,35293932.37277722,37112443.0,0.031,-37.24,521930,459590,329484,0.557
101,TWST,Healthcare,Diagnostics & Research,NASDAQ,197.1,98,97,87,87,91.33,4164082938.213272,62271314.0,0.3416,28.56,1222710,1730950,1780100,0.193
102,TSEM,Technology,Semiconductors,NASDAQ,196.45,98,98,98,97,211.16,30268033000.703705,118591206.0,0.0295,-30.28,1583930,1806080,1867712,0.155
103,SAIH,Technology,Information Technology Services,NASDAQ,194.47,98,83,88,19,18.34,20449137.320404053,1832360.0,0.0067000003,19.01,8840,4526,3562,-0.705
104,MRVI,Healthcare,Biotechnology,NASDAQ,194.43,98,96,85,67,6.75,708029615.334568,147506164.0,0.0685,35.14,2225430,3191703,3037734,0.405
105,SIMO,Technology,Semiconductors,NASDAQ,194.02,98,98,98,94,255.1,9388062110.8844,33907835.0,0.0214,-13.52,1131520,938083,991020,1.055
106,OCC,Technology,Communication Equipment,NASDAQ,193.94,98,98,96,30,14.18,123201048.11888695,8863385.0,0.0427,-12.58,176360,309080,852956,0.044
107,INTC,Technology,Semiconductors,S&P 500,193.5,98,99,98,96,91.13,576381681533.8135,5026000000.0,0.028099999,-31.35,130112610,120739903,124242860,0.072
108,GH,Healthcare,Diagnostics & Research,NASDAQ,192.8,98,96,81,93,152.35,17196885115.740295,132599929.0,0.1017,13.72,1846500,3003726,2827218,0.483
109,INNV,Healthcare,Medical Care Facilities,NASDAQ,192.76,98,95,94,96,11.6,1030239243.5817299,135736393.0,0.0467,8.51,253370,398583,366902,0.155
110,BTSG,Healthcare,Health Information Services,S&P 400,192.67,98,96,94,90,72.88,11960886847.819199,193918398.0,0.082600005,17.34,2825440,4290730,3939930,0.256
111,MANE,Healthcare,Biotechnology,NYSE,192.61,98,98,98,38,104.63,4215887458.1681213,41778687.0,0.0754,-11.11,598450,775123,646450,
112,IPSC,Healthcare,Biotechnology,NASDAQ,191.78,98,97,98,98,2.19,441869290.64998746,180354809.0,0.0682,-27.96,736630,1700326,1392848,
113,PENG,Technology,Information Technology Services,S&P 600,191.74,98,99,91,24,51.43,2934433661.550522,52560157.0,0.2675,-15.51,3486830,4564993,3942986,-0.062
114,VSTS,Industrials,Rental & Leasing Services,S&P 600,190.72,98,96,83,64,14.59,1706797669.518818,132105082.0,0.1001,12.66,1209780,1385603,1393072,-0.009
115,NCEW,Industrials,Integrated Freight & Logistics,NASDAQ,190.1,98,96,97,64,15.6,60576000.9765625,3200000.0,0.015800001,-25.12,3490,2213,2086,-0.156
116,VPG,Technology,Scientific & Technical Instruments,NYSE,190.04,98,99,92,95,87.92,1666748277.5268555,13301000.0,0.0748,-33.23,481210,557860,599458,0.176
117,BTSGU,Healthcare,Health Information Services,NASDAQ,189.93,98,95,94,89,240.7,,,0.29,17.27,28820,18940,24226,0.256
118,PLSE,Healthcare,Medical Instruments & Supplies,NASDAQ,189.89,98,90,81,22,35.04,1730242800.0,69209712.0,0.1675,25.23,469790,382926,352550,
119,ARTV,Healthcare,Biotechnology,NASDAQ,189.41,98,98,99,78,10.43,385304401.799283,48588198.0,0.014099999,-28.22,358800,514576,556850,
120,PVLA,Healthcare,Biotechnology,NASDAQ,188.94,97,96,98,98,150.19,1699053287.1087341,14342844.0,0.16950001,-0.65,225740,281550,269510,
121,MNPR,Healthcare,Biotechnology,NASDAQ,188.8,97,93,35,58,114.66,435706998.61317444,6699062.0,0.3431,9.2,315520,245233,204486,
122,UCTT,Technology,Semiconductor Equipment & Materials,S&P 600,188.39,97,99,97,93,83.23,3835962066.9594727,44828352.0,0.0879,-9.82,1441440,1552876,1414268,0.029
123,CDNL,Industrials,Engineering & Construction,NASDAQ,188.26,97,98,95,57,62.96,793552930.4259033,15292984.0,0.0933,-0.35,655000,845946,710586,1.048
124,DK,Energy,Oil & Gas Refining & Marketing,NYSE,188.11,97,91,95,91,67.71,2727908391.5508957,61287542.0,0.1295,36.79,1200590,1259066,1170954,0.004
125,DWSN,Energy,Oil & Gas Equipment & Services,NASDAQ,187.28,97,98,95,86,4.61,120795550.85757256,31052840.0,0.0188,-16.79,162750,250803,184244,1.283
126,TVTX,Healthcare,Biotechnology,NASDAQ,187.14,97,96,93,78,57.28,4387405286.279182,92992905.0,0.19700001,17.84,1192490,1726630,1828788,0.556
127,BE,Industrials,Electrical Equipment & Parts,NYSE,186.9,97,99,99,99,207.12,81066502380.0,284443868.0,0.1166,-35.84,20849790,17251600,14559594,1.304
128,BJRI,Consumer Cyclical,Restaurants,S&P 600,186.04,97,91,36,74,74.26,988846258.1653595,21016924.0,0.100600004,54.74,594360,574610,498636,0.029
129,ELA,Consumer Cyclical,Luxury Goods,NYSE ARCA,185.72,97,97,95,93,21.68,661030075.1897278,25963476.0,0.0194,-24.98,131570,137523,126168,1.039
130,ASX,Technology,Semiconductors,NYSE,185.44,97,98,97,94,34.77,84137817660.4544,2193945789.0,0.0098,-15.4,9686530,11535863,11512352,0.172
131,HYMC,Basic Materials,Gold,NASDAQ,185.37,97,97,99,99,20.07,3019467793.347393,91360601.0,0.1612,-65.83,1494530,2042353,2078838,
132,ELVN,Healthcare,Biotechnology,NASDAQ,184.97,97,95,93,87,53.95,2410008694.6332855,60904946.0,0.1331,11.17,714620,1392110,1470642,
133,UMC,Technology,Semiconductors,NYSE,184.95,97,98,90,88,18.94,55655981413.09355,2509286774.0,0.0115,-20.05,17776080,18244963,18212196,0.055
134,FATE,Healthcare,Biotechnology,NASDAQ,184.91,97,97,88,35,2.51,331028078.2356448,116559186.0,0.0946,-12.85,1365790,3846936,4040050,-0.203
135,GLBS,Industrials,Marine Shipping,NASDAQ,184.73,97,95,92,81,2.96,43812070.412525415,21582301.0,0.013200001,21.31,107840,164740,171660,0.548
136,AGEN,Healthcare,Biotechnology,NASDAQ,184.51,97,30,70,19,7.91,145748508.5,41642431.0,0.1293,7.77,2048140,7623990,4819686,0.402
137,STRZ,Communication Services,Entertainment,NASDAQ,184.42,97,96,93,20,27.26,392535339.60980415,16789365.0,0.044299997,10.59,157010,161433,148688,-0.072
138,BAND,Technology,Software - Infrastructure,NASDAQ,184.28,97,99,98,29,38.83,2080164474.8736267,32017307.0,0.0315,-40.37,1606890,1420466,1426912,0.198
139,AIIO,Consumer Cyclical,Auto Manufacturers,NASDAQ,183.83,97,65,0,2,2.85,46886961.46595478,19783529.0,0.1725,-94.94,1022620,2400886,3859348,-0.982
140,ABSI,Healthcare,Biotechnology,NASDAQ,183.69,97,99,92,19,7.64,1052359128.0,155905056.0,0.2572,4.09,2929730,6354753,5725014,-0.818
141,LIND,Consumer Cyclical,Travel Services,NASDAQ,183.62,97,93,84,91,29.79,1505520050.0488281,65600000.0,0.1008,25.27,818990,1017713,902902,0.157
142,NBIS,Communication Services,Internet Content & Information,NASDAQ,183.44,97,97,98,88,188.43,58673332721.65704,253898194.0,0.2068,-19.38,25268170,20809243,19213566,6.839
143,HCHL,Consumer Cyclical,Restaurants,NASDAQ,183.41,97,90,72,3,3.96,121168266.35228968,29844401.0,0.010299999,-45.38,0,0,431684,-0.457
144,PRAX,Healthcare,Biotechnology,NASDAQ,182.7,97,98,99,99,307.75,9756734570.811707,27878774.0,0.1333,-16.03,317340,499950,503054,
145,CVGI,Consumer Cyclical,Auto Parts,NASDAQ,182.48,97,96,98,41,4.34,173452621.21198654,33680120.0,0.0149,-25.04,325690,554060,485284,0.01
146,PARR,Energy,Oil & Gas Refining & Marketing,S&P 600,181.48,97,87,97,93,85.91,2816102588.6685905,50144277.0,0.1141,22.05,1008210,984646,958374,0.045
147,HPE,Technology,Communication Equipment,S&P 500,179.64,97,94,85,62,47.14,57107801205.3312,1326854089.0,0.0581,5.75,14543240,20505806,28338176,0.184
148,AAOI,Technology,Communication Equipment,NASDAQ,179.62,97,99,99,92,90.11,12711257014.32779,80242767.0,0.120699994,-61.44,8707770,10093993,11442436,0.514
149,ACRS,Healthcare,Biotechnology,NASDAQ,179.26,97,96,96,94,5.32,635469770.6387329,139663680.0,0.060100004,3.3,1558010,2105113,1707936,0.372
150,FSLY,Technology,Software - Application,NASDAQ,179.01,97,89,99,49,21.55,2780222404.4799805,156500000.0,0.1584,-38.11,4953850,4981253,5782776,0.198
151,NWPX,Basic Materials,Steel,NASDAQ,178.79,97,97,95,88,126.87,1136781454.8570557,9637008.0,0.0382,3.01,222250,230183,198798,0.191
152,DDOG,Technology,Software - Application,S&P 500,178.6,97,95,70,21,268.56,88046754921.75858,355960189.0,0.0544,7.51,3854320,4330990,5046186,0.322
153,NGL,Energy,Oil & Gas Midstream,NYSE,178.48,97,95,98,97,16.1,2134324389.5128727,124814289.0,0.0394,-14.36,140310,191206,260474,-0.133
154,ENTX,Healthcare,Biotechnology,NASDAQ,177.48,97,61,11,8,2.95,66454184.52362311,49225321.0,0.0043,-8.39,9286850,5069573,3067486,
155,URGN,Healthcare,Biotechnology,NASDAQ,177.47,97,95,82,86,41.09,1370541408.2411213,48721701.0,0.1417,26.94,637360,736823,698510,1.516
156,AMPG,Technology,Communication Equipment,NASDAQ,177.16,97,98,19,60,4.91,111997493.51319695,25338799.0,0.0794,-13.04,2303520,2983023,5468768,0.486
157,EDSA,Healthcare,Biotechnology,NASDAQ,177.05,97,98,99,12,5.25,64199884.354394436,8891951.0,0.062800005,-74.16,77020,89170,184872,
158,OVID,Healthcare,Biotechnology,NASDAQ,176.77,97,98,99,97,2.37,509527482.01987743,186640102.0,0.0623,-23.67,1525900,3020800,2454272,
159,COGT,Healthcare,Biotechnology,NASDAQ,176.71,97,96,98,99,41.36,5973545263.40567,170868004.0,0.0657,-5.42,1667000,2855016,2664254,
160,VICR,Technology,Electronic Components,S&P 400,176.51,97,99,99,98,206.67,15262478152.955902,45581407.0,0.0759,-42.89,1129760,989540,890416,0.202
161,CUE,Healthcare,Biotechnology,NASDAQ,176.35,97,98,95,5,30.4,88600850.35668755,4045701.0,0.069,-26.61,156090,140903,118972,12.506
162,FBIOP,Healthcare,Biotechnology,NASDAQ,176.28,97,95,92,93,18.8,,,0.0,-4.33,10060,13406,24018,0.063
163,CLMT,Basic Materials,Specialty Chemicals,NASDAQ,176.18,97,91,95,91,43.75,3091109410.4707947,87147147.0,0.073699996,18.44,1189580,1069743,973290,0.036
164,MCS,Communication Services,Entertainment,NYSE,176.14,97,85,68,32,29.69,581072772.3412285,30728333.0,0.0256,48.3,279770,294740,247954,0.037
165,QURE,Healthcare,Biotechnology,NASDAQ,176.08,97,96,33,90,42.19,1799315390.3550053,63067485.0,0.1657,-40.99,1640410,2615036,2092468,1.273
166,HYLN,Consumer Cyclical,Auto Parts,NYSE ARCA,176.07,97,97,64,39,3.62,1246507366.784134,178327240.0,0.093,-51.01,2875830,3940510,5230914,4.791
167,TER,Technology,Semiconductor Equipment & Materials,S&P 500,175.84,97,97,97,97,365.49,58595296276.03699,156542162.0,0.0452,-13.41,4410930,5041083,4505752,0.87
168,IRDM,Communication Services,Telecom Services,S&P 600,175.61,97,97,94,28,47.64,5474582455.2578125,105727744.0,0.0627,-8.82,1589120,2655236,2645544,0.019
169,IRWD,Healthcare,Drug Manufacturers - Specialty & Generic,NASDAQ,175.27,97,97,98,99,3.73,587669848.4308696,164613406.0,0.115100004,-35.47,1430920,2364216,2292696,1.589
170,EWTX,Healthcare,Biotechnology,NASDAQ,175.07,97,94,90,91,41.12,3675377068.54261,107593006.0,0.1361,2.9,808430,1210510,1405442,
171,BB,Technology,Software - Infrastructure,NYSE,174.21,97,98,88,22,8.44,5274552663.0,586061407.0,0.0584,-9.34,17262070,28380930,35091462,0.101
172,NESR,Energy,Oil & Gas Equipment & Services,NASDAQ,174.13,97,96,97,97,26.44,2455630697.720175,100847255.0,0.0424,-2.97,1815880,2396330,2191568,0.335
173,NEO,Healthcare,Diagnostics & Research,S&P 600,174.08,97,93,49,78,15.88,1369827985.2062225,130211780.0,0.078,15.57,3797250,3876933,2970428,0.111
174,LCUT,Consumer Cyclical,"Furnishings, Fixtures & Appliances",NASDAQ,173.45,97,94,93,31,8.4,195410322.75924683,22855008.0,0.024500001,-14.29,135230,248986,225998,0.024
175,TRT,Technology,Semiconductor Equipment & Materials,NYSE ARCA,172.9,97,97,98,93,9.87,128531133.67576504,10112599.0,0.118599996,-53.84,396450,635923,763902,1.236
176,BOLD,Healthcare,Biotechnology,NASDAQ,172.81,97,96,78,21,2.5,32572962.021172285,22464111.0,0.0019,48.81,158280,2485333,1517868,
177,VCYT,Healthcare,Diagnostics & Research,S&P 600,172.66,97,93,52,33,59.78,3697591274.1553917,79792647.0,0.1274,17.89,1049790,1249733,1254212,0.215
178,LBRX,Healthcare,Biotechnology,NASDAQ,172.58,97,89,92,87,40.9,802085936.7493057,28676652.0,0.16860001,22.2,398270,375660,296200,
179,GLUE,Healthcare,Biotechnology,NASDAQ,172.13,96,97,97,98,22.68,1665089251.4367828,84479418.0,0.17989999,-11.99,1051260,1546523,1313164,-0.95
180,FTRE,Healthcare,Biotechnology,S&P 600,171.98,96,95,81,90,19.08,1455659027.17309,94584730.0,0.1179,2.2,1713650,1546006,1429812,-0.023
181,XNCR,Healthcare,Biotechnology,S&P 600,171.92,96,81,74,39,21.49,880802168.9648323,74141596.0,0.2052,14.98,1366340,1117553,943450,-0.862
182,OSCR,Healthcare,Healthcare Plans,NYSE,171.85,96,96,80,20,31.23,6702189251.987457,301493000.0,0.075,22.09,4255420,5394190,6203200,0.526
183,ENLT,Utilities,Utilities - Renewable,NASDAQ,171.72,96,96,98,98,85.78,14965842014.455963,139320818.0,0.0041,-21.05,174680,254230,253236,0.426
184,DHX,Technology,Software - Application,NYSE,171.56,96,88,84,38,4.08,152490728.4740808,43198507.0,0.0075,-0.49,109740,139330,159354,-0.102
185,SEZL,Financial Services,Credit Services,S&P 600,171.32,96,96,76,36,155.11,3973032346.160759,33627019.0,0.2881,-16.94,489030,648510,628666,0.292
186,MEI,Technology,Electronic Components,NYSE,171.26,96,97,78,76,13.71,408867056.9884367,35430421.0,0.0512,-11.83,486910,902806,769178,-0.026
187,KNSA,Healthcare,Drug Manufacturers - Specialty & Generic,NASDAQ,171.25,96,90,90,88,78.2,3722261296.258667,76938016.0,0.0836,30.62,902790,1011423,818054,0.555
188,SPHR,Communication Services,Entertainment,S&P 600,171.22,96,96,97,95,148.32,4956504118.519211,35792203.0,0.36580002,-0.46,734270,731076,703298,0.377
189,MCTA,Healthcare,Medical Care Facilities,NASDAQ,171.02,96,96,97,98,29.35,504260182.13653564,17178000.0,0.1433,-7.41,0,0,0,-0.27
190,AMD,Technology,Semiconductors,S&P 500,170.82,96,98,94,76,485.39,841552949978.3141,1630600639.0,0.0275,-7.93,30092080,29406956,30501778,0.378
191,MOV,Consumer Cyclical,Luxury Goods,NYSE,170.75,96,94,88,88,38.21,850858452.1071472,22227233.0,0.0435,-1.44,181290,235640,273910,0.081
192,AMWL,Healthcare,Health Information Services,NYSE,170.56,96,90,73,16,10.84,164244386.6152439,16708483.0,0.0166,10.27,155110,128666,119926,-0.179
193,WYY,Technology,Information Technology Services,NYSE ARCA,169.7,96,99,93,75,9.81,111626273.11283398,9887181.0,0.0094,-14.25,166610,482270,348000,0.211
194,CLDT,Real Estate,REIT - Hotel & Motel,NYSE,169.62,96,93,79,59,13.33,506491254.8074722,46681220.0,0.0148,19.77,346150,392276,413854,-0.016
195,RRGB,Consumer Cyclical,Restaurants,NASDAQ,169.26,96,94,29,23,7.81,93608233.00144148,18499651.0,0.1441,-1.01,131110,254056,410990,-0.036
196,IBRX,Healthcare,Biotechnology,NASDAQ,169.12,96,98,97,98,7.45,7876101887.063309,1047353977.0,0.3418,-40.06,9057570,11770206,12711396,1.676
197,XMTR,Industrials,Industrial Distribution,NASDAQ,168.89,96,96,79,86,84.91,5012139509.575638,52598798.0,0.090500005,-13.03,1008360,867983,873806,0.359
198,PSNL,Healthcare,Diagnostics & Research,NASDAQ,168.76,96,95,26,80,12.28,1193820477.2520714,104721098.0,0.20709999,3.63,4842980,4964206,4221836,-0.249
199,CIFR,Technology,Information Technology Services,NASDAQ,168.55,96,96,97,96,22.66,9674013353.010115,409049197.0,0.16350001,-11.35,31310390,26555773,25548124,-0.288
200,TTRX,Healthcare,Biotechnology,NASDAQ,168.41,96,91,16,15,8.25,154897802.31838226,29788040.0,2.83,-68.87,97020,105400,89730,
201,SHIP,Industrials,Marine Shipping,NASDAQ,168.34,96,87,95,89,17.82,335857069.0,21668198.0,0.014400001,6.01,247880,227326,237172,0.186
202,WHLRP,Real Estate,REIT - Retail,NASDAQ,167.99,96,95,89,88,9.5,,,0.85,15.29,1350,9380,7340,-0.014
203,MYE,Consumer Cyclical,Packaging & Containers,NYSE,167.92,96,94,75,89,32.97,856306912.9460373,37557322.0,0.028900001,35.96,443820,570343,464820,0.018
204,ENVA,Financial Services,Credit Services,S&P 600,167.55,96,94,83,87,253.35,4019159416.2631836,24884896.0,0.09770001,43.39,428030,448406,375642,0.258
205,AMBQ,Technology,Semiconductors,NYSE,167.45,96,98,72,25,63.23,1702792641.9203491,21375754.0,0.048600003,-26.24,597330,712810,701730,0.593
206,APPS,Technology,Software - Application,NASDAQ,167.44,96,98,24,38,8.19,1059412143.3997755,120661979.0,0.105500005,-11.56,2443850,3962156,6765734,0.196
207,PGEN,Healthcare,Biotechnology,NASDAQ,167.4,96,93,89,96,5.94,1547257707.5992584,356510980.0,0.2059,8.59,3628720,4616020,4810906,16.339
208,ALAB,Technology,Semiconductors,NASDAQ,167.19,96,99,90,67,299.69,58767212932.341034,171407939.0,0.0954,-15.47,4483570,5468746,5807652,0.934
209,AP,Industrials,Metal Fabrication,NYSE,167.04,96,95,98,98,8.32,230094717.27687836,20326389.0,0.0374,-32.36,130940,244816,203016,0.039
210,CPIX,Healthcare,Drug Manufacturers - Specialty & Generic,NASDAQ,166.73,96,96,75,65,6.73,92146109.47890043,14983107.0,0.0519,1.82,147060,99046,98992,-0.22
211,LFST,Healthcare,Medical Care Facilities,S&P 600,166.25,96,94,80,79,10.74,2943943485.2858276,381834432.0,0.0466,20.81,2388580,3791093,3322486,0.212
212,SLN,Healthcare,Biotechnology,NASDAQ,166.24,96,94,85,26,11.62,325918834.2046437,47234613.0,0.0556,38.33,569110,633670,472398,1.972
213,ANAB,Healthcare,Biotechnology,NASDAQ,166.01,96,97,98,96,55.04,1620047161.054657,29100902.0,0.2377,-23.94,780730,771743,676074,-0.08
214,ANIK,Healthcare,Drug Manufacturers - Specialty & Generic,NASDAQ,165.56,96,80,85,32,18.07,193330713.16701508,13305624.0,0.0559,11.27,63270,74890,70976,0.132
215,CMPS,Healthcare,Medical Care Facilities,NASDAQ,165.51,96,97,93,73,11.57,1762438175.8269882,134949320.0,0.057800002,-11.68,3317020,4216710,4060266,
216,PHOE,Industrials,Engineering & Construction,NASDAQ,165.12,96,87,97,98,23.29,336744003.29589844,21600000.0,0.0032,-82.5,60840,49526,53982,-0.073
217,INSW,Energy,Oil & Gas Midstream,S&P 600,164.89,96,91,94,86,95.21,3821267605.101074,49504696.0,0.052800003,2.75,509160,602490,569000,0.785
218,SUNE,Technology,Solar,NASDAQ,164.79,96,89,77,9,2.29,5607424.218981504,4123106.0,0.0506,-33.82,257420,4244330,9697840,-0.431
219,CIEN,Technology,Communication Equipment,S&P 500,164.63,96,97,99,97,372.07,82043606536.52197,141398427.0,0.0505,-38.56,2299320,2623016,2925910,0.331
220,EDRY,Industrials,Marine Shipping,NASDAQ,164.58,96,89,92,69,25.51,66453674.868406296,2890547.0,0.0034,4.21,150680,74063,55906,0.389
221,MGNX,Healthcare,Biotechnology,NASDAQ,164.58,96,97,94,48,3.78,264422581.98103714,63563123.0,0.0795,-18.53,824420,1220316,1014908,0.575
222,PKOH,Industrials,Specialty Industrial Machinery,NASDAQ,164.52,96,93,85,74,39.45,468804402.4128761,14398169.0,0.0107,12.68,68570,88933,80748,0.038
223,AMAT,Technology,Semiconductor Equipment & Materials,S&P 500,164.45,96,97,93,91,501.77,357329379127.4225,793959430.0,0.0231,8.51,8166870,10981880,10064284,0.114
224,ROIV,Healthcare,Biotechnology,S&P 400,164.21,96,94,93,90,34.52,21570918681.52207,719270385.0,0.0502,5.27,4431710,5749980,5817084,-0.667
225,ACMR,Technology,Semiconductor Equipment & Materials,S&P 600,163.97,96,98,86,97,78.65,5982117025.9956665,69109487.0,0.052199997,-16.52,1100320,1550740,1646282,0.342
226,FTNT,Technology,Software - Infrastructure,S&P 500,163.72,96,94,43,28,154.25,101083499400.61618,732648391.0,0.0324,11.69,6116570,6129173,6233930,0.201
227,PTGX,Healthcare,Biotechnology,S&P 600,163.36,96,91,88,90,138.64,6402840138.869812,64311373.0,0.1319,28.56,529290,831110,728916,0.99
228,AIP,Technology,Semiconductors,NASDAQ,163.36,96,99,98,81,29.3,1659882788.1264267,46171982.0,0.0448,-23.84,583940,883913,966960,0.387
229,FLXS,Consumer Cyclical,"Furnishings, Fixtures & Appliances",NASDAQ,163.07,96,93,87,77,73.97,234839582.4667244,4075661.0,0.0375,21.32,49650,53976,53126,0.01
230,DHC,Real Estate,REIT - Healthcare Facilities,NASDAQ,162.87,96,94,95,95,8.97,2014329550.4348297,242106926.0,0.043,-1.86,1334680,1605650,1763184,-0.053
231,DVA,Healthcare,Medical Care Facilities,S&P 500,162.56,96,91,69,61,238.86,12474996639.175415,64185000.0,0.173,17.84,591270,757450,777578,0.06
232,XMAX,Consumer Cyclical,"Furnishings, Fixtures & Appliances",NASDAQ,162.55,96,97,98,99,8.77,543799899.431181,63602326.0,0.041300002,-0.68,560540,1285696,1304084,-0.324
233,SEPN,Healthcare,Biotechnology,NASDAQ,162.51,96,94,92,96,35.18,1361281130.9899025,45075533.0,0.1047,7.81,235330,482703,415196,120.11
234,MRVL,Technology,Semiconductors,S&P 500,162.49,96,98,96,31,183.3,179334000000.0,874800000.0,0.0431,-16.02,23613930,37450556,45840626,0.276
235,FRD,Basic Materials,Steel,NASDAQ,162.12,96,94,63,64,33.58,166282832.5712185,7112183.0,0.0256,36.01,72250,96586,80500,0.786
236,SKK,Industrials,Engineering & Construction,NASDAQ,161.97,96,92,98,13,4.65,9733498.791475773,2448679.0,0.045700002,-74.09,17430,13996,28052,-0.046
237,AGCC,Consumer Defensive,Beverages - Wineries & Distilleries,NASDAQ,161.37,96,92,97,91,15.16,409929129.78458405,22786500.0,0.002,-41.07,82350,54130,45586,2.741
238,PANW,Technology,Software - Infrastructure,S&P 500,161.26,95,95,49,22,325.68,228450591979.98047,811000000.0,0.0348,14.79,6244550,7095443,7971080,0.149
239,JDZG,Consumer Defensive,Education & Training Services,NASDAQ,161.26,95,75,0,12,50.0,90240000.0,1880000.0,0.0046,-95.69,0,0,64540,0.662
240,ATLC,Financial Services,Credit Services,NASDAQ,160.95,95,93,86,33,106.05,1303473719.7945862,15117997.0,0.2321,13.78,175460,192483,171610,0.608
241,MAGH,Industrials,Engineering & Construction,NASDAQ,160.92,95,94,95,98,6.76,225446007.63320923,33350000.0,0.0419,-2.59,0,0,0,-0.045
242,VIAV,Technology,Communication Equipment,S&P 400,160.81,95,97,99,96,35.05,11979055357.091183,246685647.0,0.0834,-42.0,5043380,7642860,7309298,0.428
243,TRVG,Communication Services,Internet Content & Information,NASDAQ,160.61,95,92,20,24,5.35,259472932.29406357,70701070.0,0.0008,7.0,71430,101136,97292,0.151
244,NAT,Energy,Oil & Gas Midstream,NYSE,160.52,95,90,93,86,6.66,1090515934.6441169,211750663.0,0.0916,5.05,3575770,4471580,4163578,1.09
245,ANDG,Consumer Cyclical,Personal Services,NYSE,160.31,95,85,89,26,46.08,4178498134.0,112932382.0,0.2766,14.88,415770,416323,354164,0.157
246,TLPH,Healthcare,Drug Manufacturers - Specialty & Generic,NASDAQ,160.23,95,86,81,73,1.36,42557710.98878479,51899648.0,0.0223,-13.38,188140,404676,301784,
247,ECPG,Financial Services,Credit Services,S&P 600,160.17,95,93,94,85,94.09,1713732137.7030945,21440412.0,0.0833,1.57,399750,365773,330698,0.21
248,IMMX,Healthcare,Biotechnology,NASDAQ,159.82,95,97,98,98,8.55,640709559.0,71189951.0,0.0765,-26.36,1891930,2203083,1981234,
249,AMN,Healthcare,Medical Care Facilities,S&P 600,159.76,95,93,54,47,34.71,1123631899.8077316,38786052.0,0.0791,9.67,592040,873130,949078,0.999
250,KEEL,Technology,Information Technology Services,NASDAQ,159.64,95,98,94,44,4.05,3429746634.0259423,603828651.0,0.11270001,-38.64,33070190,43985823,47313146,-0.224
251,SILC,Technology,Communication Equipment,NASDAQ,159.54,95,97,97,72,38.48,229957518.24655914,5706142.0,0.0068,-26.82,177910,183130,175258,0.328
252,NHC,Healthcare,Medical Care Facilities,S&P 600,159.44,95,90,87,90,228.97,2880574164.619583,15619641.0,0.0502,11.66,100480,145096,135238,0.022
253,ILMN,Healthcare,Diagnostics & Research,S&P 400,159.32,95,90,79,79,205.09,24655849015.808105,151300000.0,0.081099994,24.02,1649550,1913863,1901776,0.048
254,CBL,Real Estate,REIT - Retail,NYSE,159.28,95,92,88,81,58.28,1488133416.9417953,30944758.0,0.0402,18.5,319990,351503,310870,0.03
255,TRVI,Healthcare,Biotechnology,NASDAQ,159.26,95,94,89,91,18.4,2007593119.8648643,141979708.0,0.1039,14.14,2530800,2903783,2198304,
256,TLYS,Consumer Cyclical,Apparel Retail,NYSE,159.09,95,94,98,29,3.71,135978354.36304092,30488420.0,0.044299997,-33.03,118860,182133,306850,0.053
257,DINO,Energy,Oil & Gas Refining & Marketing,S&P 400,158.93,95,86,90,84,92.44,12599450181.898605,180275437.0,0.0452,23.7,3146790,2807393,2521922,0.118
258,ATAI,Healthcare,Biotechnology,NASDAQ,158.76,95,80,82,75,7.18,1667795110.4644423,368166674.0,0.0748,6.37,16538860,18154096,13016548,-0.387
259,HNGE,Healthcare,Health Information Services,NYSE,158.53,95,95,78,18,75.11,4349536980.246376,77380129.0,0.078200005,20.79,1525180,2038306,1938532,0.472
260,ULCC,Industrials,Airlines,NASDAQ,158.47,95,94,36,86,6.98,1390225520.5788374,229789335.0,0.39880002,4.8,4473940,4220380,4411888,0.088
261,FOSL,Consumer Cyclical,Footwear & Accessories,NASDAQ,158.4,95,86,96,95,4.87,258865006.00364113,59101598.0,0.059699997,-15.3,781780,968480,869376,-0.036
262,IMVT,Healthcare,Biotechnology,NASDAQ,158.34,95,94,83,78,39.48,6836786779.461727,205308917.0,0.2244,8.81,925880,1367650,1847118,
263,GHRS,Healthcare,Biotechnology,NASDAQ,158.27,95,94,89,57,28.38,1645927951.1066647,68608919.0,0.078,15.09,255730,292350,280044,
264,NNBR,Industrials,Conglomerates,NASDAQ,158.21,95,97,84,19,3.34,156737332.1498623,52773512.0,0.0585,5.7,1648520,5318823,3517672,0.121
265,PYXS,Healthcare,Biotechnology,NASDAQ,158.02,95,95,71,33,2.87,114039864.5789752,63355482.0,0.0387,-48.29,1087520,1348266,1010446,
266,RNG,Technology,Software - Application,S&P 600,157.98,95,77,94,29,53.48,3631916254.4022675,83858604.0,0.2201,10.11,3371750,2195266,1902084,0.053
267,IRD,Healthcare,Biotechnology,NASDAQ,157.94,95,96,99,95,3.84,354884560.9074769,81395539.0,0.0402,-33.91,892820,1116730,984804,-0.506
268,AXGN,Healthcare,Medical Devices,NASDAQ,157.92,95,95,95,94,41.35,2099460467.177124,53177824.0,0.069699995,-9.78,1233220,1443926,1307944,0.266
269,RAPP,Healthcare,Biotechnology,NASDAQ,157.8,95,92,94,90,42.78,1889163695.5,47826929.0,0.0801,1.21,304400,420210,372084,
270,ASTC,Technology,Scientific & Technical Instruments,NASDAQ,157.7,95,97,15,16,6.27,87595907.8580246,1758954.0,0.024500001,-90.89,68970,217743,5290884,-0.358
271,HSHP,Industrials,Marine Shipping,NYSE,157.62,95,89,94,92,15.54,695388750.0,47145000.0,0.0352,-6.89,281290,320386,314184,0.527
272,LXRX,Healthcare,Biotechnology,NASDAQ,157.62,95,94,87,73,2.34,968348159.8533082,444196390.0,0.111099996,-7.51,2644270,4150606,3276822,15.721
273,FORM,Technology,Semiconductor Equipment & Materials,S&P 600,157.61,95,97,98,97,105.38,9712384758.001099,77954772.0,0.0514,-33.76,1515090,1885366,1745856,0.32
274,NEWP,Basic Materials,Silver,NYSE ARCA,157.6,95,86,98,96,4.76,914245094.289782,185069855.0,0.0306,-24.56,557200,721433,818402,
275,CABR,Healthcare,Drug Manufacturers - Specialty & Generic,NASDAQ,157.11,95,88,61,52,1.56,10091571.790055037,9091506.0,0.0013,-5.45,45560,64746,77406,
276,TIGO,Communication Services,Telecom Services,NASDAQ,156.99,95,93,94,95,95.17,14301337762.099182,167541444.0,0.04,9.33,1343690,1560010,1878668,0.451
277,CTRN,Consumer Cyclical,Apparel Retail,NASDAQ,156.94,95,87,83,90,67.8,384692080.5062485,8361054.0,0.14819999,19.41,140940,208766,191968,0.091
278,ADPT,Healthcare,Diagnostics & Research,NASDAQ,156.86,95,90,53,87,24.18,2424672477.7479095,160044392.0,0.070199996,16.47,2936450,3448026,3071826,0.351
279,GSAT,Communication Services,Telecom Services,NASDAQ,156.85,95,94,97,95,80.09,10845315761.600212,128788931.0,0.0651,-5.44,1075460,1247976,1313614,0.167
280,SMX,Industrials,Specialty Business Services,NASDAQ,156.78,95,3,0,92,16.39,10484997.003040314,656455.0,0.1164,-100.0,38960,51166,72121,
281,LASR,Technology,Semiconductors,NASDAQ,156.52,95,95,98,98,65.71,4181013666.0111465,56408709.0,0.0494,-24.43,864710,1265413,1185736,0.552
282,IOVA,Healthcare,Biotechnology,NASDAQ,156.49,95,89,87,32,4.69,1830659781.0182133,446502396.0,0.2556,-16.7,14503060,15923473,14751996,0.448
283,LRCX,Technology,Semiconductor Equipment & Materials,S&P 500,156.14,95,97,95,96,297.72,397896489860.7788,1250539000.0,0.0294,-10.68,12492250,13463243,12246592,0.238
284,KRYS,Healthcare,Biotechnology,S&P 400,155.87,95,93,87,92,366.85,9110128960.69397,29479756.0,0.17729999,14.83,856450,551923,431112,0.319
285,CAKE,Consumer Cyclical,Restaurants,S&P 600,155.8,95,86,58,73,101.31,3281221418.0083084,49685363.0,0.3434,45.35,2085080,1572750,1444992,0.056
286,OKTA,Technology,Software - Infrastructure,S&P 400,155.73,95,90,23,27,140.42,21425233300.090218,173807365.0,0.0558,12.53,2664010,3220180,3922264,0.112
287,ZURA,Healthcare,Biotechnology,NASDAQ,155.45,95,92,95,98,5.54,407987071.09705925,94880710.0,0.088199995,-25.54,518640,1315220,1155302,
288,ECO,Industrials,Marine Shipping,NYSE,155.39,95,89,93,87,59.86,1843298126.8035507,39044655.0,0.0086,2.41,365400,449080,450882,1.123
289,TDAY,Communication Services,Publishing,NYSE,155.09,95,92,87,85,8.71,1148909191.702444,147107452.0,0.1273,9.15,1594900,1539376,1554374,-0.04
290,SKYT,Technology,Semiconductors,NASDAQ,155.0,95,95,97,98,32.46,1917995363.4359207,49204602.0,0.0757,-17.37,945340,844533,868914,1.621
291,RLJ,Real Estate,REIT - Hotel & Motel,NYSE,154.88,95,91,74,58,12.31,1478276164.4320908,151929726.0,0.13,21.88,1734240,1969140,1937230,0.036
292,KLIC,Technology,Semiconductor Equipment & Materials,S&P 600,154.75,95,98,96,94,88.32,5332196805.588547,52332877.0,0.036,-19.62,1002100,1250456,1094252,0.498
293,VLO,Energy,Oil & Gas Refining & Marketing,S&P 500,154.64,95,88,91,85,311.71,72695085864.04065,296932782.0,0.033,18.18,2500130,3077356,3005012,0.066
294,CGEM,Healthcare,Biotechnology,NASDAQ,154.51,95,94,89,90,17.52,1010370309.0621376,61458046.0,0.20040001,4.66,481090,923396,1031400,
295,GTX,Consumer Cyclical,Auto Parts,NASDAQ,154.24,95,96,92,87,31.01,6132295044.090313,187188503.0,0.0365,-9.7,2445600,2667700,2814796,0.122
296,LPRO,Financial Services,Credit Services,NASDAQ,154.18,95,95,49,22,3.14,269534943.57778215,118217082.0,0.0232,16.3,1577610,3518466,3191442,-0.16
297,CYRX,Industrials,Integrated Freight & Logistics,NASDAQ,154.06,94,94,80,67,15.33,790812269.8203478,50402313.0,0.0454,-3.28,636680,736113,852346,0.165
298,ELMD,Healthcare,Medical Devices,NYSE ARCA,154.0,94,93,54,72,40.27,312324024.1875,8280064.0,0.018099999,0.68,101200,119800,96450,0.184
299,SNOW,Technology,Software - Application,NYSE,153.92,94,84,17,19,298.1,88574375985.99815,346602915.0,0.057600003,6.21,4762690,5746130,7931348,0.335
300,KELYB,Industrials,Staffing & Employment Services,NASDAQ,153.8,94,95,79,99,22.99,723892658.1044579,34669190.0,0.0033000002,-81.61,880,1310,2104,-0.107
301,IMUX,Healthcare,Biotechnology,NASDAQ,153.7,94,94,81,17,13.99,203778029.47961998,13621526.0,0.1161,-11.29,134840,170256,200558,
302,MKSI,Technology,Scientific & Technical Instruments,S&P 400,153.38,94,97,97,97,293.3,21901859929.150635,67544129.0,0.0729,-13.48,1512710,1555023,1352312,0.152
303,NUVB,Healthcare,Biotechnology,NYSE,153.18,94,86,75,96,6.7,1664405494.4356809,348201971.0,0.2448,-31.28,6473630,8388863,6803866,25.987
304,OSS,Technology,Computer Hardware,NASDAQ,153.12,94,98,95,95,12.0,450300736.6189041,24769017.0,0.1534,-35.1,1086740,1206936,1293468,0.55
305,OII,Energy,Oil & Gas Equipment & Services,S&P 600,153.08,94,87,89,84,47.64,3813260823.6102486,99745249.0,0.0622,18.74,1539320,1359666,1144656,0.027
306,TLIH,Industrials,Industrial Distribution,NASDAQ,153.0,94,55,14,8,5.83,11085439.893915653,2940435.0,0.067,-91.67,6790,7953,13600,0.399
307,AMRX,Healthcare,Drug Manufacturers - Specialty & Generic,S&P 600,152.86,94,89,78,92,18.5,4201530194.9795074,319022792.0,0.038399998,19.97,1783210,2135313,2042326,0.039
308,BVS,Healthcare,Medical Devices,NASDAQ,152.75,94,76,85,57,13.18,576535903.9862976,67748048.0,0.034,17.17,650040,712300,717382,0.066
309,CBRL,Consumer Cyclical,Restaurants,S&P 600,152.73,94,91,19,21,57.08,755911591.0390091,22351023.0,0.4365,-20.65,974840,1053080,1323006,-0.079
310,CHEF,Consumer Defensive,Food Distribution,S&P 600,152.67,94,89,77,52,112.22,3121119760.9930344,40777629.0,0.137,35.52,731970,614936,560342,0.114
311,FATN,Technology,Software - Infrastructure,NASDAQ,152.56,94,94,20,5,5.12,111634765.814991,14024468.0,0.0223,-53.03,71300,88940,293948,0.904
312,MSBI,Financial Services,Banks - Regional,NASDAQ,152.54,94,90,86,87,33.28,576288396.3844185,20729799.0,0.0332,15.56,219600,210583,177982,0.143
313,BRKRP,Healthcare,Medical Devices,NASDAQ,152.46,94,90,47,71,474.99,,,0.07,8.87,11530,7473,14502,0.027
314,ENGS,Industrials,Waste Management,NASDAQ,152.45,94,95,10,1,2.62,48755327.17166519,31253416.0,0.0004,-79.01,976930,1016613,813632,-0.432
315,KYMR,Healthcare,Biotechnology,NASDAQ,152.25,94,92,89,94,107.01,6697412664.341858,82257588.0,0.157,3.89,548860,1064803,869018,0.555
316,GEO,Industrials,Security & Protection Services,S&P 600,152.07,94,90,35,19,30.67,3029126508.474266,133618284.0,0.103599995,9.93,1426710,1943096,1927888,0.166
317,CERS,Healthcare,Medical Devices,NASDAQ,151.93,94,92,91,89,2.89,609121673.3165302,200368974.0,0.0952,-8.25,2154560,2599736,2541538,0.241
318,CARE,Financial Services,Banks - Regional,NASDAQ,151.83,94,92,84,80,34.13,606660856.0459518,22222010.0,0.0505,22.51,408630,449010,386818,2.6
319,JAZZ,Healthcare,Biotechnology,S&P 400,151.76,94,89,88,84,258.38,14838049846.456604,62742820.0,0.088999994,6.19,664510,789426,835594,0.191
320,BRKR,Healthcare,Medical Devices,S&P 400,151.72,94,90,31,46,64.34,8964566904.448853,152225624.0,0.17,9.09,2026750,2065906,2426988,0.027
321,DCO,Industrials,Aerospace & Defense,NYSE,151.48,94,94,88,89,183.43,2296323809.394989,15085559.0,0.0437,17.34,329430,332973,281958,0.086
322,IMOS,Technology,Semiconductors,NASDAQ,151.27,94,97,96,94,47.05,2443003929.838669,34770906.0,0.0014,-33.72,134330,133776,126228,0.254
323,PBT,Energy,Oil & Gas Midstream,NYSE,151.15,94,86,90,84,29.77,1304580189.3720932,46608796.0,0.008,-7.69,104320,100236,124384,0.162
324,AVR,Healthcare,Medical Instruments & Supplies,NASDAQ,151.12,94,95,81,73,8.24,839089778.7200689,97342203.0,0.0615,-15.83,947620,1348973,1357468,-0.112
325,OOMA,Technology,Software - Application,NYSE,151.03,94,88,89,33,21.44,484930615.4691868,27474823.0,0.0341,-2.37,419680,378273,373126,0.248
326,TMCI,Healthcare,Medical Devices,NASDAQ,150.99,94,93,7,3,4.38,224460499.43470764,64872976.0,0.0699,-43.7,315640,837250,762080,-0.102
327,TYRA,Healthcare,Biotechnology,NASDAQ,150.72,94,89,96,98,33.06,1986905420.13554,59470381.0,0.2507,-18.67,510980,809660,851332,
328,TWIN,Industrials,Specialty Industrial Machinery,NASDAQ,150.69,94,91,80,90,22.79,240572758.7614975,14422827.0,0.0062,15.86,86260,167993,136422,0.19
329,CNET,Communication Services,Advertising Agencies,NASDAQ,150.68,94,31,7,14,1.72,2457847.491223514,3668429.0,0.0164,-38.13,1031650,491590,535288,-0.768
330,KFRC,Industrials,Staffing & Employment Services,NYSE,150.57,94,90,82,54,56.81,837925709.9304199,17832000.0,0.0907,19.6,295390,252633,223836,0.001
331,SMWB,Technology,Software - Application,NYSE,150.48,94,87,6,8,7.22,363542253.5042386,87600541.0,0.0049,-32.84,755280,984893,957468,0.109
332,NTAP,Technology,Software - Infrastructure,S&P 500,150.45,94,87,65,32,173.98,34519936723.16913,198060348.0,0.1402,-9.78,2123760,2893886,3445076,0.125
333,CURV,Consumer Cyclical,Apparel Retail,NYSE,150.29,94,53,34,10,2.61,159197562.3722285,99498475.0,0.16549999,-52.85,274020,307376,512604,-0.143
334,AVTX,Healthcare,Biotechnology,NASDAQ,150.19,94,90,83,90,19.39,838420863.3739128,52565572.0,0.1192,-20.11,876520,1657186,1540290,
335,NRIX,Healthcare,Biotechnology,NASDAQ,150.17,94,93,78,83,23.58,1836487262.5477123,103405813.0,0.1822,4.8,1078970,1841573,2270736,-0.661
336,CADL,Healthcare,Biotechnology,NASDAQ,150.03,94,94,81,36,9.87,608142997.675189,73270239.0,0.2564,6.47,1258220,1778576,1755888,
337,NKTR,Healthcare,Biotechnology,NASDAQ,149.95,94,84,99,96,71.45,2192037663.3638916,33786032.0,0.1427,-34.45,774700,1108166,1036638,0.038
338,QUAD,Industrials,Specialty Business Services,NYSE,149.94,94,84,85,53,9.88,384118436.5158014,51559523.0,0.0355,14.35,253750,224660,196926,-0.077
339,USEA,Industrials,Marine Shipping,NASDAQ,149.89,94,91,88,69,2.7,24703779.191334963,9538139.0,0.0793,2.66,39670,59193,64814,0.025
340,TH,Industrials,Specialty Business Services,NASDAQ,149.74,94,95,95,31,14.5,1728803750.5421448,99585466.0,0.1058,-23.4,892070,1239226,1324486,0.041
341,FROG,Technology,Software - Application,NASDAQ,149.42,94,93,71,71,78.42,9626596070.11087,121119724.0,0.041500002,-1.82,2373800,3170726,2873250,0.258
342,GRPN,Communication Services,Internet Content & Information,NASDAQ,149.41,94,89,27,16,27.89,768415898.0123138,37983980.0,0.5812,-35.26,1416880,1671393,1694568,0.0
343,FLEX,Technology,Electronic Components,S&P 500,149.36,94,97,92,72,111.91,55242462782.701324,366377923.0,0.0184,-27.45,5869250,8174663,7120270,0.169
344,ESTA,Healthcare,Medical Devices,NASDAQ,149.35,94,92,85,92,93.48,2080434340.951538,29430390.0,0.15560001,12.21,459660,684806,608630,0.447
345,STRO,Healthcare,Biotechnology,NASDAQ,149.15,94,97,99,86,24.82,484353924.384655,16570439.0,0.0722,-43.4,287500,417890,381076,-0.214
346,DSGN,Healthcare,Biotechnology,NASDAQ,149.06,94,95,96,97,12.62,654549058.9294662,62456974.0,0.0616,-26.84,451220,834430,896896,
347,MRX,Financial Services,Capital Markets,NASDAQ,149.05,94,91,85,66,65.92,3808020159.0179825,71930870.0,0.0373,12.45,674640,905846,887664,0.551
348,ALXO,Healthcare,Biotechnology,NASDAQ,149.02,94,94,95,98,1.95,255669539.09177005,134562917.0,0.0114,-26.69,556480,1523096,1411036,
349,MAN,Industrials,Staffing & Employment Services,S&P 600,148.92,94,66,23,48,51.88,1471027188.4294853,46507342.0,0.1593,9.59,1693600,1662856,1334840,0.103
350,DAVE,Technology,Software - Application,S&P 600,148.81,94,94,91,44,377.64,3592537601.279358,12714247.0,0.1742,31.27,438640,540050,601526,0.467
351,TCMD,Healthcare,Medical Devices,NASDAQ,148.72,94,92,84,94,28.2,555109572.3672485,22556260.0,0.1039,-25.34,208530,256623,247170,0.228
352,AMLX,Healthcare,Drug Manufacturers - Specialty & Generic,NASDAQ,148.56,94,90,92,96,20.75,1595523691.364214,111186317.0,0.1689,11.53,2100560,1832830,1632972,
353,LTH,Consumer Cyclical,Leisure,S&P 600,148.5,94,87,30,48,44.2,7363698980.637787,222602738.0,0.060900003,25.11,2832110,3083333,2828740,0.117
354,VSH,Technology,Semiconductors,S&P 600,148.29,94,98,93,83,33.79,7084308191.509495,136105827.0,0.10560001,-38.83,5224750,7088400,7809378,0.173
355,DYN,Healthcare,Biotechnology,NASDAQ,148.25,94,89,71,69,25.73,3195515664.0675583,165313796.0,0.1684,2.92,3403290,2785623,2296942,
356,PTRN,Technology,Software - Application,NASDAQ,147.93,93,95,30,17,23.95,3321441400.324501,176766431.0,0.0399,19.15,1662380,2468430,2115398,0.432
357,OPTX,Technology,Electronic Components,NASDAQ,147.91,93,99,98,99,6.39,400784778.417223,40279878.0,0.0731,-47.62,482180,617746,985196,-0.079
358,NVEC,Technology,Semiconductors,NASDAQ,147.89,93,91,82,41,114.82,473752147.78948975,4837167.0,0.083900005,4.35,321700,287153,257656,0.053
359,ZBIO,Healthcare,Biotechnology,NASDAQ,147.83,93,89,73,91,32.27,1161654112.716528,63133377.0,0.2523,-27.65,871000,1060536,857972,
360,BLLN,Healthcare,Diagnostics & Research,NASDAQ,147.78,93,80,17,21,139.59,4553092862.903046,45995484.0,0.0588,0.64,572780,691900,711056,0.838
361,ACHV,Healthcare,Biotechnology,NASDAQ,147.74,93,95,79,71,6.3,537933435.1832066,102659057.0,0.0713,2.44,1018490,2265580,1908260,
362,TGTX,Healthcare,Biotechnology,S&P 600,147.37,93,90,62,26,53.53,5807990814.971695,153083580.0,0.26540002,19.89,2143270,2618396,2376442,0.696
363,COHU,Technology,Semiconductor Equipment & Materials,S&P 600,147.2,93,98,95,85,46.45,2488499554.25,47175347.0,0.16430001,-15.85,1011220,1279603,1448794,0.293
364,SITM,Technology,Semiconductors,S&P 400,147.2,93,96,97,95,527.87,18747027567.826904,26396828.0,0.0551,-41.47,447420,585396,593246,0.883
365,STM,Technology,Semiconductors,NYSE,147.17,93,96,96,75,53.06,61602318980.392456,888794130.0,0.0216,-25.34,14554060,12490336,12929864,0.23
366,TORO,Energy,Oil & Gas Midstream,NASDAQ,146.92,93,96,98,94,5.06,144548952.4537182,28852085.0,0.03,-40.47,22910,30296,38260,0.077
367,ICCC,Healthcare,Biotechnology,NASDAQ,146.89,93,92,87,53,11.06,92639219.68935204,9046799.0,0.0014,2.88,17560,32306,29256,0.284
368,PRM,Basic Materials,Specialty Chemicals,NYSE,146.86,93,89,91,92,37.23,5265741394.510284,163127063.0,0.0275,6.71,1409820,1760226,1592856,0.736
369,TENX,Healthcare,Biotechnology,NASDAQ,146.8,93,82,91,95,15.1,314853634.29443645,26525159.0,0.0296,-17.85,1399990,1485906,1182196,
370,RDVT,Technology,Software - Application,NASDAQ,146.76,93,87,33,29,68.36,801951071.7928505,14108921.0,0.0587,6.59,186870,189676,184764,0.174
371,CRWD,Technology,Software - Infrastructure,S&P 500,146.74,93,92,52,23,185.22,186066196851.0,254536521.0,0.03,-74.68,7896250,10069183,11934550,0.233
372,NEXA,Basic Materials,Other Industrial Metals & Mining,NYSE,146.68,93,91,96,97,13.16,2005120616.0091887,132438611.0,0.007900001,-22.08,499510,670700,762100,0.417
373,CGON,Healthcare,Biotechnology,NASDAQ,146.65,93,91,93,93,73.03,5494132123.921776,88202473.0,0.105900005,-3.27,889390,1189650,1076288,19.827
374,RCUS,Healthcare,Biotechnology,S&P 600,146.44,93,94,94,92,28.25,3187091944.2714615,125773162.0,0.1424,-1.64,1099560,1424490,1281904,-0.393
375,USIO,Technology,Software - Infrastructure,NASDAQ,146.1,93,94,24,26,2.14,44429550.73476386,27595994.0,0.0032,5.94,197930,180233,145030,0.157
376,NEOG,Healthcare,Medical Devices,S&P 600,146.05,93,82,83,92,11.53,1952527235.8949728,217673041.0,0.0659,0.87,2076610,2042473,2273998,-0.044
377,PLPC,Industrials,Electrical Equipment & Parts,NASDAQ,145.87,93,93,90,92,368.46,1807684633.6408691,4888012.0,0.107,-4.77,98150,97670,97398,0.187
378,JBIO,Healthcare,Biotechnology,NASDAQ,145.72,93,92,96,83,20.0,1038531815.1903152,49359875.0,0.090100005,-28.57,730670,1167040,1183780,
379,CIB,Financial Services,Banks - Regional,NYSE,145.61,93,82,71,93,93.89,18420536961.403503,268560110.0,0.0107,8.78,310510,334073,389458,0.108
380,KRT,Consumer Cyclical,Packaging & Containers,NASDAQ,145.55,93,80,71,39,40.23,541416401.4742298,19963731.0,0.0209,25.21,126140,143583,122398,0.129
381,PEB,Real Estate,REIT - Hotel & Motel,S&P 600,145.53,93,90,82,68,18.71,1728880833.75,113369235.0,0.17899999,18.94,2281670,2725103,2614628,0.079
382,MPC,Energy,Oil & Gas Refining & Marketing,S&P 500,145.44,93,82,87,72,314.08,72625077936.23787,291936635.0,0.0235,18.91,2050910,2266310,2301578,0.088
383,AGPU,Technology,Software - Infrastructure,NASDAQ,145.26,93,72,53,2,8.5,72520345.58701944,10404641.0,0.031400003,-73.52,1052440,500950,449162,-0.013
384,ODC,Basic Materials,Specialty Chemicals,NYSE,145.2,93,92,81,78,98.05,1110037389.6473694,14480007.0,0.0319,23.22,103580,121373,119488,0.007
385,LGND,Healthcare,Biotechnology,S&P 600,145.18,93,94,86,84,296.29,4648724644.113022,20041061.0,0.09,19.77,304660,505940,386328,0.141
386,CNC,Healthcare,Healthcare Plans,S&P 500,145.06,93,93,84,43,60.84,29430300446.525574,493797000.0,0.035099998,0.13,5812000,5273260,5123220,0.051
387,EC,Energy,Oil & Gas Integrated,NYSE,145.02,93,84,88,83,17.04,30035744772.535156,2055834735.0,0.0477,9.09,2057690,2858813,2974256,-0.087
388,AAMI,Financial Services,Asset Management,S&P 600,145.0,93,88,91,86,83.95,2576332035.295166,35628988.0,0.0337,10.27,404560,572346,516422,0.393
389,EXTR,Technology,Communication Equipment,S&P 600,144.97,93,94,86,29,29.84,3466927142.812729,130778088.0,0.0947,9.38,1443000,2028860,2032544,0.114
390,MRNA,Healthcare,Biotechnology,S&P 500,144.87,93,95,87,91,57.92,18724343017.306995,396786259.0,0.17899999,-2.74,4615880,8119390,7140164,2.602
391,MITK,Technology,Software - Application,NASDAQ,144.81,93,93,92,54,17.07,775829073.9613876,45158851.0,0.083100006,-3.12,726700,968083,1007198,0.056
392,ARCB,Industrials,Trucking,S&P 600,144.73,93,91,86,90,142.07,3043236142.5549316,22263780.0,0.0683,2.95,418580,443370,413744,0.033
393,NAVN,Technology,Software - Application,NASDAQ,144.71,93,88,78,10,26.71,5397048611.480551,252552569.0,0.1504,17.41,3267920,4744956,4718356,0.348
394,ARKO,Consumer Cyclical,Specialty Retail,NASDAQ,144.64,93,91,85,85,8.05,870561220.6372738,112185721.0,0.0511,1.26,533410,796616,816930,-0.031
395,RDNW,Consumer Cyclical,Auto & Truck Dealerships,NASDAQ,144.42,93,87,96,94,6.43,311398498.5441284,38587176.0,0.0698,-24.26,63070,142090,121976,0.064
396,ALKS,Healthcare,Drug Manufacturers - Specialty & Generic,S&P 600,144.2,93,91,61,63,50.03,7032052068.435612,166675807.0,0.1523,16.81,1918010,2433793,2256450,0.282
397,UMAC,Technology,Computer Hardware,NYSE ARCA,144.06,93,95,76,74,20.51,1518890905.7574825,47793923.0,0.14060001,-36.62,3212310,4017430,6282896,2.964
398,PAYS,Technology,Software - Infrastructure,NASDAQ,143.9,93,85,93,35,9.16,406434968.643682,55905773.0,0.0336,3.15,537120,573150,585876,0.508
399,BCAX,Healthcare,Biotechnology,NASDAQ,143.88,93,94,89,73,26.27,1429059085.5,65703866.0,0.2094,8.33,459850,868136,713628,
400,VIP,Financial Services,Capital Markets,NASDAQ,143.82,93,80,27,21,2.14,,,,,2019680,901770,651996,
401,AYA,Basic Materials,Silver,NASDAQ,143.76,93,87,92,93,20.49,3010344729.0,143349749.0,27.3,-6.86,585090,568990,535092,2.466
402,AGX,Industrials,Engineering & Construction,S&P 600,143.64,93,96,98,92,579.87,9311909636.965332,13960465.0,0.0473,-22.53,400930,360266,359212,0.127
403,RCKY,Consumer Cyclical,Footwear & Accessories,NASDAQ,143.31,93,83,84,83,48.93,291549092.4292793,7541363.0,0.0312,0.47,81930,66486,58502,0.091
404,DGII,Technology,Communication Equipment,S&P 600,143.22,93,93,89,85,68.19,2518507008.2579803,37702199.0,0.0684,-2.32,281560,428436,383784,0.251
405,XWEL,Healthcare,Diagnostics & Research,NASDAQ,143.15,93,73,97,6,1.09,10555332.5,8444266.0,0.066,-50.45,24050,157250,145384,-0.055
406,DAO,Consumer Defensive,Education & Training Services,NYSE,143.09,93,76,71,46,16.37,1441583817.4407701,120634631.0,0.0313,24.96,45620,71906,87816,0.038
407,UFCS,Financial Services,Insurance - Property & Casualty,S&P 600,143.08,93,90,78,78,52.05,1137337885.757843,25656166.0,0.017,4.23,156000,175153,153690,0.116
408,ADVB,Healthcare,Diagnostics & Research,NASDAQ,142.63,93,16,15,5,10.08,8189025.734115601,1634536.0,0.0037,-53.76,10469860,3500580,2116440,
409,GKOS,Healthcare,Medical Devices,S&P 600,142.57,93,81,84,72,168.52,6070149612.229164,58733911.0,0.0682,13.78,1020200,920953,1088212,0.412
410,CLOV,Healthcare,Healthcare Plans,NASDAQ,142.57,93,97,39,15,4.34,2096203619.5657063,526684324.0,0.09,2.6,3868920,5841076,7223000,0.62
411,CYCN,Healthcare,Biotechnology,NASDAQ,142.42,93,78,93,7,3.5,13640489.512970924,4330314.0,0.0074,-58.73,18420,22070,26252,
412,LPG,Energy,Oil & Gas Midstream,S&P 600,142.4,93,79,88,70,46.24,1720719482.0449524,42782681.0,0.0591,-3.91,645770,747186,755628,1.052
413,FRO,Energy,Oil & Gas Midstream,NYSE,142.35,93,88,92,86,39.1,7718335188.665314,222622890.0,0.0431,-1.98,1744360,2679786,2972312,0.669
414,SB,Industrials,Marine Shipping,NYSE,142.34,93,79,87,84,7.95,636416125.0,101826580.0,0.0481,7.72,920250,1053040,899036,0.015
415,FNKO,Consumer Cyclical,Leisure,NASDAQ,142.3,92,90,67,38,6.05,317168827.5345001,55839584.0,0.1094,-0.66,824880,727300,687600,0.053
416,LILA,Communication Services,Telecom Services,NASDAQ,142.12,92,88,65,62,8.1,1623463732.585907,221290000.0,0.0219,-1.44,637180,979766,883210,-0.001
417,BOTJ,Financial Services,Banks - Regional,NASDAQ,142.05,92,88,86,87,27.61,104178764.65651703,4543339.0,0.0019,-7.32,21970,26333,22588,0.182
418,SMTI,Healthcare,Medical Instruments & Supplies,NASDAQ,141.92,92,56,18,16,34.06,208846861.8998642,9163969.0,0.0506,-5.26,423990,185970,129950,0.186
419,PGNY,Healthcare,Healthcare Plans,S&P 600,141.71,92,87,25,50,31.49,2002175335.3660011,78332370.0,0.096999995,9.53,940280,1233270,1349892,0.014
420,BFH,Financial Services,Credit Services,S&P 600,141.7,92,90,82,82,110.62,3599057267.2187424,40407065.0,0.0,11.59,764770,740853,739336,0.061
421,SLNHP,Financial Services,Capital Markets,NASDAQ,141.65,92,93,88,91,10.55,,,0.41,-15.6,10060,15260,13622,0.583
422,HUM,Healthcare,Healthcare Plans,S&P 500,141.6,92,94,55,19,366.66,36669184942.15393,120061500.0,0.056700002,16.16,1653150,1584603,1454984,0.235
423,UFI,Consumer Cyclical,Textile Manufacturing,NYSE,141.35,92,70,20,28,6.14,73791398.9117856,18587254.0,0.0087,14.98,105330,105876,91872,-0.113
424,CRSR,Technology,Computer Hardware,S&P 600,141.16,92,85,59,14,10.63,1297550078.235095,106882211.0,0.122,-18.85,1538600,1711253,2865246,-0.041
425,MATX,Industrials,Marine Shipping,S&P 600,141.11,92,90,84,88,203.65,5486732937.656204,30263281.0,0.0435,7.18,304500,337813,298238,-0.031
426,AMC,Communication Services,Entertainment,NYSE,141.05,92,75,16,9,2.77,1304717091.714684,754171721.0,0.0845,-23.06,63050120,55806760,48583702,0.212
427,RELL,Technology,Electronic Components,NASDAQ,141.03,92,93,85,52,18.13,247176528.89636993,14556922.0,0.0359,-8.71,478630,264696,278478,0.031
428,BMHL,Financial Services,Capital Markets,NASDAQ,140.94,92,91,35,41,5.6,102080588.0,25520147.0,0.0018000001,24.72,2000,2210,8866,1.657
429,PAMT,Industrials,Trucking,NASDAQ,140.92,92,82,18,40,16.58,283361991.0175524,20943237.0,0.0219,12.64,18940,21036,20986,-0.087
430,CXW,Industrials,Security & Protection Services,S&P 600,140.91,92,89,51,34,29.8,2084568729.2554092,98888460.0,0.0292,28.5,953740,1322283,1239378,0.258
431,ASYS,Technology,Semiconductor Equipment & Materials,NASDAQ,140.79,92,96,97,98,14.79,308395608.39715576,14499088.0,0.0374,-38.38,337340,455420,460356,0.314
432,LSCC,Technology,Semiconductors,S&P 400,140.77,92,95,95,87,124.53,20151115858.42888,137007857.0,0.077,-18.11,1852500,1955160,2000348,0.422
433,ETS,Industrials,Trucking,NASDAQ,140.64,92,73,13,5,1.08,9194169.79927826,16716672.0,0.0139,-74.47,85770,146133,125550,0.163
434,ATI,Industrials,Metal Fabrication,S&P 400,140.57,92,93,91,92,181.9,23904160493.08963,136470427.0,0.042,2.61,1477310,1649883,1708264,0.006
435,MT,Basic Materials,Steel,NYSE,140.43,92,85,85,94,69.34,52781297701.559845,760427819.0,0.0084,-1.28,1666240,1716063,1979056,0.045
436,MAMA,Consumer Defensive,Packaged Foods,NASDAQ,140.43,92,88,84,95,18.25,561756607.7642441,40707000.0,0.0732,2.24,488080,767063,655884,0.607
437,VTRS,Healthcare,Drug Manufacturers - Specialty & Generic,S&P 500,140.38,92,86,87,89,17.76,18935626420.58495,1164552654.0,0.0328,1.31,9101870,9892386,9753690,0.081
438,AXSM,Healthcare,Biotechnology,NASDAQ,140.37,92,92,91,90,234.64,12066285711.82016,51459766.0,0.0845,-1.64,667360,1041136,894220,0.574
439,VISN,Technology,Communication Equipment,NASDAQ,140.15,92,93,96,96,11.71,2815108891.6224174,225569631.0,0.0854,-43.02,5055610,5830273,5652838,0.216
440,CTNM,Healthcare,Biotechnology,NASDAQ,140.08,92,93,93,96,15.75,504342217.1729374,37386377.0,0.0436,-3.55,186820,406833,329588,
441,ATRO,Industrials,Aerospace & Defense,NASDAQ,139.91,92,94,91,98,68.41,3118110885.0,35840355.0,0.0866,-24.53,480660,723223,736445,0.12
442,NVRI,Industrials,Waste Management,NYSE,139.82,92,90,92,96,22.21,1716141241.5,82705602.0,0.1518,3.69,415540,447810,1061214,0.003
443,CCCC,Healthcare,Biotechnology,NASDAQ,139.76,92,95,87,19,3.66,483178747.4865856,110567222.0,0.1935,-20.0,2736310,3799166,3201414,-0.15
444,CALY,Consumer Cyclical,Leisure,S&P 600,139.66,92,91,86,93,18.53,2768266401.6279316,179757563.0,0.047,2.94,1849740,2184813,2362186,0.092
445,MSGS,Communication Services,Entertainment,S&P 600,139.54,92,88,88,82,405.05,9011446294.758453,24076107.0,0.0625,7.66,150210,232526,243034,0.019
446,VMD,Healthcare,Medical Devices,NASDAQ,139.46,92,87,82,74,11.76,377234137.52973175,38336802.0,0.0124,15.52,237510,335263,285344,0.275
447,TKR,Industrials,Tools & Accessories,S&P 400,139.41,92,91,82,85,136.11,8893907623.088455,69494510.0,0.032,5.83,776800,884070,1004328,0.08
448,BWAY,Healthcare,Medical Devices,NASDAQ,139.35,92,91,96,93,15.25,636991993.6529856,40087601.0,0.0043,-12.11,173480,119873,117714,0.346
449,AVAH,Healthcare,Medical Care Facilities,NASDAQ,139.29,92,80,60,75,9.69,1561304822.1234035,217755203.0,0.0452,-6.1,1819360,2340490,2062834,0.159
450,PNTG,Healthcare,Medical Care Facilities,NASDAQ,139.29,92,80,73,67,41.13,1190788827.25,34767557.0,0.019199999,9.56,222020,321676,286426,0.36
451,WULF,Financial Services,Capital Markets,NASDAQ,139.27,92,97,98,96,17.82,12665814141.557016,495532645.0,0.262,-34.63,33600200,35887513,32247540,-0.011
452,ABX,Financial Services,Insurance - Life,NYSE,139.25,92,92,86,73,10.47,861382811.7502251,95922367.0,0.2229,-0.62,532700,712040,610030,0.346
453,WKC,Energy,Oil & Gas Refining & Marketing,S&P 600,139.16,92,82,58,55,39.73,1479550515.8832302,51355451.0,0.1792,33.1,1700840,1407410,1157284,0.025
454,HURA,Healthcare,Biotechnology,NASDAQ,139.05,92,91,97,1,2.17,143922512.6726761,63682528.0,0.1626,-44.36,184080,553563,532138,
455,NRXS,Healthcare,Biotechnology,NYSE ARCA,138.93,92,93,98,94,6.28,91768439.16028976,12384405.0,0.0417,-32.69,81070,83236,97750,0.795
456,STRL,Industrials,Engineering & Construction,S&P 400,138.85,92,96,94,90,580.73,26415697465.44568,30685954.0,0.066,-34.98,900760,909740,813480,0.916
457,STGW,Communication Services,Advertising Agencies,NASDAQ,138.84,92,84,72,29,8.49,1737456596.7292786,247854000.0,0.109799996,12.9,1127900,1385716,1423916,0.08
458,YOU,Technology,Software - Application,S&P 600,138.83,92,88,94,68,56.1,5587378016.627026,100764255.0,0.1229,-10.57,1149590,1349916,1368098,0.197
459,VIK,Consumer Cyclical,Travel Services,NYSE,138.62,92,88,82,85,104.45,41095532963.9527,446157124.0,0.0374,11.47,1974540,2359633,2711912,0.175
460,BWLP,Energy,Oil & Gas Midstream,NYSE,138.39,92,78,89,77,22.37,2975566296.3126755,151814604.0,0.0041,-2.41,306410,376483,469108,-0.132
461,APLM,Healthcare,Biotechnology,NASDAQ,138.27,92,90,92,97,17.35,31074134.962272644,2196052.0,0.0029,-58.81,10890,27086,20560,
462,RILYL,Financial Services,Financial Conglomerates,NASDAQ,138.17,92,98,97,97,12.98,,,0.89,-28.21,7160,6356,8094,1.134
463,RILYP,Financial Services,Financial Conglomerates,NASDAQ,138.04,92,98,97,96,12.55,,,0.68,-28.16,9730,15133,14242,1.134
464,CCSI,Technology,Software - Infrastructure,NASDAQ,137.99,92,90,76,29,35.73,631969554.4269562,18397950.0,0.0678,-4.21,122680,151646,157018,0.015
465,BRUN,Technology,Software - Infrastructure,NASDAQ,137.98,92,98,92,39,19.85,2091646302.833641,61428674.0,3.05,-49.97,2067110,1746050,1884638,2.479
466,LILAK,Communication Services,Telecom Services,NASDAQ,137.93,92,87,66,62,7.99,1649616267.709732,221290000.0,0.0304,-3.73,1280500,2034996,1750296,-0.001
467,CMBT,Energy,Oil & Gas Midstream,NYSE,137.92,92,85,83,78,16.01,4488926403.913688,290169769.0,0.0113,-9.65,662490,1006810,1361574,1.211
468,MSGE,Communication Services,Entertainment,NYSE,137.62,92,90,87,89,78.86,3336438096.274353,47305234.0,0.0484,9.86,354660,503143,478840,0.016
469,FIX,Industrials,Engineering & Construction,S&P 500,137.61,92,95,97,95,1697.84,64323678934.69629,35183967.0,0.0295,-18.14,665360,570870,519720,0.01
470,ALNT,Technology,Electronic Components,NASDAQ,137.54,92,95,93,94,86.21,1345443952.163086,16996512.0,0.056999996,7.24,247270,300266,287360,0.046
471,CVE,Energy,Oil & Gas Integrated,NYSE,137.52,92,80,94,84,30.32,51413059260.902405,1864819000.0,4.45,-5.46,7937100,7692546,8094888,-0.071
472,GPCR,Healthcare,Biotechnology,NASDAQ,137.37,92,86,80,98,49.47,2796071470.2851105,71074516.0,0.109,-47.87,538500,747300,746120,
473,SSL,Basic Materials,Specialty Chemicals,NYSE,137.32,92,81,97,86,11.71,7886341053.379602,637537682.0,0.0076,-18.51,1166240,1485030,1523246,0.002
474,FTK,Energy,Oil & Gas Equipment & Services,NYSE,137.13,91,88,80,81,23.4,721740813.4512291,36177483.0,0.1505,5.22,343730,318213,325516,0.265
475,XENE,Healthcare,Biotechnology,NASDAQ,137.11,91,83,86,59,64.19,5290505507.250023,96665550.0,0.0397,0.38,673790,1571476,1505078,
476,DRH,Real Estate,REIT - Hotel & Motel,S&P 600,137.1,91,84,78,73,12.91,2247351548.285818,204490591.0,0.093100004,14.55,2551050,2542806,2305184,0.013
477,GRC,Industrials,Specialty Industrial Machinery,NYSE,137.09,91,93,91,88,80.69,1979447632.2523346,26410243.0,0.0209,1.45,208190,221423,184848,0.077
478,CGAU,Basic Materials,Gold,NYSE,137.07,91,77,91,96,18.32,3509174637.0016003,198595055.0,3.3,-13.46,1512120,1585520,1540418,0.618
479,RFL,Real Estate,Real Estate Services,NYSE,137.01,91,98,31,21,2.0,71256632.04801321,52012140.0,0.0025,-37.3,100000,230276,228004,1.74
480,QMCO,Technology,Computer Hardware,NASDAQ,136.93,91,91,36,9,11.24,142135262.1483965,14638029.0,0.1058,-26.68,927080,968320,1234248,0.086
481,BHE,Technology,Electronic Components,S&P 600,136.77,91,95,94,85,79.42,3030174427.7135925,35877036.0,0.0469,-11.16,437900,571820,504654,0.072
482,QUCY,Healthcare,Diagnostics & Research,NASDAQ,136.76,91,95,2,10,1.11,58284168.93724728,22767254.0,0.78419995,-77.48,493650,3306003,5754728,
483,INBX,Healthcare,Biotechnology,NASDAQ,136.71,91,97,99,99,84.73,1525950087.2010345,14671186.0,0.2672,-45.44,218380,316156,321662,
484,CON,Healthcare,Medical Care Facilities,S&P 600,136.71,91,87,58,66,31.62,3182409575.9897995,127961780.0,0.031,18.63,793780,993773,935796,0.137
485,ARM,Technology,Semiconductors,NASDAQ,136.65,91,96,91,19,241.54,375919583513.3468,1064053821.0,0.1329,-32.24,6091680,7906290,10075412,0.201
486,BWEN,Industrials,Specialty Industrial Machinery,NASDAQ,136.62,91,96,54,59,3.9,82148446.93680096,23404116.0,0.025799999,-20.41,613890,494546,521150,-0.075
487,BWFG,Financial Services,Banks - Regional,NASDAQ,136.61,91,82,74,83,67.71,417156775.16677856,7973180.0,0.0324,25.71,91370,94826,76312,0.353
488,SMHI,Industrials,Marine Shipping,NYSE,136.6,91,72,79,59,9.54,204320196.5117197,27062277.0,0.0327,16.77,160070,173470,136212,-0.202
489,JCSE,Industrials,Specialty Industrial Machinery,NASDAQ,136.5,91,78,74,69,1.48,7194718.055041671,5251619.0,0.0088,-40.8,8110,14116,20064,0.617
490,QXL,Technology,Information Technology Services,NASDAQ,136.48,91,97,62,12,4.5,65214955.09939957,13336392.0,0.0007,-54.08,99050,155750,136304,-0.871
491,CRS,Industrials,Metal Fabrication,S&P 400,136.37,91,94,88,87,503.71,23301558861.622437,49685612.0,0.034,5.89,829720,861643,787844,0.116
492,ZGN,Consumer Cyclical,Apparel Manufacturing,NYSE,136.37,91,79,82,65,14.85,3943134269.8371983,268240430.0,0.0531,-0.87,1260780,1348560,1340874,0.003
493,CPHI,Healthcare,Drug Manufacturers - Specialty & Generic,NYSE ARCA,136.37,91,12,4,5,1.3,32012382.449507833,40522002.0,0.00029999999,-36.59,13062780,8598586,5179748,0.081
494,PBI,Industrials,Integrated Freight & Logistics,S&P 600,136.32,91,90,88,65,18.14,2180606994.1668034,135441425.0,0.0001,9.54,1460970,2420473,2496848,-0.032
495,RHLD,Industrials,Specialty Business Services,NYSE,135.96,91,93,97,99,126.72,982470476.8796844,8257442.0,0.1089,-46.35,146640,158913,172174,2.925
496,TALK,Healthcare,Health Information Services,NASDAQ,135.88,91,86,90,73,5.21,871065311.2495136,167512566.0,0.0394,0.19,1045230,2151723,1980556,0.182
497,FSTR,Industrials,Railroads,NASDAQ,135.86,91,91,85,79,41.19,430270088.8165283,10458680.0,0.0136,-4.34,68600,90773,93182,0.239
498,SNEX,Financial Services,Capital Markets,S&P 600,135.84,91,93,89,83,77.62,8983156950.671814,79251496.0,0.0512,-38.11,1096840,1427303,1307816,0.238
499,MTRN,Basic Materials,Other Industrial Metals & Mining,S&P 600,135.74,91,96,92,88,208.11,4577158619.741592,20801485.0,0.0277,-8.42,349870,402146,372422,0.308
500,WEST,Consumer Defensive,Packaged Foods,NASDAQ,135.71,91,91,59,31,8.17,783390408.8092136,97557962.0,0.1571,-8.98,378240,671676,673596,0.444
501,LINC,Consumer Defensive,Education & Training Services,NASDAQ,135.69,91,93,94,84,42.01,1469304111.279602,31720728.0,0.0767,-21.48,551290,572583,551316,0.225
502,ESCA,Consumer Cyclical,Leisure,NASDAQ,135.66,91,79,88,66,20.88,259120569.5794449,13805038.0,0.0188,-2.06,27810,36773,32906,0.006
503,CVU,Industrials,Aerospace & Defense,NYSE ARCA,135.63,91,92,67,75,4.85,69086569.12195444,13209669.0,0.0069999998,-10.19,77980,72893,96960,0.127
504,SION,Healthcare,Biotechnology,NASDAQ,135.59,91,81,91,92,46.78,1933337116.8212128,45150330.0,0.1705,-3.44,602810,562313,476298,
505,SMTC,Technology,Semiconductors,S&P 400,135.58,91,96,94,91,114.61,14209278541.31543,93151168.0,0.068,-33.51,2152020,3738863,3772928,0.159
506,LOCO,Consumer Cyclical,Restaurants,NASDAQ,135.52,91,87,80,47,16.48,452870277.77466774,30455298.0,0.0709,3.65,178000,272816,301012,0.059
507,PBYI,Healthcare,Biotechnology,NASDAQ,135.34,91,87,91,95,7.89,364949103.4033203,50899456.0,0.0967,-0.13,293940,371303,302080,-0.026
508,AIR,Industrials,Aerospace & Defense,S&P 600,135.27,91,89,82,89,139.48,4478251971.375824,39764268.0,0.0298,9.65,597540,544980,470458,0.246
509,ASML,Technology,Semiconductor Equipment & Materials,NASDAQ,135.24,91,92,86,92,1651.44,621586197169.2444,385417665.0,0.0026,-0.17,2000350,2149413,2049908,0.132
510,OPHC,Financial Services,Banks - Regional,NYSE ARCA,135.17,91,78,75,68,7.05,67475996.5,12268363.0,0.00090000004,25.0,133920,63340,49424,0.312
511,VECO,Technology,Semiconductor Equipment & Materials,S&P 600,135.04,91,97,95,69,48.37,3517970038.148117,61033485.0,0.16399999,-26.07,971550,1324616,1430746,-0.054
512,EFXT,Energy,Oil & Gas Equipment & Services,NYSE,135.03,91,93,97,94,22.07,3041908502.9929695,122066954.0,1.27,-24.29,574560,456633,505604,0.058
513,ARW,Technology,Electronics & Computer Distribution,S&P 400,134.97,91,90,88,74,212.85,10974879079.65747,51133946.0,0.030199999,-5.33,496420,586963,612704,0.39
514,MBIN,Financial Services,Banks - Regional,S&P 600,134.89,91,82,82,80,55.51,2165395105.083252,45935408.0,0.0661,10.46,195320,205546,166908,0.158
515,DLTH,Consumer Cyclical,Apparel Retail,NASDAQ,134.87,91,91,87,35,4.06,127731134.663764,38128698.0,0.0228,-12.88,51040,104733,149778,-0.105
516,VAC,Consumer Cyclical,Resorts & Casinos,S&P 600,134.8,91,88,73,23,97.59,2915039177.9939575,34343064.0,0.1108,11.57,422460,433796,488464,0.0
517,LIVN,Healthcare,Medical Devices,S&P 400,134.76,91,86,72,83,81.05,4054095272.0438538,54933538.0,0.07,6.9,521730,671636,698578,0.143
518,TEN,Energy,Oil & Gas Midstream,NYSE,134.65,91,83,94,79,39.69,1132195375.9052887,30127603.0,0.0146,-13.44,201170,253333,288252,0.284
519,UNF,Industrials,Specialty Business Services,S&P 600,134.65,91,78,84,70,293.6,4799830307.925873,18083905.0,0.0587,3.46,168790,175516,205242,0.034
520,FEIM,Technology,Communication Equipment,NASDAQ,134.62,91,93,91,96,59.89,746805393.7283401,9841927.0,0.1174,-21.55,562020,381106,298758,-0.108
521,PODC,Communication Services,Internet Content & Information,NASDAQ,134.58,91,95,90,83,3.48,135790543.73287392,27487964.0,0.0155,-33.08,68560,88233,118442,0.248
522,WTTR,Energy,Oil & Gas Equipment & Services,NYSE,134.48,91,91,90,75,18.16,2229666379.379814,124353951.0,0.0344,-11.33,1764870,1935090,1772288,-0.023
523,PGC,Financial Services,Banks - Regional,NASDAQ,134.45,91,89,86,78,46.02,766319848.5,17718378.0,0.0335,3.88,245860,249353,195472,0.255
524,LITB,Consumer Cyclical,Internet Retail,NYSE,134.41,91,88,71,94,3.02,61230691.906891346,18277819.0,0.0017,-27.58,4460,6443,9482,0.105
525,CLBK,Financial Services,Banks - Regional,NASDAQ,134.4,91,80,73,71,10.95,2094475463.649889,104047469.0,0.0987,-47.08,16739838,6307324,4133517,0.185
526,IART,Healthcare,Medical Devices,S&P 600,134.39,91,89,26,23,17.12,1247862395.345192,77796903.0,0.16309999,2.51,1119940,1056550,1000976,0.024
527,ORMP,Healthcare,Biotechnology,NASDAQ,134.38,91,92,90,91,4.12,162476542.74090457,40926081.0,0.0184,-17.76,145500,402843,318234,
528,AMTB,Financial Services,Banks - Regional,NYSE,134.37,91,78,72,77,29.61,894141915.0571766,39354839.0,0.0397,21.45,569460,443703,354292,0.033
529,SN,Consumer Cyclical,"Furnishings, Fixtures & Appliances",S&P 400,134.33,91,86,65,72,163.33,17249918909.932816,141520379.0,0.11229999,21.9,1510950,1547790,1802248,0.156
530,INDV,Healthcare,Drug Manufacturers - Specialty & Generic,S&P 600,134.31,91,91,92,96,40.22,4257729205.809765,118204585.0,0.138,-1.9,1541090,1816160,1763144,0.192
531,CCXIU,Financial Services,Shell Companies,NASDAQ,134.24,91,92,42,42,14.92,,,0.12,32.5,31760,70083,43054,
532,TWLO,Technology,Software - Infrastructure,S&P 400,134.15,90,92,91,27,190.94,28934168577.764587,151773860.0,0.0519,-6.27,1589120,1866993,2242014,0.2
533,KZIA,Healthcare,Biotechnology,NASDAQ,134.15,90,94,96,35,12.82,146035766.16868877,11426899.0,0.0318,-26.32,202770,180866,189938,3.124
534,CYTK,Healthcare,Biotechnology,S&P 400,134.1,90,90,82,84,80.42,10421751008.717278,135770593.0,0.1875,0.27,1642820,2230556,2066886,11.258
535,NUE,Basic Materials,Steel,S&P 500,133.97,90,85,88,86,257.04,56935237500.0,227740950.0,0.0278,2.25,1517770,1679016,1595528,0.213
536,SAFT,Financial Services,Insurance - Property & Casualty,S&P 600,133.94,90,51,52,62,103.19,1030336536.8938293,14683434.0,0.0212,25.38,567100,282076,212242,0.044
537,SAH,Consumer Cyclical,Auto & Truck Dealerships,S&P 600,133.94,90,70,75,32,100.34,2611131076.6632614,31604103.0,0.23120001,11.96,259170,284636,272508,0.01
538,HLP,Basic Materials,Steel,NASDAQ,133.94,90,9,27,25,1.22,45814851.93245113,74738750.0,0.0041,-29.07,130000,2184180,2036798,0.402
539,POWL,Industrials,Electrical Equipment & Parts,S&P 600,133.94,90,96,98,96,209.3,10361890097.774506,36431649.0,0.12529999,-36.19,814850,880096,745510,0.065
540,AOUT,Consumer Cyclical,Leisure,NASDAQ,133.75,90,82,52,37,12.65,127658030.48294067,12595760.0,0.0686,-6.0,75990,162876,114874,-0.033
541,KOP,Basic Materials,Specialty Chemicals,S&P 600,133.72,90,84,84,62,48.98,784658486.1272812,19231826.0,0.057600003,5.56,151440,170450,169202,-0.003
542,ONTO,Technology,Semiconductor Equipment & Materials,S&P 400,133.7,90,96,96,88,250.52,12845778256.302979,49743567.0,0.0279,-20.72,1130000,1345470,1370032,0.095
543,ADAG,Healthcare,Biotechnology,NASDAQ,133.66,90,94,93,90,3.73,262308200.07035208,66072594.0,0.0145000005,-21.47,220400,317400,262784,73.328
544,CSCO,Technology,Communication Equipment,S&P 500,133.66,90,90,80,76,113.56,474627555142.31757,3941434665.0,0.015,-6.48,20162420,24020506,24433384,0.12
545,ATEN,Technology,Software - Infrastructure,S&P 600,133.64,90,94,89,55,29.95,2170024950.5558014,71998175.0,0.1373,-1.55,1338130,1351833,1245430,0.134
546,MD,Healthcare,Medical Care Facilities,S&P 600,133.6,90,85,85,77,26.48,1768906038.124855,82121911.0,0.059899997,5.96,605710,825443,780028,0.039
547,GCBC,Financial Services,Banks - Regional,NASDAQ,133.56,90,88,52,56,33.44,446748722.50317574,17025485.0,0.0075,24.82,35240,60650,45740,0.234
548,OMER,Healthcare,Biotechnology,NASDAQ,133.53,90,88,96,94,11.93,799023916.4390993,72375355.0,0.2284,-32.41,1542760,1845580,1923674,
549,UGP,Energy,Oil & Gas Refining & Marketing,NYSE,133.36,90,65,89,89,6.46,5593497862.675603,1079825878.0,0.005,4.19,3486840,4004653,3790422,0.103
550,ALGT,Industrials,Airlines,S&P 600,133.33,90,91,65,91,99.01,2462012170.4831543,26874928.0,0.0717,-16.09,436810,587890,595704,0.048
551,PSX,Energy,Oil & Gas Refining & Marketing,S&P 500,133.3,90,73,85,79,210.6,70516453275.29053,400935020.0,0.0247,10.49,2306250,2821420,2556210,0.069
552,AMAL,Financial Services,Banks - Regional,NASDAQ,133.29,90,85,78,86,49.39,1238897539.8878136,29867347.0,0.0555,12.22,184750,184623,156866,0.047
553,FA,Industrials,Specialty Business Services,S&P 600,133.22,90,84,31,22,20.05,2744592752.0,171537047.0,0.16790001,5.47,1904900,1892396,1772282,0.086
554,OUT,Real Estate,REIT - Specialty,S&P 600,133.16,90,89,91,91,31.93,5676287857.916756,176063510.0,0.0454,-8.67,1479530,1789066,1781208,0.1
555,RAL,Technology,Electronic Components,S&P 600,133.13,90,89,34,26,67.0,6925303747.202499,111933148.0,0.105100006,6.43,2138460,1801393,1680252,0.11
556,MIRM,Healthcare,Biotechnology,NASDAQ,133.11,90,91,90,93,112.59,6189594540.5,60981227.0,0.17629999,-2.09,591130,915363,834562,0.433
557,HST,Real Estate,REIT - Hotel & Motel,S&P 500,133.09,90,84,80,77,25.09,15738525563.867146,684879281.0,0.0732,6.58,8771770,9680103,9426664,0.028
558,PRE,Healthcare,Diagnostics & Research,NASDAQ,133.08,90,78,90,97,19.24,358708256.5851345,17000391.0,0.044,-18.58,197690,209363,241054,
559,MPTI,Technology,Electronic Components,NYSE ARCA,132.98,90,93,78,72,83.1,393251313.0,4321443.0,0.0424,-8.96,371710,265070,199444,0.153
560,IMAX,Communication Services,Entertainment,NYSE,132.91,90,67,71,81,47.6,2183030571.6695175,55015891.0,0.1715,10.29,2148140,1410770,1307446,-0.061
561,STLD,Basic Materials,Steel,S&P 500,132.87,90,85,88,87,252.5,37516954096.94504,144212781.0,0.0323,-4.03,1290320,1355280,1265594,0.191
562,UTZ,Consumer Defensive,Packaged Foods,NYSE,132.83,90,23,14,34,14.11,648091301.7183938,88537061.0,0.1153,-3.82,11736180,5211403,3822772,0.026
563,LPTH,Technology,Electronic Components,NASDAQ,132.81,90,96,97,97,10.33,1066164102.1172905,62789407.0,0.0706,-45.46,2999270,3164203,3701714,1.202
564,QUIK,Technology,Semiconductors,NASDAQ,132.71,90,97,98,37,12.87,367418511.8865967,17724000.0,0.0785,-45.92,318050,438830,458848,0.168
565,DAL,Industrials,Airlines,S&P 500,132.63,90,88,74,77,88.59,54188895368.68637,656994340.0,0.039100002,5.68,6172280,7741383,7674508,0.129
566,INN,Real Estate,REIT - Hotel & Motel,NYSE,132.63,90,86,67,28,6.9,625266497.9931002,108365078.0,0.0001,15.0,954320,1413223,1655676,0.003
567,NTCT,Technology,Software - Infrastructure,S&P 600,132.49,90,88,85,64,40.04,2975630771.9348717,71495215.0,0.0505,-5.5,498770,638790,644800,-0.01
568,PSMT,Consumer Defensive,Discount Stores,S&P 600,132.43,90,88,79,86,192.39,5251990640.926132,30895879.0,0.0805,12.02,241130,333890,298206,0.097
569,BAP,Financial Services,Banks - Regional,NYSE,132.28,90,85,72,92,402.27,27221377241.641235,79448317.0,0.023699999,5.8,280020,329470,468816,0.256
570,HFBL,Financial Services,Banks - Regional,NASDAQ,132.22,90,83,77,84,22.99,59703527.6200676,3053889.0,0.002,13.25,6980,3483,2774,0.106
571,NMM,Industrials,Marine Shipping,NYSE,132.22,90,83,87,83,79.27,1974187561.7077484,28499894.0,0.023,-1.76,122310,105236,123256,0.174
572,NSIT,Technology,Electronics & Computer Distribution,S&P 600,132.15,90,83,15,17,127.77,3213092607.5024643,30203917.0,0.0642,-14.01,363360,430483,455572,0.012
573,BLTE,Healthcare,Biotechnology,NASDAQ,131.92,90,84,89,97,159.92,5779468126.788025,40085091.0,0.0572,-20.04,178410,199770,220338,
574,IX,Financial Services,Financial Conglomerates,NYSE,131.85,90,84,80,85,40.4,42866858219.29314,1098586820.0,0.0007,1.0,197350,237070,283564,0.28
575,SENEB,Consumer Defensive,Packaged Foods,NASDAQ,131.78,90,80,79,78,170.91,987226839.5,6773426.0,0.0007,3.59,170,150,128,0.011
576,ELSE,Technology,Scientific & Technical Instruments,NASDAQ,131.77,90,92,93,33,7.74,27129008.033619404,3532423.0,0.00029999999,0.65,30750,14200,12068,0.152
577,SNX,Technology,Electronics & Computer Distribution,S&P 400,131.75,90,90,90,70,252.12,21066063080.779114,80626390.0,0.0179,-4.79,743700,982656,901876,0.181
578,GBTG,Consumer Cyclical,Travel Services,NYSE,131.72,90,86,85,20,9.42,4870398652.567863,521455950.0,0.0238,-1.26,1270370,2102430,2645582,0.353
579,WLY,Communication Services,Publishing,S&P 600,131.69,90,82,72,19,52.49,2159671765.6552124,51322996.0,0.12189999,15.01,463027,635939,544307,0.013
580,BBCP,Industrials,Engineering & Construction,NASDAQ,131.64,90,92,77,32,9.84,394992165.590703,50510506.0,0.042600002,21.03,164760,247913,363472,0.048
581,M,Consumer Cyclical,Department Stores,S&P 400,131.6,90,84,76,88,24.93,5739450278.610216,263761499.0,0.1415,2.13,4897050,5338010,6252334,-0.011
582,BZH,Consumer Cyclical,Residential Construction,NYSE,131.6,90,78,21,61,32.59,694005800.0667572,27333825.0,0.103999995,15.04,292170,409043,449446,-0.275
583,ALRS,Financial Services,Banks - Regional,NASDAQ,131.49,90,85,74,74,33.56,718176700.7628365,25128646.0,0.0321,15.72,251190,292253,245614,0.187
584,NTRA,Healthcare,Diagnostics & Research,NASDAQ,131.44,90,87,70,66,269.66,31990019178.046143,143215382.0,0.0272,5.19,905930,1465436,1399130,0.388
585,CRVS,Healthcare,Biotechnology,NASDAQ,131.42,90,95,97,99,13.19,1043562149.0088196,84090424.0,0.2556,-51.06,789100,1263523,1388638,
586,VVX,Industrials,Aerospace & Defense,S&P 600,131.42,90,71,74,72,86.75,2602840448.9231873,31310484.0,0.0355,3.99,1041350,746296,662602,0.234
587,GPRE,Basic Materials,Chemicals,NASDAQ,131.4,90,89,97,94,17.28,1097372831.9228783,70030174.0,0.2078,-8.76,1611940,1424330,1431768,-0.259
588,PDFS,Technology,Software - Application,S&P 600,131.33,90,96,93,61,46.15,2044400844.262085,41867720.0,0.0538,-18.26,503320,671163,710040,0.259
589,XHR,Real Estate,REIT - Hotel & Motel,S&P 600,131.31,90,86,77,74,20.08,1602310231.3657856,92245835.0,0.082200006,13.13,680480,838356,829854,0.022
590,WHWK,Healthcare,Biotechnology,NASDAQ,131.25,90,92,94,82,3.85,233415614.98446035,49452463.0,0.022,-29.94,435780,616580,480444,-1.0
591,KELYA,Industrials,Staffing & Employment Services,NASDAQ,131.23,90,81,27,31,15.02,402855983.8324261,34669190.0,0.0403,0.54,359810,416260,440892,-0.107
592,SHOO,Consumer Cyclical,Footwear & Accessories,S&P 600,131.13,89,77,75,65,47.83,3174831239.4724274,73085436.0,0.0945,2.03,972850,1168096,1079934,0.18
593,RPRX,Healthcare,Biotechnology,NASDAQ,131.05,89,84,81,76,59.02,24716963295.019135,443274104.0,0.029000001,5.26,2650370,3248293,3613494,0.11
594,FSEA,Financial Services,Banks - Regional,NASDAQ,131.0,89,84,37,69,16.95,78444786.05848312,4691674.0,0.0021,0.89,10810,9456,17532,0.114
595,PK,Real Estate,REIT - Hotel & Motel,S&P 400,130.83,89,84,62,61,15.06,2442519081.5940332,201361835.0,0.28260002,21.16,3721740,5076350,5119610,-0.011
596,EFTY,Industrials,Consulting Services,NASDAQ,130.72,89,84,93,97,15.02,302052209.20562744,20110000.0,0.107200004,-17.47,0,0,0,-0.259
597,LNTH,Healthcare,Drug Manufacturers - Specialty & Generic,S&P 400,130.57,89,90,77,40,101.0,6465034141.287994,65106082.0,0.13159999,-2.78,1015910,974690,1001806,0.012
598,KN,Technology,Electronic Components,S&P 600,130.52,89,93,88,77,36.08,3200824277.5444794,85560660.0,0.0586,-6.43,1253880,1209606,1122570,0.158
599,CMTV,Financial Services,Banks - Regional,NASDAQ,130.52,89,89,93,92,39.6,201788321.6231575,5591253.0,0.0162,-7.74,32420,51940,39596,0.151
600,OPLN,Consumer Cyclical,Auto & Truck Dealerships,S&P 600,130.47,89,85,79,75,40.51,4036546476.9390717,105946106.0,0.0184,5.17,791390,1048523,1018762,0.147
601,CGNX,Technology,Scientific & Technical Instruments,S&P 400,130.47,89,92,88,55,62.62,10958720594.41407,166419451.0,0.036199998,-12.91,1717070,2256566,2179948,0.243
602,JRSH,Consumer Cyclical,Apparel Manufacturing,NASDAQ,130.45,89,89,69,36,4.6,43179797.21116066,12699940.0,0.0221,27.78,62500,161103,925558,0.18
603,PCLA,Communication Services,Telecom Services,NASDAQ,130.34,89,65,1,5,5.18,85851281.58390045,9613805.0,0.0013,-95.38,143910,496403,2083298,-0.423
604,MAX,Communication Services,Internet Content & Information,NYSE,130.27,89,72,26,17,13.54,481153158.8769245,54062155.0,0.104499996,-2.73,1155090,1021596,833822,0.173
605,CBNA,Financial Services,Banks - Regional,NYSE,130.26,89,82,73,82,45.65,237865866.25,6561817.0,0.003,17.11,23670,21930,16104,0.215
606,ILPT,Real Estate,REIT - Industrial,NASDAQ,130.25,89,92,91,77,8.47,597989292.6716013,66665471.0,0.0101,-7.43,426690,529956,579038,0.04
607,PRLB,Industrials,Metal Fabrication,S&P 600,130.24,89,89,84,67,75.14,1802636900.029564,23794045.0,0.0372,-1.65,150430,233233,221828,0.104
608,UVE,Financial Services,Insurance - Property & Casualty,NYSE,130.22,89,85,85,76,43.99,1033269601.1366959,27911118.0,0.0216,4.84,239100,247636,212922,-0.003
609,SHBI,Financial Services,Banks - Regional,NASDAQ,130.09,89,82,71,81,24.45,691199529.3550301,33455931.0,0.0219,17.66,236450,236360,225056,0.148
610,OGN,Healthcare,Drug Manufacturers - General,S&P 600,130.02,89,93,90,38,13.55,3503095539.1497116,262600862.0,0.0867,0.52,2719320,2582563,2640116,-0.035
611,STT,Financial Services,Asset Management,S&P 500,129.99,89,85,82,75,182.82,43076020847.19481,276767033.0,0.0002,14.76,2182240,2689083,2398602,-0.028
612,RHP,Real Estate,REIT - Hotel & Motel,S&P 600,129.96,89,82,71,50,133.25,7265770312.0252075,63109272.0,0.0387,13.71,507550,649543,593844,0.132
613,CMDB,Industrials,Marine Shipping,NYSE,129.87,89,82,77,89,19.41,390272803.32141113,24180472.0,0.019299999,-2.58,51090,72083,59812,-0.539
614,ANGO,Healthcare,Medical Instruments & Supplies,NASDAQ,129.85,89,64,60,39,14.77,474341125.28570175,41318915.0,0.0502,5.58,439440,527253,438598,0.089
615,CVS,Healthcare,Healthcare Plans,S&P 500,129.83,89,86,71,67,105.22,116083870674.06323,1275927307.0,0.0154,6.9,7381930,7972126,7963048,0.061
616,PRSU,Consumer Cyclical,Travel Services,S&P 600,129.77,89,90,76,47,51.13,1223048809.8054123,27318490.0,0.0696,11.76,199790,319550,282662,0.374
617,EAT,Consumer Cyclical,Restaurants,S&P 600,129.6,89,67,39,74,209.86,6106363749.613037,42887790.0,0.1975,12.15,1089240,1046150,986274,0.032
618,WYFI,Technology,Information Technology Services,NASDAQ,129.57,89,96,33,18,26.25,1148386775.0019073,38614216.0,0.3413,-35.58,2201330,3126960,2445738,0.306
619,HSBC,Financial Services,Banks - Diversified,NYSE,129.55,89,79,81,88,107.09,321494562417.3559,3429641239.0,3.69,12.47,1368060,1310680,1526788,0.033
620,ACU,Consumer Defensive,Household & Personal Products,NYSE ARCA,129.52,89,63,46,67,56.23,160797152.7070732,3810359.0,0.0287,18.85,37110,23980,21580,0.138
621,NET,Technology,Software - Infrastructure,NYSE,129.51,89,72,79,33,283.39,85475210438.40411,353466247.0,0.032,9.0,2828740,3120753,3469726,0.335
622,CLDX,Healthcare,Biotechnology,NASDAQ,129.47,89,83,84,47,38.49,2467005846.9138794,78492072.0,0.1078,7.54,1041550,1237546,1047532,-0.978
623,PFIS,Financial Services,Banks - Regional,NASDAQ,129.42,89,82,71,72,71.11,594746438.6824608,10010881.0,0.0137,17.07,51470,71020,65430,0.061
624,NRT,Energy,Oil & Gas E&P,NYSE,129.36,89,69,87,94,8.87,73616628.00355911,9190590.0,0.0047999998,-15.44,46700,44053,51238,3.295
625,PKE,Industrials,Aerospace & Defense,NYSE,129.36,89,93,93,89,33.55,635035198.9823952,19925798.0,0.0591,-12.17,371200,401456,370192,0.428
626,ROST,Consumer Cyclical,Apparel Retail,S&P 500,129.36,89,73,85,77,252.57,74951891783.53418,323444928.0,0.0271,6.39,2262890,2968250,3185292,0.206
627,SBLK,Industrials,Marine Shipping,NASDAQ,129.34,89,76,83,81,29.15,3039217733.5,111530926.0,0.0171,3.08,1355660,1320920,1356004,0.219
628,ALM,Basic Materials,Other Industrial Metals & Mining,NASDAQ,129.32,89,92,98,99,11.67,5578364708.04443,283741849.0,0.94,-52.19,5827580,6148610,5805548,2.212
629,IFS,Financial Services,Banks - Regional,NYSE,129.27,89,84,61,84,58.51,5495874126.874981,111072639.0,0.0146,10.4,251460,256476,316720,0.276
630,CYD,Consumer Cyclical,Auto Manufacturers,NYSE,129.24,89,81,83,97,48.32,2128039326.3587341,37518323.0,0.0251,-21.41,113520,184120,205344,0.23
631,CHMG,Financial Services,Banks - Regional,NASDAQ,129.24,89,86,78,81,81.11,331025239.07089233,4819820.0,0.0072000003,14.51,76220,62196,56352,0.191
632,THC,Healthcare,Medical Care Facilities,S&P 400,129.16,89,37,54,66,252.73,15101539470.88623,86137000.0,0.0337,2.23,1681670,1432226,1457046,0.028
633,APYX,Healthcare,Medical Devices,NASDAQ,129.09,89,91,75,96,4.12,167286429.4529066,41873951.0,0.0042,-8.44,58040,86836,117350,0.325
634,VCTR,Financial Services,Asset Management,S&P 600,129.08,89,81,75,63,98.48,5287005203.129791,62531106.0,0.072399996,10.99,399980,479456,492356,0.767
635,EQNR,Energy,Oil & Gas Integrated,NYSE,129.08,89,60,92,67,40.73,89666227580.87657,2491420489.0,0.0292,-6.28,4687100,3967656,3947636,-0.053
636,DAC,Industrials,Marine Shipping,NYSE,129.06,89,76,82,68,142.07,2279263223.374176,18203524.0,0.067,5.07,120800,103330,95504,0.002
637,EZPW,Financial Services,Credit Services,S&P 600,129.02,89,93,93,89,29.16,1922383938.6355324,61535978.0,0.23290001,-21.47,783440,1067010,984410,0.459
638,TEVA,Healthcare,Drug Manufacturers - Specialty & Generic,NYSE,129.0,89,84,91,94,35.41,41127560295.68509,1164426972.0,0.023,-5.19,6256580,5828763,5872936,0.023
639,CURR,Technology,Software - Application,NASDAQ,129.0,89,87,95,21,3.25,352565130.6788385,112281885.0,0.0179,-31.22,130540,115516,132270,-0.218
640,BLFS,Healthcare,Medical Instruments & Supplies,S&P 600,128.99,89,79,28,30,31.64,1217526785.527525,48857415.0,0.12100001,6.82,2534700,1569903,1265970,0.247
641,KALU,Basic Materials,Aluminum,S&P 600,128.99,89,94,94,93,159.72,2974643806.5313416,16340606.0,0.041500002,-15.87,310710,321133,282544,0.424
642,APLE,Real Estate,REIT - Hotel & Motel,S&P 600,128.97,89,86,72,50,16.61,3467832269.202112,236067554.0,0.1014,10.18,2940410,3076416,2956778,0.031
643,FNWD,Financial Services,Banks - Regional,NASDAQ,128.9,89,60,30,80,44.36,142802441.59789658,4329971.0,0.040599998,10.93,39700,35656,25134,0.155
644,TTMI,Technology,Electronic Components,S&P 400,128.89,89,97,98,98,115.51,18040832376.25009,103850059.0,0.048499998,-42.44,2916160,3061400,2884238,0.304
645,WLYB,Communication Services,Publishing,NYSE,128.87,89,73,69,24,51.9,2106808946.6436615,51322996.0,0.0034,14.29,208,317,280,0.013
646,JBHT,Industrials,Integrated Freight & Logistics,S&P 500,128.87,89,91,85,88,269.21,26067127994.62201,94299203.0,0.060500003,-3.11,1128230,1119220,1029494,0.046
647,ROKU,Communication Services,Entertainment,S&P 400,128.85,89,86,87,49,145.09,19226771423.43866,147693751.0,0.0926,8.71,2434930,4722983,4707196,0.224
648,NBR,Energy,Oil & Gas Drilling,NYSE,128.82,89,89,97,92,82.2,1370545010.0318222,14795909.0,0.0654,-27.19,264750,287200,284114,0.064
649,NGNE,Healthcare,Biotechnology,NASDAQ,128.8,89,91,85,21,33.6,447825876.75117874,15801901.0,0.2847,-9.84,193030,278493,224560,
650,BWA,Consumer Cyclical,Auto Parts,S&P 400,128.79,89,85,85,85,64.41,14731355000.023888,205114941.0,0.0471,-12.82,2109190,2499190,2937260,0.005
651,CTOS,Industrials,Rental & Leasing Services,NYSE,128.77,88,94,92,74,9.92,2178806407.828253,227432821.0,0.0342,-2.94,908420,1055273,974938,0.093
652,TRST,Financial Services,Banks - Regional,S&P 600,128.76,88,85,79,84,56.56,905369981.908001,17474811.0,0.0513,8.37,129190,122103,125198,0.079
653,GRDN,Healthcare,Medical Care Facilities,NYSE,128.72,88,86,84,81,41.2,2453041467.4415817,63320634.0,0.0746,-0.39,289890,419096,407068,0.022
654,SMJF,Consumer Cyclical,Textile Manufacturing,NYSE ARCA,128.72,88,78,13,72,5.6,131875806.34117126,27705000.0,0.044499997,-20.0,1204420,784506,774958,0.086
655,TBLA,Communication Services,Internet Content & Information,NASDAQ,128.66,88,87,61,49,5.1,1333822869.0394897,273324352.0,0.0187,-3.04,2021840,3315026,3103652,0.091
656,ONDS,Technology,Communication Equipment,NASDAQ,128.56,88,89,99,99,7.58,6674654408.840346,504890641.0,0.3105,-50.39,129156410,95746183,88351178,10.799
657,LFUS,Technology,Electronic Components,S&P 400,128.54,88,89,91,88,442.0,11806630486.999023,25288904.0,0.026500002,-8.67,483180,418463,374252,0.185
658,MGTX,Healthcare,Biotechnology,NASDAQ,128.52,88,90,75,41,11.98,986291310.0722733,92609516.0,0.0832,1.1,463430,1070676,966902,-0.848
659,VIRT,Financial Services,Capital Markets,S&P 600,128.5,88,89,79,43,59.16,4364275347.438744,87024431.0,0.042,4.75,1025920,1297383,1277058,0.303
660,FET,Energy,Oil & Gas Equipment & Services,NYSE,128.46,88,87,97,97,51.43,567701256.7191772,11304286.0,0.044499997,-21.4,148800,177496,165336,0.08
661,FIVN,Technology,Software - Infrastructure,NASDAQ,128.45,88,71,66,13,27.66,1864333137.0068436,76563988.0,0.136,-8.95,2805400,2586903,2793726,0.092
662,DNLI,Healthcare,Biotechnology,NASDAQ,128.36,88,89,56,78,24.35,3339253011.783104,158709737.0,0.0933,2.44,1390840,1916170,1895466,
663,HBT,Financial Services,Banks - Regional,NASDAQ,128.35,88,76,61,74,35.86,1041590232.6077843,36381078.0,0.0095,20.01,149100,210436,172824,0.175
664,KF,Financial Services,Asset Management,NYSE,128.24,88,95,94,94,56.94,310628582.909729,4158348.0,0.21,-24.93,30450,24593,23478,0.08
665,HG,Financial Services,Insurance - Reinsurance,NYSE,128.2,88,80,84,83,35.67,2938970190.971054,99255999.0,0.020299999,5.8,437720,526943,490564,-0.022
666,SUNC,Energy,Oil & Gas Midstream,NYSE,128.17,88,79,81,59,76.22,3366133528.658386,51517198.0,0.0297,4.07,519770,433730,461278,1.064
667,HLIO,Industrials,Specialty Industrial Machinery,NYSE,128.16,88,90,86,91,77.71,2745821765.2006226,33046358.0,0.030299999,-7.03,286720,367986,367672,0.168
668,KRNY,Financial Services,Banks - Regional,NASDAQ,128.15,88,83,73,81,9.63,518566826.1558094,62932869.0,0.016900001,13.29,540640,676646,548608,0.175
669,COMP,Real Estate,Real Estate Services,NYSE,128.13,88,91,18,89,11.46,6149069218.330479,747153045.0,0.053000003,-17.88,11221300,14664306,13748416,0.994
670,KSS,Consumer Cyclical,Department Stores,S&P 600,128.02,88,86,68,91,19.5,1611955209.820939,112253151.0,0.2716,-22.68,3182740,4096836,5028060,-0.02
671,RBCAA,Financial Services,Banks - Regional,NASDAQ,127.96,88,79,62,63,98.44,1588055183.6314392,19617730.0,0.0222,20.76,123510,129080,110834,-0.113
672,ACNB,Financial Services,Banks - Regional,NASDAQ,127.95,88,82,67,75,63.83,554411878.1094055,10212044.0,0.013099999,14.91,89780,84980,72012,0.427
673,PXS,Energy,Oil & Gas Midstream,NASDAQ,127.94,88,76,89,52,4.74,42595045.477622986,10239194.0,0.0053,-3.66,30180,38096,50494,0.039
674,BBVA,Financial Services,Banks - Diversified,NYSE,127.85,88,79,65,89,27.6,130294792005.81573,5570534220.0,0.0002,5.34,1223800,1336213,1508872,0.119
675,ASRV,Financial Services,Banks - Regional,NASDAQ,127.84,88,69,81,79,4.57,62767792.408919334,16964268.0,0.0062,13.12,28410,17353,14250,0.03
676,KFFB,Financial Services,Banks - Regional,NASDAQ,127.82,88,81,77,90,5.5,38573635.16575813,8086716.0,0.0052,10.44,4970,4533,3298,0.353
677,LONA,Healthcare,Biotechnology,NASDAQ,127.72,88,88,97,81,7.29,89614123.20166588,9393514.0,0.0084,-48.7,18650,32770,32438,
678,CVLG,Industrials,Trucking,NYSE,127.71,88,94,83,82,36.85,999288282.5039406,25170989.0,0.0432,-7.87,230370,196916,200498,0.14
679,WNC,Industrials,Farm & Heavy Construction Machinery,NYSE,127.7,88,86,22,73,12.4,322544551.3278508,40673967.0,0.0845,-4.17,1289300,1438133,1166056,-0.204
680,INM,Healthcare,Drug Manufacturers - Specialty & Generic,NASDAQ,127.69,88,87,5,7,1.5,5203079.083829522,3314063.0,0.0081,-81.2,5475610,1851110,3137526,
681,JAKK,Consumer Cyclical,Leisure,NASDAQ,127.69,88,74,82,35,26.39,252807040.73627853,11444411.0,0.0339,7.93,128030,89740,71908,-0.058
682,FBIO,Healthcare,Biotechnology,NASDAQ,127.68,88,67,44,88,3.29,93013400.01599121,33219072.0,0.18129998,-27.37,441820,585916,528122,0.063
683,HAE,Healthcare,Medical Devices,S&P 400,127.65,88,72,27,64,84.82,3081691996.277893,45445983.0,0.0771,-2.86,592090,709066,857186,0.048
684,GEF,Consumer Cyclical,Packaging & Containers,S&P 400,127.61,88,64,58,79,87.31,3598166630.2134705,56816146.0,1.0,13.18,275690,256690,238242,-0.005
685,KEYS,Technology,Scientific & Technical Instruments,S&P 500,127.55,88,89,94,80,312.69,57765952720.71884,170738495.0,0.0138,-15.53,1234920,1515463,1649620,0.315
686,AMG,Financial Services,Asset Management,S&P 400,127.53,88,81,78,87,365.46,7998900103.4565735,26412085.0,0.0416,9.16,304580,299983,322160,0.097
687,MFG,Financial Services,Banks - Regional,NYSE,127.52,88,83,78,90,10.35,109367773081.37985,12192616480.0,0.00029999999,0.68,4371580,4363253,4100986,0.167
688,KARO,Technology,Software - Application,NASDAQ,127.45,88,40,64,58,64.03,1473610433.5697174,30893300.0,0.0152,1.06,141790,134963,115160,0.188
689,SMBK,Financial Services,Banks - Regional,NYSE,127.43,88,79,68,78,52.65,713006337.1450996,17098473.0,0.013300001,19.9,165900,134600,114354,0.083
690,SMFG,Financial Services,Banks - Diversified,NYSE,127.29,88,80,76,86,25.78,139781934067.0363,6362400475.0,0.0017,5.92,1769560,1946340,1941072,
691,RYOJ,Industrials,Consulting Services,NASDAQ,127.26,88,75,14,24,4.7,45160500.99134445,11550000.0,0.00029999999,-58.88,52210,447076,1462184,-0.343
692,COHR,Technology,Scientific & Technical Instruments,S&P 500,127.25,88,97,97,96,249.06,70717745600.68753,195639321.0,0.051999997,-39.69,4972330,5172973,5445840,0.205
693,EXFY,Technology,Software - Application,NASDAQ,127.21,88,82,11,15,1.85,112832595.09132493,96438119.0,0.052600004,-29.92,685360,1895866,1487496,-0.058
694,DAR,Consumer Defensive,Packaged Foods,S&P 400,127.12,88,81,93,88,61.0,9392606910.79609,158927363.0,0.0423,-7.6,2249590,2497696,2286254,0.123
695,FVR,Real Estate,REIT - Diversified,NYSE,127.05,88,87,81,79,20.28,401846971.53536224,22652028.0,0.0111,9.68,141140,196853,175144,0.107
696,BLBD,Industrials,Farm & Heavy Construction Machinery,NASDAQ,127.04,88,87,83,76,74.6,2144689230.2945023,31646589.0,0.1201,-8.48,498890,463003,448528,-0.017
697,ACOG,Healthcare,Biotechnology,NASDAQ,126.95,88,66,41,16,8.73,134781705.00592422,21774104.0,0.0109,-24.35,132080,85333,64246,0.207
698,SENEA,Consumer Defensive,Packaged Foods,NASDAQ,126.94,88,87,82,80,167.3,989425989.5115509,6881049.0,0.0272,-0.13,112180,127560,151432,0.011
699,MGA,Consumer Cyclical,Auto Parts,NYSE,126.93,88,77,84,79,69.85,17629262439.534378,272224550.0,0.0305,-0.13,1337520,1298696,1211932,0.031
700,EVER,Communication Services,Internet Content & Information,NASDAQ,126.92,88,76,12,18,25.05,680581860.6236992,35373278.0,0.21270001,-12.81,688710,717836,689442,0.145
701,CAC,Financial Services,Banks - Regional,NASDAQ,126.91,88,78,70,79,57.85,846241419.7521973,16914680.0,0.0376,7.71,112700,120440,108512,0.26
702,BNAI,Technology,Software - Infrastructure,NASDAQ,126.91,88,99,99,99,11.95,96574076.07299423,6507687.0,0.1104,-86.15,177560,259336,522448,9.431
703,ZD,Communication Services,Advertising Agencies,S&P 600,126.83,88,83,84,28,52.61,1660171466.758728,36835400.0,0.19559999,4.08,539500,678763,627940,-0.019
704,AVT,Technology,Electronics & Computer Distribution,S&P 400,126.8,88,89,87,82,86.8,7130353386.361763,82024081.0,0.090299994,-3.77,914500,1193010,1271604,0.339
705,GNK,Industrials,Marine Shipping,NYSE,126.72,88,84,86,83,25.98,1048463823.787344,43577051.0,0.0238,-4.66,246710,316580,323794,0.606
706,TOI,Healthcare,Medical Care Facilities,NASDAQ,126.64,88,93,79,62,5.07,468919961.4910693,99982933.0,0.0744,3.89,1438480,1987900,1953230,0.412
707,SRCE,Financial Services,Banks - Regional,NASDAQ,126.62,88,77,70,68,89.74,1776765526.2747574,24068891.0,0.0277,17.4,160150,157380,142432,0.051
708,CSTE,Industrials,Building Products & Equipment,NASDAQ,126.59,88,90,12,88,2.07,64313359.994629025,34577075.0,0.0255,-19.77,76880,154323,144832,-0.035
709,SPB,Consumer Defensive,Household & Personal Products,NYSE,126.51,88,85,83,77,88.77,1825159366.246704,23194298.0,0.16620001,2.08,277510,356370,361308,0.049
710,MUFG,Financial Services,Banks - Diversified,NYSE,126.44,87,75,69,82,22.5,211191096597.47812,11287605929.0,0.0007,11.66,3491780,3429643,3333804,
711,GCTS,Technology,Semiconductors,NYSE,126.39,87,96,67,27,1.89,279984055.7420969,83081325.0,0.0714,-51.91,1655540,2447386,5102906,2.871
712,ASH,Basic Materials,Specialty Chemicals,S&P 400,126.36,87,75,40,73,72.7,2651112358.166603,45787777.0,0.1263,10.74,913240,966770,1000194,0.006
713,FISI,Financial Services,Banks - Regional,NASDAQ,126.35,87,83,73,81,41.26,713237176.088295,19686370.0,0.0297,12.95,167930,205283,173022,0.113
714,CBZ,Industrials,Specialty Business Services,NYSE,126.3,87,24,12,12,55.25,1781137943.3307343,53648732.0,0.0907,-29.08,2686140,1506110,1139576,0.013
715,PLGO,Financial Services,Insurance - Diversified,NYSE,126.29,87,82,74,65,25.06,1845020009.537115,85496757.0,0.0249,4.16,315010,389803,406382,-0.073
716,CRDO,Technology,Semiconductors,NASDAQ,126.28,87,96,94,51,201.08,43535719113.04138,184449940.0,0.0683,-16.5,5837500,8008366,8721148,2.015
717,TRGP,Energy,Oil & Gas Midstream,S&P 500,126.27,87,80,88,74,268.34,54749221910.3089,214643903.0,0.0242,-4.16,1144840,1293893,1214940,-0.102
718,BBY,Consumer Cyclical,Specialty Retail,S&P 500,126.14,87,66,25,32,87.82,16423689183.659317,210695187.0,0.1017,3.33,2842460,3651413,4298132,0.019
719,NEXN,Communication Services,Advertising Agencies,NASDAQ,126.14,87,75,49,13,10.48,468054522.3442097,55720779.0,0.060500003,-10.73,499150,479520,385532,0.109
720,CASY,Consumer Cyclical,Specialty Retail,S&P 500,126.06,87,78,89,83,867.5,28435527524.59265,37066933.0,0.0323,-3.72,296080,480380,552002,0.003
721,BPOP,Financial Services,Banks - Regional,NASDAQ,126.05,87,81,78,83,175.13,9585785838.988617,64537709.0,0.0296,14.49,518480,574030,540348,0.096
722,TMP,Financial Services,Banks - Regional,S&P 600,126.02,87,82,75,80,99.37,1239090389.0966263,14382941.0,0.018,13.05,118200,109656,91288,0.076
723,PRCH,Financial Services,Insurance - Property & Casualty,NASDAQ,125.97,87,91,75,15,14.34,1139982081.746807,109403270.0,0.22700001,-26.22,1718840,2108426,1850088,0.156
724,SCSC,Technology,Electronics & Computer Distribution,S&P 600,125.96,87,80,48,31,56.48,940415966.133831,20324529.0,0.076799996,19.38,181490,210380,212676,0.088
725,ARMK,Industrials,Specialty Business Services,S&P 400,125.94,87,84,72,47,57.25,14036461527.184708,262953564.0,0.037100002,5.86,2375730,2581840,2583160,0.147
726,SWBI,Industrials,Aerospace & Defense,NASDAQ,125.93,87,84,89,79,14.95,677194826.001112,44493746.0,0.0336,-5.32,442790,856940,747472,0.171
727,SIRI,Communication Services,Entertainment,S&P 400,125.92,87,81,81,49,30.97,9937020664.812378,336619936.0,0.1453,2.86,4098430,4327796,5206316,0.011
728,ST,Technology,Scientific & Technical Instruments,S&P 400,125.91,87,85,84,81,47.99,7182888663.1753235,145432046.0,0.061300002,-5.49,2136740,1835570,2064826,0.026
729,RIGL,Healthcare,Biotechnology,NASDAQ,125.77,87,85,59,74,38.06,564128414.96521,18502080.0,0.219,-27.14,302810,387203,359200,0.103
730,MAC,Real Estate,REIT - Retail,S&P 600,125.74,87,85,79,66,25.47,6383546060.998234,283461187.0,0.0614,11.08,2144160,3321373,3260066,-0.067
731,PUBM,Technology,Software - Application,NASDAQ,125.67,87,88,77,14,12.74,542458050.173378,46443325.0,0.0674,-8.21,437750,503460,563732,-0.02
732,OUST,Technology,Electronic Components,NASDAQ,125.63,87,98,91,69,35.53,2932139252.871395,63672949.0,0.1004,-24.92,3263160,4785326,4780894,0.489
733,MSM,Industrials,Industrial Distribution,S&P 400,125.63,87,84,75,70,121.46,6112182093.327118,55834311.0,0.0577,9.2,642660,847273,790110,0.029
734,UVSP,Financial Services,Banks - Regional,NASDAQ,125.56,87,84,76,72,44.4,1098238392.6396103,27845802.0,0.019,10.53,319380,280896,241196,0.121
735,IKT,Healthcare,Biotechnology,NASDAQ,125.55,87,52,71,28,2.28,231057113.0,132032636.0,0.2155,0.88,992100,1071983,883988,
736,ACHC,Healthcare,Medical Care Facilities,S&P 600,125.54,87,87,89,12,28.14,2133635096.5652733,91967027.0,0.3806,-6.82,3353040,3620543,3160762,0.076
737,PDEX,Healthcare,Medical Instruments & Supplies,NASDAQ,125.54,87,87,77,54,56.65,206794989.71212006,3192759.0,0.266,-17.18,94710,93630,80660,0.146
738,SYNA,Technology,Semiconductors,S&P 400,125.46,87,93,86,82,108.85,5304181349.634857,38637685.0,0.2211,-27.0,707100,1194493,1060428,0.104
739,FNRN,Financial Services,Banks - Regional,NASDAQ,125.4,87,85,87,79,18.24,282200515.7175522,16407006.0,0.0011,1.39,140710,294606,225418,0.127
740,THFF,Financial Services,Banks - Regional,NASDAQ,125.39,87,81,70,81,80.84,822681368.9091187,11891896.0,0.02,15.01,98840,130050,113332,0.084
741,BTE,Energy,Oil & Gas E&P,NYSE,125.38,87,83,96,92,4.26,3537425903.41568,723400000.0,0.6,-20.52,16224350,18239343,18944402,0.016
742,ACA,Industrials,Engineering & Construction,S&P 600,125.31,87,86,77,80,145.23,6222964137.0,49096364.0,0.0339,7.12,824190,1069393,748280,0.044
743,PAG,Consumer Cyclical,Auto & Truck Dealerships,S&P 400,125.29,87,60,54,44,220.61,11006265440.095825,65760087.0,0.135,16.41,720890,449986,381618,-0.011
744,MSLE,Healthcare,Biotechnology,NASDAQ,125.22,87,75,72,96,9.66,152067690.97323418,20831190.0,2.07,-27.88,69370,82273,62452,
745,WTI,Energy,Oil & Gas E&P,NYSE,125.21,87,87,97,79,3.46,547501938.5719829,148777698.0,0.2041,-31.89,4227150,4154613,4721078,0.155
746,RBKB,Financial Services,Banks - Regional,NASDAQ,125.2,87,80,85,73,12.48,180717156.98215103,11100562.0,0.0166,-30.63,287402,135582,91125,0.012
747,NBIX,Healthcare,Drug Manufacturers - Specialty & Generic,S&P 400,125.17,87,74,50,39,185.5,15917062615.754196,100549983.0,0.0669,14.23,1226110,1218313,1182422,0.422
748,MRK,Healthcare,Drug Manufacturers - General,S&P 500,125.17,87,77,76,88,129.79,293217557563.7224,2469824415.0,0.0117999995,3.72,8356520,10272170,10606500,0.049
749,PKBK,Financial Services,Banks - Regional,NASDAQ,125.11,87,84,82,86,33.77,363923000.3888893,11842597.0,0.0107,5.24,54770,64593,71670,0.353
750,CPAC,Basic Materials,Building Materials,NYSE,125.05,87,84,85,93,11.81,900736841.0743523,85621369.0,0.00059999997,2.7,71090,107630,70534,0.113
751,FCAP,Financial Services,Banks - Regional,NASDAQ,124.99,87,81,65,88,63.05,206787275.70438766,3345531.0,0.0148,-11.2,15430,12966,10076,0.183
752,PURR,Financial Services,Capital Markets,NASDAQ,124.95,87,95,87,72,6.3,1443031201.2285748,144447571.0,1.38,-38.45,8215120,11545700,15555864,
753,WASH,Financial Services,Banks - Regional,NASDAQ,124.95,87,74,59,82,39.2,620966358.1916428,19065593.0,0.048699997,5.72,194300,196570,182826,-0.07
754,KGS,Energy,Oil & Gas Equipment & Services,S&P 600,124.94,87,92,94,84,58.26,6746429246.909958,100918914.0,0.0692,-25.0,1899480,2032016,1877342,0.049
755,APA,Energy,Oil & Gas E&P,S&P 500,124.94,87,69,95,85,36.33,12876920477.480553,353470227.0,0.0956,-20.43,5003600,5588680,5447184,-0.119
756,DHT,Energy,Oil & Gas Midstream,NYSE,124.91,87,77,88,70,18.55,2628199466.6939926,161041637.0,0.057800002,-9.73,2336530,3390886,3231114,0.781
757,MNST,Consumer Defensive,Beverages - Non-Alcoholic,S&P 500,124.9,87,83,61,85,97.65,86142956119.58633,978008110.0,0.0286,8.68,5661940,6015033,5776204,0.269
758,RHI,Industrials,Staffing & Employment Services,S&P 600,124.83,87,67,24,35,37.24,3011523314.7906704,102293589.0,0.29,-18.64,3054620,2667753,2438538,-0.038
759,DOC,Real Estate,REIT - Healthcare Facilities,S&P 500,124.8,87,79,39,36,22.06,13202387030.307255,689419702.0,0.0612,8.83,6140990,6551580,7673914,0.071
760,EXEL,Healthcare,Biotechnology,S&P 400,124.8,87,74,63,64,55.97,12688404474.778774,251355083.0,0.16379999,5.68,2108640,2660100,2521956,0.1
761,ESEA,Industrials,Marine Shipping,NASDAQ,124.76,87,68,86,82,79.39,449459625.08321,7055881.0,0.0185,0.8,46690,53403,64892,-0.009
762,CFBK,Financial Services,Banks - Regional,NASDAQ,124.71,87,78,59,84,35.82,185326214.25460052,6498114.0,0.0078,4.31,75360,97393,77866,0.05
763,PSTL,Real Estate,REIT - Office,NYSE,124.71,87,88,86,85,23.03,637080539.8753052,27651064.0,0.1188,-5.96,207570,340363,329108,0.203
764,LAD,Consumer Cyclical,Auto & Truck Dealerships,S&P 400,124.63,87,36,30,57,405.03,6633985313.869629,22805820.0,0.1664,12.33,454790,364920,327216,0.01
765,TGB,Basic Materials,Copper,NYSE ARCA,124.61,87,85,93,98,7.08,2713103120.0366764,365647317.0,1.59,-23.46,5805620,5268403,5233972,0.704
766,DIN,Consumer Cyclical,Restaurants,NYSE,124.6,87,81,56,90,36.0,398060780.8541775,12685175.0,0.2143,-9.27,219740,290083,343758,0.048
767,PEBO,Financial Services,Banks - Regional,NASDAQ,124.56,87,77,69,69,41.56,1249418277.5281067,35923471.0,0.0428,17.2,394560,329726,272706,0.067
768,OBK,Financial Services,Banks - Regional,NYSE,124.47,87,83,77,80,54.69,1472889067.6644096,30904093.0,0.0182,12.42,183510,171933,150502,0.093
769,CNK,Communication Services,Entertainment,S&P 600,124.43,87,65,53,29,36.15,3270057252.0,116787759.0,0.1417,7.56,2921380,2533926,2473632,0.189
770,SFL,Industrials,Marine Shipping,NYSE,124.41,86,70,84,53,12.3,1468240330.286728,132992784.0,0.0301,-4.95,1425820,1624970,1563000,-0.067
771,VTVT,Healthcare,Biotechnology,NASDAQ,124.38,86,79,83,92,32.68,131354104.89009094,3938654.0,0.060599998,-25.73,110300,81926,65380,
772,PLXS,Technology,Electronic Components,S&P 600,124.36,86,93,92,89,241.99,7180352747.620239,26756421.0,0.0557,-12.27,355190,351886,322828,0.187
773,INCY,Healthcare,Biotechnology,S&P 500,124.24,86,79,69,78,122.99,19326925247.919273,199782155.0,0.0952,9.53,2274550,2040816,1957172,0.209
774,GLW,Technology,Electronic Components,S&P 500,124.2,86,97,96,94,135.22,155913151528.74985,860637825.0,0.0279,-36.15,16492210,17029143,15133254,0.2
775,TE,Industrials,Electrical Equipment & Parts,NYSE,124.19,86,99,96,99,4.27,2949105889.9869347,279271380.0,0.236,-62.64,46509010,38727286,43103594,2.323
776,CTBI,Financial Services,Banks - Regional,NASDAQ,124.12,86,78,72,75,78.07,1214426397.1462555,18163721.0,0.0152,13.61,132260,145573,122478,0.148
777,KTCC,Technology,Computer Hardware,NASDAQ,124.07,86,86,44,43,4.0,37573074.614248276,10859270.0,0.0034,8.11,11920,16796,20840,-0.2
778,PLBC,Financial Services,Banks - Regional,NASDAQ,123.87,86,79,67,77,61.18,366733005.1227722,6968136.0,0.0086,12.09,66830,69340,71206,0.324
779,TENB,Technology,Software - Infrastructure,NASDAQ,123.87,86,92,23,14,32.55,3112977747.3114967,110271973.0,0.1658,-8.8,4014010,3837956,3799062,0.096
780,HELE,Consumer Defensive,Household & Personal Products,NASDAQ,123.86,86,88,70,19,27.88,631214099.5046234,23257705.0,0.17549999,-17.34,419630,581676,566654,-0.033
781,HBM,Basic Materials,Copper,NYSE,123.86,86,82,91,97,22.75,11582238769.432682,397196119.0,1.85,-22.28,5622520,5116410,5566264,0.273
782,MEC,Industrials,Metal Fabrication,NYSE,123.79,86,95,81,85,25.89,684514070.8251915,25494006.0,0.0537,-8.01,647570,558290,642358,0.068
783,TRV,Financial Services,Insurance - Property & Casualty,S&P 500,123.78,86,68,63,65,375.99,62068862554.682495,212644693.0,0.0306,20.08,2620270,2301060,2009856,0.01
784,BMO,Financial Services,Banks - Diversified,NYSE,123.76,86,84,78,79,178.62,113474492596.6866,700416619.0,4.84,9.08,981580,855153,791536,0.158
785,NSP,Industrials,Staffing & Employment Services,S&P 600,123.76,86,74,12,26,54.03,1315691750.1332397,38169182.0,0.1421,-16.27,721390,778026,754846,0.017
786,YPF,Energy,Oil & Gas Integrated,NYSE,123.75,86,79,79,54,52.15,22366839851.284016,421936249.0,3.6,-2.72,964400,1392393,1714852,0.428
787,DGICB,Financial Services,Insurance - Property & Casualty,NASDAQ,123.73,86,78,76,65,21.9,709499883.3166981,37049603.0,0.008,7.04,16230,7910,5230,-0.037
788,FNLC,Financial Services,Banks - Regional,NASDAQ,123.71,86,82,65,73,34.94,328237322.2621765,11275758.0,0.0064999997,15.2,42200,48580,36930,0.145
789,BELFB,Technology,Electronic Components,NASDAQ,123.69,86,95,96,96,253.41,3904417369.384674,14222707.0,0.045500003,-17.8,290400,330710,307288,0.172
790,KNX,Industrials,Trucking,S&P 400,123.64,86,89,80,82,69.8,12289420773.6969,162494000.0,0.0621,-8.63,4775090,4337616,4357118,0.014
791,KVHI,Communication Services,Telecom Services,NASDAQ,123.64,86,78,91,57,9.27,180939124.07353878,19497751.0,0.0078,-28.69,182690,301690,317708,0.272
792,ICUI,Healthcare,Medical Instruments & Supplies,S&P 600,123.58,86,63,25,62,168.38,3383881457.8951263,24993585.0,0.078200005,5.05,281090,311683,303328,-0.123
793,HZO,Consumer Cyclical,Specialty Retail,S&P 600,123.48,86,82,58,73,35.03,758649593.508934,22028154.0,0.19770001,-3.37,357450,303566,310334,-0.165
794,MOVE,Technology,Software - Infrastructure,NASDAQ,123.48,86,99,96,94,10.97,37639893.0,1981047.0,0.84,-57.64,43260,48343,52450,
795,CSTM,Basic Materials,Aluminum,NYSE,123.47,86,90,94,95,28.57,4664514188.47599,136150450.0,0.0452,-19.07,1837610,1879976,2026748,0.244
796,VBNK,Financial Services,Banks - Regional,NASDAQ,123.46,86,93,84,84,19.42,580298969.3300858,32167347.0,4.35,2.13,106730,134446,112178,0.336
797,WALD,Consumer Defensive,Household & Personal Products,NASDAQ,123.45,86,75,5,23,1.71,157759645.00636292,128259872.0,0.0234,-46.89,372280,555566,673298,-0.017
798,RY,Financial Services,Banks - Diversified,NYSE,123.43,86,82,77,79,210.12,263389981830.14795,1389700752.0,3.18,9.72,1516360,1709540,1593934,0.161
799,ELWT,Communication Services,Telecom Services,NASDAQ,123.43,86,64,70,13,8.74,49714669.47515106,6619796.0,0.015,-10.08,10150,39900,34650,-0.211
800,BNED,Consumer Cyclical,Specialty Retail,NYSE,123.4,86,83,60,30,12.42,355307781.065362,34296119.0,0.091800004,1.72,302140,415523,373512,0.113
801,FENC,Healthcare,Biotechnology,NASDAQ,123.4,86,83,26,51,9.91,344938718.50090027,34737030.0,0.0208,-5.17,122160,219653,242756,0.726
802,RELY,Technology,Software - Infrastructure,S&P 600,123.39,86,86,90,15,23.45,4215432897.9672127,210561079.0,0.069,-5.9,2363560,3337680,3683882,0.252
803,TGT,Consumer Defensive,Discount Stores,S&P 500,123.38,86,76,79,62,144.51,57712288405.84614,454177135.0,0.0317,8.57,3245210,4266220,4932660,0.067
804,SND,Energy,Oil & Gas Equipment & Services,NASDAQ,123.36,86,90,96,97,4.17,184408569.8502264,42985681.0,0.028099999,-28.6,272880,473493,417844,0.42
805,ELVR,Basic Materials,Other Industrial Metals & Mining,NASDAQ,123.32,86,93,98,95,53.27,1678770375.8195496,18121442.0,2.26,-47.52,46550,127073,122662,0.076
806,GSL,Industrials,Marine Shipping,NYSE,123.22,86,69,84,86,44.47,1312770871.6171417,36035434.0,0.023699999,4.15,287490,281550,321214,0.022
807,HIW,Real Estate,REIT - Office,S&P 600,123.17,86,75,32,33,33.8,2878117433.7656956,110272697.0,0.097200006,3.17,1830170,2121273,1910118,0.076
808,SCCO,Basic Materials,Copper,NYSE,123.17,86,76,81,95,185.0,159606507234.45996,834325691.0,0.121800005,-16.54,1262950,1281140,1297956,0.362
809,COCO,Consumer Defensive,Beverages - Non-Alcoholic,S&P 600,123.11,86,88,90,90,66.95,4290872711.725441,57112643.0,0.1041,-16.0,1372800,1294343,1155166,0.373
810,OSUR,Healthcare,Medical Instruments & Supplies,NASDAQ,123.05,86,87,46,35,3.97,296048791.03181934,68848553.0,0.0469,-8.31,356390,486160,609958,-0.067
811,SLAB,Technology,Semiconductors,S&P 400,123.02,86,83,92,92,216.93,7176844886.105072,32981823.0,0.120799996,-1.04,320990,465436,431722,0.201
812,TFSL,Financial Services,Banks - Regional,NASDAQ,123.01,86,83,68,64,18.05,4461675320.519451,280432141.0,0.16219999,11.42,826290,844620,870062,0.098
813,CNXN,Technology,Electronics & Computer Distribution,S&P 600,123.01,86,71,57,52,82.49,1755480518.3494568,25226047.0,0.0359,17.83,140760,163963,147754,0.03
814,EIX,Utilities,Utilities - Regulated Electric,S&P 500,122.94,86,72,77,71,78.73,26912489172.978333,384793941.0,0.044899996,3.29,2404380,2434226,2415528,0.077
815,PL,Industrials,Aerospace & Defense,NYSE,122.93,86,96,99,99,20.22,18225947825.914856,356393196.0,0.11350001,-60.94,7637220,11027736,13106364,0.411
816,DBI,Consumer Cyclical,Footwear & Accessories,NYSE,122.92,86,81,94,95,6.19,391786291.47232676,50749521.0,0.45720002,-29.26,404310,627840,685066,0.0
817,VOYA,Financial Services,Financial Conglomerates,S&P 400,122.92,86,80,72,52,100.27,7363918214.976654,90666315.0,0.00029999999,19.37,877140,1086206,1126430,0.031
818,OVV,Energy,Oil & Gas E&P,S&P 400,122.91,86,65,90,73,61.62,15748282657.320213,281018601.0,0.045,-2.9,4118720,3561086,3302662,0.085
819,MUSA,Consumer Cyclical,Specialty Retail,S&P 400,122.86,86,78,86,36,616.1,9346720708.002777,18470685.0,0.0598,1.03,258510,300560,305670,0.071
820,ING,Financial Services,Banks - Diversified,NYSE,122.75,86,75,66,85,34.94,88727541525.3526,2867729153.0,0.0011,11.27,2218490,3288300,3444182,0.029
821,JTAI,Technology,Software - Application,NASDAQ,122.72,86,1,0,0,1.93,11828718.286125183,1421721.0,0.0754,-99.79,641350,2808976,2732190,-0.516
822,LXP,Real Estate,REIT - Industrial,S&P 600,122.71,86,73,70,74,60.73,3044307683.698242,58952512.0,0.0001,14.24,1149530,786933,634178,-0.033
823,CDP,Real Estate,REIT - Office,S&P 400,122.7,86,77,61,68,38.35,3634863024.679455,113376883.0,0.0712,15.06,934330,1132450,1062508,0.073
824,BHP,Basic Materials,Other Industrial Metals & Mining,NYSE,122.69,86,82,83,82,85.9,225862091432.74158,2540345092.0,0.0061000003,-6.07,2402180,2616403,2697668,0.108
825,LAUR,Consumer Defensive,Education & Training Services,S&P 600,122.66,86,70,67,85,38.41,4477905433.071512,139978289.0,0.0512,1.32,1060020,1292973,1260926,0.154
826,TD,Financial Services,Banks - Diversified,NYSE,122.63,86,85,82,85,119.76,187639955604.99573,1652051000.0,2.23,4.81,2391080,2886046,2657856,-0.315
827,RAMP,Technology,Software - Infrastructure,S&P 600,122.62,86,80,71,22,37.79,2256900329.4781265,60087866.0,0.09729999,-0.32,847520,1072300,1676574,0.092
828,SU,Energy,Oil & Gas Integrated,NYSE,122.58,85,61,90,85,66.73,73631270706.70967,1180745189.0,3.65,-5.06,3660550,4414760,4414890,0.175
829,BNY,Financial Services,Banks - Diversified,S&P 500,122.58,85,81,79,77,156.08,95701818942.81006,686379000.0,0.0,10.19,3523920,4339520,3993198,0.134
830,TACT,Technology,Computer Hardware,NASDAQ,122.53,85,87,26,29,4.88,45934964.97395086,10276279.0,0.0037,-14.39,16430,39723,68542,0.104
831,CBC,Financial Services,Banks - Regional,NASDAQ,122.53,85,79,67,45,32.83,6809415709.335705,239768162.0,0.0419,12.93,539990,747170,756484,0.104
832,WEYS,Consumer Cyclical,Footwear & Accessories,NASDAQ,122.5,85,79,63,63,39.56,336391417.3069916,9532202.0,0.01,8.15,17200,20036,18902,-0.0
833,POWW,Industrials,Aerospace & Defense,NASDAQ,122.48,85,84,80,47,2.13,241614760.6086855,117288722.0,0.0287,-4.48,537480,1059230,800528,0.532
834,BY,Financial Services,Banks - Regional,NYSE,122.46,85,79,66,76,39.22,1502592387.238903,45409259.0,0.0257,14.24,332530,360610,318080,0.138
835,FMAO,Financial Services,Banks - Regional,NASDAQ,122.43,85,74,54,66,33.34,384545495.0417175,13768188.0,0.0113,11.77,78600,102933,92548,0.165
836,SCL,Basic Materials,Specialty Chemicals,S&P 600,122.43,85,62,38,77,65.07,1200399085.8922195,22713323.0,0.0249,-4.31,171260,164330,148028,0.019
837,AVTR,Healthcare,Medical Instruments & Supplies,S&P 400,122.41,85,37,14,25,13.86,6226729188.104845,682755402.0,0.0687,-12.99,16346150,11354836,10935400,0.0
838,CCNE,Financial Services,Banks - Regional,NASDAQ,122.4,85,80,76,76,34.99,908721830.9705143,29629013.0,0.0117,10.03,146200,178163,169102,0.486
839,ALL,Financial Services,Insurance - Property & Casualty,S&P 500,122.39,85,69,64,60,265.38,53051878520.9964,257420930.0,0.0001,16.59,1473120,1878043,1792758,0.03
840,TECK,Basic Materials,Other Industrial Metals & Mining,NYSE,122.33,85,75,81,86,62.49,32411408285.086487,489894294.0,2.77,-7.65,3753050,3407520,3324058,0.722
841,FTI,Energy,Oil & Gas Equipment & Services,S&P 400,122.3,85,83,93,91,68.92,27279183062.695023,398701897.0,0.026300002,-11.39,3390570,4426036,5034154,0.116
842,IFRX,Healthcare,Biotechnology,NASDAQ,122.25,85,97,95,14,1.72,353502875.64694166,147292859.0,0.044699997,-41.68,910540,1246673,1194986,
843,JBLU,Industrials,Airlines,S&P 600,122.23,85,78,40,81,6.07,2034943272.1273298,372018894.0,0.2019,-6.62,47935820,35614716,32011506,0.047
844,TNET,Industrials,Staffing & Employment Services,NYSE,122.22,85,56,13,24,71.67,2098751306.2611923,45944643.0,0.0585,-14.76,436480,388736,394184,-0.049
845,HBB,Consumer Cyclical,"Furnishings, Fixtures & Appliances",NYSE,122.2,85,82,79,82,23.16,274978308.66542816,13545730.0,0.0195,6.04,33420,42813,34070,-0.086
846,PHVS,Healthcare,Biotechnology,NASDAQ,122.12,85,83,81,80,33.88,2107572525.4972,69879726.0,0.0104,1.65,297890,480696,418394,
847,FBP,Financial Services,Banks - Regional,S&P 600,122.07,85,75,69,65,28.79,3709330690.151123,154684352.0,0.0731,16.84,2035860,1736513,1641184,0.081
848,TWN,Financial Services,Asset Management,NYSE,122.06,85,93,95,89,80.4,569323175.6116562,5742039.0,0.33080003,-21.18,47960,51593,59430,0.404
849,KMX,Consumer Cyclical,Auto & Truck Dealerships,S&P 600,122.05,85,65,17,26,58.7,6328040151.819134,141820715.0,0.1372,-18.46,2943290,3431376,3445246,-0.012
850,CZFS,Financial Services,Banks - Regional,NASDAQ,122.03,85,74,53,70,76.38,312464982.2145996,4804936.0,0.008,9.77,22480,17990,13444,0.136
851,THG,Financial Services,Insurance - Property & Casualty,S&P 400,122.02,85,74,59,55,230.09,6514539632.628799,34986787.0,0.0335,15.28,328040,357500,333586,0.061
852,TKNO,Healthcare,Drug Manufacturers - Specialty & Generic,NASDAQ,122.0,85,88,42,6,5.05,289515756.31303215,53614028.0,0.1162,-24.4,93390,181106,183922,0.131
853,UAL,Industrials,Airlines,S&P 500,121.99,85,85,36,68,123.56,37260605764.9082,324569728.0,0.0434,3.65,4406160,5115716,5469140,0.106
854,AGM,Financial Services,Credit Services,NYSE,121.97,85,74,50,39,220.3,1928843281.5812683,10848998.0,0.00059999997,4.59,114040,137670,136462,0.142
855,OSBC,Financial Services,Banks - Regional,NASDAQ,121.96,85,74,67,69,25.34,1096538155.3440857,51432372.0,0.0342,12.97,503420,462106,407316,0.192
856,KLAC,Technology,Semiconductor Equipment & Materials,S&P 500,121.9,85,96,91,88,180.33,251028208278.27246,130627521.0,0.028900001,-91.25,12982720,14495290,13420262,0.115
857,XRX,Industrials,Business Equipment & Supplies,NASDAQ,121.89,85,88,28,9,3.49,423725940.88721156,130779611.0,0.258,-48.68,4801280,3908806,4733508,0.267
858,AAPL,Technology,Consumer Electronics,S&P 500,121.85,85,69,70,70,333.43,4583336277502.197,14687356000.0,0.0095,5.85,51620930,61463526,56997336,0.166
859,MLKN,Consumer Cyclical,"Furnishings, Fixtures & Appliances",S&P 600,121.81,85,77,25,80,22.48,1106303184.6263123,68374732.0,0.0563,-3.02,730930,954340,879230,0.058
860,BKD,Healthcare,Medical Care Facilities,NYSE,121.79,85,89,86,97,14.62,3073596963.419366,238818725.0,0.16370001,-14.45,4701820,5256426,4792788,-0.067
861,SBFG,Financial Services,Banks - Regional,NASDAQ,121.74,85,77,57,58,26.6,135542529.59376717,6275117.0,0.0249,11.16,21480,62153,43870,0.118
862,PAGP,Energy,Oil & Gas Midstream,NASDAQ,121.73,85,73,81,71,26.59,4818965494.894432,197904124.0,0.08,1.68,1428670,1255500,1439890,0.087
863,BSET,Consumer Cyclical,"Furnishings, Fixtures & Appliances",NASDAQ,121.72,85,76,31,53,19.37,129362620.9698658,8647234.0,0.0571,-1.92,49370,101130,71272,-0.022
864,CFFN,Financial Services,Banks - Regional,S&P 600,121.62,85,80,77,81,8.86,966531400.9473972,124392716.0,0.062800005,11.17,926950,873270,800146,0.134
865,BYFC,Financial Services,Banks - Regional,NASDAQ,121.54,85,84,69,71,10.1,89072749.1394329,9278411.0,0.002,-3.44,15020,8316,6622,0.55
866,LEA,Consumer Cyclical,Auto Parts,S&P 400,121.53,85,68,79,87,146.33,7169610324.275024,50095099.0,0.0538,-1.9,605610,598423,627550,0.047
867,OBT,Financial Services,Banks - Regional,NASDAQ,121.49,85,80,76,83,37.77,457477670.1588135,13407904.0,0.0062,-0.58,69120,89063,74796,0.17
868,PR,Energy,Oil & Gas E&P,S&P 400,121.44,85,65,91,82,21.0,16101050241.239914,837288124.0,0.0251,-7.39,8450970,10325416,9967038,0.009
869,FMBH,Financial Services,Banks - Regional,NASDAQ,121.42,85,75,65,72,51.92,1172425793.4937592,26615796.0,0.0104,15.76,168850,183910,158850,0.145
870,RUSHA,Consumer Cyclical,Auto & Truck Dealerships,S&P 600,121.39,85,74,78,87,79.93,5387793277.325455,77712291.0,0.090500005,3.82,520060,570566,536992,-0.09
871,CMP,Basic Materials,Other Industrial Metals & Mining,NYSE,121.39,85,86,81,86,29.78,1339310471.361168,41958348.0,0.0388,-8.93,340900,414046,508548,-0.084
872,RRBI,Financial Services,Banks - Regional,NASDAQ,121.37,85,77,80,90,98.51,598680548.2630615,6584696.0,0.020399999,-0.34,104480,104910,99010,0.094
873,WYHG,Consumer Defensive,Packaged Foods,NASDAQ,121.36,85,91,28,3,3.89,41019706.20000172,50330928.0,0.0053,105.82,62060,217463,202738,-0.117
874,STBA,Financial Services,Banks - Regional,S&P 600,121.17,85,76,67,71,52.21,1622197795.2296371,35976886.0,0.0494,14.65,325090,301253,273090,0.041
875,ATLO,Financial Services,Banks - Regional,NASDAQ,121.17,85,82,82,88,30.39,254556500.77274323,8857220.0,0.019,2.29,36400,71800,72966,0.28
876,CNO,Financial Services,Insurance - Life,S&P 400,121.14,85,78,70,60,53.49,4291230796.8608093,93348503.0,0.0001,11.55,588020,842513,792828,0.025
877,CROX,Consumer Cyclical,Footwear & Accessories,S&P 400,121.14,85,85,66,39,123.66,5896670437.175537,49689648.0,0.1353,1.98,1033560,1105500,1185676,-0.017
878,GNTA,Healthcare,Biotechnology,NASDAQ,121.13,85,86,5,2,1.51,24298749.925055504,23591020.0,0.00029999999,-84.9,77280,163620,1826402,
879,RYAM,Basic Materials,Chemicals,NYSE,121.1,85,63,90,90,8.96,617062697.6242352,67438549.0,0.052199997,-24.39,919470,1037180,937080,-0.095
880,JOYY,Communication Services,Internet Content & Information,NASDAQ,121.09,85,72,67,78,73.02,3397243373.345299,50381779.0,0.044299997,2.9,311800,299266,329898,0.059
881,FXNC,Financial Services,Banks - Regional,NASDAQ,121.08,85,78,70,79,31.64,251338875.70228958,9040967.0,0.011,6.0,32540,67833,67790,0.106
882,SWK,Industrials,Tools & Accessories,S&P 500,121.05,85,78,60,77,95.55,12346280608.23236,155455564.0,0.0548,2.33,2214300,1858160,1665632,0.027
883,LLY,Healthcare,Drug Manufacturers - General,S&P 500,121.03,85,81,62,78,1154.97,985374253630.0,891741406.0,0.0095,0.51,2210950,2805300,2989674,0.555
884,ETSY,Consumer Cyclical,Internet Retail,S&P 600,121.0,85,81,74,37,83.15,6445351835.759811,94896231.0,0.1822,8.67,2302830,2737703,2851778,0.031
885,NSYS,Healthcare,Medical Devices,NASDAQ,121.0,85,91,90,35,13.5,41722393.4728241,2794534.0,0.0015,-20.35,18020,24956,27954,0.127
886,E,Energy,Oil & Gas Integrated,NYSE,120.94,85,62,90,80,55.56,76572290182.39685,1468027040.0,0.0017,-4.21,462760,499260,427236,-0.126
887,HXL,Industrials,Aerospace & Defense,S&P 400,120.93,84,84,83,83,102.91,6772606920.415649,75427184.0,0.0572,4.73,1367880,1193900,1065162,0.099
888,DCOM,Financial Services,Banks - Regional,S&P 600,120.93,84,81,75,81,40.8,1650726752.4457855,44113491.0,0.1014,7.37,333710,354610,311820,0.181
889,UNH,Healthcare,Healthcare Plans,S&P 500,120.89,84,84,78,22,421.47,345376396068.0906,908144404.0,0.0214,4.29,5466420,6088913,6363342,0.02
890,SOBO,Energy,Oil & Gas Midstream,NYSE,120.86,84,70,82,65,37.42,7500702995.9550705,208584627.0,7.23,-2.53,453350,854140,865698,-0.014
891,GSBC,Financial Services,Banks - Regional,NASDAQ,120.85,84,80,73,63,80.14,781587315.25,10893203.0,0.047199998,10.16,96380,116636,106574,0.0
892,SNDA,Healthcare,Medical Care Facilities,NYSE,120.84,84,85,83,74,40.16,1673690112.7053452,47346257.0,0.0405,1.26,441180,737960,698194,0.385
893,SOPH,Healthcare,Health Information Services,NASDAQ,120.8,84,74,80,76,5.76,362541361.99292564,71790366.0,0.0034999999,1.05,322180,374176,270742,0.22
894,ARQT,Healthcare,Biotechnology,NASDAQ,120.79,84,75,71,91,27.99,2684289091.522751,125083374.0,0.1496,-11.9,1105080,1608300,1669104,0.601
895,HQI,Industrials,Staffing & Employment Services,NASDAQ,120.78,84,81,66,65,13.46,183314742.4322033,13940285.0,0.0513,0.52,11070,15360,14592,-0.127
896,GHM,Industrials,Specialty Industrial Machinery,NYSE,120.74,84,94,92,89,94.22,1108828182.4417114,11072780.0,0.0434,-8.99,290720,275950,286760,0.205
897,PBFS,Financial Services,Banks - Regional,NASDAQ,120.74,84,79,60,73,17.63,364514300.2208328,24414889.0,0.0088,16.14,11110,19216,21958,0.083
898,HOFT,Consumer Cyclical,"Furnishings, Fixtures & Appliances",NASDAQ,120.73,84,88,69,92,14.01,129006282.86789417,10777467.0,0.0218,-12.38,55520,87926,73274,-0.205
899,BAX,Healthcare,Medical Instruments & Supplies,S&P 500,120.71,84,54,19,35,26.75,9699288324.871124,516469008.0,0.1233,-16.51,7415120,6710660,6806412,0.029
900,NVT,Industrials,Electrical Equipment & Parts,S&P 400,120.66,84,90,93,86,144.8,27005699167.836975,161720452.0,0.028800001,-17.26,2212300,2243106,2082682,0.535
901,CCO,Communication Services,Advertising Agencies,NYSE,120.66,84,81,90,90,2.41,1226650293.1464047,508983506.0,0.0493,-0.82,4890450,7567650,7745084,0.119
902,RIOT,Financial Services,Capital Markets,NASDAQ,120.64,84,93,86,37,22.12,10251680076.105194,378151230.0,0.185,-22.49,19925030,17335513,16598452,0.036
903,ELAN,Healthcare,Drug Manufacturers - Specialty & Generic,S&P 400,120.59,84,70,83,91,26.46,11911872745.074896,499449583.0,0.1014,-4.55,4981330,4789396,5374604,0.149
904,FFIV,Technology,Software - Infrastructure,S&P 500,120.59,84,86,73,39,388.75,21633960950.86151,56419247.0,0.0342,-2.71,793400,684573,671114,0.11
905,FVCB,Financial Services,Banks - Regional,NASDAQ,120.58,84,80,73,80,18.4,283989372.9543381,17996792.0,0.0088,-0.05,112960,167473,207236,0.167
906,SVRA,Healthcare,Biotechnology,NASDAQ,120.56,84,89,83,92,5.54,1065621463.3132362,204927212.0,0.1592,-20.91,1978790,2076630,1840358,
907,AUGO,Basic Materials,Gold,NASDAQ,120.55,84,82,97,97,56.95,6452044719.696045,83500000.0,0.090900004,-48.38,631980,1062470,1039960,1.365
908,AVAL,Financial Services,Banks - Regional,NYSE,120.52,84,85,74,87,5.15,5472871321.184801,1187173788.0,0.0017,-2.46,138330,220033,264152,0.19
909,BUSE,Financial Services,Banks - Regional,NASDAQ,120.5,84,76,68,70,31.28,2314876940.1799774,84577160.0,0.0467,12.6,964100,953223,871346,1.434
910,GIII,Consumer Cyclical,Apparel Manufacturing,S&P 600,120.49,84,75,67,62,36.69,1363979725.9608917,42189287.0,0.2291,5.34,374470,566260,595012,-0.081
911,HELP,Healthcare,Biotechnology,NASDAQ,120.45,84,38,18,26,8.14,227018305.56655025,49894131.0,1.69,-17.19,1886700,1772596,1309540,
912,FCBC,Financial Services,Banks - Regional,NASDAQ,120.42,84,74,74,71,47.63,813344698.7053375,18866729.0,0.0223,5.61,109270,94523,92656,0.104
913,AIZ,Financial Services,Insurance - Property & Casualty,S&P 500,120.42,84,76,60,68,282.46,12330920178.258179,49547637.0,0.0295,8.23,334020,371643,388932,0.113
914,FDMT,Healthcare,Biotechnology,NASDAQ,120.38,84,92,85,87,10.07,518057669.1632767,52276254.0,0.2672,-18.4,663520,963700,904882,216.643
915,GLAS,Healthcare,Drug Manufacturers - Specialty & Generic,NYSE,120.36,84,90,81,84,9.9,,,,,349030,415183,359966,
916,PAA,Energy,Oil & Gas Midstream,NASDAQ,120.36,84,72,81,72,24.82,15825075887.431183,705531684.0,0.0235,2.31,2295520,2199580,2323318,0.087
917,SUN,Energy,Oil & Gas Refining & Marketing,NYSE,120.3,84,75,78,61,75.97,12235472622.870117,188411952.0,0.032899998,4.24,473710,441863,429758,1.064
918,IPAR,Consumer Defensive,Household & Personal Products,S&P 600,120.29,84,70,28,34,125.57,3022273040.9314346,32025781.0,0.0779,-11.95,222710,333906,292086,0.018
919,SM,Energy,Oil & Gas E&P,S&P 600,120.28,84,50,88,29,31.63,7362682388.213509,239748701.0,0.0616,-11.85,3172380,3755393,3886822,0.73
920,CTS,Technology,Electronic Components,S&P 600,120.26,84,86,79,79,62.7,1835950724.922409,28592910.0,0.0219,-4.99,255860,339446,320234,0.107
921,SAN,Financial Services,Banks - Diversified,NYSE,120.25,84,80,75,90,14.11,179716223067.248,14400338915.0,0.0070999996,6.57,9925490,9145483,9291700,0.046
922,VCEL,Healthcare,Biotechnology,S&P 600,120.23,84,79,38,27,47.61,1702104132.7487183,51068228.0,0.1347,3.57,539350,654246,620388,0.301
923,OPY,Financial Services,Capital Markets,NYSE,120.23,84,87,83,85,110.7,981602798.7430573,10708005.0,0.0062,-6.79,120170,128516,116310,0.231
924,MSGM,Communication Services,Electronic Gaming & Multimedia,NASDAQ,120.21,84,73,86,93,4.55,17322328.648068905,4174055.0,0.056500003,-18.14,14640,33383,40254,1.293
925,RSI,Consumer Cyclical,Gambling,S&P 600,120.18,84,90,92,59,26.76,2608843555.5294685,102953573.0,0.0912,-8.48,2961510,3229343,2747794,0.411
926,CASS,Industrials,Specialty Business Services,NASDAQ,120.16,84,73,64,67,55.76,592458972.7581482,12871149.0,0.020299999,6.31,71150,84966,85396,0.032
927,PARK,Healthcare,Medical Care Facilities,NASDAQ,120.14,84,89,88,90,17.74,87501742.73081589,4515054.0,0.0055,-17.85,17160,29586,30220,0.027
928,UHAL,Industrials,Rental & Leasing Services,NYSE,120.14,84,77,26,26,70.95,10997819357.246704,189977880.0,0.22389999,9.58,169100,215023,248584,0.031
929,CM,Financial Services,Banks - Diversified,NYSE,120.13,84,82,84,82,118.27,99472382966.19466,914772714.0,7.2,1.04,1007140,1611416,1425722,0.153
930,CPF,Financial Services,Banks - Regional,S&P 600,120.09,84,77,71,76,39.37,896838244.3709259,26101229.0,0.024600001,11.06,170480,173646,154396,0.092
931,GRDX,Healthcare,Biotechnology,NASDAQ,120.09,84,94,76,94,3.05,37324116.288290024,6653140.0,0.0097,-47.77,70170,69093,93672,
932,FRAF,Financial Services,Banks - Regional,NASDAQ,120.09,84,85,80,69,63.11,261179954.95907593,4493032.0,0.0128999995,5.18,43550,42100,35134,0.22
933,AIRS,Healthcare,Medical Care Facilities,NASDAQ,120.07,84,83,36,5,4.85,379535771.8533125,70545681.0,0.105500005,-59.58,410580,465453,584950,0.0
934,CRL,Healthcare,Diagnostics & Research,S&P 500,120.03,84,81,51,69,234.62,8704390811.691742,48167730.0,0.087,2.51,868060,917766,877080,0.012
935,TXN,Technology,Semiconductors,S&P 500,120.02,84,89,88,82,278.76,278197157687.1613,910092791.0,0.0223,-15.91,9351020,9698803,9167808,0.186
936,ANDE,Consumer Defensive,Food Distribution,S&P 600,120.02,84,80,92,92,71.52,2403875688.3303223,34054056.0,0.0344,-12.9,302400,336646,318084,-0.012
937,SKWD,Financial Services,Insurance - Property & Casualty,NASDAQ,120.01,84,74,30,29,59.87,1788759984.4953346,40543065.0,0.034,-7.96,458500,662763,540946,0.448
938,SCHL,Communication Services,Publishing,S&P 600,120.01,84,90,86,90,41.84,747394735.5,18454191.0,0.2236,-3.57,455170,394063,343968,-0.019
939,QLYS,Technology,Software - Infrastructure,S&P 400,119.95,84,78,15,32,141.71,3848866727.272133,35217007.0,0.1903,-8.85,766860,830830,771544,0.098
940,BOF,Consumer Defensive,Packaged Foods,NASDAQ,119.93,84,93,84,68,3.95,52840304.23032522,15316030.0,0.004,-20.2,16300,60846,81610,-0.184
941,ASC,Industrials,Marine Shipping,NYSE,119.91,84,71,90,62,17.23,656106030.0070076,40802614.0,0.0446,-13.98,539810,659080,638320,0.188
942,CMCO,Industrials,Farm & Heavy Construction Machinery,NASDAQ,119.84,84,33,27,75,20.68,458680282.4563198,28739366.0,0.0563,-15.25,767900,665853,679286,0.105
943,IMNM,Healthcare,Biotechnology,NASDAQ,119.83,84,87,90,97,23.08,2472256092.3796806,113250394.0,0.1821,-16.53,778790,1539476,1445404,
944,AVBC,Financial Services,Banks - Regional,NYSE,119.8,84,76,78,80,22.41,353954310.94226646,18570531.0,0.0034999999,4.57,77830,154143,116588,4.107
945,CBK,Financial Services,Banks - Regional,NASDAQ,119.79,84,80,68,59,34.13,395829653.04740906,13701269.0,0.0172,14.19,72680,96323,86056,0.053
946,LQDT,Consumer Cyclical,Internet Retail,S&P 600,119.76,83,82,79,77,38.17,1129072345.9627304,31181231.0,0.0354,-1.7,177850,221946,194916,0.037
947,ACIW,Technology,Software - Infrastructure,S&P 600,119.76,83,65,44,23,57.69,4439560575.752106,101661570.0,0.0678,6.28,905850,1116446,976604,0.079
948,LEE,Communication Services,Publishing,NASDAQ,119.75,83,85,89,47,7.64,242528598.36798096,22229936.0,0.0188,-35.69,55160,87750,82890,-0.112
949,WTBA,Financial Services,Banks - Regional,NASDAQ,119.7,83,76,63,79,27.77,407652747.03398705,17028101.0,0.0168,4.4,51360,75170,64658,0.166
950,AMCX,Communication Services,Entertainment,NASDAQ,119.66,83,85,72,58,9.71,426977372.3699646,43927712.0,0.1996,-5.54,589200,549523,538028,-0.024
951,KINS,Financial Services,Insurance - Property & Casualty,NASDAQ,119.63,83,79,42,38,20.23,215389584.0123415,14484841.0,0.0273,4.17,110440,145366,126126,0.232
952,WSBC,Financial Services,Banks - Regional,S&P 600,119.63,83,72,59,75,41.57,3332656550.7598877,96180560.0,0.0248,9.11,1131860,1781626,1429042,1.077
953,WBI,Energy,Oil & Gas Equipment & Services,NYSE,119.62,83,81,82,35,32.92,1375219725.75,47016059.0,0.0947,3.2,694840,1628783,1324104,1.053
954,PRG,Industrials,Rental & Leasing Services,S&P 600,119.62,83,88,73,62,42.96,1473210806.6205597,40065564.0,0.1205,4.42,528310,622426,542268,0.111
955,CAT,Industrials,Farm & Heavy Construction Machinery,S&P 500,119.59,83,93,93,92,809.14,403418697901.2257,460591983.0,0.0202,-13.12,3243310,3682996,3330770,0.222
956,TBI,Industrials,Staffing & Employment Services,NYSE,119.58,83,88,68,48,7.3,188809406.26982403,30404091.0,0.05,-6.17,203310,321180,299630,0.076
957,CMPR,Industrials,Specialty Business Services,NASDAQ,119.56,83,90,90,82,94.7,2388314731.239624,24232090.0,0.1313,-10.77,161820,199530,216054,0.123
958,ABCL,Healthcare,Biotechnology,NASDAQ,119.53,83,95,79,23,5.69,1884166198.1082935,305375393.0,0.1823,-12.66,4814930,6989123,6985632,0.963
959,TRMD,Energy,Oil & Gas Midstream,NASDAQ,119.52,83,77,92,80,30.24,2787713628.3364677,102338974.0,0.0094,-14.41,440940,786616,806376,0.155
960,BLMN,Consumer Cyclical,Restaurants,NASDAQ,119.51,83,83,20,27,8.86,722584546.3548155,85614287.0,0.1046,-17.2,1487760,2010196,2059324,0.01
961,LCNB,Financial Services,Banks - Regional,NASDAQ,119.48,83,70,50,71,20.06,242751972.32260895,14246007.0,0.0050999997,12.13,58510,48300,37792,-0.006
962,PFG,Financial Services,Asset Management,S&P 500,119.41,83,77,74,75,113.95,22383203823.375732,216012384.0,0.0479,8.52,1889180,1668760,1425554,-0.045
963,BEN,Financial Services,Asset Management,S&P 500,119.39,83,87,79,77,33.17,16119145003.111015,519637162.0,0.051,2.25,4376580,4708110,4450088,0.087
964,XERS,Healthcare,Drug Manufacturers - Specialty & Generic,NASDAQ,119.38,83,78,37,69,8.42,1063475032.456913,172642055.0,0.074099995,-16.47,1360290,2025913,1846856,0.383
965,RUSHB,Consumer Cyclical,Auto & Truck Dealerships,NASDAQ,119.38,83,76,74,77,78.14,5043527804.479546,77712291.0,0.014400001,-1.25,133410,111756,89912,-0.09
966,GGB,Basic Materials,Steel,NYSE,119.37,83,68,82,85,4.96,8852997231.0,1967332718.0,0.0067000003,-0.4,14386130,16365623,17328188,-0.038
967,DGX,Healthcare,Diagnostics & Research,S&P 500,119.37,83,65,59,62,234.3,21574733336.462616,110696429.0,0.0337,9.74,1427210,1073106,970362,0.092
968,AROW,Financial Services,Banks - Regional,NASDAQ,119.35,83,84,78,80,39.94,606615009.9106407,16529019.0,0.0135,4.86,95120,111286,95290,0.294
969,HIMX,Technology,Semiconductors,NASDAQ,119.34,83,92,85,31,12.54,3587940997.7494354,174425914.0,0.056999996,-44.12,1276620,2067176,3106044,-0.075
970,AVBP,Healthcare,Biotechnology,NASDAQ,119.3,83,90,87,54,30.66,1409823091.88031,46574928.0,0.16690001,-4.6,610010,633556,612048,
971,PESI,Industrials,Waste Management,NASDAQ,119.26,83,82,48,81,16.83,208140314.17163086,21195552.0,0.0875,2.0,612400,511120,388230,-0.201
972,MRCY,Industrials,Aerospace & Defense,S&P 600,119.24,83,93,65,84,95.97,6706834527.862442,60043283.0,0.094,-15.42,659380,743786,725532,0.115
973,CIIT,Industrials,Integrated Freight & Logistics,NASDAQ,119.24,83,1,2,12,3.45,4632200.85646224,3618907.0,0.0374,-80.85,194800,10967446,9273458,0.868
974,PLTS,Technology,Software - Application,NASDAQ,119.21,83,79,90,95,17.5,316034425.0,18059110.0,0.0011,-10.26,0,0,0,-0.777
975,WAB,Industrials,Railroads,S&P 500,119.21,83,67,78,73,292.46,44312936302.737,169677346.0,0.0216,6.03,1357380,1020376,947998,0.13
976,NHPAP,Real Estate,REIT - Healthcare Facilities,NASDAQ,119.16,83,83,83,79,23.2,,,0.71,3.39,8690,6530,13862,-0.002
977,WRLD,Financial Services,Credit Services,S&P 600,119.12,83,86,59,26,181.1,742904983.5205078,4500000.0,10.8984995,-2.36,177270,134363,136848,0.075
978,IDT,Communication Services,Telecom Services,NYSE,119.1,83,56,48,32,65.94,1383204842.973671,25076230.0,0.0235,-7.28,197590,237646,209500,0.057
979,TSHA,Healthcare,Biotechnology,NASDAQ,119.05,83,93,93,93,5.88,1686809154.514141,287361020.0,0.13,-19.45,2337520,3751653,3200054,
980,RMNI,Technology,Software - Application,NASDAQ,119.04,83,69,60,29,4.91,361909607.9444885,92560000.0,0.039300002,-8.74,320910,444436,428936,0.012
981,SHO,Real Estate,REIT - Hotel & Motel,S&P 600,118.97,83,75,66,43,11.7,2015671484.5484161,186291270.0,0.0001,5.88,2350130,3114176,2752116,0.11
982,THRM,Consumer Cyclical,Auto Parts,S&P 600,118.95,83,58,34,35,42.32,1063837598.1553078,30666983.0,0.0375,7.19,703440,485343,426552,0.113
983,MANU,Communication Services,Entertainment,NYSE,118.95,83,84,63,56,23.42,3622845880.037092,172434357.0,0.0801,2.09,221570,251913,352674,0.18
984,HWM,Industrials,Aerospace & Defense,S&P 500,118.93,83,77,78,75,277.28,103327757484.75,400107483.0,0.0218,-1.23,2114250,2987860,2794426,0.191
985,FSBC,Financial Services,Banks - Regional,NASDAQ,118.88,83,87,74,83,47.24,902714931.4047737,21376153.0,0.0229,10.54,308800,210803,172640,0.269
986,LWLG,Basic Materials,Specialty Chemicals,NASDAQ,118.81,83,97,99,90,6.04,1673304750.6209564,154079632.0,0.0889,-67.72,2979520,4256830,4872118,0.273
987,SMBC,Financial Services,Banks - Regional,NASDAQ,118.77,83,80,74,74,77.36,760739519.0263672,11015632.0,0.0184,9.96,96960,116510,109632,0.065
988,EGBN,Financial Services,Banks - Regional,S&P 600,118.76,83,78,79,90,27.49,832225388.5595703,30495616.0,0.102,-6.05,343910,359683,304068,0.353
989,BMY,Healthcare,Drug Manufacturers - General,S&P 500,118.76,83,57,71,77,64.86,116765634526.6507,2042071247.0,0.018,3.13,11076670,12628160,12205338,0.026
990,FORR,Industrials,Consulting Services,NASDAQ,118.7,83,76,19,20,9.74,136854603.70254517,19412000.0,0.3003,-15.82,110140,187056,143570,-0.049
991,GRMN,Technology,Scientific & Technical Instruments,S&P 500,118.68,83,52,70,36,297.55,45112923354.38974,192856206.0,0.0241,8.87,1339350,1067226,931654,0.142
992,SHIM,Industrials,Engineering & Construction,NASDAQ,118.68,83,88,96,96,3.85,145091004.83650208,40986160.0,0.0022,-43.07,69160,105683,137278,-0.279
993,UAN,Basic Materials,Agricultural Inputs,NYSE,118.66,83,65,88,75,127.98,1282097121.6559753,10569638.0,0.043,-8.26,26500,33490,40158,0.26
994,BBIO,Healthcare,Biotechnology,NASDAQ,118.62,83,73,76,87,82.14,12977766313.324753,195861242.0,0.1377,-3.3,1902000,4084193,3561892,0.668
995,NUTX,Healthcare,Medical Care Facilities,NASDAQ,118.62,83,91,75,58,148.71,888449682.490036,6881339.0,0.21049999,-22.98,114370,129226,128650,0.022
996,ADEA,Technology,Software - Application,S&P 600,118.61,83,92,96,80,25.38,2945945934.813057,110293749.0,0.1106,-26.09,1304446,1593366,1856542,0.195
997,SIFY,Communication Services,Telecom Services,NASDAQ,118.61,83,92,92,97,14.58,1216933705.9204102,72350400.0,8.81,-18.32,38160,52343,67978,0.24
998,KB,Financial Services,Banks - Regional,NYSE,118.56,83,63,81,81,121.09,35979524602.89685,354687734.0,0.0013,1.15,291480,357916,311042,0.152
999,BODI,Communication Services,Internet Content & Information,NASDAQ,118.54,83,83,97,97,9.99,79224895.1212349,7241764.0,0.066700004,-40.78,21000,26263,33128,-0.25
1000,R,Industrials,Rental & Leasing Services,S&P 400,118.53,83,84,82,83,258.17,9705642101.451233,38691018.0,0.0469,-0.32,429420,398710,397626,-0.002
1001,UBS,Financial Services,Banks - Diversified,NYSE,118.47,83,77,67,76,53.39,154319073122.9605,3277805164.0,0.0022,8.16,2004390,1876516,2059878,0.138
1002,BIIB,Healthcare,Drug Manufacturers - General,S&P 500,118.45,83,80,78,83,207.93,28936874932.0,147637117.0,0.0357,0.95,1112400,1450783,1269896,0.019
1003,CSX,Industrials,Railroads,S&P 500,118.45,83,79,79,73,50.19,84099361503.73563,1858138856.0,0.0182,6.38,16525140,13593770,13124754,0.017
1004,WSFS,Financial Services,Banks - Regional,S&P 600,118.44,83,80,76,80,79.82,3718546927.874176,52044046.0,0.044499997,9.01,502480,542443,483182,0.161
1005,HALO,Healthcare,Biotechnology,S&P 400,118.44,83,69,36,73,83.3,7892509128.593445,118613000.0,0.146,1.31,1695000,1897360,1821550,0.422
1006,FBIZ,Financial Services,Banks - Regional,NASDAQ,118.42,82,72,58,71,67.26,480991792.1478958,8362166.0,0.0095,11.1,73840,66913,54246,0.083
1007,FDX,Industrials,Integrated Freight & Logistics,S&P 500,118.39,82,83,83,90,308.55,98246331783.0,238606756.0,0.0168,-25.45,1583820,2058733,2036471,0.083
1008,EPC,Consumer Defensive,Household & Personal Products,S&P 600,118.38,82,82,39,30,27.25,807344852.614357,46081326.0,0.1232,-0.84,618340,968760,911236,0.006
1009,AMBP,Consumer Cyclical,Packaging & Containers,NYSE,118.38,82,68,47,89,4.85,2408756570.8237753,597706314.0,0.0479,-3.58,4349110,3021910,2495054,0.186
1010,GEV,Industrials,Specialty Industrial Machinery,S&P 500,118.38,82,91,93,90,981.98,260206947526.56403,268719995.0,0.033,-16.92,3462630,3156086,3029852,0.163
1011,RSVR,Communication Services,Entertainment,NASDAQ,118.37,82,72,83,37,10.77,677628868.4416351,65661714.0,0.1105,-19.57,71730,62373,67186,0.147
1012,LAMR,Real Estate,REIT - Specialty,S&P 400,118.34,82,78,72,62,160.65,15470894579.75035,101475101.0,0.089499995,1.24,622910,672930,606688,0.044
1013,ACLS,Technology,Semiconductor Equipment & Materials,S&P 600,118.16,82,95,95,62,125.21,4622685560.320892,30733897.0,0.1237,-27.04,409960,557993,566838,0.033
1014,MAKO,Basic Materials,Gold,NASDAQ,118.15,82,83,89,94,7.44,761812412.198369,87564647.0,0.26,-17.24,101980,131576,157120,1.158
1015,PINE,Real Estate,REIT - Retail,NYSE,118.11,82,81,79,77,20.3,318431149.99441147,16524709.0,0.014099999,-2.4,194780,197283,179166,0.296
1016,EXPE,Consumer Cyclical,Travel Services,S&P 500,118.06,82,70,76,75,292.93,27099783960.017715,120022077.0,0.0744,-3.58,1550110,1599633,1573786,0.147
1017,CIVB,Financial Services,Banks - Regional,NASDAQ,118.04,82,79,64,70,28.9,538288705.2717819,20783348.0,0.0123000005,2.08,122890,157116,128854,0.226
1018,ASTH,Healthcare,Medical Care Facilities,S&P 600,118.04,82,95,85,18,36.68,1865328132.1991959,49583418.0,0.104399994,-8.14,580810,719740,619344,0.556
1019,CVV,Industrials,Specialty Industrial Machinery,NASDAQ,118.02,82,96,95,65,6.51,41365433.90475941,6940509.0,0.0256,-23.05,76230,83056,95066,-0.778
1020,UNFI,Consumer Defensive,Food Distribution,S&P 600,117.98,82,80,89,79,49.73,3128848709.9754257,60931817.0,0.051999997,-6.49,459070,631830,655318,-0.026
1021,HQL,Financial Services,Asset Management,NYSE,117.91,82,83,77,76,19.44,543087737.979599,30408047.0,0.33,5.31,184170,162293,140780,-0.699
1022,LGPS,Industrials,Conglomerates,NYSE ARCA,117.9,82,47,12,10,1.0,15263980.645481586,23628452.0,0.0011999999,-53.92,99200,5254210,3419878,-0.018
1023,HTLD,Industrials,Trucking,S&P 600,117.84,82,90,85,86,12.73,1161570525.304016,77489696.0,0.048699997,-15.92,784050,663293,654654,-0.197
1024,STRW,Real Estate,REIT - Healthcare Facilities,NYSE ARCA,117.83,82,68,66,75,14.6,176157121.66344643,13426610.0,0.0076,4.29,56440,44126,35502,0.071
1025,PEBK,Financial Services,Banks - Regional,NASDAQ,117.83,82,78,79,81,43.0,223541266.7979355,5309769.0,0.014199999,-0.72,49220,38150,37498,0.04
1026,NXDR,Communication Services,Internet Content & Information,NYSE,117.79,82,84,32,33,2.25,804728059.7408354,381387725.0,0.032,-39.52,2533160,2683973,2684578,0.138
1027,SLF,Financial Services,Insurance - Diversified,NYSE,117.76,82,76,71,57,82.77,39795529862.05284,554255267.0,9.22,11.61,572510,573456,673384,0.002
1028,TILE,Consumer Cyclical,"Furnishings, Fixtures & Appliances",S&P 600,117.75,82,84,51,87,33.8,1718463305.3466797,58056192.0,0.0683,-3.73,319770,506486,533514,0.113
1029,CTO,Real Estate,REIT - Diversified,NYSE,117.67,82,75,76,61,21.87,694252789.8251648,33783592.0,0.0195,4.49,308370,391850,397956,0.15
1030,FCX,Basic Materials,Copper,S&P 500,117.65,82,72,72,90,63.44,94462057413.02463,1437559865.0,0.020499999,-10.61,15526740,15691500,14464412,0.088
1031,MCY,Financial Services,Insurance - Property & Casualty,S&P 600,117.63,82,80,79,87,106.73,5429747037.19693,55388627.0,0.0364,2.76,263580,319343,289842,0.105
1032,BNS,Financial Services,Banks - Diversified,NYSE,117.6,82,80,76,83,87.84,98147387541.68701,1226076000.0,2.95,6.84,2221070,2889416,2740940,0.126
1033,GL,Financial Services,Insurance - Life,S&P 500,117.59,82,79,67,65,182.98,11898283602.15541,77644761.0,0.01,15.87,796090,735846,665320,0.054
1034,TSBK,Financial Services,Banks - Regional,NASDAQ,117.57,82,77,74,78,44.88,317658347.07341003,7827953.0,0.0064999997,3.05,36530,41963,35050,0.044
1035,CVI,Energy,Oil & Gas Refining & Marketing,S&P 600,117.56,82,32,84,31,38.08,3339626621.4980164,100530599.0,0.2041,-8.62,1014790,1084586,955258,0.203
1036,LUV,Industrials,Airlines,S&P 500,117.51,82,84,59,93,45.6,20992831346.25475,488773713.0,0.0637,-17.26,5970290,6280236,6374088,0.128
1037,XFOR,Healthcare,Biotechnology,NASDAQ,117.45,82,74,84,70,4.0,406517884.3629837,94319696.0,0.0311,-17.18,605380,960780,739014,-0.906
1038,FRST,Financial Services,Banks - Regional,NASDAQ,117.45,82,83,79,85,15.9,357461006.5198364,24772072.0,0.0138,6.21,182830,246726,238944,-0.227
1039,NTB,Financial Services,Banks - Diversified,NYSE,117.44,82,76,71,75,61.73,2236413366.99543,39610581.0,0.0092,6.71,161470,193473,202720,0.043
1040,HR,Real Estate,REIT - Healthcare Facilities,S&P 400,117.43,82,72,76,49,21.53,6902709860.197498,346521578.0,0.08270001,4.46,3912670,3880456,3985378,-0.065
1041,PRK,Financial Services,Banks - Regional,S&P 600,117.39,82,66,59,63,207.15,3104564984.660095,18096089.0,0.0286,15.42,132350,128416,112234,0.212
1042,MYFW,Financial Services,Banks - Regional,NASDAQ,117.36,82,83,75,71,31.78,283793997.30226135,9728968.0,0.0175,5.93,58780,81770,67944,0.144
1043,NHPBP,Real Estate,REIT - Healthcare Facilities,NASDAQ,117.34,82,81,82,79,22.4,,,0.25,0.67,1870,2930,8220,-0.002
1044,RMR,Real Estate,Real Estate Services,NASDAQ,117.33,82,84,80,65,19.46,341012963.99121475,17093381.0,0.0862,-5.33,160320,161263,153094,-0.009
1045,MGM,Consumer Cyclical,Resorts & Casinos,S&P 500,117.26,82,79,67,61,45.66,11173022963.972397,255851235.0,0.2049,3.12,2275100,2840823,4132296,0.042
1046,SKE,Basic Materials,Other Industrial Metals & Mining,NYSE,117.26,82,71,91,96,27.36,3754793518.500662,124084385.0,6.08,-29.43,521890,933496,836254,
1047,CNSP,Healthcare,Biotechnology,NASDAQ,117.26,82,68,64,8,4.85,7950282.643624783,1461449.0,0.0211,-62.58,9060,10396,35240,
1048,IAUX,Basic Materials,Gold,NYSE ARCA,117.23,82,80,91,98,1.34,1396522860.6305802,862051146.0,0.082600005,-40.18,8352650,9660590,9425204,2.729
1049,TX,Basic Materials,Steel,NYSE,117.19,82,66,75,85,49.11,9471845463.5,196307678.0,0.0099,-2.93,678640,552183,569182,0.0
1050,NATL,Technology,Software - Application,S&P 600,117.19,82,66,80,62,46.89,3291386271.9933395,73797901.0,0.0337,-3.32,640580,720793,667926,0.065
1051,NEU,Basic Materials,Specialty Chemicals,S&P 400,117.17,82,63,39,58,867.02,7115403695.2127075,9198019.0,0.0939,-1.02,131870,118023,113450,-0.045
1052,IQV,Healthcare,Diagnostics & Research,S&P 500,117.16,82,60,24,35,237.79,30410850120.544434,166900000.0,0.0342,-3.75,1777700,1614703,1625660,0.084
1053,NREF,Real Estate,REIT - Mortgage,NYSE,117.16,82,71,66,64,16.89,294217726.2190428,18848029.0,0.045,5.17,47350,59796,65492,-0.048
1054,CFG,Financial Services,Banks - Regional,S&P 500,117.15,82,80,78,88,71.73,26328628999.1267,422881942.0,0.0002,4.27,4551580,5056333,4785758,0.138
1055,BBAR,Financial Services,Banks - Regional,NYSE,117.14,82,85,18,34,19.78,3747743394.4601154,204236693.0,0.048499998,-7.48,461250,577376,676290,0.261
1056,EBC,Financial Services,Banks - Regional,S&P 600,117.11,82,75,66,82,23.11,4241555124.01997,214979991.0,0.038900003,2.37,3446150,4227436,3571274,
1057,WSBF,Financial Services,Banks - Regional,NASDAQ,117.1,82,79,74,83,20.47,334162551.95202255,18053082.0,0.0126,8.42,67840,88343,74254,0.172
1058,ESLT,Industrials,Aerospace & Defense,NASDAQ,117.1,82,75,90,92,785.96,41223289257.63757,46797317.0,0.0070999996,-22.65,77450,86936,100328,0.155
1059,SPG,Real Estate,REIT - Retail,S&P 500,117.05,82,75,72,69,230.44,66450247055.50513,324289912.0,0.0,10.37,1346040,2142623,2025092,0.193
1060,JNJ,Healthcare,Drug Manufacturers - General,S&P 500,117.04,82,77,73,87,255.82,542418204483.1759,2407216971.0,0.0107,1.63,8405180,8980023,8395608,0.099
1061,BSRR,Financial Services,Banks - Regional,NASDAQ,117.04,82,80,71,81,40.66,496747402.3328247,13079184.0,0.0273,4.26,82440,76330,69362,0.112
1062,AAT,Real Estate,REIT - Diversified,S&P 600,117.0,82,82,68,46,24.03,1430408761.9624329,61390936.0,0.0686,1.56,415910,435863,446270,0.018
1063,WT,Financial Services,Asset Management,S&P 600,116.98,82,81,83,87,18.8,2913531019.6650734,152941267.0,0.19129999,-5.29,2100010,2843056,2878462,0.475
1064,AAL,Industrials,Airlines,S&P 400,116.95,82,88,34,60,15.43,9682678632.748566,661385137.0,0.1287,-6.48,104037760,137245096,123831814,0.108
1065,PDLB,Financial Services,Banks - Regional,NASDAQ,116.91,81,79,70,70,20.1,456667550.58070564,24187901.0,0.0146,4.96,66440,73970,84190,0.151
1066,ESQ,Financial Services,Banks - Regional,NASDAQ,116.9,81,69,57,76,129.62,949387067.3169098,8639431.0,0.1058,-3.85,171200,151653,133866,0.17
1067,MFC,Financial Services,Insurance - Life,NYSE,116.89,81,72,69,71,44.55,63734926437.78765,1668890514.0,7.38,10.24,1706260,1689856,2051118,0.121
1068,MRAM,Technology,Semiconductors,NASDAQ,116.88,81,97,97,86,14.46,618547061.5820103,23447577.0,0.127,-71.92,1084490,1515766,2331736,0.132
1069,CNQ,Energy,Oil & Gas E&P,NYSE,116.87,81,54,86,76,47.28,94628660472.22137,2085710000.0,1.29,-7.91,6745250,9071890,8604354,-0.012
1070,RBB,Financial Services,Banks - Regional,NASDAQ,116.84,81,85,79,74,26.26,405106442.2521057,16935888.0,0.0154,6.19,204630,237240,208986,0.61
1071,ASIC,Financial Services,Insurance - Property & Casualty,NYSE,116.84,81,70,39,28,23.85,937117051.5138016,48032652.0,0.0301,-5.73,69160,80733,74104,0.552
1072,WCC,Industrials,Industrial Distribution,S&P 400,116.8,81,82,87,88,342.67,17590746497.636353,48704892.0,0.0444,-9.17,793510,767076,657476,0.138
1073,GWW,Industrials,Industrial Distribution,S&P 500,116.79,81,77,61,72,1355.49,58272319533.494385,47213119.0,0.0325,5.36,283090,337250,306956,0.101
1074,NWBI,Financial Services,Banks - Regional,S&P 600,116.78,81,75,68,65,15.69,2070352255.83539,146314651.0,0.0463,10.03,1228690,1326143,1192118,0.151
1075,CNOB,Financial Services,Banks - Regional,NASDAQ,116.78,81,80,74,68,32.95,1512174999.2331696,50288494.0,0.0366,7.5,529770,524766,462832,0.655
1076,CATY,Financial Services,Banks - Regional,S&P 600,116.77,81,79,75,72,63.03,3865265478.2711983,67035475.0,0.0432,7.73,589150,592050,519142,0.141
1077,FLYW,Technology,Software - Infrastructure,NASDAQ,116.77,81,88,80,22,16.27,1979622908.1924438,123417880.0,0.0364,-9.86,1889620,2257693,2301594,0.41
1078,BDL,Consumer Cyclical,Restaurants,NYSE ARCA,116.76,81,85,61,64,40.3,63193998.0,1858647.0,0.0023999999,12.01,45720,35966,22986,0.059
1079,MPB,Financial Services,Banks - Regional,NASDAQ,116.75,81,68,63,73,38.54,827512394.9733124,25344942.0,0.0241,9.43,197200,212880,181216,0.333
1080,HCSG,Healthcare,Medical Care Facilities,S&P 600,116.74,81,86,78,83,23.08,1414091393.3860703,68645212.0,0.0421,-5.37,912590,822456,744188,0.034
1081,YETI,Consumer Cyclical,Leisure,S&P 400,116.71,81,81,48,87,49.64,3634126846.7884216,75758323.0,0.142,-3.22,1245870,1118653,1265366,0.083
1082,GM,Consumer Cyclical,Auto Manufacturers,S&P 500,116.71,81,62,74,90,88.4,75054608905.63535,901665195.0,0.0242,0.89,9219790,8375200,8315750,-0.009
1083,FFBC,Financial Services,Banks - Regional,S&P 600,116.7,81,81,73,76,33.79,3227627568.256428,104929374.0,0.0433,7.68,1512170,1272390,1102596,0.323
1084,NKSH,Financial Services,Banks - Regional,NASDAQ,116.7,81,68,73,86,39.72,224104339.15431976,6368410.0,0.0085,-0.7,30350,32593,29096,0.227
1085,MTSI,Technology,Semiconductors,S&P 400,116.66,81,95,94,93,248.71,27820492148.973877,76295774.0,0.0433,-40.63,1468680,1762320,1719818,0.225
1086,INGM,Technology,Information Technology Services,NYSE,116.65,81,71,84,41,30.4,6510060260.75,230444611.0,0.13229999,-3.12,870880,1217560,1295182,0.137
1087,NPO,Industrials,Specialty Industrial Machinery,S&P 600,116.64,81,90,83,77,312.95,6485674375.044922,21126664.0,0.0228,-4.29,222610,313636,264802,0.109
1088,TNK,Energy,Oil & Gas Midstream,NYSE,116.64,81,67,87,80,77.36,2437195357.437668,34643858.0,0.0377,-7.89,317110,371300,360956,0.235
1089,WST,Healthcare,Medical Instruments & Supplies,S&P 500,116.62,81,86,79,28,339.59,22805749969.47052,70647595.0,0.0377,2.63,1024460,885603,803848,0.21
1090,HFRO,Financial Services,Asset Management,NYSE,116.6,81,80,61,61,7.35,359034134.01679516,55406502.0,0.0002,7.61,145100,169156,174760,
1091,HQH,Financial Services,Asset Management,NYSE,116.6,81,79,73,71,22.01,1143272784.549736,57192236.0,1.08,7.58,324110,262023,216864,-0.487
1092,AKAM,Technology,Software - Infrastructure,S&P 500,116.6,81,72,79,66,113.75,21740939366.44139,145385451.0,0.1468,-31.25,3437000,3802143,4366836,0.058
1093,MKTW,Financial Services,Financial Data & Stock Exchanges,NASDAQ,116.56,81,64,66,54,19.93,45492566.59603119,2638780.0,0.0121,-8.33,6020,14480,15074,-0.078
1094,AGYS,Technology,Software - Application,S&P 600,116.49,81,70,17,23,107.65,2438103337.473816,28166629.0,0.048499998,-25.89,339020,373776,418090,0.117
1095,CPAY,Technology,Software - Infrastructure,S&P 500,116.49,81,62,54,62,390.12,23647941496.325012,65361919.0,0.0421,7.11,548290,690600,635634,0.254
1096,FCF,Financial Services,Banks - Regional,S&P 600,116.48,81,72,64,71,21.59,1925903632.0053577,101684455.0,0.0337,12.8,995300,828483,774424,0.091
1097,NTRS,Financial Services,Asset Management,S&P 500,116.43,81,78,79,79,182.51,30616068271.380585,185047258.0,0.016,5.38,1295010,1104753,1111162,0.139
1098,HPP,Real Estate,REIT - Office,NYSE,116.42,81,93,18,7,14.12,649819422.6899719,54242024.0,0.0114,-34.93,683810,806563,994340,-0.08
1099,CUZ,Real Estate,REIT - Office,S&P 400,116.42,81,73,41,37,31.93,4411326239.855982,164540333.0,0.109,3.64,1662970,1646536,1619470,0.048
1100,NUTR,Consumer Cyclical,Travel Services,NASDAQ,116.39,81,77,88,94,9.0,174412512.0,19379168.0,0.0682,-11.24,0,0,0,3.432
1101,ZIM,Industrials,Marine Shipping,NYSE,116.38,81,81,89,86,24.73,2831002956.9452763,120519497.0,0.0271,-17.48,707160,1036873,1069928,-0.304
1102,PCB,Financial Services,Banks - Regional,NASDAQ,116.34,81,82,68,68,27.67,349747139.7659073,14234723.0,0.0136,10.02,51640,48206,38642,0.176
1103,MET,Financial Services,Insurance - Life,S&P 500,116.33,81,64,52,37,97.07,53205788826.40057,643436779.0,0.0189,13.81,4410760,3976683,3828192,0.027
1104,TBBB,Consumer Defensive,Discount Stores,NYSE,116.33,81,81,70,84,40.2,4457357339.2128525,117857149.0,0.0729,0.27,463370,557790,768072,0.334
1105,CAH,Healthcare,Medical Distribution,S&P 500,116.31,81,77,60,87,227.07,46091712978.73955,234205855.0,0.0366,-2.8,1917410,2350836,2300912,0.11
1106,AIRT,Industrials,Conglomerates,NASDAQ,116.31,81,68,48,66,28.0,60755323.48283005,2702639.0,0.0207,4.87,17790,8380,5526,-0.087
1107,ROLR,Consumer Cyclical,Gambling,NYSE ARCA,116.29,81,96,97,91,5.75,60000356.58861494,10968987.0,0.0596,-82.93,67860,133093,437878,-0.503
1108,ROG,Technology,Electronic Components,S&P 600,116.26,81,92,91,81,122.14,2525924749.4571686,17848535.0,0.0271,-17.72,293620,302256,309046,0.052
1109,TXMD,Healthcare,Drug Manufacturers - Specialty & Generic,NASDAQ,116.23,81,87,82,95,2.03,24769135.894198895,11574362.0,0.0063,-31.19,20580,29096,42780,0.842
1110,GCO,Consumer Cyclical,Apparel Retail,NYSE,116.22,81,78,80,38,38.6,416630043.2821655,10858224.0,0.1308,-0.9,162390,181730,193576,0.072
1111,LYG,Financial Services,Banks - Regional,NYSE,116.21,81,74,63,88,6.25,79474113984.06581,14529089037.0,0.0005,-1.42,16643270,19361620,21997518,0.115
1112,SNDR,Industrials,Trucking,S&P 600,116.2,81,87,75,77,34.14,6188893071.441849,175124308.0,0.1181,-4.64,1142190,1014320,1007124,-0.002
1113,GABC,Financial Services,Banks - Regional,NASDAQ,116.19,81,70,59,66,51.11,1642311941.374878,37564316.0,0.030199999,13.58,183270,204840,178870,0.423
1114,CLW,Basic Materials,Paper & Paper Products,NYSE,116.19,81,24,12,21,21.15,262841611.5974083,16125253.0,0.0519,-31.69,296580,216710,218098,-0.047
1115,NRC,Healthcare,Health Information Services,NASDAQ,116.14,81,84,78,63,18.91,440141688.35472107,22536696.0,0.1617,-17.03,93740,104603,126270,0.037
1116,JXG,Consumer Cyclical,Apparel Manufacturing,NASDAQ,116.14,81,93,6,3,6.99,98890989.09976101,12059877.0,0.0013,-82.68,3300,4006,5648,1.667
1117,CMI,Industrials,Specialty Industrial Machinery,S&P 500,116.13,81,88,89,88,632.98,89227871067.98474,137989067.0,0.014400001,-11.85,947360,1071996,1039214,0.027
1118,CIX,Industrials,Security & Protection Services,NYSE ARCA,116.13,81,64,45,49,28.38,309801645.4586029,12323057.0,0.0189,-12.14,5750,6883,5966,0.007
1119,ABVX,Healthcare,Biotechnology,NASDAQ,116.13,81,99,99,99,124.33,10569886566.183472,79694535.0,0.0315,-16.46,996830,1941923,2377096,0.352
1120,MCHB,Financial Services,Banks - Regional,NASDAQ,116.12,81,74,62,76,16.6,3259023956.7204666,221401080.0,0.0991,3.56,973520,684696,602336,0.307
1121,BHB,Financial Services,Banks - Regional,NYSE ARCA,116.11,81,74,63,70,39.42,584969125.7082176,16742105.0,0.0113,9.35,102300,144280,123320,0.257
1122,CNI,Industrials,Railroads,NYSE,116.08,81,70,68,50,127.13,71912431851.19629,606600000.0,3.73,6.06,1892520,1648196,1652454,-0.005
1123,PTEN,Energy,Oil & Gas Drilling,S&P 600,116.07,80,75,94,85,9.85,4255513904.611264,379617653.0,0.045700002,-24.69,10129370,9979276,9444488,-0.127
1124,LARK,Financial Services,Banks - Regional,NASDAQ,116.07,80,74,42,70,31.87,173292428.3052063,6097552.0,0.0178,8.18,8900,16013,14696,0.106
1125,IIPR,Real Estate,REIT - Industrial,S&P 600,116.06,80,80,66,34,60.78,1668631563.5969925,28774470.0,0.1558,-1.0,310030,352486,379866,-0.038
1126,COKE,Consumer Defensive,Beverages - Non-Alcoholic,S&P 400,116.05,80,79,90,74,189.83,11532929212.791412,66564294.0,0.0643,-13.58,432210,556333,543742,0.083
1127,ESE,Technology,Scientific & Technical Instruments,S&P 600,116.03,80,87,89,82,311.51,7562303348.675171,25907172.0,0.032899998,-10.02,179660,262776,253570,0.335
1128,CHE,Healthcare,Medical Care Facilities,S&P 400,116.01,80,64,33,34,534.79,5660210735.251221,13274104.0,0.0558,-6.54,182840,190576,196632,0.016
1129,TGHL,Technology,Software - Infrastructure,NASDAQ,115.98,80,75,5,2,0.74,8804333.97465831,25299811.0,0.0172,-82.59,1294480,9657443,8981940,-0.652
1130,BURL,Consumer Cyclical,Apparel Retail,S&P 400,115.98,80,60,65,65,372.19,20382573723.808777,62942206.0,0.0669,5.78,677220,664850,838756,0.141
1131,HOPE,Financial Services,Banks - Regional,S&P 600,115.96,80,76,70,74,14.03,1603099587.9433336,127838883.0,0.048800003,7.76,1057390,1229643,1055776,0.184
1132,TCBK,Financial Services,Banks - Regional,NASDAQ,115.94,80,72,66,75,57.94,1633252081.0710144,32150632.0,0.04,8.95,438610,480186,338326,0.107
1133,TECX,Healthcare,Biotechnology,NASDAQ,115.93,80,87,84,61,28.51,588152529.0596046,18869186.0,0.2906,-20.87,157110,191026,177742,
1134,NBTB,Financial Services,Banks - Regional,S&P 600,115.91,80,70,54,61,52.93,2404953214.9774475,52010232.0,0.0399,12.81,480090,430450,380822,0.216
1135,CZNC,Financial Services,Banks - Regional,NASDAQ,115.89,80,68,60,76,25.43,377323291.5915108,17916586.0,0.015800001,5.43,74630,78970,67206,-0.138
1136,AEG,Financial Services,Insurance - Diversified,NYSE,115.87,80,66,63,60,9.44,12720338828.936932,1512525453.0,0.0023999999,7.15,5764490,5381650,5062436,-0.137
1137,DJCO,Technology,Software - Application,NASDAQ,115.85,80,76,61,86,594.6,712447593.9128418,1377722.0,0.1721,-11.88,47130,38916,38422,0.25
1138,WHD,Energy,Oil & Gas Equipment & Services,S&P 600,115.85,80,58,71,80,62.0,4029045740.754471,69418430.0,0.059699997,-3.58,748870,879146,799018,0.385
1139,DKL,Energy,Oil & Gas Refining & Marketing,NYSE,115.82,80,66,74,79,59.15,2625445970.3097687,53168204.0,0.029000001,5.83,67640,100003,83500,0.19
1140,PWR,Industrials,Engineering & Construction,S&P 500,115.8,80,88,93,79,657.98,106802306916.90771,150060149.0,0.0336,-16.58,1250050,1388016,1271466,0.263
1141,BUD,Consumer Defensive,Beverages - Brewers,NYSE,115.78,80,72,66,77,86.14,154845566468.57025,1935811609.0,0.0058999998,1.99,1970360,2167250,2049662,0.12
1142,ENS,Industrials,Electrical Equipment & Parts,S&P 400,115.77,80,92,92,90,184.75,8324956755.38736,36517773.0,0.051599998,-24.38,454440,563333,556676,0.013
1143,SON,Consumer Cyclical,Packaging & Containers,S&P 400,115.77,80,69,65,71,56.82,4812927810.692329,98868689.0,0.0975,-2.77,1365190,1296733,1273048,-0.019
1144,KTB,Consumer Cyclical,Apparel Manufacturing,S&P 600,115.76,80,71,62,30,83.84,3966897019.8843613,55272359.0,0.1016,-3.63,568810,798653,805376,0.45
1145,OFG,Financial Services,Banks - Regional,S&P 600,115.75,80,70,64,43,52.49,1925292351.9930687,42258391.0,0.040900003,12.04,365490,431173,373498,0.069
1146,BSTZ,Financial Services,Asset Management,NYSE,115.74,80,86,83,62,27.94,2089822133.776188,68744150.0,0.0016,-9.08,201070,260833,237746,
1147,ODFL,Industrials,Trucking,S&P 500,115.73,80,77,73,82,212.47,46824057648.112335,207968283.0,0.0681,-9.12,1825160,1815186,1878950,-0.029
1148,ADV,Communication Services,Advertising Agencies,NASDAQ,115.72,80,93,78,9,40.59,497509353.25561523,13295280.0,0.088599995,-24.31,104870,163746,146904,0.058
1149,VRA,Consumer Cyclical,Footwear & Accessories,NASDAQ,115.71,80,89,93,60,3.49,94130612.49275017,28438252.0,0.0533,-20.5,81760,172366,377270,-0.017
1150,RS,Basic Materials,Steel,S&P 400,115.71,80,74,74,73,401.02,19437745161.104187,51048522.0,0.0219,3.79,411690,401370,372730,0.155
1151,RJET,Industrials,Airlines,NASDAQ,115.67,80,75,57,41,21.77,952979854.4640274,46829476.0,0.0272,-18.46,130690,170486,184784,0.336
1152,EE,Energy,Oil & Gas Midstream,NYSE,115.66,80,80,73,84,38.22,1048738043.5373955,31837829.0,0.0889,-11.48,290990,335090,337232,0.376
1153,TSM,Technology,Semiconductors,NYSE,115.66,80,88,89,87,403.31,2170280114051.3003,5186474013.0,0.0058999998,-6.33,15898230,15668190,14327046,0.351
1154,FNWB,Financial Services,Banks - Regional,NASDAQ,115.64,80,79,52,65,11.81,90089231.48288059,9036031.0,0.0046,7.56,21680,23750,26390,0.664
1155,QTEX,Technology,Computer Hardware,NASDAQ,115.63,80,96,9,22,0.83,133788325.29077053,43579260.0,0.0218,-77.57,3043010,6230096,37295458,
1156,SLDB,Healthcare,Biotechnology,NASDAQ,115.62,80,92,78,93,8.49,722620123.0622177,98449606.0,0.106400006,-4.24,1070300,2226416,1819776,
1157,NWFL,Financial Services,Banks - Regional,NASDAQ,115.59,80,70,60,77,33.7,329225825.78463364,10890699.0,0.0085,4.56,41240,51400,39682,0.334
1158,BPRN,Financial Services,Banks - Regional,NASDAQ,115.56,80,68,63,65,41.17,245473852.23579407,6811150.0,0.0066000004,8.37,17980,19653,15848,0.038
1159,CEVA,Technology,Semiconductors,NASDAQ,115.54,80,95,85,24,32.89,1113817559.866993,27859369.0,0.057600003,-22.92,726210,759606,832852,0.115
1160,FULT,Financial Services,Banks - Regional,S&P 600,115.54,80,77,68,77,24.34,4145687582.4163475,191133586.0,0.0502,5.87,1996080,2153686,1991052,0.042
1161,CBUS,Healthcare,Biotechnology,NASDAQ,115.51,80,24,18,83,1.93,109917557.32773113,76331634.0,0.0817,-53.95,154620,409466,354816,-0.128
1162,CF,Basic Materials,Agricultural Inputs,S&P 500,115.5,80,59,86,59,125.77,17260248699.48033,153629274.0,0.0705,-11.4,2154040,2548830,2645410,0.194
1163,GCT,Technology,Software - Infrastructure,NASDAQ,115.49,80,42,93,95,42.21,1312284693.0960846,36411894.0,0.1402,-18.61,599490,649593,679594,0.322
1164,BIP,Utilities,Utilities - Diversified,NYSE,115.44,80,52,59,67,42.39,17958697398.429543,460007607.0,0.92,5.13,1477080,975696,877558,0.169
1165,IHT,Real Estate,REIT - Hotel & Motel,NYSE ARCA,115.43,80,81,18,14,1.69,14480364.001310349,9402834.0,0.0026,-60.14,18760,1001930,610208,0.076
1166,FLNT,Communication Services,Advertising Agencies,NASDAQ,115.42,80,89,64,90,3.48,60227737.671310425,29815712.0,0.0054,-16.14,11890,30470,106306,-0.055
1167,ADM,Consumer Defensive,Farm Products,S&P 500,115.4,80,74,82,78,80.61,38450491135.73416,481956527.0,0.0367,-3.0,3648190,3566660,3523590,0.016
1168,XPO,Industrials,Trucking,S&P 400,115.4,80,82,86,88,199.26,25155088429.25,117409981.0,0.062,-13.91,1156980,1264580,1473330,0.073
1169,BLX,Financial Services,Banks - Regional,NYSE,115.39,80,82,76,71,58.32,2078934820.400879,37230208.0,0.0089,0.92,159210,211413,200572,0.077
1170,NP,Financial Services,Insurance Brokers,NYSE,115.37,80,81,38,32,31.66,3882948685.6947556,138330913.0,0.0398,-4.74,984630,999253,897622,0.288
1171,GRAL,Healthcare,Diagnostics & Research,NASDAQ,115.37,80,67,38,96,71.14,3076261399.337105,42916593.0,0.1694,-40.14,496180,568710,685402,0.281
1172,WDS,Energy,Oil & Gas E&P,NYSE,115.3,80,58,87,67,23.38,41501015976.64757,1901100143.0,3.93,-7.19,847790,830353,921016,-0.111
1173,CDZIP,Utilities,Utilities - Regulated Water,NASDAQ,115.28,80,75,69,59,22.31,,,1.2,-0.8,4730,6003,7026,-0.448
1174,EXPD,Industrials,Integrated Freight & Logistics,S&P 500,115.22,80,74,58,84,167.01,20663691821.12715,130791133.0,0.0469,-0.11,1238060,1249773,1272728,0.044
1175,OABI,Healthcare,Biotechnology,NASDAQ,115.2,80,86,21,34,1.99,391425970.21283126,144972579.0,0.0373,-27.77,348860,549516,573500,2.473
1176,SSRM,Basic Materials,Gold,NASDAQ,115.18,80,80,92,92,26.68,6477871094.147188,207491071.0,0.031600002,-26.94,3127430,3493466,3111304,0.837
1177,NOK,Technology,Communication Equipment,NYSE,115.15,80,95,97,80,9.09,82844807949.46712,5582534171.0,0.0108,-45.34,110149430,96883780,108640160,0.024
1178,PAYO,Technology,Software - Infrastructure,S&P 600,115.14,80,77,21,30,7.16,1740848988.9460373,334778664.0,0.035099998,-6.59,4087610,4554490,7580176,0.061
1179,AIN,Consumer Cyclical,Textile Manufacturing,S&P 600,115.14,80,81,41,32,74.12,1834282625.695984,28354963.0,0.0219,1.53,199010,233496,237390,0.078
1180,MTA,Basic Materials,Other Precious Metals & Mining,NYSE ARCA,115.1,80,78,82,92,7.62,734460121.7959547,93442762.0,1.82,-17.62,341010,433913,485954,0.78
1181,QCRH,Financial Services,Banks - Regional,NASDAQ,115.09,80,74,69,79,103.1,1521377081.5419388,16509789.0,0.0242,7.4,144830,136120,120498,0.211
1182,TALO,Energy,Oil & Gas E&P,S&P 600,115.07,80,69,92,85,14.6,2448801762.795429,166925818.0,0.081599995,-14.37,2071120,2176010,2007606,-0.079
1183,FMX,Consumer Defensive,Beverages - Brewers,NYSE,115.03,79,73,75,69,126.76,40551314720.16907,340681468.0,2.67,0.84,534620,549370,555120,0.061
1184,CZWI,Financial Services,Banks - Regional,NASDAQ,115.03,79,84,79,75,21.83,196739881.12106323,9644112.0,0.0088,-3.49,51890,98500,88352,0.251
1185,RMT,Financial Services,Asset Management,NYSE,115.02,79,86,84,76,13.7,750838432.7999563,53478521.0,0.0011999999,-3.86,125280,147576,143402,-0.194
1186,MBWM,Financial Services,Banks - Regional,NASDAQ,114.99,79,73,61,75,59.73,915369160.2444649,17274375.0,0.016,7.1,159980,149003,143926,0.258
1187,EBMT,Financial Services,Banks - Regional,NASDAQ,114.92,79,78,75,88,23.64,176752918.1439991,7965431.0,0.0172,-1.29,47830,78586,75358,0.116
1188,NIC,Financial Services,Banks - Regional,S&P 600,114.91,79,74,63,75,169.55,2981004805.147934,21251905.0,0.028099999,3.95,221260,373083,311778,0.465
1189,WELL,Real Estate,REIT - Healthcare Facilities,S&P 500,114.82,79,77,78,68,235.63,144945415311.06796,705914450.0,0.03,6.29,2919170,3355990,3582010,0.383
1190,GOLD,Financial Services,Capital Markets,NYSE,114.81,79,84,85,96,42.08,1227175103.7714462,29004374.0,0.1378,-36.91,347340,402993,415160,2.44
1191,PRU,Financial Services,Insurance - Life,S&P 500,114.81,79,58,35,37,122.77,34954798556.48958,347325107.0,0.0401,2.51,1829590,1839270,1835674,0.153
1192,TDC,Technology,Software - Infrastructure,S&P 600,114.8,79,83,79,53,30.56,3204104928.2073975,94100000.0,0.233,-26.85,3018390,3571710,3004826,0.062
1193,SXI,Industrials,Specialty Industrial Machinery,S&P 600,114.79,79,90,75,74,287.25,3355954661.529785,12114922.0,0.0871,0.89,145420,207350,192552,0.081
1194,BELFA,Technology,Electronic Components,NASDAQ,114.77,79,95,96,95,209.72,3116299883.6412964,12722707.0,0.044899996,-24.07,167900,202993,185224,0.172
1195,CHRD,Energy,Oil & Gas E&P,S&P 400,114.7,79,48,90,59,138.25,7424172987.3116455,56299183.0,0.0705,-9.02,751610,866070,816370,0.385
1196,MTZ,Industrials,Engineering & Construction,S&P 400,114.68,79,91,96,88,324.44,29898250647.887207,79018556.0,0.0521,-26.5,1470750,1301310,1245794,0.345
1197,STK,Financial Services,Asset Management,NYSE,114.65,79,88,87,72,48.15,984795563.876049,17661327.0,0.4,-15.44,64860,60030,70686,
1198,FRT,Real Estate,REIT - Retail,S&P 500,114.63,79,71,75,60,124.09,10334739399.834984,86389197.0,0.0001,1.85,956880,850573,927700,0.103
1199,BVN,Basic Materials,Other Precious Metals & Mining,NYSE,114.62,79,64,86,96,31.86,9369575368.608719,253986867.0,0.0292,-28.68,840430,1094840,1124936,1.03
1200,CURB,Real Estate,REIT - Retail,S&P 600,114.62,79,76,72,61,30.58,3074361002.1478577,105539344.0,0.1841,3.73,1473450,1575303,1279282,0.499
1201,ACT,Financial Services,Insurance - Specialty,S&P 600,114.59,79,66,67,77,47.49,5833915261.358299,139600745.0,0.1463,6.0,471310,378300,345688,0.017
1202,BFST,Financial Services,Banks - Regional,NASDAQ,114.58,79,72,57,74,31.94,930668513.6812134,32677968.0,0.0196,5.34,248890,292676,256370,0.148
1203,PENN,Consumer Cyclical,Resorts & Casinos,S&P 600,114.54,79,80,68,18,20.52,2520270665.718561,133843371.0,0.1727,-0.44,2478790,3483940,3553274,0.064
1204,ITRN,Technology,Scientific & Technical Instruments,NASDAQ,114.54,79,87,88,74,55.46,1296588368.464203,19780142.0,0.0107,-16.53,176840,162236,160134,0.128
1205,ABBV,Healthcare,Drug Manufacturers - General,S&P 500,114.5,79,68,41,61,257.41,384666135144.8495,1766792821.0,0.014199999,5.15,5422350,8196986,7044706,0.124
1206,MAGN,Consumer Defensive,Household & Personal Products,NYSE,114.5,79,51,21,83,13.33,404771995.9259033,35600000.0,0.089899994,-14.11,330270,390833,369958,-0.034
1207,LWAY,Consumer Defensive,Packaged Foods,NASDAQ,114.48,79,71,68,27,30.97,364167389.8740845,15281888.0,0.16450001,-9.44,110510,208090,175720,0.367
1208,IEX,Industrials,Specialty Industrial Machinery,S&P 500,114.48,79,75,73,75,233.77,15604593548.685608,74015052.0,0.0318,4.43,844950,783670,730222,0.089
1209,HBCP,Financial Services,Banks - Regional,NASDAQ,114.47,79,74,70,73,70.86,504908562.2395706,7842631.0,0.0191,7.36,135150,117136,95124,0.055
1210,ORRF,Financial Services,Banks - Regional,NASDAQ,114.47,79,71,61,74,42.79,729523280.5461273,19647812.0,0.044699997,5.08,120240,166893,143980,0.054
1211,TFII,Industrials,Trucking,NYSE,114.43,79,85,85,80,134.29,12666510696.42102,82186031.0,2.38,-13.23,372510,365923,397348,-0.008
1212,PSO,Communication Services,Publishing,NYSE,114.41,79,69,63,23,17.41,8929534682.061607,602532717.0,0.0064999997,8.47,676080,795463,823840,0.032
1213,CLWT,Industrials,Pollution & Treatment Controls,NASDAQ,114.41,79,87,37,38,1.54,9041986.292043686,7411464.0,0.0067000003,-5.52,29110,2774296,2166008,-0.092
1214,HP,Energy,Oil & Gas Drilling,S&P 600,114.38,79,76,92,91,33.77,3812365971.2825317,99930952.0,0.1165,-19.25,935630,1200453,1165928,-0.082
1215,LNC,Financial Services,Insurance - Life,S&P 600,114.35,79,36,38,58,46.02,6747913897.19091,191213197.0,0.0002,-1.71,2358850,2041406,1878880,0.125
1216,AVBH,Financial Services,Banks - Regional,NASDAQ,114.35,79,79,69,77,32.86,337200047.7823162,10955167.0,0.0183,3.95,124380,178203,144700,0.292
1217,ERO,Basic Materials,Copper,NYSE,114.29,79,58,76,96,27.05,3174221401.610443,104277968.0,2.62,-32.03,851670,1030590,1130128,1.104
1218,ATRC,Healthcare,Medical Instruments & Supplies,NASDAQ,114.28,79,28,22,55,40.15,1401235643.7635994,50640970.0,0.0911,-7.02,1061190,1065076,950524,0.143
1219,CV,Healthcare,Medical Devices,NASDAQ,114.28,79,78,90,71,6.7,338753123.5627775,49963586.0,0.0376,-56.41,96730,187073,158754,0.003
1220,TS,Energy,Oil & Gas Equipment & Services,NYSE,114.24,79,76,90,76,56.73,30758675320.5988,504819878.0,0.0228,-11.81,989140,1063526,1240394,0.061
1221,JILL,Consumer Cyclical,Apparel Retail,NYSE,114.22,79,73,20,41,17.71,188862125.28725624,14906245.0,0.08930001,-5.8,89530,82503,76678,-0.031
1222,F,Consumer Cyclical,Auto Manufacturers,S&P 500,114.21,79,67,37,76,14.86,69493041595.25545,3984692630.0,0.0,-16.42,63108980,56073796,60931442,0.064
1223,HSTM,Healthcare,Health Information Services,S&P 600,114.2,79,70,26,19,28.2,729503224.2995224,29215188.0,0.056700002,-4.83,172540,199610,210576,0.105
1224,MCBS,Financial Services,Banks - Regional,NASDAQ,114.14,79,80,69,60,34.98,936036967.3468246,28660042.0,0.0174,3.89,93730,101840,93460,0.44
1225,ALLO,Healthcare,Biotechnology,NASDAQ,114.13,79,81,89,84,1.97,748985423.7032032,345154561.0,0.1356,-55.83,6742920,9567033,8618152,
1226,AHR,Real Estate,REIT - Healthcare Facilities,S&P 400,114.13,79,74,75,80,55.73,10106653511.946716,206722308.0,0.097799994,1.94,2277060,3922293,3468192,0.209
1227,REPL,Healthcare,Biotechnology,NASDAQ,114.07,79,90,4,27,5.41,717556024.4611502,82572619.0,0.5135,-59.14,6752920,4425653,5290468,
1228,JLHL,Industrials,Building Products & Equipment,NASDAQ,114.06,79,97,99,53,7.0,420178704.1528015,21448632.0,0.018099999,-78.69,584810,4374566,2640340,0.854
1229,NAAS,Consumer Cyclical,Specialty Retail,NASDAQ,114.06,79,37,10,12,3.14,38190876.56105876,12055201.0,0.0061000003,-46.23,20520,30636,20732,-0.353
1230,SHG,Financial Services,Banks - Regional,NYSE,114.01,79,65,82,87,72.35,29706832607.3382,470864361.0,0.0007,-1.43,233870,279360,274392,0.066
1231,USB,Financial Services,Banks - Regional,S&P 500,113.99,79,74,69,83,62.9,85143638644.62857,1552299745.0,0.0,2.79,8882340,9350113,8901044,0.046
1232,IBKR,Financial Services,Capital Markets,S&P 500,113.99,79,86,79,67,90.48,38743810468.88464,445484764.0,0.0299,2.31,4928460,4706123,5084108,0.168
1233,VLY,Financial Services,Banks - Regional,S&P 400,113.98,79,82,79,86,14.32,7630390705.72126,554131478.0,0.0929,1.42,7721810,7174700,6782564,0.238
1234,LXFR,Industrials,Specialty Industrial Machinery,NYSE,113.98,79,85,74,76,17.02,459919163.8138294,27006409.0,0.013300001,-1.16,597320,304070,240380,-0.135
1235,DY,Industrials,Engineering & Construction,S&P 400,113.97,79,88,89,91,417.15,15316042050.0,30031455.0,0.0806,-26.36,452460,623743,600690,0.561
1236,FCCO,Financial Services,Banks - Regional,NASDAQ,113.94,79,69,63,73,34.11,282502672.5809479,9397960.0,0.0068,8.25,63150,83683,97134,0.281
1237,IHG,Consumer Cyclical,Lodging,NYSE,113.92,79,80,67,67,162.59,22999480465.251343,148498707.0,0.004,1.89,241920,253783,256914,0.027
1238,CODI,Industrials,Conglomerates,NYSE,113.9,79,92,90,17,10.05,853928242.8002434,75235966.0,0.0671,-20.49,472480,736883,831032,-0.059
1239,ANNX,Healthcare,Biotechnology,NASDAQ,113.88,79,86,92,97,5.27,888026568.4601936,163842538.0,0.1584,-26.6,2526720,4610550,3865814,
1240,USCB,Financial Services,Banks - Regional,NASDAQ,113.87,79,65,50,66,21.84,338612722.72109985,18263900.0,0.0121,5.08,71220,67496,58688,0.147
1241,KRG,Real Estate,REIT - Retail,S&P 400,113.87,79,74,73,67,28.94,5568084843.912748,203066551.0,0.096599996,4.93,2440510,2711433,2354918,-0.092
1242,PBA,Energy,Oil & Gas Midstream,NYSE,113.84,78,64,74,65,50.43,27065798806.4003,581435000.0,7.6,0.66,787760,1115693,1265092,-0.077
1243,STRT,Consumer Cyclical,Auto Parts,NASDAQ,113.82,78,62,72,93,88.39,334136764.21419525,4178799.0,0.075500004,-4.44,86660,95953,91138,-0.045
1244,BMA,Financial Services,Banks - Regional,NYSE,113.81,78,83,22,51,94.23,5804385065.349426,63939030.0,0.0269,-11.23,245620,240730,281528,-0.033
1245,SGHC,Consumer Cyclical,Gambling,NYSE,113.79,78,72,83,26,14.08,6325555913.692043,508076788.0,0.1197,-2.09,2473040,2886240,3150516,0.184
1246,PBR,Energy,Oil & Gas Integrated,NYSE,113.77,78,60,92,75,19.12,120960759921.36682,6444366381.0,2.39,-14.03,14611300,14757013,15160148,0.004
1247,FITB,Financial Services,Banks - Regional,S&P 500,113.73,78,78,67,83,56.59,45252135868.224335,906311548.0,0.0542,2.07,6108710,7010330,7159066,0.33
1248,ZIP,Communication Services,Internet Content & Information,NYSE,113.72,78,83,30,6,3.98,264133062.77745962,81522550.0,0.0678,-39.24,575440,729110,673426,-0.023
1249,SYBT,Financial Services,Banks - Regional,NASDAQ,113.71,78,63,51,39,86.2,2117419524.068756,29515188.0,0.0502,2.83,223640,236466,209488,0.094
1250,IMO,Energy,Oil & Gas Integrated,NYSE ARCA,113.7,78,62,87,86,128.8,59032092286.65994,497237969.0,0.17899999,-7.63,473610,522743,573908,-0.004
1251,SNDX,Healthcare,Biotechnology,NASDAQ,113.7,78,78,82,90,19.48,1735870442.450817,88610027.0,0.2493,-23.88,1203830,1962036,1869400,2.236
1252,BCH,Financial Services,Banks - Regional,NYSE,113.69,78,67,61,89,42.25,19228601252.280167,505085406.0,0.0038,-9.66,256490,289663,321000,-0.079
1253,GRND,Technology,Software - Application,NYSE,113.66,78,60,39,13,16.95,2221574712.5,177725977.0,0.13430001,-32.55,1622530,1718750,1734044,0.383
1254,ACCO,Industrials,Business Equipment & Supplies,NYSE,113.64,78,80,65,58,4.23,365340867.75935555,92257794.0,0.0629,-1.63,631990,828466,837138,0.083
1255,UBSI,Financial Services,Banks - Regional,S&P 400,113.63,78,72,68,77,48.36,5981836770.873604,137798590.0,0.0404,5.29,1140610,1183910,1026094,0.106
1256,HPQ,Technology,Computer Hardware,S&P 500,113.63,78,43,33,18,26.86,24728694374.87053,914522690.0,0.1526,-9.1,15295070,16030516,19385118,0.09
1257,MEOH,Basic Materials,Chemicals,NASDAQ,113.63,78,43,91,79,55.2,4572227825.251503,77364263.0,0.74,-17.3,1089680,1060510,952906,0.086
1258,HBNC,Financial Services,Banks - Regional,NASDAQ,113.62,78,76,67,70,20.58,952167083.0384979,51329764.0,0.0286,7.92,804410,852840,676096,0.085
1259,HWBK,Financial Services,Banks - Regional,NASDAQ,113.61,78,75,61,71,38.65,253035694.17898178,6896585.0,0.0087,3.62,16930,18300,13716,0.054
1260,WSM,Consumer Cyclical,Specialty Retail,S&P 500,113.58,78,76,29,63,233.32,23969678463.671936,117746611.0,0.056399997,5.1,853780,1103843,1176856,0.044
1261,SVM,Basic Materials,Silver,NYSE ARCA,113.58,78,82,95,97,9.64,2802636135.326414,221202535.0,0.1266,-38.87,2169750,3156496,3430336,0.962
1262,PMTS,Financial Services,Credit Services,NASDAQ,113.56,78,77,56,17,20.58,194741059.88032532,11475608.0,0.0364,-19.29,31820,40740,43954,0.198
1263,DBX,Technology,Software - Infrastructure,S&P 400,113.56,78,57,33,25,32.11,6271121249.3263035,233300649.0,0.2726,-0.9,3914190,3954706,3855746,0.008
1264,ITIC,Financial Services,Insurance - Specialty,NASDAQ,113.54,78,72,35,67,290.01,443207061.0,1887996.0,0.033,0.36,28020,49753,45658,0.132
1265,PAY,Technology,Software - Infrastructure,NYSE,113.53,78,26,50,17,34.87,2954791497.3391056,125789337.0,0.0471,-12.87,980700,1337943,1155552,0.302
1266,NMR,Financial Services,Capital Markets,NYSE,113.52,78,67,61,81,9.56,23702223328.16753,2922592396.0,0.0007,-0.21,993690,1182333,1311740,0.275
1267,MS,Financial Services,Capital Markets,S&P 500,113.51,78,80,77,76,210.06,328075241936.0,1577284817.0,0.0,0.95,5893910,6296993,6175094,0.163
1268,SIBN,Healthcare,Medical Devices,NASDAQ,113.42,78,58,24,35,17.99,625324907.2179089,44349283.0,0.15010001,-17.82,472730,608746,555950,0.112
1269,MGNI,Communication Services,Advertising Agencies,NASDAQ,113.42,78,78,36,16,19.39,2068741353.765873,144364366.0,0.0964,-27.24,2235780,2825100,2819030,0.055
1270,CCBG,Financial Services,Banks - Regional,NASDAQ,113.41,78,70,70,65,51.58,780508296.3221283,17101409.0,0.022,5.74,106370,112753,100868,0.022
1271,ADI,Technology,Semiconductors,S&P 500,113.39,78,85,90,89,366.67,201580974476.94336,487087040.0,0.0217,-15.85,4408240,4987940,5112806,0.372
1272,IDYA,Healthcare,Biotechnology,NASDAQ,113.36,78,76,50,82,36.4,2589261252.070694,87860920.0,0.15720001,-7.33,806110,1214786,1179700,
1273,CPA,Industrials,Airlines,NYSE,113.31,78,81,34,86,142.23,5829834814.497986,40799460.0,0.0551,-9.07,317660,310123,331070,0.17
1274,SKT,Real Estate,REIT - Retail,S&P 600,113.28,78,69,72,50,41.0,4143571910.5126724,114875851.0,0.0559,8.04,898710,1039606,1038260,0.117
1275,PFS,Financial Services,Banks - Regional,S&P 600,113.26,78,73,70,83,24.86,2891660784.125017,130313687.0,0.0635,3.67,1156400,1142123,1042346,0.092
1276,NYAX,Technology,Software - Infrastructure,NASDAQ,113.25,78,78,88,80,66.63,2833636626.334778,37378139.0,0.0029,-13.31,6620,12496,13856,0.317
1277,FUNC,Financial Services,Banks - Regional,NASDAQ,113.25,78,78,59,72,43.84,254903196.0821457,6446717.0,0.0074,4.51,34230,32010,26850,0.112
1278,BCS,Financial Services,Banks - Diversified,NYSE,113.25,78,77,59,87,27.7,83112303247.25545,3388190009.0,0.64,-0.0,6666820,5404053,5256414,0.039
1279,ZTG,Industrials,Consulting Services,NASDAQ,113.24,78,18,25,17,3.39,33537101.74643922,11808839.0,0.0088,-24.83,186190,155740,485476,-0.27
1280,LB,Energy,Oil & Gas Equipment & Services,NYSE,113.19,78,71,62,27,76.5,1953757099.7158585,27839229.0,0.122700006,-10.63,233150,347590,351578,0.161
1281,SRRK,Healthcare,Biotechnology,NASDAQ,113.17,78,76,76,87,48.99,5907536971.978233,119828338.0,0.16379999,-6.12,1139160,1611313,1421248,
1282,SOLV,Healthcare,Medical Instruments & Supplies,S&P 500,113.15,78,58,33,62,86.82,12979444135.91272,173174712.0,0.053600002,-1.56,1116320,1239760,1644616,-0.03
1283,MTB,Financial Services,Banks - Regional,S&P 500,113.14,78,71,62,80,247.0,31648242005.98297,146445060.0,0.0432,3.35,1178530,1224610,1156488,0.057
1284,TECH,Healthcare,Biotechnology,S&P 500,113.14,78,79,32,67,72.03,8091473099.460991,156568751.0,0.106000006,-0.18,4104900,6937796,5285140,-0.015
1285,ADAM,Real Estate,REIT - Mortgage,S&P 600,113.08,78,84,81,80,8.94,826722176.4603539,89861108.0,0.0349,-4.08,838810,955916,811796,0.107
1286,NEWT,Financial Services,Banks - Regional,NASDAQ,113.07,78,83,67,79,14.63,400561826.7826414,28858921.0,0.0945,-1.88,189120,264013,220676,0.107
1287,DLTR,Consumer Defensive,Discount Stores,S&P 500,113.07,78,63,28,78,128.57,22376809495.89624,192174588.0,0.0834,-9.71,2450990,3481916,3656666,0.072
1288,AIRJ,Industrials,Building Products & Equipment,NASDAQ,113.06,78,87,19,11,4.39,307442586.92783356,68472740.0,0.0685,-34.96,1848920,1498613,1731576,
1289,FDSB,Financial Services,Banks - Regional,NASDAQ,113.03,78,65,62,68,17.6,79551972.35245514,5264856.0,0.0019,12.56,7480,6090,10810,0.181
1290,ATRA,Healthcare,Biotechnology,NASDAQ,113.03,78,86,12,8,8.17,94696909.78226471,9010172.0,0.0864,-57.33,62340,79746,90600,-0.995
1291,DSGR,Industrials,Industrial Distribution,NASDAQ,113.0,78,33,36,54,34.56,1247269455.0,46195165.0,0.048800003,2.25,323390,225740,161108,0.038
1292,OSPN,Technology,Software - Infrastructure,NASDAQ,112.99,78,66,38,21,15.41,535331938.44361305,37072850.0,0.0813,-15.0,389890,411166,463270,0.041
1293,MG,Industrials,Security & Protection Services,NYSE,112.97,78,88,93,85,15.17,559337249.5525799,31816681.0,0.0419,-22.44,147290,221666,194942,0.046
1294,OBE,Energy,Oil & Gas E&P,NYSE ARCA,112.96,78,63,97,85,10.15,731205596.8633423,66776768.0,4.81,-30.43,1126770,851036,808848,-0.261
1295,AIT,Industrials,Industrial Distribution,S&P 400,112.95,78,77,72,67,339.85,11228678060.976746,36959541.0,0.0239,7.17,291180,305310,276574,0.073
1296,MBBC,Financial Services,Banks - Regional,NASDAQ,112.95,78,79,81,77,14.95,40838325.09024811,2950746.0,0.0023,-5.08,890,4976,12252,0.343
1297,RTX,Industrials,Aerospace & Defense,S&P 500,112.93,78,59,50,82,214.38,241945149606.182,1346683428.0,0.0107,-0.06,6278810,5306226,5378594,0.087
1298,PCAR,Industrials,Farm & Heavy Construction Machinery,S&P 500,112.91,78,63,62,82,133.76,58086212540.2183,526286229.0,0.0286,1.43,4265750,3641496,3399478,-0.089
1299,IRMD,Healthcare,Medical Devices,NASDAQ,112.89,78,71,67,86,95.21,1158909999.9128723,12783035.0,0.0798,-11.76,100080,126896,138766,0.126
1300,DRUG,Healthcare,Biotechnology,NASDAQ,112.88,78,76,92,95,74.63,864148209.2755966,9812061.0,0.1001,-39.69,210890,266696,342776,
1301,KFY,Industrials,Staffing & Employment Services,S&P 600,112.84,77,44,47,43,82.11,3631058522.4415054,51887087.0,0.0511,4.6,388780,648120,575584,0.073
1302,EIG,Financial Services,Insurance - Specialty,S&P 600,112.82,77,71,38,60,51.59,793567063.5,18242921.0,0.1415,5.65,205250,274370,254846,0.025
1303,UMBF,Financial Services,Banks - Regional,S&P 400,112.8,77,77,69,75,145.51,9972967288.656387,75978727.0,0.0559,6.91,702530,768130,702636,0.49
1304,CHCT,Real Estate,REIT - Healthcare Facilities,NYSE,112.79,77,72,65,71,18.56,492006255.8413067,28571793.0,0.0242,1.87,209480,214330,189704,0.048
1305,NVST,Healthcare,Medical Instruments & Supplies,S&P 400,112.78,77,70,78,78,27.78,3832242462.4984474,162727923.0,0.078600004,-8.68,2481810,2699026,2891648,0.144
1306,AERT,Industrials,Consulting Services,NASDAQ,112.75,77,92,40,14,6.42,37657287.0,50209716.0,0.0064999997,322.92,20230,25686,43372,-0.008
1307,TPR,Consumer Cyclical,Luxury Goods,S&P 500,112.74,77,71,82,91,152.58,29389425454.941376,202044714.0,0.09060001,-5.8,1983540,2602780,2560678,0.212
1308,RVTY,Healthcare,Diagnostics & Research,S&P 500,112.74,77,73,29,51,113.54,11663574607.603409,111559773.0,0.1279,-4.02,1595560,1514276,1500028,0.07
1309,BSAC,Financial Services,Banks - Regional,NYSE,112.7,77,65,64,88,35.07,15042712215.582985,471115317.0,0.0047,-7.03,294220,340206,379580,-0.026
1310,SFST,Financial Services,Banks - Regional,NASDAQ,112.69,77,78,76,89,61.15,546224886.378231,9455165.0,0.014099999,-1.37,127160,146783,141188,0.262
1311,FDBC,Financial Services,Banks - Regional,NASDAQ,112.67,77,72,55,65,52.46,271159952.485199,5805180.0,0.0049,4.92,7280,11010,10920,0.108
1312,MYRG,Industrials,Engineering & Construction,S&P 600,112.67,77,95,96,85,330.84,7241465964.144775,15571036.0,0.0547,-31.74,361240,337050,305582,0.2
1313,PNC,Financial Services,Banks - Regional,S&P 500,112.67,77,75,66,82,248.71,88793969467.0752,401564632.0,0.0172,1.96,1759130,2226956,2140640,0.138
1314,GE,Industrials,Aerospace & Defense,S&P 500,112.63,77,79,48,74,355.04,338274042470.6941,1044829603.0,0.0137,1.88,3877980,4654923,4729722,0.247
1315,CTVA,Basic Materials,Agricultural Inputs,S&P 500,112.61,77,61,73,64,89.34,52355228783.569336,668820000.0,0.0293,4.33,3647100,4087420,3921934,0.11
1316,ROK,Industrials,Specialty Industrial Machinery,S&P 500,112.6,77,81,68,80,471.01,50191228968.515076,111273953.0,0.0337,1.62,698630,854480,775118,0.119
1317,SJM,Consumer Defensive,Packaged Foods,S&P 500,112.6,77,67,31,51,122.21,11006106195.33516,106648319.0,0.0548,2.36,1570080,1561223,1646774,0.07
1318,CBNK,Financial Services,Banks - Regional,NASDAQ,112.59,77,68,45,56,37.03,519914716.84268,16288055.0,0.0551,1.73,58880,69863,69808,0.057
1319,UTHR,Healthcare,Drug Manufacturers - Specialty & Generic,S&P 400,112.59,77,74,89,82,525.82,23635190179.949158,42446733.0,0.0635,-13.71,414330,501273,493534,-0.016
1320,BCAL,Financial Services,Banks - Regional,NASDAQ,112.57,77,72,63,66,21.16,610488344.7961121,32164824.0,0.025899999,3.37,263870,273600,230398,-0.082
1321,CORZ,Technology,Software - Infrastructure,NASDAQ,112.57,77,87,86,52,21.81,8535220211.463615,317885292.0,0.2282,-22.63,15077960,12908423,12837714,0.449
1322,WBS,Financial Services,Banks - Regional,S&P 400,112.55,77,72,74,82,77.3,11782567132.346252,162026498.0,0.0,4.46,4082710,3800176,3820190,0.087
1323,KO,Consumer Defensive,Beverages - Non-Alcoholic,S&P 500,112.54,77,64,62,68,88.49,339939145037.27405,4302482418.0,0.0113,7.05,19250520,19852360,18595670,0.121
1324,RIO,Basic Materials,Other Industrial Metals & Mining,NYSE,112.52,77,75,85,88,97.18,173016904284.44482,1626251577.0,0.011,-13.68,2863340,2891056,2786652,0.146
1325,TXRH,Consumer Cyclical,Restaurants,S&P 400,112.5,77,63,28,57,208.22,11872082740.354614,65729615.0,0.0563,5.7,840140,1025866,1072406,0.128
1326,VOD,Communication Services,Telecom Services,NASDAQ,112.48,77,47,82,89,16.14,34447426778.87857,2302635474.0,0.0044,-2.83,3939190,4422933,3904288,
1327,HAFN,Industrials,Marine Shipping,NYSE,112.47,77,66,92,66,7.69,3823327030.9128594,499781305.0,0.040999997,-19.35,1073890,1574950,1785842,0.225
1328,INBK,Financial Services,Banks - Regional,NASDAQ,112.46,77,79,71,39,26.29,210594552.58994293,8716662.0,0.0256,-7.79,36640,37896,38684,0.137
1329,TJGC,Communication Services,Advertising Agencies,NASDAQ,112.45,77,87,82,9,5.13,22119000.577926636,10100000.0,0.0139,-96.89,575880,246276,264398,0.084
1330,STOK,Healthcare,Biotechnology,NASDAQ,112.42,77,86,94,97,30.04,1925125946.5465736,62281655.0,0.2157,-25.31,567540,916236,766302,-0.961
1331,PALI,Healthcare,Biotechnology,NASDAQ,112.4,77,90,91,82,1.96,368412880.51249504,173779670.0,0.1551,-31.47,2436600,4029906,3535120,
1332,MAR,Consumer Cyclical,Lodging,S&P 500,112.39,77,73,78,71,375.48,99041448408.22763,263688623.0,0.0208,-3.32,1358760,1541696,1512072,0.126
1333,AMGN,Healthcare,Drug Manufacturers - General,S&P 500,112.36,77,64,57,76,387.64,181768354212.22504,539708274.0,0.0228,-0.93,2696310,2641893,2707792,0.058
1334,CFR,Financial Services,Banks - Regional,S&P 400,112.35,77,69,60,67,163.49,8510256213.257935,62797048.0,0.00029999999,9.75,729060,635183,606538,0.078
1335,UFPT,Healthcare,Medical Devices,S&P 600,112.34,77,76,26,60,255.03,1702900321.122528,7736939.0,0.2138,-7.24,180170,211470,205386,0.041
1336,REX,Basic Materials,Chemicals,S&P 600,112.29,77,81,93,85,43.73,1540167638.395134,32937718.0,0.025899999,-18.05,156230,204543,201932,0.036
1337,PANL,Industrials,Marine Shipping,NASDAQ,112.28,77,58,83,93,7.54,495190978.33921576,65414923.0,0.0292,-19.7,327910,477060,527338,0.389
1338,TEO,Communication Services,Telecom Services,NYSE,112.27,77,77,61,49,13.9,6336150141.851336,430737602.0,0.0050999997,-8.85,213740,417953,521406,0.305
1339,CENT,Consumer Defensive,Packaged Foods,S&P 600,112.26,77,77,51,58,43.28,2407723547.2773705,62570779.0,0.0637,4.21,71960,89993,82496,0.087
1340,UNP,Industrials,Railroads,S&P 500,112.25,77,67,71,66,289.46,155932846959.2909,593713213.0,0.0542,3.49,3858210,3110043,3076362,0.032
1341,HWC,Financial Services,Banks - Regional,S&P 400,112.24,77,72,61,80,76.29,5528481003.067017,81157968.0,0.0958,1.14,1068460,1032626,964990,-0.211
1342,COOK,Consumer Cyclical,"Furnishings, Fixtures & Appliances",NYSE,112.24,77,92,14,20,61.43,193502488.128479,2781807.0,0.0625,-44.41,82540,75503,64074,-0.344
1343,ZION,Financial Services,Banks - Regional,S&P 400,112.24,77,75,70,78,69.46,9185884083.87215,147091817.0,0.038399998,4.96,1942800,1814826,1695072,0.102
1344,GS,Financial Services,Capital Markets,S&P 500,112.16,77,76,73,81,1024.86,302547827966.3511,295007421.0,0.0232,-0.23,2061360,2183060,2252656,0.145
1345,LH,Healthcare,Diagnostics & Research,S&P 500,112.16,77,52,37,62,315.53,21324919799.804688,82000000.0,0.041199997,7.43,986420,769946,688632,0.058
1346,OHI,Real Estate,REIT - Healthcare Facilities,S&P 400,112.15,77,67,72,69,50.4,13925221020.149231,297802000.0,0.043,2.17,2133040,2001333,2221730,0.167
1347,MUR,Energy,Oil & Gas E&P,S&P 400,112.12,77,46,91,79,38.21,5187820958.579315,143349576.0,0.0922,-11.84,1376270,1806626,1766222,0.089
1348,VTR,Real Estate,REIT - Healthcare Facilities,S&P 500,112.1,77,72,76,70,91.92,41042447125.45665,486169723.0,0.052600004,0.94,3621350,4025726,3918792,0.219
1349,ON,Technology,Semiconductors,S&P 500,112.05,77,92,95,83,83.74,46897441966.29986,388803191.0,0.1241,-35.15,8804630,12380973,12082118,0.047
1350,TRP,Energy,Oil & Gas Midstream,NYSE,112.04,77,68,78,73,68.09,69402513472.81824,1041766896.0,6.27,-4.73,2162320,2639470,2477346,0.066
1351,MICC,Consumer Defensive,Packaged Foods,NYSE,112.03,77,71,34,76,18.74,9927962248.957638,612837147.0,7.43,-5.97,1017230,1289003,1282696,-0.041
1352,BHV,Financial Services,Asset Management,NYSE,112.03,77,74,63,46,12.81,18440824.2246809,1588357.0,0.0032,1.43,4270,5773,5742,-0.02
1353,HURC,Industrials,Specialty Industrial Machinery,NASDAQ,112.0,77,82,36,36,21.2,110685615.67182541,6446454.0,0.0191,-1.21,26810,43466,39786,-0.076
1354,FF,Basic Materials,Specialty Chemicals,NYSE,111.99,77,74,83,32,4.97,181594913.12359,43863507.0,0.025999999,-2.93,318190,301153,287146,0.822
1355,BNL,Real Estate,REIT - Diversified,S&P 600,111.98,77,71,68,71,21.5,3879437319.8662376,191766555.0,0.0652,3.59,1690610,2074963,1888914,0.117
1356,CENX,Basic Materials,Aluminum,S&P 600,111.96,77,75,96,97,44.88,6529318001.407928,98974047.0,0.1192,-34.77,1709580,2224566,2135638,0.024
1357,SGC,Consumer Cyclical,Apparel Manufacturing,NASDAQ,111.93,77,79,74,35,12.25,199945826.3936491,15632981.0,0.0433,-11.1,37840,53463,48030,0.028
1358,AXTA,Basic Materials,Specialty Chemicals,S&P 400,111.93,77,66,26,62,36.03,6585357589.330017,214018768.0,0.0542,0.87,1797920,1858640,2404878,-0.006
1359,PRI,Financial Services,Insurance - Life,S&P 400,111.91,77,60,52,50,323.32,8418746677.826416,31184008.0,0.044,12.25,157460,198363,195172,0.081
1360,VNO,Real Estate,REIT - Office,S&P 400,111.88,76,77,26,24,40.15,6348299265.0,188097756.0,0.0002,-7.42,1862810,1726143,1748042,-0.022
1361,AROC,Energy,Oil & Gas Equipment & Services,S&P 600,111.84,76,83,88,76,35.42,5869511144.21077,175261596.0,0.0542,-11.71,1580190,2105890,1938358,0.077
1362,MEDP,Healthcare,Diagnostics & Research,S&P 400,111.83,76,68,29,79,578.3,12769322130.43518,28559689.0,0.08270001,-8.05,504750,392576,345338,0.265
1363,CRI,Consumer Cyclical,Apparel Retail,S&P 600,111.82,76,78,55,69,37.79,1422046020.6528816,36850117.0,0.1038,-14.96,874630,938910,891732,0.081
1364,CBT,Basic Materials,Specialty Chemicals,S&P 400,111.82,76,68,57,60,88.23,4517390311.945244,51621417.0,0.08189999,-1.37,368630,559193,539878,-0.034
1365,EOG,Energy,Oil & Gas E&P,S&P 500,111.81,76,54,80,48,145.51,71041995932.12524,532628530.0,0.0376,-4.19,2826630,3689446,3552142,0.156
1366,FRBA,Financial Services,Banks - Regional,NASDAQ,111.8,76,62,33,64,18.42,392006426.9651613,25064349.0,0.0078,1.71,103310,112410,96250,-0.052
1367,PDM,Real Estate,REIT - Office,NYSE,111.76,76,77,54,63,9.96,1038907967.3900614,125019003.0,0.044099998,8.38,661870,1029753,1080690,0.004
1368,ABEV,Consumer Defensive,Beverages - Brewers,NYSE,111.75,76,71,69,80,3.12,49988348462.45113,15572694040.0,5.21,-9.57,22650970,24173800,25834564,-0.001
1369,URI,Industrials,Rental & Leasing Services,S&P 500,111.69,76,84,71,60,1068.63,62375296337.57013,62646557.0,0.0255,4.62,619910,509776,509040,0.072
1370,VLGEA,Consumer Defensive,Grocery Stores,NASDAQ,111.69,76,58,76,64,43.98,685376559.1541672,14751971.0,0.0346,-8.77,44330,53720,58734,0.069
1371,TTE,Energy,Oil & Gas Integrated,NYSE,111.68,76,55,87,77,87.03,194102017053.51038,2222881559.0,0.0019,-7.58,2018670,1867833,1639356,0.034
1372,EBAY,Consumer Cyclical,Internet Retail,S&P 500,111.62,76,77,81,64,113.52,48515878509.521484,444000000.0,0.0326,-4.85,3850610,3443460,3861708,0.195
1373,WTS,Industrials,Specialty Industrial Machinery,S&P 400,111.61,76,83,61,78,344.12,10317117559.043274,33390890.0,0.0523,-0.3,189890,411346,385178,0.214
1374,CBAN,Financial Services,Banks - Regional,NYSE,111.6,76,62,66,81,21.75,418961430.0564537,21159669.0,0.0211,0.65,259720,364220,319204,0.339
1375,AUB,Financial Services,Banks - Regional,S&P 600,111.55,76,75,64,80,42.28,5384011427.77597,143115672.0,0.0879,0.24,1248810,1359080,1196216,0.862
1376,HTO,Utilities,Utilities - Regulated Water,S&P 600,111.54,76,65,68,59,61.97,2419621560.6217804,41840247.0,0.1519,0.16,507080,533490,493764,0.094
1377,OPRA,Communication Services,Internet Content & Information,NASDAQ,111.53,76,74,80,20,18.67,1681804781.7511425,89552967.0,0.0668,-11.35,338740,349786,342340,0.232
1378,NECB,Financial Services,Banks - Regional,NASDAQ,111.48,76,75,61,70,26.55,335336714.3536434,13834023.0,0.0054,3.51,43500,52220,46708,-0.013
1379,EPR,Real Estate,REIT - Specialty,S&P 400,111.47,76,61,61,68,64.01,4364762286.929283,76507666.0,0.1169,3.11,658170,655800,648872,0.036
1380,ASND,Healthcare,Biotechnology,NASDAQ,111.46,76,79,68,78,251.07,13845459810.207367,61779750.0,0.0334,0.13,477000,774140,699168,1.443
1381,HTB,Financial Services,Banks - Regional,NYSE,111.39,76,73,68,69,51.16,780944635.0143433,16805350.0,0.0209,7.39,121240,148246,121514,0.093
1382,NTNX,Technology,Software - Infrastructure,S&P 400,111.38,76,40,23,10,59.26,14024996411.821243,269348886.0,0.0856,-28.1,2540120,3578146,4057654,0.1
1383,RGA,Financial Services,Insurance - Reinsurance,S&P 400,111.37,76,56,64,55,238.06,13151112700.494553,65513163.0,0.0154,3.86,349530,382080,370734,0.235
1384,CCEP,Consumer Defensive,Beverages - Non-Alcoholic,NASDAQ,111.35,76,67,46,63,111.71,40155451654.808655,442777049.0,0.050300002,0.73,2067670,1997153,2002916,0.002
1385,LSBK,Financial Services,Banks - Regional,NASDAQ,111.35,76,76,75,77,17.13,122345015.69935799,7862790.0,0.002,5.22,11220,9010,9914,0.217
1386,IESC,Industrials,Engineering & Construction,S&P 400,111.26,76,93,93,83,571.54,13515368260.026978,19923887.0,0.113900006,-19.93,216720,307403,263102,0.168
1387,TDACU,Financial Services,Shell Companies,NASDAQ,111.25,76,56,44,44,12.57,,,,-27.3,104,133,1031,
1388,XOM,Energy,Oil & Gas Integrated,S&P 500,111.24,76,54,80,84,156.97,602095001983.2452,4144947162.0,0.011,-11.02,14298030,16293003,16468688,0.026
1389,NWG,Financial Services,Banks - Regional,NYSE,111.23,76,71,44,82,18.53,63868709851.04298,3981839539.0,0.0002,-4.29,4146070,4910266,4661230,0.075
1390,CVEO,Consumer Cyclical,Lodging,NYSE,111.23,76,83,83,73,32.01,373713575.09814453,10943296.0,0.045,-12.3,147370,204073,152408,0.199
1391,TRN,Industrials,Railroads,S&P 600,111.19,76,67,81,63,34.32,2579158408.135807,79505503.0,0.080699995,-8.14,740270,781096,793102,-0.16
1392,APEI,Consumer Defensive,Education & Training Services,NASDAQ,111.16,76,81,93,92,49.63,907452373.7519531,18343488.0,0.13229999,-19.42,322940,340440,282338,0.062
1393,CNA,Financial Services,Insurance - Property & Casualty,NYSE,111.14,76,61,41,61,53.26,11378552107.018375,270531425.0,0.1344,5.01,481120,588790,541246,0.1
1394,WES,Energy,Oil & Gas Midstream,NYSE,111.14,76,63,69,64,47.52,16881405582.326153,393781339.0,0.032899998,-1.02,825560,884396,963434,0.225
1395,BOW,Financial Services,Insurance - Property & Casualty,NYSE,111.14,76,67,22,24,30.45,874148519.2587757,32838035.0,0.043899998,-19.83,133380,186390,181630,0.269
1396,DTIL,Healthcare,Biotechnology,NASDAQ,111.14,76,89,89,15,7.0,179841656.17647314,25802247.0,0.0602,-20.63,267590,542213,469372,372.724
1397,IVZ,Financial Services,Asset Management,S&P 500,111.13,76,73,77,84,29.42,12616221655.489815,443296629.0,0.0585,-0.64,5410780,5512660,5274488,0.141
1398,IVT,Real Estate,REIT - Retail,S&P 600,111.13,76,72,66,63,35.2,2582015025.654476,77935857.0,0.0446,5.17,529470,1152860,1079592,0.119
1399,SLP,Healthcare,Health Information Services,NASDAQ,111.13,76,75,28,17,18.3,345715809.3524475,20205482.0,0.096999995,-42.22,581780,604540,485926,0.083
1400,KOS,Energy,Oil & Gas E&P,NYSE,111.07,76,70,96,21,2.56,1660929938.9145312,593189274.0,0.0478,-23.35,13705440,17415413,14925236,0.277
1401,PMN,Healthcare,Biotechnology,NASDAQ,111.04,76,76,17,42,14.92,96940765.09299374,8967693.0,0.0187,-62.47,307750,147180,96548,
1402,DD,Basic Materials,Specialty Chemicals,S&P 500,111.0,76,73,81,86,138.84,19612917399.15628,405058202.0,0.033,163.65,1277450,1442008,1316483,0.043
1403,BH,Consumer Cyclical,Restaurants,NYSE,110.97,76,78,27,85,399.02,911822564.0863037,3139020.0,2.52,-17.49,222400,111373,95712,0.026
1404,LGN,Industrials,Engineering & Construction,NASDAQ,110.94,76,95,97,82,59.81,13754076422.689713,164247394.0,0.059299998,-44.23,1770110,1791443,1523462,1.051
1405,STNG,Energy,Oil & Gas Midstream,NYSE,110.92,76,75,89,81,75.53,3708255064.8571014,49768554.0,0.0368,-13.57,609900,861896,822884,0.462
1406,HMN,Financial Services,Insurance - Property & Casualty,S&P 600,110.91,76,71,57,52,52.01,1846630977.0749664,40381172.0,0.0305,7.61,245750,289976,281402,0.031
1407,MRBK,Financial Services,Banks - Regional,NASDAQ,110.9,76,73,68,87,20.04,213787192.99706268,11890278.0,0.015700001,-7.52,105910,149363,129022,0.039
1408,PKG,Consumer Cyclical,Packaging & Containers,S&P 500,110.83,76,64,60,72,248.63,19504585141.05899,89098647.0,0.0525,-0.35,963310,721793,713824,0.106
1409,NVGS,Energy,Oil & Gas Midstream,NYSE,110.83,76,60,84,63,22.12,1339364821.3900566,61721879.0,0.04,-9.2,425340,545393,476572,-0.071
1410,HSIC,Healthcare,Medical Distribution,S&P 500,110.83,76,66,54,57,85.17,8723745459.647812,113916757.0,0.090500005,-4.61,1330210,1352563,1366406,0.063
1411,ECBK,Financial Services,Banks - Regional,NASDAQ,110.82,76,72,58,64,20.29,159847494.20362473,8753970.0,0.020299999,1.22,8810,14286,12532,0.444
1412,TRNO,Real Estate,REIT - Industrial,S&P 600,110.81,76,62,65,65,72.33,6944575344.439087,105717386.0,0.1009,7.08,744080,1065460,978582,0.127
1413,BAC,Financial Services,Banks - Diversified,S&P 500,110.79,76,66,59,70,61.73,366184066763.062,7096590651.0,0.0,7.26,34559210,35857346,36978532,0.081
1414,CPBI,Financial Services,Banks - Regional,NASDAQ,110.78,76,64,60,66,19.91,77292583.37080956,4205255.0,0.0023999999,6.19,2960,3073,4118,0.175
1415,FBLA,Financial Services,Banks - Regional,NASDAQ,110.77,76,69,66,68,15.44,225291149.87836933,16161489.0,0.0382,8.05,69590,88136,82484,-0.004
1416,UTI,Consumer Defensive,Education & Training Services,S&P 600,110.75,76,86,78,28,40.06,2059846254.8083,55061381.0,0.066300005,-3.54,954700,947873,1273384,0.067
1417,RDI,Communication Services,Entertainment,NASDAQ,110.75,76,59,30,19,1.45,39521495.58322728,34974775.0,0.0015,-12.12,54010,31076,32782,0.123
1418,CHCO,Financial Services,Banks - Regional,S&P 600,110.73,76,61,49,58,144.5,1754159011.0089111,14111166.0,0.0884,8.17,156020,168116,138454,0.055
1419,SFNC,Financial Services,Banks - Regional,S&P 600,110.69,75,72,64,66,23.41,3111627393.7252083,145064209.0,0.042,5.55,1820690,1643846,1509470,0.241
1420,GPRK,Energy,Oil & Gas E&P,NYSE,110.67,75,72,82,62,9.59,663001529.0,64683076.0,0.0257,-8.75,373770,431420,531400,-0.065
1421,FANG,Energy,Oil & Gas E&P,S&P 500,110.66,75,57,86,70,199.77,53865868907.65993,281313297.0,0.0545,-6.87,1888810,2211166,2330068,0.042
1422,FMNB,Financial Services,Banks - Regional,NASDAQ,110.66,75,59,60,46,15.89,839669015.8509903,59215021.0,0.013099999,2.52,491390,535120,457286,0.277
1423,HFWA,Financial Services,Banks - Regional,S&P 600,110.64,75,73,68,75,29.55,1123212763.25,41218817.0,0.0695,1.97,547100,432030,357958,0.372
1424,MDV,Real Estate,REIT - Industrial,NYSE,110.61,75,74,77,53,17.52,187477845.62473297,10323670.0,0.0095,-6.18,52220,64933,64428,-0.011
1425,ECG,Industrials,Engineering & Construction,S&P 600,110.6,75,91,95,78,122.94,7593459942.693268,51041606.0,0.046,-28.35,502540,619726,590320,0.254
1426,LYV,Communication Services,Entertainment,S&P 500,110.59,75,70,62,39,183.56,39191163331.80972,232712799.0,0.1372,4.74,1889040,2410930,2400078,0.122
1427,CCK,Consumer Cyclical,Packaging & Containers,S&P 400,110.59,75,57,37,72,118.37,10624868548.974167,111746617.0,0.0476,1.5,1403080,1237113,1171434,0.129
1428,PM,Consumer Defensive,Tobacco,S&P 500,110.56,75,60,53,73,192.0,276457175713.6306,1558558846.0,0.0113,-0.54,5763770,5491310,5091148,0.091
1429,NNVC,Healthcare,Biotechnology,NYSE ARCA,110.55,75,69,76,11,1.55,40548993.86824942,22780334.0,0.0334,-30.49,361820,376706,1063760,
1430,NBBK,Financial Services,Banks - Regional,NASDAQ,110.55,75,60,55,75,22.74,878244443.6369686,43846451.0,0.0424,-0.52,437530,329723,272760,0.363
1431,HAFC,Financial Services,Banks - Regional,S&P 600,110.54,75,78,74,67,31.69,896565047.1809864,29766435.0,0.039300002,1.15,336970,297300,264088,0.146
1432,RLGT,Industrials,Integrated Freight & Logistics,NYSE ARCA,110.53,75,87,72,64,8.29,397600833.6210823,46831666.0,0.0139,-5.04,116540,149090,146548,0.001
1433,TRLV,Healthcare,Drug Manufacturers - Specialty & Generic,NYSE,110.5,75,89,88,75,8.57,,,,,755070,1329533,1239226,
1434,SEG,Real Estate,Real Estate Services,NYSE,110.46,75,77,59,22,26.34,323248227.5,12801910.0,0.1041,-7.06,45910,55023,63272,-0.275
1435,KOPN,Technology,Electronic Components,NASDAQ,110.45,75,95,95,55,3.58,1044474977.0778561,182920310.0,0.118999995,-44.5,4300970,5369100,6274048,0.001
1436,LOB,Financial Services,Banks - Regional,NYSE,110.44,75,74,63,82,42.46,1759358673.2573547,46262391.0,0.0683,-1.0,246350,293983,273122,0.335
1437,C,Financial Services,Banks - Diversified,S&P 500,110.37,75,81,81,83,132.32,214732141237.0039,1705576955.0,0.0002,-2.2,11534210,13861470,12844194,0.159
1438,SWAG,Communication Services,Advertising Agencies,NASDAQ,110.33,75,78,39,78,1.98,39792730.691926,18770157.0,0.0016,-43.43,33970,30910,47876,0.089
1439,PFGC,Consumer Defensive,Food Distribution,S&P 400,110.32,75,75,31,38,114.75,15424652853.210144,157089851.0,0.055999998,5.23,1585300,1658843,1600176,0.064
1440,PLOW,Consumer Cyclical,Auto Parts,NYSE,110.32,75,88,86,87,42.85,1030227285.9568787,23125192.0,0.0319,-18.12,289860,289736,240076,0.198
1441,APLD,Technology,Information Technology Services,NASDAQ,110.29,75,94,97,98,27.97,13511183455.08023,285769539.0,0.299,-44.86,24108480,20724103,21363980,1.393
1442,FCFS,Financial Services,Credit Services,S&P 400,110.26,75,81,86,79,201.94,9640125998.704742,43836687.0,0.0379,-14.42,565460,525580,477210,0.257
1443,SGHT,Healthcare,Medical Devices,NASDAQ,110.25,75,79,34,91,5.26,264432325.384511,54409942.0,0.0219,-43.05,160670,191380,171016,0.125
1444,SVCO,Technology,Software - Application,NASDAQ,110.24,75,96,97,15,7.59,323042962.5572624,33441301.0,0.074,-40.73,372710,480773,559646,0.26
1445,ZETA,Technology,Software - Infrastructure,NYSE,110.24,75,71,66,30,21.37,5705506792.555222,249257621.0,0.1383,-14.18,6640900,8428850,8846246,0.499
1446,VIR,Healthcare,Biotechnology,S&P 600,110.24,75,87,90,73,8.9,1608939825.5264378,168651974.0,0.1011,-23.67,1575350,2147090,1933488,
1447,GEN,Technology,Software - Infrastructure,S&P 500,110.24,75,61,20,25,27.29,15536769646.204666,602433854.0,0.0589,-15.3,3997220,5548583,6326324,0.27
1448,FIVE,Consumer Cyclical,Specialty Retail,S&P 400,110.18,75,42,91,92,219.17,12571855091.189346,55294929.0,0.039,-12.9,1183640,1139123,1347604,0.243
1449,CGEN,Healthcare,Biotechnology,NASDAQ,110.17,75,71,90,38,2.34,248757603.50435257,94584636.0,0.0179,-27.78,187720,251806,351106,-0.047
1450,MVBF,Financial Services,Banks - Regional,NASDAQ,110.17,75,71,56,82,30.47,343734851.75,12849901.0,0.026199998,2.97,37670,51146,50672,0.039
1451,LEGH,Consumer Cyclical,Residential Construction,NASDAQ,110.17,75,68,31,27,26.25,570996245.4531765,23781601.0,0.0919,-10.87,118880,109596,97976,-0.037
1452,CFFI,Financial Services,Banks - Regional,NASDAQ,110.16,75,72,54,69,83.66,240009197.5,3254362.0,0.0097,3.3,5220,7590,6808,0.104
1453,DIOD,Technology,Semiconductors,S&P 600,110.15,75,93,96,74,82.0,4838899370.85878,45944734.0,0.053600002,-30.39,479030,616480,629590,0.221
1454,WABC,Financial Services,Banks - Regional,S&P 600,110.15,75,71,66,60,59.9,1303346662.3737526,23487955.0,0.0365,6.28,201600,236803,208196,-0.067
1455,LAWR,Industrials,Consulting Services,NASDAQ,110.14,75,50,77,70,3.75,172350000.0,45960000.0,0.0179,-22.52,0,0,0,-0.282
1456,NJR,Utilities,Utilities - Regulated Gas,S&P 400,110.13,75,65,72,68,58.58,5575916908.25,100921573.0,0.028399998,0.02,558440,747266,669198,0.029
1457,NVS,Healthcare,Drug Manufacturers - General,NYSE,110.12,75,62,69,82,158.44,286538166890.22925,1908091965.0,0.0023,-7.05,1950270,2122636,1957674,-0.007
1458,HL,Basic Materials,Other Precious Metals & Mining,S&P 400,110.09,75,76,94,98,14.93,11918559708.337772,670712403.0,0.0,-56.31,49935630,40041560,31424106,1.004
1459,PCRX,Healthcare,Drug Manufacturers - Specialty & Generic,S&P 600,110.08,75,48,63,26,26.97,913658768.2619247,39347924.0,0.2567,-2.42,525490,525683,488910,0.05
1460,SLNH,Financial Services,Capital Markets,NASDAQ,110.07,75,87,86,17,1.3,268170509.32198,157747354.0,0.17940001,-74.71,12430370,15787966,17875502,0.583
1461,CNS,Financial Services,Asset Management,S&P 600,110.01,75,70,49,26,81.57,3588111525.477463,51405607.0,0.039100002,3.5,292770,332660,293012,0.083
1462,EQBK,Financial Services,Banks - Regional,NYSE,110.01,75,67,62,71,50.73,951539834.3046722,20640778.0,0.0215,1.32,127590,173256,137138,0.337
1463,RXO,Industrials,Trucking,S&P 600,109.97,75,94,64,44,20.57,4218661568.3775787,164920312.0,0.24790001,-21.55,2114230,1888463,2184052,-0.006
1464,BHRB,Financial Services,Banks - Regional,NASDAQ,109.97,75,69,54,70,73.02,1281527630.853836,20149806.0,0.0311,2.99,116880,181633,185514,0.029
1465,SXT,Basic Materials,Specialty Chemicals,S&P 600,109.95,75,79,72,50,123.96,4846476031.044922,42568960.0,0.049200002,-4.17,828520,646020,548374,0.111
1466,BOBS,Consumer Cyclical,Specialty Retail,NYSE,109.93,75,60,9,41,16.42,1776533859.4304314,130627486.0,0.22219999,-30.1,951460,1077650,983006,0.085
1467,KIDS,Healthcare,Medical Devices,NASDAQ,109.9,75,54,25,27,20.11,441011348.9396095,25684994.0,0.0547,-15.15,144620,161580,144500,0.133
1468,MCRI,Consumer Cyclical,Resorts & Casinos,S&P 600,109.9,75,82,80,58,121.99,2134556832.077057,17749516.0,0.019299999,-0.43,139060,180910,171882,0.089
1469,FIBK,Financial Services,Banks - Regional,S&P 600,109.88,75,73,66,80,38.46,3458286344.17173,97142879.0,0.144,-2.04,1444460,1269916,1133830,0.036
1470,AFL,Financial Services,Insurance - Life,S&P 500,109.88,75,57,59,61,127.36,57220081975.700806,508984904.0,0.0219,6.3,1991970,2273680,2488464,0.279
1471,AEF,Financial Services,Asset Management,NYSE ARCA,109.84,75,86,87,86,8.58,399924041.8882141,40601424.0,0.88,-14.11,101130,144650,152162,-0.023
1472,JCTC,Basic Materials,Lumber & Wood Production,NASDAQ,109.82,75,61,17,9,2.8,7709047.671422482,3520113.0,0.00090000004,-30.35,12250,20296,25456,0.164
1473,REAL,Consumer Cyclical,Luxury Goods,NASDAQ,109.81,75,84,86,90,11.91,1161501739.2861786,120487728.0,0.1591,-31.52,2566860,3208970,3089012,0.185
1474,SNAL,Communication Services,Electronic Gaming & Multimedia,NASDAQ,109.78,75,20,10,13,4.72,38530289.13731611,42622002.0,0.48720002,118.52,136690,364732,336016,0.357
1475,APH,Technology,Electronic Components,S&P 500,109.74,75,85,74,80,159.82,183009669280.32037,1230234445.0,0.0147,-4.32,7454900,7854633,9030628,0.584
1476,HNVR,Financial Services,Banks - Regional,NASDAQ,109.72,75,53,55,49,26.55,166463936.4980297,7156661.0,0.0086,8.41,62740,69626,70600,0.046
1477,PFAI,Consumer Defensive,Farm Products,NASDAQ,109.72,75,88,90,25,3.11,45655297.43121624,11736580.0,0.0008,-36.92,1280,1253,1430,-0.033
1478,WBD,Communication Services,Entertainment,S&P 500,109.71,74,81,92,96,25.47,67717762894.85805,2507136702.0,0.0255,-15.1,26192660,23203803,22716570,-0.01
1479,OKUR,Healthcare,Biotechnology,NASDAQ,109.69,74,86,93,24,4.0,169661008.29517365,40395480.0,0.0055,-25.65,102590,353403,336674,
1480,WSBK,Financial Services,Banks - Regional,NASDAQ,109.69,74,73,77,77,13.07,113801434.39087391,8960743.0,0.0047999998,-2.35,5530,5703,6210,0.351
1481,AZZ,Industrials,Specialty Business Services,S&P 600,109.68,74,81,81,80,144.96,4067551740.2937927,30016618.0,0.0311,-4.42,301000,357416,318410,0.094
1482,BCBP,Financial Services,Banks - Regional,NASDAQ,109.63,74,74,80,43,10.21,181271351.79412937,17363157.0,0.0227,-2.76,121380,188906,172282,6.506
1483,SRBK,Financial Services,Banks - Regional,NASDAQ,109.62,74,78,76,79,19.44,139697268.20663452,7434660.0,0.0575,-0.87,22960,35590,45518,0.076
1484,IBCP,Financial Services,Banks - Regional,NASDAQ,109.62,74,63,52,69,38.19,707203301.9514999,20606157.0,0.0304,-2.5,256890,220940,183806,0.097
1485,ECHO,Communication Services,Telecom Services,S&P 500,109.59,74,88,97,98,86.13,,,,,5815800,7748086,9267690,
1486,CLMB,Technology,Electronics & Computer Distribution,NASDAQ,109.57,74,38,12,52,26.74,402629372.9057312,18597200.0,0.0731,-26.24,148110,172976,164346,0.321
1487,TWFG,Financial Services,Insurance Brokers,NASDAQ,109.56,74,52,13,32,26.91,243955798.1896057,12997112.0,0.07,-26.97,153520,148170,193298,0.353
1488,BOKF,Financial Services,Banks - Regional,NASDAQ,109.56,74,72,75,81,141.07,7779708967.745483,60759992.0,0.08930001,0.96,333780,295253,277714,0.103
1489,KYIV,Communication Services,Telecom Services,NASDAQ,109.54,74,85,52,42,14.02,3296732489.0727615,230863624.0,0.0533,-14.93,394370,670986,611380,0.267
1490,EFSC,Financial Services,Banks - Regional,NASDAQ,109.52,74,71,58,58,65.95,2217465663.3802032,36585805.0,0.0208,5.86,277770,290660,254734,0.126
1491,GLBE,Consumer Cyclical,Internet Retail,NASDAQ,109.52,74,52,33,23,39.87,5146520757.72084,167967391.0,0.031,-4.94,1751230,1559916,1649536,0.328
1492,VIST,Energy,Oil & Gas E&P,NYSE,109.51,74,74,87,65,68.57,8269026036.704773,111442404.0,0.027999999,-15.8,1009380,919023,902958,0.973
1493,KNTK,Energy,Oil & Gas Midstream,S&P 600,109.48,74,66,80,38,50.02,3382027303.4541245,73602334.0,0.1034,-2.89,913650,1053120,983964,-0.075
1494,S,Technology,Software - Infrastructure,NYSE,109.48,74,64,38,17,18.4,5673401354.111515,342803723.0,0.069,-14.02,6082800,6948013,8160034,0.208
1495,NFJ,Financial Services,Asset Management,NYSE,109.46,74,74,71,63,15.16,1400234259.0890923,94101764.0,0.00090000004,1.54,314140,224953,196242,
1496,SRZN,Healthcare,Biotechnology,NASDAQ,109.46,74,89,96,96,20.83,304307813.2803879,11610371.0,0.0856,-40.49,296720,231176,180234,4.086
1497,PCTTU,Industrials,Pollution & Treatment Controls,NASDAQ,109.45,74,69,8,18,11.0,,,,-53.88,0,163,378,1.612
1498,TK,Energy,Oil & Gas Midstream,NYSE,109.43,74,64,89,80,11.3,998025610.1046629,87011821.0,0.0515,-21.42,560820,591116,613046,0.235
1499,EMF,Financial Services,Asset Management,NYSE,109.43,74,85,82,87,20.84,347688087.6413021,14947897.0,0.82,-13.06,51210,39026,39530,0.152
1500,BRC,Industrials,Security & Protection Services,S&P 600,109.43,74,67,50,76,93.14,4055469049.466095,47112790.0,0.0211,-6.19,165010,225183,324016,0.138
1501,CZR,Consumer Cyclical,Resorts & Casinos,S&P 600,109.41,74,64,75,25,29.61,5917298227.3941345,203693576.0,0.1461,-6.24,3293370,4288613,7101106,0.027
1502,OTLY,Consumer Defensive,Packaged Foods,NASDAQ,109.39,74,20,25,21,14.73,313811255.9556961,31225000.0,0.0345,-21.82,356560,172630,156480,0.156
1503,CEE,Financial Services,Asset Management,NYSE,109.37,74,72,76,81,21.06,135690250.12820244,6458365.0,0.0005,-4.19,20230,24683,24654,0.631
1504,WEX,Technology,Software - Infrastructure,S&P 400,109.36,74,30,58,37,186.4,5025494242.037308,34668143.0,0.073699996,-0.25,1118460,787646,699602,0.058
1505,LIFE,Financial Services,Insurance Brokers,NASDAQ,109.34,74,83,81,16,20.27,1190591527.769596,62994262.0,0.0515,-37.63,532550,503333,495494,1.035
1506,CLH,Industrials,Waste Management,S&P 400,109.31,74,64,81,70,317.15,14851320308.450684,52846032.0,0.0207,0.05,612260,490576,504558,0.019
1507,IGIC,Financial Services,Insurance - Diversified,NASDAQ,109.29,74,64,61,61,27.57,1041324100.4306412,42659734.0,0.0114,0.51,82030,89786,83928,-0.026
1508,PEO,Financial Services,Asset Management,NYSE,109.28,74,58,79,75,27.0,701134663.5,27495477.0,0.0137,-6.51,56760,62496,69450,0.038
1509,ARIS,Basic Materials,Gold,NYSE,109.28,74,70,94,98,14.25,3742031826.7822266,206400000.0,3.89,-38.81,1321180,1533996,1442144,1.365
1510,Q,Technology,Semiconductor Equipment & Materials,S&P 500,109.28,74,88,86,35,130.52,32656916292.0,209339207.0,0.0232,-23.9,1971940,2214566,2002484,0.176
1511,DDI,Communication Services,Electronic Gaming & Multimedia,NASDAQ,109.27,74,76,76,30,11.6,579775238.5484314,49553440.0,0.0033000002,-6.07,62400,83946,95380,0.127
1512,HEI,Industrials,Aerospace & Defense,NYSE,109.27,74,68,25,63,354.17,48640744976.80664,139700000.0,0.0113,-2.08,444760,459290,557498,0.253
1513,XIFR,Utilities,Utilities - Renewable,NYSE,109.27,74,71,64,60,11.86,1176524438.4453392,94272795.0,0.0376,-5.95,1340770,1078610,995320,-0.025
1514,SEIC,Financial Services,Asset Management,S&P 400,109.24,74,58,62,46,103.04,10569588800.540405,120272976.0,0.019299999,9.66,854700,797266,716334,0.128
1515,PTCT,Healthcare,Biotechnology,S&P 600,109.17,74,77,56,83,75.52,6125808484.729355,82949338.0,0.16770001,-13.69,1087390,2008726,1822070,-0.768
1516,IOR,Financial Services,Mortgage Finance,NYSE ARCA,109.16,74,40,39,40,21.3,73191204.0,4066178.0,0.0002,8.18,990,1580,1932,
1517,HRTG,Financial Services,Insurance - Property & Casualty,NYSE,109.15,74,50,76,84,29.97,656330031.2387466,30273525.0,0.0403,-6.29,295980,377813,410562,0.005
1518,MLAB,Technology,Scientific & Technical Instruments,NASDAQ,109.12,74,76,74,55,101.04,563641403.7135696,5524813.0,0.0612,-9.21,125740,184750,210568,0.026
1519,CVBF,Financial Services,Banks - Regional,S&P 600,109.11,74,70,58,63,22.67,3592627898.2597046,176455196.0,0.0544,5.54,1659800,1812210,1650884,0.003
1520,ONB,Financial Services,Banks - Regional,S&P 400,109.1,74,69,59,73,26.41,9276815818.433762,386373000.0,0.0771,0.92,5537070,5030426,4276760,0.462
1521,JXN,Financial Services,Insurance - Life,S&P 600,109.08,74,51,71,81,121.9,7191211496.0078125,69743104.0,0.0573,-1.38,553660,656083,637236,-0.226
1522,SXC,Basic Materials,Coking Coal,NYSE,109.07,74,60,27,54,8.45,764527333.4013557,84853198.0,0.046,-9.14,1903430,1533050,1568464,0.044
1523,MRTN,Industrials,Trucking,S&P 600,109.07,74,85,73,70,14.8,1406596668.725729,81589135.0,0.0629,-15.91,739520,797496,835744,-0.088
1524,TROW,Financial Services,Asset Management,S&P 500,109.06,74,73,56,32,119.28,22397288063.624084,214266606.0,0.1358,0.9,1807120,2223340,2105542,0.053
1525,XPER,Technology,Software - Application,NYSE,109.06,74,83,71,18,7.55,383758065.99295044,48271456.0,0.053000003,-11.12,337930,406463,401400,0.002
1526,VOR,Healthcare,Biotechnology,NASDAQ,109.04,74,28,26,12,21.8,811162593.1591902,54185877.0,0.1014,-66.87,882460,1555263,1263328,
1527,PHIN,Consumer Cyclical,Auto Parts,S&P 600,109.03,74,79,84,88,73.06,2860208390.164444,37020558.0,0.1121,-9.92,356550,419600,385270,0.103
1528,AER,Industrials,Rental & Leasing Services,NYSE,109.02,74,56,64,78,152.87,21979726132.146652,157685101.0,0.0095,-1.34,1102270,1117036,1195060,0.079
1529,VET,Energy,Oil & Gas E&P,NYSE,109.02,74,36,92,82,11.5,1705116017.5323486,153200000.0,8.58,-22.4,1973440,1482696,1518564,0.099
1530,CENTA,Consumer Defensive,Packaged Foods,S&P 600,109.0,74,75,53,61,38.08,2135540754.1028023,62570779.0,0.028299998,0.98,244350,365573,344262,0.087
1531,CB,Financial Services,Insurance - Property & Casualty,S&P 500,108.95,74,64,65,71,350.15,120907635104.53839,387860106.0,0.0086,1.3,2354920,1999216,1881054,0.102
1532,FAF,Financial Services,Insurance - Specialty,S&P 400,108.95,74,66,63,59,75.53,6748837342.071533,101900000.0,0.048899997,5.68,901840,989193,997610,0.162
1533,JBL,Technology,Electronic Components,S&P 500,108.93,74,89,91,79,308.52,38462035618.74524,105502622.0,0.028299998,-19.22,1105320,1459636,1340296,0.231
1534,SOGP,Communication Services,Internet Content & Information,NASDAQ,108.92,74,51,99,99,11.95,56977091.30768967,4174146.0,0.0221,-67.7,12360,15563,18136,0.575
1535,SEDG,Technology,Solar,S&P 600,108.91,74,91,92,90,41.76,4643469629.898788,60818202.0,0.1967,-48.6,2333890,2418770,2957682,0.415
1536,IRM,Real Estate,REIT - Specialty,S&P 500,108.9,74,77,84,32,124.64,38157540338.25,297524681.0,0.0337,-7.05,1728900,2018383,1728684,0.216
1537,AMKR,Technology,Semiconductor Equipment & Materials,S&P 400,108.88,74,97,97,93,48.26,17242011746.922485,247872518.0,0.122200005,-39.09,7864670,6196946,6155296,0.275
1538,ENIC,Utilities,Utilities - Regulated Electric,NYSE,108.86,73,65,71,74,4.55,5989823747.980209,1383331144.0,0.58,-4.01,482360,528983,582482,-0.017
1539,ELPC,Utilities,Utilities - Regulated Electric,NYSE,108.86,73,66,86,78,11.81,8463297313.198963,742394526.0,0.0037,-13.78,414490,415346,388290,0.2
1540,GNW,Financial Services,Insurance - Life,S&P 600,108.85,73,62,63,65,9.96,3278559392.07708,383009256.0,0.026199998,5.4,2875890,3222706,2961594,-0.005
1541,RNR,Financial Services,Insurance - Reinsurance,S&P 400,108.83,73,66,70,74,318.36,11952173304.561432,42633041.0,0.0394,0.05,392060,378430,375684,-0.366
1542,SIGI,Financial Services,Insurance - Property & Casualty,S&P 400,108.81,73,73,39,63,94.66,5181108315.612183,59869520.0,0.0354,3.28,727500,684030,610556,0.057
1543,EWBC,Financial Services,Banks - Regional,S&P 400,108.81,73,72,75,75,130.91,16787522070.903824,136996262.0,0.028299998,2.66,861730,1049970,937858,0.141
1544,IMKTA,Consumer Defensive,Grocery Stores,NASDAQ,108.79,73,69,78,78,89.7,1680242483.5701294,18994376.0,0.087,-6.19,117710,134943,139538,0.034
1545,NWL,Consumer Defensive,Household & Personal Products,S&P 600,108.79,73,87,61,52,5.14,1444754465.3242702,424927772.0,0.1587,-22.59,7208000,12166876,11281680,-0.011
1546,LEVI,Consumer Cyclical,Apparel Manufacturing,NYSE,108.77,73,73,72,53,24.55,8922633316.623653,384596251.0,0.1004,-1.09,2346900,3057263,2756572,0.141
1547,WTW,Financial Services,Insurance Brokers,S&P 500,108.77,73,26,21,49,336.05,23580825994.98059,94447976.0,0.0335,-4.75,608660,640623,649454,0.085
1548,USFD,Consumer Defensive,Food Distribution,S&P 400,108.76,73,74,69,71,100.55,18025142207.56842,220221656.0,0.040799998,-1.55,2231160,2731070,2765118,0.028
1549,GTY,Real Estate,REIT - Retail,S&P 600,108.73,73,69,73,65,34.24,1966976830.2182922,60466551.0,0.1933,-1.47,592260,562003,512826,0.054
1550,FLNG,Energy,Oil & Gas Midstream,NYSE,108.72,73,68,83,62,31.1,1610330058.2815247,54092376.0,0.1451,-6.89,249210,376113,409560,-0.09
1551,FR,Real Estate,REIT - Industrial,S&P 400,108.72,73,64,70,69,65.98,8202131991.2795105,132570424.0,0.0375,2.04,1221160,1324726,1206816,0.1
1552,MIDD,Industrials,Specialty Industrial Machinery,S&P 400,108.72,73,73,36,71,133.32,7008698776.589355,45214496.0,0.0672,-21.32,469230,801817,749561,0.15
1553,CRON,Healthcare,Drug Manufacturers - Specialty & Generic,NASDAQ,108.71,73,67,71,69,2.89,1061200158.6883299,373662039.0,0.0214,-15.74,895420,887720,1032736,0.401
1554,BTO,Financial Services,Asset Management,NYSE,108.68,73,65,60,71,40.69,726284870.6380005,19816776.0,0.2,2.11,47430,50360,45116,-0.016
1555,LLYVK,Communication Services,Entertainment,NASDAQ,108.65,73,69,68,40,105.65,9117638773.512383,92004429.0,0.0304,2.95,286920,384406,415800,0.352
1556,EBF,Industrials,Business Equipment & Supplies,NYSE,108.64,73,63,69,67,21.66,517492015.2036896,25292866.0,0.0535,-3.13,106650,164620,147288,0.04
1557,BCAT,Financial Services,Asset Management,NYSE,108.61,73,71,71,62,15.62,1668022322.3137188,104775271.0,1.37,-2.25,775090,710006,699724,
1558,TNL,Consumer Cyclical,Travel Services,S&P 400,108.6,73,68,54,79,75.17,4244867972.0,62424529.0,0.0681,-7.2,1078750,802923,840366,0.029
1559,RRX,Industrials,Specialty Industrial Machinery,S&P 400,108.6,73,86,87,87,202.59,13431076682.802414,66569573.0,0.0468,-14.28,980540,1119606,1034558,0.043
1560,ASB,Financial Services,Banks - Regional,S&P 400,108.56,73,73,64,72,30.76,5253781975.017431,188917011.0,0.0,4.2,2285300,2336123,2121662,0.122
1561,RZLT,Healthcare,Biotechnology,NASDAQ,108.56,73,85,18,9,4.88,317764687.70842385,96292331.0,0.22799999,-57.41,1177470,1932936,1951554,
1562,NODK,Financial Services,Insurance - Property & Casualty,NASDAQ,108.55,73,73,38,50,15.34,286330479.8843422,20481437.0,0.006,4.35,24520,30130,26088,-0.166
1563,PCVX,Healthcare,Biotechnology,NASDAQ,108.55,73,77,83,85,55.96,7422041075.133377,144397682.0,0.096,-13.91,1003000,1576260,1535762,
1564,PECO,Real Estate,REIT - Retail,S&P 600,108.54,73,67,69,62,42.44,5057552115.809509,125966424.0,0.0398,3.34,967940,1097026,1062686,0.07
1565,CCS,Real Estate,Real Estate - Development,S&P 600,108.53,73,68,25,66,68.57,1519594734.1403046,28769306.0,0.0934,-9.78,334200,344530,347330,-0.126
1566,EQIX,Real Estate,REIT - Specialty,S&P 500,108.5,73,69,82,36,1047.53,105334645686.42969,98624248.0,0.022,-7.19,585800,630850,603522,0.121
1567,BGC,Financial Services,Capital Markets,S&P 600,108.49,73,61,75,35,11.68,5006141765.277198,479056637.0,0.0233,-1.93,2136750,3419966,3298384,0.443
1568,FGNXP,Financial Services,Asset Management,NASDAQ,108.48,73,78,83,89,25.1,,,4.14,-3.46,400,446,1508,-0.025
1569,NE,Energy,Oil & Gas Drilling,S&P 600,108.47,73,62,93,86,41.44,7415695404.085663,159545944.0,0.076,-24.63,2063860,1946906,1655066,-0.108
1570,KIM,Real Estate,REIT - Retail,S&P 500,108.47,73,68,68,54,25.51,16239306139.908142,674389792.0,0.050300002,3.61,4064410,4368846,4830778,0.04
1571,FUSB,Financial Services,Banks - Regional,NASDAQ,108.43,73,71,69,72,16.83,89076272.0,5567267.0,0.0014,2.0,8070,4153,4664,0.06
1572,ESOA,Industrials,Engineering & Construction,NASDAQ,108.43,73,93,93,28,14.2,278589013.1644821,18659679.0,0.0325,-28.79,155910,147543,138712,0.215
1573,AWR,Utilities,Utilities - Regulated Water,S&P 600,108.38,73,61,54,36,85.96,3028416165.7428665,39192653.0,0.0327,5.81,320070,364556,346448,0.143
1574,CTRE,Real Estate,REIT - Healthcare Facilities,S&P 400,108.37,73,69,74,76,41.64,9643326320.605202,236240235.0,0.0361,-3.34,2072990,2795793,2921918,0.032
1575,INDB,Financial Services,Banks - Regional,S&P 600,108.37,73,70,63,81,84.38,3815594509.588028,48249803.0,0.0561,-3.01,446500,458136,395554,0.516
1576,KOF,Consumer Defensive,Beverages - Non-Alcoholic,NYSE,108.28,73,63,60,77,109.12,22596551275.6615,210083226.0,2.05,-6.22,142710,151393,137878,0.011
1577,BWB,Financial Services,Banks - Regional,NASDAQ,108.27,73,74,55,77,20.5,525880318.6386566,27883367.0,0.015,0.99,178330,239770,188352,0.462
1578,TRIN,Financial Services,Asset Management,NYSE,108.26,73,79,72,70,17.41,1515505850.7230682,89887651.0,0.0713,0.17,909140,1035353,1017714,0.329
1579,ELVA,Industrials,Electrical Equipment & Parts,NASDAQ,108.25,73,92,92,97,8.56,578742420.4258347,49507480.0,3.19,-28.01,731670,1565390,1105046,0.202
1580,OSW,Consumer Cyclical,Leisure,S&P 600,108.25,73,77,68,37,26.0,2410977592.5,101514846.0,0.0641,0.97,772190,978210,812458,0.127
1581,MANH,Technology,Software - Application,S&P 400,108.24,73,26,24,18,190.97,8877648710.656036,59164602.0,0.0571,-22.75,1082620,829676,727946,0.074
1582,JCI,Industrials,Building Products & Equipment,S&P 500,108.23,73,71,81,80,143.88,81792096248.63995,610115603.0,0.0189,-2.34,3588670,4532876,4277798,0.082
1583,PTLE,Consumer Cyclical,Specialty Retail,NASDAQ,108.21,73,15,5,4,10.23,31468422.657634735,6281122.0,0.0011999999,-91.06,11520,50630,36844,-0.413
1584,OMDA,Healthcare,Health Information Services,NASDAQ,108.21,73,87,31,10,19.69,1068289629.9699497,59448507.0,0.1043,-30.67,1328050,1265306,1140404,0.42
1585,ISTR,Financial Services,Banks - Regional,NASDAQ,108.2,73,73,70,86,29.83,389806715.25710106,13793585.0,0.0178,-6.11,203750,238156,206272,0.576
1586,BME,Financial Services,Asset Management,NYSE,108.18,73,66,55,67,43.53,519936657.77381516,12924103.0,0.0043,1.85,45700,45340,45648,0.076
1587,BFRI,Healthcare,Drug Manufacturers - Specialty & Generic,NASDAQ,108.18,73,71,77,28,1.23,11343762.497059822,12803344.0,0.0069,3.36,361300,374493,294564,0.174
1588,STHO,Real Estate,Real Estate Services,NASDAQ,108.17,73,65,64,57,9.32,107348287.86345005,12088771.0,0.0089,0.76,10050,14316,13754,0.432
1589,SAIC,Technology,Information Technology Services,S&P 400,108.17,73,49,34,33,115.72,4491268593.861954,43102387.0,0.075,-4.4,421280,546470,570248,-0.048
1590,BP,Energy,Oil & Gas Integrated,NYSE,108.17,73,37,85,72,44.22,107815133907.51616,2574997293.0,0.0067000003,-8.39,7037130,9566996,9240280,0.116
1591,ITGR,Healthcare,Medical Devices,S&P 600,108.16,73,43,33,32,100.86,3034883416.5602493,33954839.0,0.1499,-18.52,396880,481150,473602,0.005
1592,BBT,Financial Services,Banks - Regional,S&P 600,108.14,73,66,62,72,30.63,2438209954.52932,83816086.0,0.047199998,-6.7,841920,930006,827132,1.418
1593,W,Consumer Cyclical,Internet Retail,NYSE,108.13,73,76,33,90,89.78,9538067299.714943,131996499.0,0.1993,-25.17,3381190,3228313,3647306,0.074
1594,LLYVA,Communication Services,Entertainment,NASDAQ,108.1,73,68,69,41,102.1,8861866573.202477,92004429.0,0.045500003,2.28,118560,232090,286964,0.352
1595,TWO,Real Estate,REIT - Mortgage,S&P 600,108.06,73,73,74,73,12.11,1295221277.8756008,105046333.0,0.0458,-14.54,1934240,2088506,1764946,15.691
1596,PLUS,Technology,Software - Application,S&P 600,108.03,73,56,72,73,90.99,2146783352.7000427,26151583.0,0.053400002,-3.18,269350,268520,266226,0.217
1597,COSO,Financial Services,Banks - Regional,NYSE,107.98,72,70,68,71,27.08,310641057.4648876,12167687.0,0.0199,2.73,63000,138046,118798,0.184
1598,MMM,Industrials,Conglomerates,S&P 500,107.97,72,52,33,58,176.07,79867597223.64514,521567261.0,0.0164,-0.76,4938370,3893166,3873924,0.013
1599,SHC,Healthcare,Diagnostics & Research,S&P 400,107.95,72,71,54,78,17.85,4460011884.064318,285166994.0,0.0797,-10.08,3274450,3001850,2806490,0.1
1600,RF,Financial Services,Banks - Regional,S&P 500,107.94,72,70,63,82,30.85,23894627064.0,853379538.0,0.0847,-2.16,10922970,10711420,10727046,0.073
1601,TFIN,Financial Services,Banks - Regional,S&P 600,107.94,72,82,65,64,73.83,1696195526.25,23806253.0,0.1434,-5.15,305900,316503,274206,0.062
1602,WAT,Healthcare,Diagnostics & Research,S&P 500,107.94,72,66,27,57,380.3,37661149121.48468,98185855.0,0.0401,-8.17,906500,905663,922310,0.914
1603,KWR,Basic Materials,Specialty Chemicals,S&P 600,107.92,72,77,52,85,154.92,2492605686.1207275,17366444.0,0.1601,-15.35,130500,164376,155886,0.085
1604,NTIP,Industrials,Specialty Business Services,NYSE ARCA,107.88,72,57,64,35,1.63,33839598.0761075,22864593.0,0.0008,-14.21,48130,45623,39024,
1605,TRMK,Financial Services,Banks - Regional,S&P 600,107.87,72,68,69,71,47.54,2588020946.577503,58605547.0,0.0686,3.37,595260,538193,465424,0.057
1606,IAG,Basic Materials,Gold,NYSE,107.86,72,68,89,97,14.56,10334639514.923096,578000000.0,0.44,-41.46,5379880,5227790,5539396,1.159
1607,UA,Consumer Cyclical,Apparel Manufacturing,S&P 600,107.85,72,66,54,66,6.68,2442841639.291502,426324892.0,8.2,-15.51,2297501,3356166,3182595,-0.008
1608,OLP,Real Estate,REIT - Diversified,NYSE,107.82,72,68,58,55,24.37,513847983.7530823,21819448.0,0.0143,-5.91,81180,93323,77432,0.114
1609,MTG,Financial Services,Insurance - Specialty,S&P 400,107.81,72,46,42,49,30.45,5333784413.741158,211490268.0,0.0525,1.6,1794430,1951873,1860746,-0.03
1610,BSVN,Financial Services,Banks - Regional,NASDAQ,107.8,72,69,47,63,50.0,421325795.3821106,9519336.0,0.0095,-0.2,42380,33260,24848,0.158
1611,MTLS,Technology,Software - Application,NASDAQ,107.78,72,81,47,26,6.41,388646030.34547806,58267770.0,0.014199999,-5.74,71610,96743,127130,-0.002
1612,HVT,Consumer Cyclical,Home Improvement Retail,NYSE,107.74,72,69,33,79,25.03,373251244.6658459,16095353.0,0.0002,-9.54,97480,110883,99852,0.041
1613,CR,Industrials,Specialty Industrial Machinery,S&P 400,107.74,72,71,31,49,214.18,10567460538.0,57745686.0,0.0273,-0.06,627370,500683,505318,0.249
1614,REYN,Consumer Cyclical,Packaging & Containers,S&P 600,107.71,72,74,33,36,25.26,4567329075.670275,210767377.0,0.18100001,-3.77,1179610,1319966,1185746,0.072
1615,CDRO,Consumer Cyclical,Gambling,NASDAQ,107.68,72,67,75,66,9.27,427307527.9533758,45555173.0,0.023599999,-4.63,16090,30326,33074,0.066
1616,ENTA,Healthcare,Biotechnology,NASDAQ,107.67,72,76,90,95,13.0,382671476.36299133,29078380.0,0.0907,-24.2,146540,221676,210632,0.15
1617,PFBC,Financial Services,Banks - Regional,S&P 600,107.66,72,69,63,50,104.49,1134695453.7461243,11841948.0,0.10479999,1.4,139550,142963,125944,0.033
1618,JBSS,Consumer Defensive,Packaged Foods,S&P 600,107.65,72,75,74,75,81.65,875666106.0585022,11689575.0,0.0454,-4.11,117450,121810,122276,0.08
1619,HBIO,Healthcare,Medical Instruments & Supplies,NASDAQ,107.64,72,70,85,28,6.09,26519870.67614937,4510182.0,0.0273,-35.21,10680,12413,18392,-0.047
1620,COLB,Financial Services,Banks - Regional,S&P 400,107.64,72,74,65,77,31.25,8580494271.549103,289490366.0,0.0309,-4.43,3458230,3147236,2979498,0.399
1621,FBNC,Financial Services,Banks - Regional,S&P 600,107.64,72,76,67,81,62.98,2434115622.550644,41375413.0,0.056199998,0.54,250400,311633,263148,0.139
1622,SLG,Real Estate,REIT - Office,S&P 600,107.62,72,66,28,22,53.61,3229051636.7273483,71124483.0,0.2007,-19.88,1288540,1183263,1156794,-0.04
1623,DDD,Technology,Computer Hardware,NYSE,107.62,72,89,62,23,2.7,524600969.4002259,146947053.0,0.3114,-28.95,1871470,2980320,4162386,0.011
1624,BKTI,Technology,Communication Equipment,NYSE ARCA,107.6,72,77,90,91,79.87,309083556.3263855,3744198.0,0.0271,-23.61,41960,43603,44886,0.118
1625,NGVT,Basic Materials,Specialty Chemicals,S&P 600,107.57,72,73,87,89,70.19,2358216005.1885223,34771690.0,0.0417,-11.48,242870,295030,268224,0.041
1626,NOEM,Financial Services,Shell Companies,NASDAQ,107.56,72,41,47,48,12.0,100075225.97765923,9585750.0,0.001,14.29,4430,6680,4266,
1627,DCTH,Healthcare,Medical Devices,NASDAQ,107.54,72,73,53,26,12.04,372143345.44172573,34521647.0,0.1082,-30.61,350300,431586,477370,0.263
1628,MCB,Financial Services,Banks - Regional,NYSE,107.54,72,78,71,88,92.82,1109582185.8314896,12394797.0,0.0535,-5.13,207890,174796,147074,0.374
1629,OPBK,Financial Services,Banks - Regional,NASDAQ,107.52,72,63,59,59,15.76,209413006.5898714,14894239.0,0.0088,3.21,48930,58626,47056,0.123
1630,FLS,Industrials,Specialty Industrial Machinery,S&P 400,107.5,72,64,66,84,75.32,9650708428.735252,127807021.0,0.060599998,-18.49,2236940,2076660,2058266,-0.067
1631,ABEO,Healthcare,Biotechnology,NASDAQ,107.5,72,70,58,35,6.47,329431944.2780571,56995144.0,0.2725,-14.19,1112120,1435413,1227664,
1632,INOD,Technology,Information Technology Services,NASDAQ,107.49,72,88,28,33,60.07,3428159592.4618683,32655358.0,0.0929,-47.66,887130,1112756,1380854,0.544
1633,MHO,Consumer Cyclical,Residential Construction,S&P 600,107.48,72,73,42,66,151.33,3391545864.3811035,25767710.0,0.061,-4.78,221240,278063,249872,-0.057
1634,AUPH,Healthcare,Biotechnology,NASDAQ,107.47,72,80,81,83,15.0,1971463606.6184711,128601671.0,0.077800006,-11.14,981800,1718023,1515650,0.244
1635,TBN,Energy,Oil & Gas E&P,NYSE,107.46,72,47,88,74,32.59,951771324.673996,28318099.0,0.0378,-37.58,150590,187883,226440,
1636,UHT,Real Estate,REIT - Healthcare Facilities,NYSE,107.44,72,66,55,66,43.72,575143547.6862411,13875598.0,0.0416,-2.19,79850,230116,179104,0.003
1637,NOV,Energy,Oil & Gas Equipment & Services,S&P 400,107.43,72,68,84,83,19.3,7163413732.227783,358888480.0,0.1447,-9.73,4133470,4364150,3925822,-0.024
1638,SANM,Technology,Electronic Components,S&P 400,107.42,72,95,93,76,183.48,13920940300.392303,53597735.0,0.0776,-32.17,1018490,1411183,1165248,1.023
1639,ORI,Financial Services,Insurance - Property & Casualty,S&P 400,107.41,72,50,54,67,43.38,9067516946.629807,243554044.0,0.0468,-7.23,1321550,1593860,1528398,0.135
1640,MHH,Industrials,Staffing & Employment Services,NYSE ARCA,107.41,72,69,40,26,7.95,74508735.51769447,11998186.0,0.0066000004,-5.02,10160,12316,20094,-0.15
1641,SW,Consumer Cyclical,Packaging & Containers,S&P 500,107.39,72,62,34,54,47.52,21581697609.968674,524464078.0,0.0586,-9.74,5910920,6029043,5765916,0.007
1642,DYAI,Healthcare,Biotechnology,NASDAQ,107.37,72,57,18,21,1.07,29515349.516876638,36438703.0,0.0023999999,-20.74,233810,252746,394900,1.823
1643,IFF,Basic Materials,Specialty Chemicals,S&P 500,107.34,72,68,45,56,79.48,19415829900.77437,255303473.0,0.0574,-5.89,1740810,1956443,2039792,-0.036
1644,D,Utilities,Utilities - Regulated Electric,S&P 500,107.33,72,64,60,61,69.73,58874567826.207275,879512484.0,0.0368,1.1,3457470,5296720,6717030,0.231
1645,TPC,Industrials,Engineering & Construction,S&P 600,107.33,72,72,94,97,83.28,3774060790.7052917,52791452.0,0.0476,-16.72,1664310,960643,771756,0.115
1646,RBC,Industrials,Tools & Accessories,S&P 400,107.31,72,82,84,82,561.9,18094160628.75287,31635359.0,0.0117999995,-11.09,252490,249056,259894,0.183
1647,WERN,Industrials,Trucking,S&P 600,107.29,72,88,70,85,36.88,2488529173.0257225,59950115.0,0.0715,-12.21,1902280,1322833,1187004,0.136
1648,SKM,Communication Services,Telecom Services,NYSE,107.27,72,79,89,88,31.79,14334382758.09668,383888128.0,0.0136,-21.49,3378100,2708306,2955958,-0.014
1649,BMRC,Financial Services,Banks - Regional,NASDAQ,107.26,72,66,59,66,28.7,418342031.35035324,16189707.0,0.0434,0.77,155830,187116,147158,0.253
1650,IP,Consumer Cyclical,Packaging & Containers,S&P 500,107.24,72,33,17,55,43.15,17722933766.163025,529516974.0,0.1499,-23.12,6444320,5927576,5999252,0.134
1651,INVX,Energy,Oil & Gas Equipment & Services,S&P 600,107.23,72,69,85,86,26.56,1836570883.0086365,68759676.0,0.0754,-17.64,353140,434800,435992,-0.006
1652,EGP,Real Estate,REIT - Industrial,S&P 400,107.19,72,67,71,64,209.58,10853718484.247528,53755229.0,0.059699997,0.9,620990,480433,419722,0.091
1653,HURN,Industrials,Consulting Services,NASDAQ,107.18,72,12,26,69,163.76,1740988306.4150848,16211829.0,0.0394,-12.32,453680,379056,319852,0.121
1654,ACCL,Industrials,Consulting Services,NASDAQ,107.18,72,18,10,5,2.21,20924850.0,13949900.0,0.0194,-55.8,39300,35540,552600,0.007
1655,BCRX,Healthcare,Drug Manufacturers - Specialty & Generic,NASDAQ,107.18,72,62,75,21,9.24,2264589261.817856,254162660.0,0.14310001,-18.3,2568700,5367260,4722526,0.075
1656,KYN,Financial Services,Asset Management,NYSE,107.17,71,60,73,65,14.49,2313644251.453171,169126038.0,0.0007,-1.43,414050,396396,397918,0.085
1657,NNN,Real Estate,REIT - Retail,S&P 400,107.17,71,63,61,60,48.14,8467946038.944752,190248177.0,0.059899997,4.58,1301060,1612673,1732418,0.041
1658,GTE,Energy,Oil & Gas E&P,NYSE ARCA,107.16,71,57,96,76,6.69,274746344.6255636,35359890.0,0.076799996,-31.31,276240,297023,303112,0.023
1659,BZFD,Communication Services,Internet Content & Information,NASDAQ,107.16,71,91,11,6,1.2,125818715.11193228,77189396.0,0.1144,-55.22,911370,875523,1255590,-0.124
1660,SNA,Industrials,Tools & Accessories,S&P 500,107.15,71,67,62,64,409.05,19229388795.716675,51801916.0,0.071100004,2.04,458200,403370,362166,0.052
1661,EML,Industrials,Tools & Accessories,NASDAQ,107.13,71,84,65,23,24.08,129845582.5611,6030914.0,0.053200003,-10.05,13200,45743,36818,-0.057
1662,IMMR,Technology,Software - Application,NASDAQ,107.13,71,57,37,32,7.41,214490929.59134102,33100452.0,0.124,-9.08,844070,726933,640590,0.1
1663,MLTX,Healthcare,Biotechnology,NASDAQ,107.13,71,82,35,20,18.99,1411943317.745636,73615396.0,0.1088,-69.74,835380,1368673,1130822,
1664,RYTM,Healthcare,Biotechnology,NASDAQ,107.12,71,76,31,81,105.74,6052799829.325508,68532607.0,0.121800005,-13.47,602450,868303,771050,0.838
1665,JMSB,Financial Services,Banks - Regional,NASDAQ,107.12,71,63,62,64,23.07,300166989.670063,14112223.0,0.0089,4.39,36390,51050,45076,0.162
1666,VABK,Financial Services,Banks - Regional,NASDAQ,107.11,71,70,63,70,46.0,235282835.76036072,5422513.0,0.0046,-5.31,9220,9500,7930,0.036
1667,BST,Financial Services,Asset Management,NYSE,107.1,71,82,70,54,45.67,1719682498.6871643,34720019.0,0.0004,-9.67,91910,91196,108704,
1668,ESI,Basic Materials,Specialty Chemicals,S&P 600,107.1,71,91,92,66,35.62,10336253485.483017,243607198.0,0.0757,-21.75,6163210,6541390,4958992,0.415
1669,LGIH,Consumer Cyclical,Residential Construction,S&P 600,107.1,71,83,27,47,57.12,1110735290.89468,23232279.0,0.214,-17.81,286560,345593,358318,-0.09
1670,SBRA,Real Estate,REIT - Healthcare Facilities,S&P 400,107.09,71,54,71,61,21.32,5016060835.625381,252190095.0,0.1713,0.19,3382770,3439216,3280856,0.217
1671,JHX,Basic Materials,Building Materials,NYSE,107.05,71,73,24,40,26.47,13509723797.590399,580314579.0,3.34,-11.26,7965880,7426086,7977644,0.445
1672,UNTY,Financial Services,Banks - Regional,NASDAQ,107.04,71,67,58,74,58.67,560884791.8484802,10040902.0,0.0104,2.39,67140,67820,65816,0.161
1673,MLI,Industrials,Metal Fabrication,S&P 400,107.02,71,61,82,80,66.86,14219381506.669464,110570613.0,0.0172,-52.75,1550330,1802496,1529094,0.193
1674,BALL,Consumer Cyclical,Packaging & Containers,S&P 500,107.01,71,59,64,82,65.31,14555696268.858078,266246511.0,0.0276,-4.36,1846560,2522326,2733634,0.163
1675,PLD,Real Estate,REIT - Industrial,S&P 500,106.99,71,63,73,73,146.19,133762533998.10791,932338000.0,0.0154,-1.18,5083330,4488976,4147782,0.083
1676,RNST,Financial Services,Banks - Regional,S&P 600,106.98,71,70,64,71,43.34,3757320839.036865,92272120.0,0.061300002,2.92,573590,752366,732916,0.602
1677,MLR,Consumer Cyclical,Auto Parts,NYSE,106.98,71,69,69,42,49.93,545968751.8211517,11395716.0,0.0325,0.08,63890,79993,74234,-0.198
1678,CMRE,Industrials,Marine Shipping,NYSE,106.95,71,52,80,89,15.52,1856955975.2374086,120738359.0,0.048499998,-14.06,366270,430216,440976,-0.053
1679,MTCH,Communication Services,Internet Content & Information,S&P 600,106.95,71,69,78,33,39.31,8427919833.53553,233266526.0,0.052800003,0.28,2147470,3388943,3148694,0.039
1680,NYT,Communication Services,Publishing,S&P 400,106.93,71,51,81,78,75.83,12173693443.600273,161862699.0,0.071100004,-12.94,1523340,1711073,1682284,0.121
1681,EFOI,Consumer Cyclical,"Furnishings, Fixtures & Appliances",NASDAQ,106.92,71,83,93,58,3.11,23133599.590913773,6303433.0,0.0777,-68.39,11520,16933,30546,0.541
1682,DBRG,Financial Services,Asset Management,NYSE,106.88,71,68,80,88,15.85,2852304117.0925884,182372382.0,0.0991,0.83,2729110,3143463,2757742,0.589
1683,WWD,Industrials,Aerospace & Defense,S&P 400,106.88,71,84,80,92,356.28,20855788763.097015,59582861.0,0.026099999,-12.46,721230,801546,795014,0.234
1684,LZB,Consumer Cyclical,"Furnishings, Fixtures & Appliances",S&P 600,106.87,71,65,33,53,40.13,1550136405.7091217,41248971.0,0.0553,-3.83,352080,655673,564156,0.038
1685,NDSN,Industrials,Specialty Industrial Machinery,S&P 500,106.85,71,72,75,82,295.23,16009437250.674194,55717948.0,0.031,-3.29,305390,399753,412608,0.085
1686,COFS,Financial Services,Banks - Regional,NASDAQ,106.84,71,71,55,49,33.83,470216093.2874775,14975035.0,0.0126,-4.44,108490,113810,102384,1.35
1687,AUR,Consumer Cyclical,Auto Parts,NASDAQ,106.82,71,89,77,16,6.24,14395230972.515842,1961203089.0,0.1732,-27.15,26269530,25467906,27966706,
1688,NCI,Consumer Cyclical,Apparel Manufacturing,NASDAQ,106.81,71,74,15,15,12.06,191031589.01512527,18914018.0,0.03,-89.08,462730,282433,484628,-0.508
1689,MPWR,Technology,Semiconductors,S&P 500,106.78,71,85,92,89,1316.18,76946747348.95801,49129267.0,0.0541,-23.21,969920,1128863,983334,0.261
1690,IGD,Financial Services,Asset Management,NYSE,106.76,71,62,63,58,6.48,499237687.6028099,78868514.0,0.0094,1.09,221810,289340,311064,-0.066
1691,RFIL,Industrials,Electrical Equipment & Parts,NASDAQ,106.74,71,97,95,92,11.97,191304389.00544167,10814267.0,0.0188,-39.45,257380,350720,320846,-0.012
1692,HLX,Energy,Oil & Gas Equipment & Services,S&P 600,106.72,71,65,86,73,9.2,1377218516.389,147296092.0,0.0685,-14.42,1429900,1620656,1556958,0.036
1693,ANF,Consumer Cyclical,Apparel Retail,S&P 400,106.71,71,32,30,73,100.26,3469067937.119446,44924474.0,0.102299996,-24.68,906960,1115026,1326724,0.015
1694,LMT,Industrials,Aerospace & Defense,S&P 500,106.71,71,38,48,83,574.11,122302468678.09717,230563608.0,0.013200001,-17.04,1521880,1379793,1289870,0.003
1695,HTH,Financial Services,Financial Conglomerates,S&P 600,106.71,71,66,66,78,39.38,2207759102.2879944,58530197.0,0.055,-2.55,275850,300220,289460,-0.034
1696,TRNS,Industrials,Specialty Business Services,NASDAQ,106.7,71,78,43,41,83.34,788905676.2265396,9333953.0,0.066700004,-8.87,114270,147926,170764,0.158
1697,BRX,Real Estate,REIT - Retail,S&P 400,106.69,71,65,70,61,31.5,9376926851.651567,306836617.0,0.0841,0.03,2496660,2438986,2495052,0.051
1698,HASI,Financial Services,Asset Management,S&P 600,106.69,71,71,87,83,37.96,5239843706.0,127801066.0,0.1294,-13.98,846810,924090,1003426,-0.283
1699,OXY,Energy,Oil & Gas E&P,S&P 500,106.68,71,34,85,60,55.95,56326164180.01448,994634701.0,0.0002,-17.05,8034060,9328910,9867944,-0.083
1700,BVFL,Financial Services,Banks - Regional,NASDAQ,106.64,71,73,66,75,20.74,169975475.68310738,8658965.0,0.0152,0.97,18230,22443,22540,0.087
1701,TDW,Energy,Oil & Gas Equipment & Services,S&P 600,106.64,71,61,92,78,73.48,3654705509.243866,49730652.0,0.1348,-21.1,537490,780960,730748,-0.431
1702,NRIM,Financial Services,Banks - Regional,NASDAQ,106.63,71,68,60,70,26.33,549668147.4943085,22244766.0,0.023599999,-14.57,177570,208050,169424,0.062
1703,AME,Industrials,Specialty Industrial Machinery,S&P 500,106.62,71,67,69,76,240.01,51765499400.644104,229203002.0,0.0186,-1.3,1151110,1134193,1153356,0.113
1704,MDB,Technology,Software - Infrastructure,NASDAQ,106.6,71,80,40,78,325.88,27011751871.03479,80499934.0,0.0497,-26.72,1274480,1520716,2062350,0.252
1705,DLX,Industrials,Conglomerates,S&P 600,106.59,71,65,91,91,25.98,1112094883.6065598,45784061.0,0.1065,-18.99,337030,429460,411234,0.003
1706,NML,Financial Services,Asset Management,NYSE ARCA,106.59,71,64,77,64,10.29,554690902.9586334,56658928.0,0.0011999999,-3.92,114940,111350,129720,
1707,EVT,Financial Services,Asset Management,NYSE,106.59,71,67,65,64,28.07,2015636893.5259552,74542782.0,0.64,3.12,84810,96070,102280,-0.085
1708,VALE,Basic Materials,Other Industrial Metals & Mining,NYSE,106.59,71,71,84,93,14.99,69276203181.25,4263150965.0,0.0117,-16.44,19727390,21728000,21945466,0.027
1709,WHG,Financial Services,Asset Management,NYSE,106.58,71,70,29,62,19.15,156172109.1934967,9487978.0,0.0148,0.84,14030,29766,25386,0.074
1710,JLL,Real Estate,Real Estate Services,S&P 400,106.57,71,53,61,75,361.72,13097370044.984436,46393575.0,0.0174,-0.37,429870,421176,397082,0.111
1711,OLMA,Healthcare,Biotechnology,NASDAQ,106.52,71,71,90,99,11.82,1152113105.8375425,87347471.0,0.1612,-67.4,876490,1578273,1510070,
1712,ENOV,Healthcare,Medical Devices,S&P 600,106.49,71,15,27,15,29.3,1305519853.6067123,57562603.0,0.1741,-20.42,896600,1184243,1133970,0.054
1713,CWT,Utilities,Utilities - Regulated Water,S&P 600,106.48,71,58,35,38,50.5,2699382024.87117,59853262.0,0.039100002,0.12,440570,523290,539998,0.052
1714,JPM,Financial Services,Banks - Diversified,S&P 500,106.47,70,60,56,61,350.85,802004555979.8041,2679511418.0,0.0101,4.03,7975400,10205273,9696404,0.127
1715,XYZ,Technology,Software - Infrastructure,S&P 500,106.47,70,69,73,21,82.59,45067106046.53931,595181000.0,0.0456,0.11,4315570,5350193,5657662,0.049
1716,CSW,Industrials,Specialty Industrial Machinery,S&P 600,106.47,70,42,54,46,313.4,4520007226.431244,16319483.0,0.093,-7.01,185600,160930,150214,0.34
1717,ARGX,Healthcare,Biotechnology,NASDAQ,106.42,70,78,57,66,872.58,52245169359.99756,62494970.0,0.0346,-6.64,296810,341763,337162,0.626
1718,UNM,Financial Services,Insurance - Life,S&P 400,106.42,70,70,60,44,86.77,13298176575.40821,159776235.0,0.0248,1.76,1647590,1630716,1483490,0.085
1719,NVCR,Healthcare,Medical Devices,NASDAQ,106.39,70,74,81,18,15.23,1973588923.6372375,115820940.0,0.0999,-20.88,2286930,1934350,1745460,0.123
1720,COP,Energy,Oil & Gas E&P,S&P 500,106.38,70,38,81,69,119.03,138861155007.59207,1218294007.0,0.0229,-12.39,6122150,7286743,7120118,-0.053
1721,SFBS,Financial Services,Banks - Regional,S&P 600,106.38,70,68,47,64,89.22,4263153448.997612,54662823.0,0.0608,-1.57,319350,380386,311664,0.185
1722,BATRK,Communication Services,Entertainment,NASDAQ,106.37,70,72,75,35,50.8,3181533423.7242966,64143821.0,0.028199999,-2.4,386380,600823,508774,0.525
1723,UAA,Consumer Cyclical,Apparel Manufacturing,S&P 600,106.35,70,65,52,61,6.83,2502527067.250988,426324892.0,0.3096,-16.2,7315340,8812973,8151160,-0.008
1724,MTN,Consumer Cyclical,Resorts & Casinos,S&P 400,106.35,70,43,31,35,152.82,4760575831.086884,35633051.0,0.344,-11.15,769200,830500,814930,-0.047
1725,CNMD,Healthcare,Medical Devices,S&P 600,106.3,70,18,20,21,46.98,1074898248.771492,30109194.0,0.0904,-22.15,632210,772553,664402,-0.013
1726,WAFD,Financial Services,Banks - Regional,S&P 600,106.29,70,76,71,67,36.43,2627474450.2703857,73888480.0,0.059,-5.6,659290,664706,593962,0.092
1727,KEY,Financial Services,Banks - Regional,S&P 500,106.29,70,71,72,84,22.61,23126533842.320145,1084225688.0,0.0,-3.17,11740800,11273953,11598642,0.118
1728,CLST,Financial Services,Banks - Regional,NASDAQ,106.29,70,61,70,73,16.75,64506184.62913513,4051896.0,0.0022,-7.76,2250,2490,2900,0.017
1729,HQY,Healthcare,Health Information Services,S&P 400,106.28,70,42,33,24,100.99,7356153615.836525,83602157.0,0.071,-13.42,707680,895113,966394,0.072
1730,SHEL,Energy,Oil & Gas Integrated,NYSE,106.28,70,36,77,59,90.51,233803774104.67096,2779407590.0,0.0183,-4.63,7765651,6725414,6833480,0.007
1731,BWMX,Consumer Cyclical,Specialty Retail,NYSE,106.27,70,84,77,90,17.59,644692235.3096008,37243920.0,0.0093,-11.12,110410,72196,71386,0.003
1732,GPN,Industrials,Specialty Business Services,S&P 500,106.26,70,43,38,26,86.84,20655270797.921974,273543507.0,0.0639,-4.19,3180100,3489040,3813010,0.631
1733,MDGL,Healthcare,Biotechnology,NASDAQ,106.25,70,62,82,76,493.11,11464887297.632965,23055659.0,0.1988,-19.82,392510,419496,359660,1.268
1734,RDN,Financial Services,Insurance - Specialty,S&P 600,106.24,70,58,60,45,38.81,4541103146.304047,132975196.0,0.0388,-0.08,997710,1397836,1367388,0.588
1735,ATNI,Communication Services,Telecom Services,NASDAQ,106.23,70,80,88,93,23.5,433124818.1330681,15380853.0,0.019299999,-22.82,57310,77426,73532,0.016
1736,FGBIP,Financial Services,Banks - Regional,NASDAQ,106.21,70,70,64,50,19.8,,,1.12,-7.74,2650,1236,1288,0.945
1737,SQM,Basic Materials,Specialty Chemicals,NYSE,106.19,70,82,93,94,68.43,24527719357.48767,285637808.0,1.3,-30.17,1062490,997106,1109000,0.698
1738,ULS,Industrials,Specialty Business Services,S&P 400,106.17,70,76,80,38,92.16,20055529942.5,201563115.0,0.0356,-14.3,715750,1159080,985750,0.075
1739,AM,Energy,Oil & Gas Midstream,S&P 400,106.15,70,65,77,63,21.55,9955580365.142822,474980000.0,0.0317,-9.59,2034640,2389373,2273804,0.086
1740,REPX,Energy,Oil & Gas E&P,NYSE ARCA,106.15,70,61,85,55,33.52,721607160.8040733,21695947.0,0.0377,-19.29,210630,240276,274374,0.112
1741,ITUB,Financial Services,Banks - Regional,NYSE,106.12,70,62,77,89,8.44,86850167457.92142,11021594695.0,0.0064,-12.08,18640990,20738920,21227206,-0.021
1742,BHF,Financial Services,Insurance - Life,S&P 400,106.11,70,59,61,72,63.45,3593233807.922344,57445785.0,0.132,-4.34,570000,541716,516360,-0.362
1743,FNB,Financial Services,Banks - Regional,S&P 400,106.07,70,70,65,77,18.99,6222249665.572636,355963949.0,0.099,-0.78,7255030,6019603,5400444,0.096
1744,CVX,Energy,Oil & Gas Integrated,S&P 500,106.07,70,43,77,75,192.31,363386935552.04266,1991597732.0,0.0101,-10.43,7221970,8859550,8981188,0.023
1745,UTMD,Healthcare,Medical Instruments & Supplies,NASDAQ,106.03,70,68,66,62,69.57,211578451.53312683,3184025.0,0.0509,-3.12,43100,28086,21020,-0.102
1746,LTC,Real Estate,REIT - Healthcare Facilities,S&P 600,106.01,70,60,64,61,40.3,1914698261.1503296,51181456.0,0.053400002,-1.23,483720,612963,574654,-0.19
1747,HOMB,Financial Services,Banks - Regional,S&P 400,106.0,70,50,34,58,31.16,5389823245.579874,201413423.0,0.0651,1.07,1967760,2198476,1911382,0.024
1748,NSTS,Financial Services,Banks - Regional,NASDAQ,106.0,70,65,58,51,13.82,66554846.152519226,4833322.0,0.0015,-0.14,9970,9856,11562,0.153
1749,HCI,Financial Services,Insurance - Property & Casualty,S&P 600,106.0,70,56,34,48,182.02,1966674062.052246,12764808.0,0.0304,-13.53,147410,182340,174124,0.122
1750,LINE,Real Estate,REIT - Industrial,NASDAQ,105.98,70,74,32,28,42.85,10111018514.909649,227674365.0,0.111499995,-8.81,1095530,1055273,1027836,0.004
1751,GITS,Communication Services,Internet Content & Information,NASDAQ,105.98,70,88,11,96,2.13,7826063.460479736,3674208.0,0.0031,-69.96,36420,1338893,869500,
1752,CW,Industrials,Aerospace & Defense,S&P 400,105.95,70,79,83,85,716.66,27617583076.909668,36941164.0,0.019299999,-5.79,222700,283286,282844,0.134
1753,BIO,Healthcare,Medical Devices,S&P 400,105.94,70,54,30,51,326.72,8362464437.051697,26761598.0,0.0,-4.78,352560,327783,357162,0.011
1754,NMIH,Financial Services,Insurance - Specialty,S&P 600,105.92,70,49,38,59,43.44,2727391002.823906,75971891.0,0.028199999,0.56,401880,591353,572434,0.059
1755,BXP,Real Estate,REIT - Office,S&P 500,105.92,70,62,31,35,71.67,9570237966.232494,159477391.0,0.0926,-9.66,1792810,1553346,1478734,0.006
1756,DGICA,Financial Services,Insurance - Property & Casualty,NASDAQ,105.9,70,53,29,60,19.76,628731737.4700565,37049603.0,0.0355,-6.17,96800,154346,138512,-0.037
1757,PH,Industrials,Specialty Industrial Machinery,S&P 500,105.85,70,66,64,84,962.79,106496347356.7262,126086389.0,0.0111,-6.97,564240,603840,689568,0.106
1758,SKYW,Industrials,Airlines,S&P 600,105.8,70,37,21,37,108.26,3396903128.166786,39660281.0,0.0448,-12.65,573770,490113,450778,0.068
1759,HRB,Consumer Cyclical,Personal Services,S&P 400,105.79,70,37,13,14,44.29,4879000580.192799,126760207.0,0.22600001,-25.0,1780830,1968766,2126186,0.053
1760,TCBX,Financial Services,Banks - Regional,NYSE,105.79,70,57,38,72,43.7,634812608.6107597,16592071.0,0.0253,-0.32,160540,148706,125378,0.256
1761,GFR,Energy,Oil & Gas E&P,NYSE,105.78,70,58,80,71,6.33,706165284.3542099,125429000.0,0.001,-9.83,200280,189380,174650,-0.191
1762,SLDE,Financial Services,Insurance - Property & Casualty,NASDAQ,105.78,70,57,54,34,20.23,2065503284.0415916,114559246.0,0.101,-21.89,1151130,1443123,1246122,0.382
1763,PBHC,Financial Services,Banks - Regional,NASDAQ,105.77,70,68,41,26,16.28,85713994.00666809,6256496.0,0.0014,2.01,6840,17810,14374,-0.042
1764,RRR,Consumer Cyclical,Resorts & Casinos,S&P 600,105.76,70,63,35,76,64.93,3413223775.3680344,58465634.0,0.1149,-5.88,584120,691523,755394,0.019
1765,SPFI,Financial Services,Banks - Regional,NASDAQ,105.75,70,60,55,72,44.68,777126157.7814102,19145754.0,0.0167,-0.91,177770,194460,157012,0.106
1766,SOTK,Technology,Scientific & Technical Instruments,NASDAQ,105.74,70,87,76,51,5.13,77625911.07914782,15713747.0,0.00090000004,-10.0,38840,46943,46708,-0.036
1767,FTDR,Consumer Cyclical,Personal Services,S&P 600,105.72,70,81,62,47,73.52,4359481587.106003,70234922.0,0.053000003,3.89,445140,644950,588156,0.059
1768,THW,Financial Services,Asset Management,NYSE,105.7,70,70,66,66,13.28,520289821.2278223,40363833.0,0.0033000002,0.68,203810,181463,147378,
1769,SPKLU,Financial Services,Shell Companies,NASDAQ,105.7,70,62,45,60,12.83,,,32.85,-17.23,0,720,1052,
1770,DLO,Technology,Software - Infrastructure,NASDAQ,105.69,70,65,73,61,14.97,3490031816.350711,294269133.0,0.1089,-10.79,1843340,2779960,2658228,0.549
1771,NTWK,Technology,Software - Application,NASDAQ,105.67,70,82,42,36,4.28,55344087.42780304,11876414.0,0.0011999999,-25.57,10170,23940,26680,0.13
1772,AOD,Financial Services,Asset Management,NYSE,105.65,70,66,72,71,10.41,1101915863.087677,105446496.0,0.54,-3.34,479350,392650,418550,0.177
1773,PCG,Utilities,Utilities - Regulated Electric,S&P 500,105.64,69,48,53,46,17.78,35984352391.552826,2202224728.0,0.0,-7.2,23672170,19812506,18491824,0.15
1774,INTT,Technology,Semiconductor Equipment & Materials,NYSE ARCA,105.64,69,94,97,73,12.35,211588825.7972145,12564657.0,0.0139999995,-38.25,161000,227213,254734,0.272
1775,CLS,Technology,Electronic Components,NYSE,105.63,69,88,96,92,352.59,44309487390.90637,114973107.0,0.0301,-18.94,3359100,2302523,2278858,0.528
1776,DB,Financial Services,Banks - Regional,NYSE,105.63,69,56,27,78,37.03,61795184144.67198,1913163641.0,0.0019,-8.41,2027970,2248033,2666108,0.012
1777,PLX,Healthcare,Biotechnology,NYSE ARCA,105.62,69,70,31,80,2.27,170006156.16769838,80571642.0,0.054,-28.84,443840,631623,626784,2.337
1778,KRC,Real Estate,REIT - Office,S&P 400,105.61,69,71,35,34,39.54,3984874769.1182137,116278807.0,0.1304,-12.19,1609300,1423516,1515622,-0.003
1779,CHI,Financial Services,Asset Management,NASDAQ,105.61,69,78,73,57,12.38,1030625706.9346352,80706787.0,0.0042,-3.36,180740,188860,174618,-0.302
1780,VVV,Consumer Cyclical,Auto & Truck Dealerships,S&P 400,105.59,69,60,34,54,38.39,4304342666.25,127536079.0,0.1429,-7.11,1727150,1996810,1998762,0.25
1781,NRXP,Healthcare,Biotechnology,NASDAQ,105.57,69,87,80,16,3.12,160132147.40405273,36228992.0,0.1356,-31.95,869960,916476,1204576,
1782,NTST,Real Estate,REIT - Retail,S&P 600,105.56,69,69,67,70,21.59,1978849937.3555183,97672750.0,0.3533,1.36,1531250,2531790,2064608,0.243
1783,AKR,Real Estate,REIT - Retail,S&P 600,105.53,69,58,67,55,22.43,2940047505.9392967,133517141.0,0.2775,-0.31,1313080,1616156,1579306,-0.012
1784,BHVN,Healthcare,Biotechnology,NYSE,105.53,69,82,14,24,13.82,1657676534.3606758,150560990.0,0.205,-25.56,2070260,3132140,3110168,
1785,DSX,Industrials,Marine Shipping,NYSE,105.5,69,60,86,84,2.3,293589837.3896606,124402479.0,0.0479,-21.23,520070,586190,801518,-0.088
1786,PLRZ,Healthcare,Biotechnology,NASDAQ,105.48,69,92,82,74,11.62,32139630.30281067,1871848.0,0.020499999,-36.15,62280,49940,43762,
1787,NSC,Industrials,Railroads,S&P 500,105.48,69,62,69,71,333.93,68492184625.82181,224594001.0,0.032,2.43,1395600,1179260,1182784,0.002
1788,VATE,Industrials,Engineering & Construction,NYSE,105.48,69,98,96,28,8.12,207765612.93524933,13641866.0,0.0448,-51.41,87310,123326,102420,0.33
1789,RL,Consumer Cyclical,Apparel Manufacturing,S&P 500,105.47,69,72,70,74,385.91,21657997946.141052,59516346.0,0.1022,-1.91,478360,618373,712404,0.166
1790,EGO,Basic Materials,Gold,NYSE,105.45,69,52,62,93,32.74,8813930988.955536,260535930.0,1.63,-36.0,2215570,2544926,2551040,0.499
1791,LGCY,Consumer Defensive,Education & Training Services,NYSE ARCA,105.44,69,56,76,68,12.11,140564137.83626747,12652038.0,0.0047,-17.62,45980,45270,47646,0.15
1792,GHC,Consumer Defensive,Education & Training Services,S&P 400,105.43,69,58,61,72,1225.52,4726120370.605469,4307084.0,0.0544,0.06,20280,21820,19560,0.06
1793,SDRL,Energy,Oil & Gas Drilling,NYSE,105.41,69,60,90,81,43.24,2949563947.86322,62530508.0,0.0715,-22.05,693820,964486,834242,0.088
1794,ADX,Financial Services,Asset Management,NYSE,105.41,69,69,68,62,25.2,3124359144.0,122523888.0,0.0061000003,-1.75,352120,297120,281354,-0.153
1795,COLD,Real Estate,REIT - Industrial,NYSE,105.4,69,79,26,25,14.46,4476451836.160816,285306052.0,0.0832,-20.02,4153050,4407630,4510350,0.003
1796,CCD,Financial Services,Asset Management,NASDAQ,105.4,69,77,73,54,24.43,729434574.7641945,28582859.0,0.0021,-4.38,67020,76216,77902,
1797,BATRA,Communication Services,Entertainment,NASDAQ,105.37,69,73,74,39,54.36,3438108707.7242966,64143821.0,0.0652,-3.03,51790,62320,55732,0.525
1798,WTFC,Financial Services,Banks - Regional,S&P 400,105.36,69,70,65,79,159.65,10132676095.712097,67447756.0,0.0327,-2.03,804190,673136,569180,0.104
1799,RLI,Financial Services,Insurance - Property & Casualty,S&P 400,105.33,69,45,22,35,61.23,4600594167.412056,91938331.0,0.0624,-20.73,1129640,991116,975308,0.04
1800,BGR,Financial Services,Asset Management,NYSE,105.31,69,52,80,68,16.37,394570650.5,25456171.0,0.001,-7.51,74890,98073,107416,-0.015
1801,AVIR,Healthcare,Biotechnology,NASDAQ,105.29,69,70,90,79,4.74,373726558.4355831,80027099.0,0.1224,-26.51,437670,404906,352560,
1802,RIVN,Consumer Cyclical,Auto Manufacturers,NASDAQ,105.28,69,61,57,45,16.83,21888721409.574238,1342866407.0,0.14109999,-25.83,24531920,37501103,35828926,0.114
1803,ACAD,Healthcare,Biotechnology,S&P 600,105.28,69,60,52,69,26.55,3708968918.07148,171235870.0,0.1058,-6.35,1288880,1729400,1528482,0.097
1804,EFSI,Financial Services,Banks - Regional,NASDAQ,105.28,69,69,53,70,41.02,213572352.00482178,5412376.0,0.0186,-0.24,65000,84896,64056,4.317
1805,AU,Basic Materials,Gold,NYSE,105.26,69,61,87,96,82.33,48964637348.10919,505624114.0,0.009,-36.25,2216190,3304630,3060742,0.649
1806,EDD,Financial Services,Asset Management,NYSE,105.26,69,67,59,76,5.83,355152833.7228184,64456047.0,0.47,-5.66,558980,528723,450382,
1807,SJ,Communication Services,Internet Content & Information,NASDAQ,105.25,69,40,77,94,1.0,50106064.01273918,42462768.0,0.0004,-38.65,33770,55176,68572,-0.08
1808,SBH,Consumer Cyclical,Specialty Retail,S&P 600,105.25,69,52,62,89,15.35,1267024668.6031857,95408486.0,0.2802,-14.34,1251480,1494656,1449252,0.023
1809,BOX,Technology,Software - Infrastructure,S&P 600,105.24,69,34,28,20,31.09,3734839685.8095856,138532634.0,0.1234,-19.87,2856790,2696576,2628714,0.136
1810,AEIS,Industrials,Electrical Equipment & Parts,S&P 400,105.23,69,92,96,93,274.26,12090420039.213196,40010657.0,0.0996,-30.99,747900,891823,937610,0.263
1811,EPD,Energy,Oil & Gas Midstream,NYSE,105.22,69,62,77,69,38.12,79595839170.85013,2163518271.0,0.0257,-5.1,3637560,3094400,3103312,-0.067
1812,BOH,Financial Services,Banks - Regional,S&P 600,105.2,69,69,71,70,79.87,3034969841.743126,39621017.0,0.0019,-3.47,570120,475833,408450,0.144
1813,FUND,Financial Services,Asset Management,NASDAQ,105.19,69,62,77,79,10.0,306730237.6825905,29895734.0,0.001,-4.21,20940,33386,28168,0.038
1814,GD,Industrials,Aerospace & Defense,S&P 500,105.18,69,58,60,70,382.2,93790599436.02985,270430187.0,0.0115,3.38,1319190,1352326,1230364,0.103
1815,CWBC,Financial Services,Banks - Regional,NASDAQ,105.16,69,76,64,81,25.15,651492292.2705269,27134206.0,0.030199999,-2.22,289290,439313,403252,0.111
1816,NXG,Financial Services,Asset Management,NYSE,105.15,69,81,77,64,56.22,330232334.5985565,5682883.0,0.22,-7.59,145360,134076,110786,
1817,JRS,Financial Services,Asset Management,NYSE,105.12,69,64,60,49,8.65,238940748.3959236,28892471.0,0.0007,3.22,83580,85686,82416,0.281
1818,KVUE,Consumer Defensive,Household & Personal Products,S&P 500,105.1,69,61,34,36,19.31,33177751101.405327,1920008668.0,0.037,-18.8,18400620,20811030,20198488,0.045
1819,WF,Financial Services,Banks - Regional,NYSE,105.1,69,34,80,89,70.3,14758826476.25542,242584261.0,0.0007,-17.01,160000,201803,192564,0.059
1820,B,Basic Materials,Gold,NYSE,105.09,69,58,82,95,37.7,71464358064.11389,1679538410.0,1.06,-31.07,7535280,8974350,10631942,0.667
1821,SPNT,Financial Services,Insurance - Reinsurance,S&P 600,105.04,69,64,74,66,23.66,2509524520.338764,117542130.0,0.0294,-2.71,753810,870456,815530,0.065
1822,ZBRA,Technology,Communication Equipment,S&P 500,104.97,69,56,25,24,288.57,11604923525.544922,47633392.0,0.1013,-18.17,750950,767710,931804,0.143
1823,GLRE,Financial Services,Insurance - Reinsurance,NASDAQ,104.96,69,56,82,61,16.65,519718242.69039917,33166448.0,0.014099999,-14.13,154560,177266,176758,-0.069
1824,FHI,Financial Services,Asset Management,S&P 400,104.94,69,53,65,67,59.47,4255663431.4301643,75912653.0,0.05,0.71,469360,605656,654604,0.131
1825,AHRT,Real Estate,REIT - Diversified,NYSE,104.94,69,68,32,50,7.06,517256242.4137974,75955396.0,0.0625,-8.43,618560,772253,876472,0.078
1826,EHLD,Industrials,Marine Shipping,NASDAQ,104.91,69,65,83,24,8.12,24448219.059562683,2816615.0,0.0045,-34.2,1280,2660,8510,1.66
1827,SMG,Basic Materials,Agricultural Inputs,S&P 400,104.9,69,65,50,65,68.31,3432734283.0,58181937.0,0.1197,-5.58,1111100,964970,950200,0.05
1828,CARL,Healthcare,Health Information Services,NASDAQ,104.88,69,37,15,27,12.66,310451936.9340458,27184933.0,0.0642,-26.35,89550,145390,166882,0.582
1829,AKTS,Healthcare,Biotechnology,NASDAQ,104.87,69,89,26,28,23.0,1146454238.1279964,55277447.0,0.1597,-21.12,268460,507353,395580,1.23
1830,DEA,Real Estate,REIT - Office,S&P 600,104.86,69,70,59,64,24.71,1113855967.257164,46449374.0,0.059,-0.93,303270,416440,394798,0.158
1831,KSPI,Technology,Software - Infrastructure,NASDAQ,104.85,69,68,60,28,89.04,17178465136.358597,190027266.0,0.015700001,-10.24,300200,328950,400502,0.313
1832,ESP,Industrials,Electrical Equipment & Parts,NYSE ARCA,104.85,69,83,90,93,58.4,173613682.1857071,2995922.0,0.0053,-21.89,59190,69273,54562,0.109
1833,VRNS,Technology,Software - Infrastructure,NASDAQ,104.83,68,81,20,10,39.93,4010840056.261009,117447727.0,0.085200004,-37.51,2250810,2564380,2229948,0.269
1834,GOOG,Communication Services,Internet Content & Information,S&P 500,104.82,68,85,89,91,333.68,4560616554154.057,12115444154.0,2.39,-17.5,22419750,22930250,23172482,0.218
1835,GOOGL,Communication Services,Internet Content & Information,S&P 500,104.82,68,85,90,91,333.66,4607987985164.278,12115444154.0,0.014099999,-18.34,33416130,34529680,33816344,0.218
1836,H,Consumer Cyclical,Lodging,S&P 400,104.79,68,78,66,67,176.68,17077148921.631683,94161606.0,0.3549,-6.27,837760,827256,881706,-0.035
1837,POWI,Technology,Semiconductors,S&P 600,104.77,68,92,90,52,60.87,4680478656.0,55719984.0,0.1019,-31.61,655480,886343,1077196,0.026
1838,ENB,Energy,Oil & Gas Midstream,NYSE,104.76,68,57,71,62,55.43,119535545422.36192,2183696415.0,0.022,-5.17,2880170,3522883,3880502,0.208
1839,ASGI,Financial Services,Asset Management,NYSE,104.76,68,61,75,78,23.82,762096839.5629406,31622275.0,2.81,-8.21,268240,197223,186518,
1840,ECVT,Basic Materials,Specialty Chemicals,NYSE,104.75,68,69,91,84,12.09,1443691408.0314903,109453484.0,0.023699999,-19.85,1152630,1756570,1781566,0.502
1841,MTX,Basic Materials,Specialty Chemicals,S&P 600,104.74,68,64,80,74,72.51,2388292588.585739,31008734.0,0.0229,-14.03,195120,272630,225028,0.112
1842,TOWN,Financial Services,Banks - Regional,NASDAQ,104.72,68,60,51,61,38.21,3110524705.9880447,91298055.0,3.7,0.92,703010,751866,669750,0.362
1843,PETZ,Consumer Cyclical,Restaurants,NASDAQ,104.66,68,73,31,43,1.18,12387922.092251778,10323268.0,0.0007,-29.76,28660,16610,549936,0.446
1844,CBSH,Financial Services,Banks - Regional,S&P 400,104.66,68,60,35,37,59.44,7612483368.710632,145777158.0,0.0397,-5.94,1215630,1326993,1280120,0.173
1845,CRT,Energy,Oil & Gas E&P,NYSE,104.65,68,46,80,42,10.17,63179998.39782715,6000000.0,0.0043,-8.38,15890,18800,20142,-0.619
1846,FRME,Financial Services,Banks - Regional,NASDAQ,104.65,68,66,58,63,43.24,2539816414.2174644,63022741.0,0.021300001,0.05,540410,523803,438000,-0.025
1847,GSK,Healthcare,Drug Manufacturers - General,NYSE,104.6,68,58,69,89,52.07,101375689037.73103,2005850558.0,0.0068,-15.61,6018100,4323813,4105560,0.015
1848,SA,Basic Materials,Gold,NYSE,104.59,68,56,86,93,26.88,3671018514.977829,107622939.0,0.0429,-32.9,479530,582066,783842,
1849,BTX,Financial Services,Asset Management,NYSE,104.59,68,84,79,33,7.9,1071400580.4371567,116710299.0,0.34,-15.78,726330,713726,751168,
1850,NOVTU,Technology,Scientific & Technical Instruments,NASDAQ,104.59,68,82,62,76,60.0,,,0.57,-20.07,21300,29890,43216,0.104
1851,PNFP,Financial Services,Banks - Regional,S&P 400,104.57,68,53,54,53,104.84,14769179482.081024,151106812.0,0.0354,-12.97,1572100,1372840,1322700,1.564
1852,DE,Industrials,Farm & Heavy Construction Machinery,S&P 500,104.57,68,73,69,71,599.47,146354671109.41925,269937425.0,0.0202,-11.08,1159290,1216153,1369776,-0.111
1853,DTM,Energy,Oil & Gas Midstream,S&P 400,104.53,68,71,81,74,136.77,14279935801.788666,102014118.0,0.0473,-10.54,801570,778610,719154,0.109
1854,L,Financial Services,Insurance - Property & Casualty,S&P 500,104.5,68,61,58,71,116.37,21307367427.106766,205768873.0,0.025899999,1.28,784140,872563,895848,0.014
1855,VAL,Energy,Oil & Gas Drilling,S&P 400,104.5,68,71,96,76,75.58,6414792191.194305,69251780.0,0.1397,-33.77,947420,973276,924026,-0.25
1856,CACC,Financial Services,Credit Services,S&P 600,104.5,68,86,58,52,555.67,6000315281.663696,10460071.0,0.2875,-4.16,139140,180410,166538,0.127
1857,EG,Financial Services,Insurance - Reinsurance,S&P 500,104.5,68,55,57,39,375.36,12822386147.754822,39571602.0,0.0348,1.92,424810,431423,428230,-0.047
1858,VG,Energy,Oil & Gas Midstream,NYSE,104.48,68,29,85,32,13.24,29911670586.42926,2484358030.0,0.861,-32.1,18702520,14943256,14760166,0.589
1859,PB,Financial Services,Banks - Regional,S&P 400,104.46,68,56,48,56,74.82,6954939261.104774,100854689.0,0.0582,-3.08,1001290,1417430,1192480,0.199
1860,DGXX,Utilities,Utilities - Independent Power Producers,NASDAQ,104.45,68,96,89,20,3.8,706212660.9958882,90424157.0,0.09,-58.7,4529950,4750150,7025444,-0.268
1861,DXPE,Industrials,Industrial Distribution,S&P 600,104.44,68,84,87,81,154.78,2249200520.8652344,15505312.0,0.0427,-15.84,110040,159230,151016,0.095
1862,WRBY,Healthcare,Medical Instruments & Supplies,S&P 600,104.41,68,78,42,69,26.02,3008977642.894577,122715236.0,0.14039999,-16.06,2482340,3233926,3224890,0.083
1863,MCFT,Consumer Cyclical,Recreational Vehicles,NASDAQ,104.39,68,70,66,77,24.66,564136690.4761505,24222270.0,0.0422,-13.29,128950,154750,154894,0.03
1864,HRI,Industrials,Rental & Leasing Services,NYSE,104.35,68,73,33,79,145.92,4441275783.0,33393051.0,0.0862,-22.53,668540,624010,580862,0.323
1865,UE,Real Estate,REIT - Retail,S&P 600,104.34,68,67,67,63,22.81,2827888732.6619377,126019994.0,0.051999997,-0.52,777720,1036033,947106,0.054
1866,IRON,Healthcare,Biotechnology,NASDAQ,104.34,68,67,41,78,79.21,2657510610.072563,38199089.0,0.1732,-20.39,342860,684320,575544,
1867,BSM,Energy,Oil & Gas E&P,NYSE,104.34,68,49,59,68,14.8,2881491017.528268,212499331.0,0.0226,-4.45,339340,312750,333672,0.085
1868,BDX,Healthcare,Medical Instruments & Supplies,S&P 500,104.32,68,47,45,63,165.45,40537506274.82776,275540427.0,0.0348,-11.69,1726010,2467550,2416844,0.052
1869,MYSE,Technology,Software - Application,NASDAQ,104.3,68,82,37,17,2.39,8981562.233214855,5074329.0,0.0706,-58.58,91930,233556,496198,
1870,CSTL,Healthcare,Diagnostics & Research,NASDAQ,104.3,68,35,57,82,26.79,639355385.8460083,30329952.0,0.0478,-39.5,382770,370220,354520,-0.049
1871,GOLF,Consumer Cyclical,Leisure,S&P 600,104.29,68,85,67,85,100.39,5198428753.8628845,58554053.0,0.1266,-4.22,267610,358583,340870,0.071
1872,BFC,Financial Services,Banks - Regional,NASDAQ,104.29,68,71,68,81,151.29,1560201211.0292053,11222854.0,0.0336,-1.12,116430,106206,106204,0.491
1873,MIAX,Financial Services,Capital Markets,NYSE,104.25,68,42,80,70,46.0,4484359813.5,94907086.0,0.047399998,-19.5,1129010,2107373,2029962,0.13
1874,FRSH,Technology,Software - Application,NASDAQ,104.25,68,37,20,15,11.26,2684175772.1151266,276434167.0,0.0922,-29.84,14486230,23064030,18853930,0.165
1875,NGS,Energy,Oil & Gas Equipment & Services,NYSE,104.24,68,78,89,87,35.89,495115734.8882103,12598365.0,0.0226,-18.65,137550,149810,132906,0.171
1876,ALX,Real Estate,REIT - Retail,NYSE,104.21,68,77,64,74,265.83,1256955145.0172424,5107290.0,0.1691,1.91,26730,30786,33880,-0.027
1877,WMK,Consumer Defensive,Grocery Stores,NYSE,104.17,68,65,35,52,77.68,1805613273.295807,24744597.0,0.1537,-1.73,143450,172936,164308,0.046
1878,AMX,Communication Services,Telecom Services,NYSE,104.16,68,67,82,67,25.32,76280856477.64206,3005550000.0,0.0046,-8.92,2126690,1530303,1475526,0.021
1879,ET,Energy,Oil & Gas Midstream,NYSE,104.15,68,60,73,56,20.24,65967023602.629616,3441159277.0,0.0105,-2.22,9047450,8408090,8822258,0.321
1880,ABCB,Financial Services,Banks - Regional,S&P 600,104.14,68,74,73,77,87.57,5673430763.641663,67292503.0,0.050300002,-0.48,597700,605223,544174,0.128
1881,IHD,Financial Services,Asset Management,NYSE,104.14,68,77,77,78,7.18,134083108.1451459,17735861.0,0.0069999998,-5.4,52260,68976,90700,
1882,ABNB,Consumer Cyclical,Travel Services,S&P 500,104.13,68,63,63,38,152.08,79120139836.14337,593504923.0,0.0337,3.28,3604430,3703556,3758122,0.179
1883,IBEX,Technology,Information Technology Services,NASDAQ,104.13,68,37,28,71,35.47,423631622.0679321,13389116.0,0.0126,-17.49,85410,108593,104512,0.168
1884,TMO,Healthcare,Diagnostics & Research,S&P 500,104.11,68,50,29,57,576.77,183027291356.26587,371621465.0,0.0128999995,-10.44,2747980,2336663,2374862,0.062
1885,EOD,Financial Services,Asset Management,NYSE,104.11,68,70,72,69,6.44,285957663.21008015,43065914.0,1.04,-3.16,83210,96966,95380,
1886,HBNB,Real Estate,Real Estate Services,NASDAQ,104.06,68,56,81,93,5.45,1390152386.2314405,234032386.0,0.0001,-71.73,3900,5123,5752,8.926
1887,GAIN,Financial Services,Asset Management,NASDAQ,104.06,68,64,79,54,16.22,629187086.1954374,39821967.0,0.0159,-5.37,164520,205300,221400,-0.086
1888,BTI,Consumer Defensive,Tobacco,NYSE,104.06,68,63,65,80,61.69,133587861655.48871,2161965685.0,0.0034999999,-8.34,4101640,4440103,4235108,0.001
1889,IAE,Financial Services,Asset Management,NYSE,104.05,68,78,70,76,8.4,92775392.2802782,10750335.0,0.32,-3.0,69540,78150,76388,
1890,NCV,Financial Services,Asset Management,NYSE,104.04,68,73,73,65,16.8,395610316.60121727,22593393.0,0.0023999999,-4.55,121400,83956,80950,-0.105
1891,CINF,Financial Services,Insurance - Property & Casualty,S&P 500,103.99,68,70,54,67,174.73,24350786642.400116,154686742.0,0.0221,0.26,920360,1007953,862434,0.116
1892,HUBG,Industrials,Integrated Freight & Logistics,S&P 600,103.97,67,72,54,88,45.41,2540316861.3877106,61153510.0,0.0713,-14.74,715680,786310,776092,-0.053
1893,ITW,Industrials,Specialty Industrial Machinery,S&P 500,103.94,67,52,39,70,283.7,71142455648.80371,287700000.0,0.0328,-6.42,1867360,1581920,1503784,0.046
1894,NCZ,Financial Services,Asset Management,NYSE,103.92,67,73,74,66,15.26,302940710.33179283,19028939.0,0.00059999997,-4.27,89520,70383,69490,-0.104
1895,ANET,Technology,Computer Hardware,S&P 500,103.92,67,81,84,56,171.02,200799751814.93207,1259169438.0,0.02,-4.88,6240610,7976583,8295158,0.351
1896,BMEZ,Financial Services,Asset Management,NYSE,103.92,67,60,43,57,15.6,918145598.5333672,62501404.0,0.0016,-1.27,113380,169086,170876,
1897,SHLS,Technology,Solar,NASDAQ,103.92,67,87,76,92,8.9,2088759089.6500654,167771817.0,0.113299996,-32.47,5576690,5796596,5582340,0.749
1898,KHC,Consumer Defensive,Packaged Foods,S&P 500,103.9,67,54,30,35,26.38,28470521359.782963,1185777638.0,0.098500006,-9.63,14340740,13877663,13810992,0.008
1899,CAF,Financial Services,Asset Management,NYSE,103.89,67,79,76,78,19.33,338542863.52591705,16817828.0,0.27,-6.03,27330,22523,23856,
1900,GCMG,Financial Services,Asset Management,NASDAQ,103.87,67,70,39,24,12.43,641873050.8603048,60383165.0,0.0349,-5.98,617520,585876,517628,-0.012
1901,PLMR,Financial Services,Insurance - Property & Casualty,S&P 600,103.87,67,53,30,53,136.3,2836974376.1050186,26503871.0,0.0335,-22.49,239730,329313,295282,0.597
1902,SBCF,Financial Services,Banks - Regional,S&P 600,103.86,67,63,56,76,34.57,2947549607.3846207,97246772.0,0.0591,-2.76,1100320,1228103,1014036,0.241
1903,RCMT,Industrials,Conglomerates,NASDAQ,103.85,67,81,88,34,28.48,153163342.86593628,7087614.0,0.0423,-12.37,27240,50200,60588,-0.017
1904,DG,Consumer Defensive,Discount Stores,S&P 500,103.82,67,37,46,91,127.5,24359233389.61548,220226320.0,0.0423,-19.42,2166110,2694316,3256128,0.059
1905,QNST,Communication Services,Advertising Agencies,S&P 600,103.81,67,59,29,14,15.5,719216058.6964035,57445370.0,0.1325,-9.52,752770,725430,743326,0.283
1906,PUMP,Energy,Oil & Gas Equipment & Services,NYSE,103.8,67,90,96,90,10.82,1871135081.8247986,122616976.0,0.1475,-41.51,5677140,4815943,5137778,-0.247
1907,RBRK,Technology,Software - Infrastructure,NYSE,103.75,67,77,27,14,71.58,16182826839.406403,205809836.0,0.1,-30.5,2081940,3138356,3722578,0.463
1908,LSTR,Industrials,Integrated Freight & Logistics,S&P 400,103.75,67,86,79,74,169.34,7019746441.91864,33928210.0,0.0497,-18.68,574900,505113,503630,0.016
1909,IOSP,Basic Materials,Specialty Chemicals,S&P 600,103.73,67,54,33,50,86.07,2042899098.314392,24631047.0,0.019199999,-6.59,146520,175946,180548,0.028
1910,KVAC,Financial Services,Shell Companies,NASDAQ,103.7,67,51,52,53,13.25,67509948.72034264,5506521.0,0.0001,5.58,23170,9513,6772,
1911,PRGS,Technology,Software - Infrastructure,S&P 600,103.69,67,61,12,26,40.34,1381440843.348236,42078610.0,0.1445,-38.41,625860,916006,785994,0.041
1912,VRSN,Technology,Software - Infrastructure,S&P 500,103.62,67,35,60,36,286.58,25969580444.335938,91000000.0,0.0229,-8.29,954270,887266,851194,0.066
1913,SLB,Energy,Oil & Gas Equipment & Services,S&P 500,103.61,67,62,86,86,48.91,81555394266.91153,1495057661.0,0.047,-16.85,15572150,15857236,15006362,0.027
1914,LTM,Industrials,Airlines,NYSE,103.6,67,69,36,93,53.94,15714494734.85836,292743939.0,0.0155,-23.4,690160,749313,778238,0.219
1915,TBPH,Healthcare,Biotechnology,NASDAQ,103.59,67,64,73,92,16.85,827941232.767725,51553005.0,0.15529999,-19.88,601390,841113,650382,0.15
1916,AFBI,Financial Services,Banks - Regional,NASDAQ,103.58,67,58,69,63,23.0,136952061.7649746,6094885.0,0.0013,2.22,24530,13400,11784,0.042
1917,PROF,Healthcare,Medical Devices,NASDAQ,103.57,67,57,61,63,7.25,247459305.89074373,36337637.0,0.0681,-18.99,139800,98350,82020,1.036
1918,MPAA,Consumer Cyclical,Auto Parts,NASDAQ,103.56,67,73,30,74,13.76,212473159.3012371,19210954.0,0.0832,-24.06,78400,119533,124744,-0.099
1919,AFG,Financial Services,Insurance - Property & Casualty,S&P 400,103.55,67,56,56,50,141.7,10784573826.958603,83086083.0,0.023599999,-5.55,373000,494103,491506,0.003
1920,BROS,Consumer Cyclical,Restaurants,S&P 400,103.54,67,79,45,27,65.43,7957172076.0,137192622.0,0.4441,-15.99,2412700,2948293,3198468,0.308
1921,KURA,Healthcare,Biotechnology,NASDAQ,103.52,67,82,75,37,9.31,905498506.0676336,88774365.0,0.18090001,-25.46,1144040,1576606,1852324,0.295
1922,ADUS,Healthcare,Medical Care Facilities,S&P 600,103.51,67,34,31,31,116.68,1711186669.3760376,18664776.0,0.0591,-6.24,237910,267570,240282,0.077
1923,CMT,Basic Materials,Specialty Chemicals,NYSE ARCA,103.49,67,65,86,75,23.33,202864557.88329506,8563299.0,0.0212,-18.68,28100,29203,28226,-0.047
1924,CLPT,Healthcare,Medical Devices,NASDAQ,103.48,67,90,19,26,14.58,379967765.4980221,29989563.0,0.1549,-51.56,514440,878013,740358,0.429
1925,GP,Industrials,Farm & Heavy Construction Machinery,NASDAQ,103.46,67,72,8,3,1.49,5582546.381945014,5029321.0,0.0336,-76.79,151850,242786,214374,0.177
1926,FBK,Financial Services,Banks - Regional,S&P 600,103.46,67,56,50,74,60.1,2714771142.0232925,51523462.0,0.045500003,-3.63,377300,431100,391970,0.319
1927,GRWG,Consumer Cyclical,Specialty Retail,NASDAQ,103.44,67,73,49,31,1.45,106961809.18078542,60090905.0,0.026099999,-39.58,227800,271363,320656,0.075
1928,EGY,Energy,Oil & Gas E&P,NYSE,103.42,67,64,92,80,5.3,558603421.4279566,107012154.0,0.045700002,-21.13,1115920,1410576,1307654,-0.433
1929,MGYR,Financial Services,Banks - Regional,NASDAQ,103.42,67,46,56,68,19.0,111805206.76932907,6462729.0,0.0011999999,-5.0,3320,3753,3488,0.072
1930,DVN,Energy,Oil & Gas E&P,S&P 500,103.42,67,49,87,84,44.17,51314906166.378815,1153403107.0,0.024,-16.2,10048080,12933983,13464176,-0.008
1931,RIG,Energy,Oil & Gas Drilling,NYSE,103.41,67,71,95,90,5.08,6850846369.849333,1106760308.0,0.2189,-33.68,45252230,41264943,36502770,0.193
1932,OKE,Energy,Oil & Gas Midstream,S&P 500,103.41,67,59,76,59,89.07,52884959135.04614,630032852.0,0.047399998,-7.29,3582530,3776423,3716488,0.196
1933,NLY,Real Estate,REIT - Mortgage,S&P 400,103.4,67,64,66,72,23.08,16011160883.181948,732776229.0,0.0,-5.87,7935940,8249940,8007010,0.488
1934,TFX,Healthcare,Medical Instruments & Supplies,S&P 600,103.4,67,56,57,23,132.3,5694919916.019608,44270211.0,0.08229999,-5.28,402940,438616,510842,0.323
1935,SBUX,Consumer Cyclical,Restaurants,S&P 500,103.38,67,67,75,59,105.85,113012656173.70605,1139700000.0,0.0506,-2.78,8729590,7703256,7808446,0.088
1936,CQP,Energy,Oil & Gas Midstream,NYSE,103.36,67,55,75,55,65.06,28593076897.888405,484054123.0,0.016,-7.9,94480,128433,126842,0.204
1937,PRKS,Consumer Cyclical,Leisure,S&P 600,103.35,67,71,22,20,45.54,1891548788.9861755,47135528.0,0.38880002,-20.04,661900,723973,826288,-0.03
1938,AFRI,Consumer Defensive,Farm Products,NASDAQ,103.35,67,59,65,63,10.44,274222000.6071758,26963815.0,0.0337,-8.58,15530,27066,21234,-0.222
1939,ZYME,Healthcare,Biotechnology,NASDAQ,103.35,67,79,89,90,22.71,1848913176.104288,73573945.0,0.0908,-23.66,377410,542816,611814,-0.911
1940,LANDO,Real Estate,REIT - Specialty,NASDAQ,103.31,67,55,63,51,21.79,,,2.83,1.35,20570,17520,16774,-0.018
1941,HIPO,Financial Services,Insurance - Property & Casualty,NYSE,103.29,67,45,34,32,31.88,673549194.6402111,26035917.0,0.0247,-18.21,147790,178093,151098,0.089
1942,A,Healthcare,Diagnostics & Research,S&P 500,103.28,67,57,29,41,138.71,38249026609.23541,282218158.0,0.0221,-13.45,2414430,2333973,2501998,0.1
1943,CPSS,Financial Services,Credit Services,NASDAQ,103.28,67,64,70,38,9.57,213947843.4503889,21698565.0,0.0162,-8.77,19940,25053,23586,0.079
1944,ESNT,Financial Services,Insurance - Specialty,S&P 400,103.28,67,52,43,60,66.46,5334729009.154358,92152860.0,0.036199998,-0.94,456180,811473,801552,0.058
1945,KYTX,Healthcare,Biotechnology,NASDAQ,103.26,67,86,95,96,7.49,517975234.0698395,60795212.0,0.1024,-45.21,919800,1322263,1089718,
1946,KNOP,Energy,Oil & Gas Midstream,NYSE,103.23,67,63,84,87,10.37,380083275.0,34553025.0,0.0083,-11.97,50570,69230,79004,0.068
1947,NMI,Financial Services,Asset Management,NYSE,103.22,67,60,45,53,10.88,120206528.87935638,11276410.0,0.0044,-2.68,22290,16870,16306,0.046
1948,MLP,Real Estate,Real Estate Services,NYSE,103.22,67,46,31,51,17.88,336307785.64219666,19864606.0,0.029000001,-12.09,16260,19940,18116,-0.413
1949,IMPP,Energy,Oil & Gas Midstream,NASDAQ,103.21,67,68,87,29,4.68,231041798.4166746,45213658.0,0.1035,-28.77,190810,249680,384900,0.923
1950,AEBI,Industrials,Farm & Heavy Construction Machinery,NASDAQ,103.2,67,63,27,83,12.97,967276404.5205116,77506125.0,0.1759,-60.7,342940,323250,272988,0.828
1951,CBOE,Financial Services,Financial Data & Stock Exchanges,S&P 500,103.12,66,33,83,68,296.52,34908315935.5376,104653784.0,0.0298,-20.11,1133940,1515183,1576958,0.065
1952,KPTI,Healthcare,Biotechnology,NASDAQ,103.11,66,91,90,58,7.01,206232789.94522667,22662943.0,0.234,-36.21,1105790,732713,591050,0.168
1953,BOC,Industrials,Conglomerates,NYSE,103.1,66,67,30,32,14.05,391608765.63950825,30404407.0,0.069,-4.8,102360,146516,184324,0.019
1954,AON,Financial Services,Insurance Brokers,S&P 500,103.07,66,40,29,36,366.57,67503129979.5119,213576949.0,0.0135,-3.79,1700400,1684860,1617948,0.065
1955,AIRG,Technology,Communication Equipment,NASDAQ,103.05,66,85,90,49,5.74,88350183.94051552,12675780.0,0.0127,-22.33,91000,77430,90370,-0.042
1956,FMS,Healthcare,Medical Care Facilities,NYSE,103.05,66,33,32,39,25.7,11585877974.281158,537129260.0,1.44,-11.59,617340,607263,690518,-0.055
1957,OVLY,Financial Services,Banks - Regional,NASDAQ,103.03,66,65,70,78,33.41,276886901.4962082,8413458.0,0.0069,-5.81,32280,38390,54216,0.061
1958,HAS,Consumer Cyclical,Leisure,S&P 500,103.02,66,39,75,87,94.53,12192252670.562805,141490692.0,0.056700002,-11.64,3110850,2428920,2312838,0.127
1959,CELC,Healthcare,Biotechnology,NASDAQ,103.02,66,97,99,99,87.64,6480064587.556641,48766288.0,0.2945,-41.97,1447680,1667503,1701678,
1960,SMC,Energy,Oil & Gas Midstream,NYSE,102.99,66,64,76,52,30.5,368150716.6302681,13814286.0,0.0153,-8.96,45790,52573,65436,0.049
1961,PROV,Financial Services,Banks - Regional,NASDAQ,102.98,66,58,64,56,17.76,106000067.22118759,6253691.0,0.007900001,1.95,5640,5196,6286,-0.112
1962,LINK,Technology,Electronic Components,NASDAQ,102.98,66,62,18,14,4.07,84577535.78755474,15750007.0,0.0377,-59.71,18490,22690,34894,0.154
1963,CBFV,Financial Services,Banks - Regional,NASDAQ,102.97,66,67,58,74,37.62,181802379.014019,5072611.0,0.020299999,-0.34,6290,8246,6922,0.202
1964,MXF,Financial Services,Asset Management,NYSE,102.93,66,61,68,83,21.7,320990650.20049095,14420065.0,0.00090000004,-5.65,45480,37123,41134,0.172
1965,ACGL,Financial Services,Insurance - Diversified,S&P 500,102.93,66,50,47,65,101.14,31214464512.417114,349389588.0,0.0271,-2.18,2137980,2052010,2212792,-0.033
1966,RSKD,Technology,Software - Application,NYSE,102.91,66,61,56,26,5.24,702895901.4436169,144036042.0,0.019299999,-7.75,530740,901926,978292,0.071
1967,KMT,Industrials,Tools & Accessories,S&P 600,102.9,66,72,86,93,33.32,2499691320.2563057,76210103.0,0.0608,-23.94,938350,1010096,1136820,0.218
1968,LAR,Basic Materials,Other Industrial Metals & Mining,NYSE,102.9,66,95,98,97,5.93,1703873537.5022888,163834000.0,0.036199998,-50.79,1969940,1725836,1861474,
1969,HYNE,Financial Services,Banks - Regional,NASDAQ,102.87,66,66,64,41,16.33,118476350.85753822,7451343.0,0.024400001,1.18,5580,12010,16812,0.129
1970,ABLV,Consumer Cyclical,Specialty Retail,NASDAQ,102.86,66,90,17,25,0.86,54328915.3775475,49389922.0,0.0061000003,-51.41,35270,68263,88174,-0.106
1971,BLIN,Technology,Software - Infrastructure,NASDAQ,102.85,66,64,27,8,1.17,15371852.74048543,12599879.0,0.0011999999,-32.76,51060,128556,103714,0.011
1972,RCG,Financial Services,Asset Management,NYSE ARCA,102.82,66,57,52,50,3.0,19012780.327630997,7015786.0,0.0036000002,-9.37,8620,6156,6038,-0.462
1973,DRS,Industrials,Aerospace & Defense,NASDAQ,102.81,66,39,39,39,45.62,13007318914.368694,266762087.0,0.0128999995,-7.48,939420,1134960,1045908,0.059
1974,ALRM,Technology,Software - Application,S&P 600,102.8,66,36,34,28,54.22,2231166929.318344,49460583.0,0.0764,-9.6,412590,560623,533024,0.11
1975,EURKU,Financial Services,Shell Companies,NASDAQ,102.79,66,53,45,47,12.09,,,,4.22,10,26,188,
1976,TAK,Healthcare,Drug Manufacturers - Specialty & Generic,NYSE,102.78,66,33,59,79,17.25,50428391734.13199,3159673660.0,0.0011999999,-8.73,4424520,3537293,3338456,0.039
1977,POET,Technology,Semiconductors,NASDAQ,102.77,66,92,78,38,7.28,2121197533.1560078,172595406.0,0.0962,-65.02,11425110,14493506,24512258,10.753
1978,SRV,Financial Services,Asset Management,NYSE,102.76,66,77,82,58,44.98,220497856.99442673,4667609.0,0.8,-12.54,94760,74126,67524,
1979,FLG,Financial Services,Banks - Regional,S&P 400,102.76,66,72,65,73,14.25,5860420790.222586,416815122.0,0.0002,-4.49,5327240,5304943,4879876,0.212
1980,OC,Industrials,Building Products & Equipment,S&P 400,102.76,66,76,29,46,138.82,10132073072.004707,80528319.0,0.0699,-12.92,944260,1240886,1180120,-0.105
1981,GASS,Industrials,Marine Shipping,NASDAQ,102.76,66,51,87,76,8.84,341364608.8281708,37185686.0,0.0037,-16.21,82060,117560,136636,-0.094
1982,AMCR,Consumer Cyclical,Packaging & Containers,S&P 500,102.74,66,52,24,53,45.15,17948259544.703293,462345690.0,0.0728,-11.37,3860640,3500456,3562498,0.774
1983,CHY,Financial Services,Asset Management,NASDAQ,102.73,66,76,72,59,12.43,1060360129.4782085,80330314.0,0.0038,-6.26,228210,177330,188968,-0.285
1984,CP,Industrials,Railroads,NYSE,102.72,66,61,64,57,88.16,79292615334.36435,887736404.0,0.0138,-3.61,2553360,2687460,2768488,-0.025
1985,HESM,Energy,Oil & Gas Midstream,NYSE,102.72,66,56,66,40,40.27,4813158037.5,128350881.0,0.0851,-8.77,823970,919970,1180654,0.021
1986,GLV,Financial Services,Asset Management,NYSE ARCA,102.71,66,69,62,67,6.29,79297879.10312843,12409684.0,0.0007,-2.02,51810,47103,50040,-0.063
1987,YIBO,Technology,Computer Hardware,NASDAQ,102.71,66,36,51,11,1.26,60418904.290196896,59234221.0,0.0039,-30.77,234710,87496,57684,0.113
1988,CRWS,Consumer Cyclical,"Furnishings, Fixtures & Appliances",NASDAQ,102.7,66,65,39,47,2.95,30702647.465735435,10697787.0,0.0029,-10.06,51290,51896,46902,-0.113
1989,UCB,Financial Services,Banks - Regional,S&P 600,102.7,66,65,59,74,35.29,3943674978.163662,119686643.0,0.042,-4.03,1128310,1115796,1018214,0.144
1990,UTF,Financial Services,Asset Management,NYSE,102.69,66,59,62,59,27.82,3011046000.1917343,111810099.0,0.0007,1.72,218880,252566,271622,
1991,CECO,Industrials,Pollution & Treatment Controls,NASDAQ,102.68,66,93,92,94,65.54,2681509067.25,35873031.0,0.1753,-28.76,1071440,889250,964262,0.165
1992,ACVA,Consumer Cyclical,Auto & Truck Dealerships,NYSE,102.67,66,58,7,13,8.03,1147022783.5494833,174584894.0,0.1092,-53.21,2744720,3091400,3093290,0.118
1993,EMO,Financial Services,Asset Management,NYSE,102.65,66,57,71,61,51.04,991524639.9039383,20014627.0,0.0002,-7.03,35290,44613,47176,
1994,JOF,Financial Services,Asset Management,NYSE,102.64,66,65,68,79,11.36,334339942.8042612,28333893.0,0.15,-10.97,93740,84690,78286,0.423
1995,SFD,Consumer Defensive,Packaged Foods,NASDAQ,102.64,66,37,69,63,26.59,10163517673.270067,393477263.0,0.0709,-10.79,994380,1256270,1232312,0.008
1996,GNT,Financial Services,Asset Management,NYSE,102.59,66,64,76,82,8.02,131591848.522336,16185959.0,0.0001,-13.76,110660,122730,129386,
1997,MPLX,Energy,Oil & Gas Midstream,NYSE,102.58,66,58,66,65,57.61,55455199291.71078,1014733719.0,0.018099999,-3.95,1801570,1480370,1518898,-0.028
1998,GGAL,Financial Services,Banks - Regional,NASDAQ,102.58,66,69,18,25,51.61,8589594894.341106,169453445.0,0.21110001,-17.45,847990,1017713,1234504,0.062
1999,WPC,Real Estate,REIT - Diversified,S&P 400,102.57,66,57,66,69,74.08,16576243786.252518,222739105.0,0.060700003,-2.13,1445450,1676130,1598510,0.089
2000,TEI,Financial Services,Asset Management,NYSE,102.56,66,65,64,80,6.64,304151014.62243176,47228418.0,0.00090000004,-5.14,95120,118926,129714,0.06
2001,ADAMN,Real Estate,REIT - Mortgage,NASDAQ,102.55,66,62,66,55,23.79,,,2.12,-0.75,5860,8173,7316,0.107
2002,CAMP,Healthcare,Biotechnology,NASDAQ,102.53,66,87,87,81,3.47,227954255.06715775,51925800.0,0.0092,-55.23,189450,285790,216720,0.508
2003,REGN,Healthcare,Biotechnology,S&P 500,102.52,66,30,59,76,738.34,64452943164.416016,104839032.0,0.027999999,-10.08,854630,929683,1014674,0.19
2004,BPYPP,Real Estate,Real Estate Services,NASDAQ,102.5,66,55,65,61,16.09,,,0.88,-3.83,14180,18463,16810,-0.028
2005,AMP,Financial Services,Asset Management,S&P 500,102.5,66,41,34,62,544.46,40068028541.47644,89897084.0,0.0544,-1.04,595550,742530,700878,0.09
2006,CL,Consumer Defensive,Household & Personal Products,S&P 500,102.49,66,60,40,68,91.6,72121060312.51442,800189310.0,0.0277,-7.78,4534760,4912446,5086562,0.084
2007,BANR,Financial Services,Banks - Regional,S&P 600,102.49,66,56,55,49,69.84,2207916295.0,33967943.0,0.0469,0.01,427780,405446,326868,0.083
2008,MGLD,Financial Services,Asset Management,NYSE ARCA,102.49,66,68,72,78,1.1,49538838.77295828,43077252.0,0.0033000002,-20.29,6600,14870,20202,0.023
2009,BC,Consumer Cyclical,Recreational Vehicles,S&P 400,102.48,66,72,69,89,79.75,5442259065.680374,64974438.0,0.0001,-11.63,828320,735283,690796,0.128
2010,NWE,Utilities,Utilities - Regulated Electric,S&P 400,102.47,65,69,73,76,69.73,4343081047.301514,61508016.0,0.047199998,-7.25,328450,452780,496294,0.066
2011,CBU,Financial Services,Banks - Regional,S&P 600,102.47,65,68,62,67,65.08,3344595649.483017,52554929.0,0.0529,-3.59,278580,358866,319964,0.095
2012,IOT,Technology,Software - Infrastructure,NYSE,102.44,65,34,35,12,35.8,20389026747.239525,582710082.0,0.1258,-26.04,6234630,5888446,6446396,0.283
2013,PAYX,Technology,Software - Application,S&P 500,102.44,65,32,21,20,116.33,34747050842.138695,358290881.0,0.064,-27.85,3687780,3751336,3461484,0.199
2014,CABA,Healthcare,Biotechnology,NASDAQ,102.41,65,82,94,78,2.72,616347124.2149649,163054796.0,0.1551,-35.7,2212100,5311233,4578706,
2015,FCNCA,Financial Services,Banks - Regional,NASDAQ,102.4,65,57,48,65,2156.23,23063987729.894043,11586974.0,0.059499998,-3.4,85160,90513,85082,0.049
2016,ACNT,Basic Materials,Chemicals,NASDAQ,102.35,65,60,56,85,15.52,122467814.9739027,9038215.0,0.0493,-13.39,40830,82910,73666,0.089
2017,NMAD,Industrials,Electrical Equipment & Parts,NASDAQ,102.35,65,98,74,69,4.17,,,,,387480,477530,406522,
2018,PRTH,Technology,Software - Infrastructure,NASDAQ,102.34,65,76,22,18,6.61,526249525.30439854,82355170.0,0.0402,-25.65,280560,535353,415498,0.111
2019,HIG,Financial Services,Insurance - Diversified,S&P 500,102.34,65,41,52,67,143.05,34850250393.677216,274130820.0,0.0002,-1.0,1921350,1803893,1858940,0.061
2020,PII,Consumer Cyclical,Recreational Vehicles,S&P 400,102.33,65,71,74,86,68.19,4014456787.8297195,56886167.0,0.1337,-9.38,945180,913780,867180,0.075
2021,RGT,Financial Services,Asset Management,NYSE,102.33,65,59,66,71,15.05,95095723.97788239,6562852.0,0.0011,0.4,11830,16790,15514,
2022,ELV,Healthcare,Healthcare Plans,S&P 500,102.31,65,77,67,38,376.4,85386076722.38159,217162380.0,0.031400003,-7.75,1318360,1678096,1666912,0.026
2023,BFS,Real Estate,REIT - Retail,S&P 600,102.31,65,68,64,63,34.66,850408883.2961426,24535744.0,0.0034,-3.05,77920,102713,90768,0.089
2024,GGZ,Financial Services,Asset Management,NYSE,102.27,65,64,72,75,16.15,121240874.80173111,7707621.0,0.0001,-3.87,5260,7546,6910,
2025,TRSG,Industrials,Metal Fabrication,NASDAQ,102.26,65,64,31,19,1.51,21259531.02020502,16353486.0,0.0054,-23.74,4430,8090,10680,0.109
2026,REG,Real Estate,REIT - Retail,S&P 500,102.26,65,60,65,58,80.36,14162536427.11647,183096790.0,0.0291,-1.59,1435810,1434860,1478280,0.1
2027,VZ,Communication Services,Telecom Services,S&P 500,102.25,65,33,66,71,46.11,199633477221.35754,4175558910.0,0.021,-10.78,28762800,33414270,28997806,0.029
2028,ESS,Real Estate,REIT - Residential,S&P 500,102.24,65,65,55,35,281.86,17520321462.294067,64261739.0,0.045,-4.16,489690,502190,490592,0.064
2029,OMF,Financial Services,Credit Services,NYSE,102.24,65,57,39,67,63.4,6390017113.777618,115530952.0,0.0372,-11.86,1070050,1168986,1109052,0.091
2030,FHN,Financial Services,Banks - Regional,S&P 400,102.23,65,65,65,77,25.45,11499989391.727207,474617813.0,0.0002,-4.18,5788820,5511540,5006026,0.097
2031,RVT,Financial Services,Asset Management,NYSE,102.19,65,69,74,70,18.0,2271072229.6906757,122363809.0,0.0383,-4.66,412710,393056,356094,0.119
2032,SATA,Financial Services,Asset Management,NASDAQ,102.19,65,59,71,36,97.21,,,1.03,-4.08,134890,350176,488096,0.882
2033,BORR,Energy,Oil & Gas Drilling,NYSE,102.18,65,76,96,96,3.99,1546520592.9627857,308686731.0,0.094799995,-40.05,3751940,4811033,7078976,0.14
2034,CVCO,Consumer Cyclical,Residential Construction,S&P 600,102.18,65,66,38,42,562.4,4122608563.157715,7683979.0,0.0828,-21.12,101230,113616,127366,0.082
2035,SYY,Consumer Defensive,Food Distribution,S&P 500,102.17,65,61,33,69,84.71,36251022345.04199,478182608.0,0.033099998,-7.77,2714860,3348140,3309700,0.047
2036,ICLR,Healthcare,Diagnostics & Research,NASDAQ,102.16,65,75,13,30,165.53,10418516473.545837,76567325.0,0.0434,-21.55,1038130,969560,1048404,0.124
2037,AIO,Financial Services,Asset Management,NYSE,102.15,65,78,69,46,25.06,926410135.9625492,34439039.0,0.19,-7.87,81140,79586,78600,
2038,COLM,Consumer Cyclical,Apparel Manufacturing,S&P 400,102.12,65,64,62,54,62.79,3384497630.166931,51140792.0,0.1173,-8.07,616850,562176,529552,0.001
2039,PSA,Real Estate,REIT - Industrial,S&P 500,102.11,65,68,58,42,317.45,53311488638.69849,175545748.0,0.0513,1.26,1626630,1202866,1094398,0.032
2040,GCV,Financial Services,Asset Management,NYSE,102.11,65,70,70,72,4.51,93635009.93971825,20050323.0,0.0004,-4.25,26680,38573,56674,
2041,BDJ,Financial Services,Asset Management,NYSE,102.1,65,61,57,67,9.69,1638507860.6394253,176944689.0,0.00029999999,-0.72,372360,510526,523322,-0.04
2042,ETO,Financial Services,Asset Management,NYSE,102.1,65,64,63,67,30.89,507540622.60715866,16388138.0,0.28,-0.83,29930,31950,35460,0.234
2043,CRGY,Energy,Oil & Gas E&P,S&P 600,102.1,65,34,89,57,11.17,3817708958.259098,330251628.0,0.1154,-21.83,5585430,6307956,6151024,0.245
2044,FWONA,Communication Services,Entertainment,NASDAQ,102.09,65,50,36,30,91.99,21045868199.10672,250605708.0,0.0544,-7.57,141450,183836,163948,0.183
2045,ABM,Industrials,Specialty Business Services,S&P 600,102.08,65,53,27,44,47.6,2286292029.582596,58532820.0,0.0659,-10.09,426860,550440,604898,0.061
2046,SSB,Financial Services,Banks - Regional,S&P 400,102.06,65,55,49,69,105.26,9254047074.25,97668043.0,0.0286,-2.95,873280,897270,814348,0.228
2047,BCO,Industrials,Security & Protection Services,S&P 400,102.06,65,30,39,78,117.48,4283650394.3180237,41181028.0,0.1308,-13.85,654400,595253,509748,0.103
2048,ADIL,Healthcare,Biotechnology,NASDAQ,102.06,65,25,1,4,3.29,5144690.604431629,2143621.0,0.0239,-82.68,44630,67633,542158,
2049,INTG,Consumer Cyclical,Lodging,NASDAQ,102.05,65,95,95,93,27.46,83287949.5132904,2148812.0,0.0126,-37.36,108050,110380,88898,0.211
2050,THQ,Financial Services,Asset Management,NYSE,102.03,65,60,58,63,18.84,773637661.4114285,41437475.0,0.0070999996,-7.6,237960,283530,224856,
2051,MNR,Energy,Oil & Gas E&P,NYSE,102.02,65,50,71,33,13.48,2215127022.819131,166801737.0,0.030199999,-13.59,239200,275240,352086,0.438
2052,MOD,Consumer Cyclical,Auto Parts,NYSE,102.02,65,91,93,93,193.91,14730850787.767181,52815785.0,0.0725,-40.01,1862350,1823313,1676992,0.475
2053,DAN,Consumer Cyclical,Auto Parts,S&P 600,101.99,65,57,93,93,27.06,3832626085.074543,108235699.0,0.0416,-31.6,1170050,1791156,1662764,0.049
2054,VRDN,Healthcare,Biotechnology,NASDAQ,101.99,65,29,12,92,19.9,1945735849.5145988,110427682.0,0.134,-41.97,1749310,2311870,2036184,0.958
2055,TJX,Consumer Cyclical,Apparel Retail,S&P 500,101.99,65,45,64,68,159.26,171124757199.25,1105814263.0,0.0128,-3.96,4879800,5647630,5972038,0.092
2056,ALSN,Consumer Cyclical,Auto Parts,S&P 400,101.98,65,65,82,78,115.44,9415721821.689789,82935981.0,0.0505,-16.12,889720,1364716,1190020,0.836
2057,GDRX,Healthcare,Health Information Services,NASDAQ,101.98,65,59,23,13,3.17,988932114.9988804,338675373.0,0.1166,-45.44,1141090,1100523,1277118,-0.044
2058,TSAT,Technology,Communication Equipment,NASDAQ,101.97,65,89,95,64,37.44,825016338.2266846,15218896.0,0.062800005,-36.67,183040,216856,264600,-0.254
2059,IBOC,Financial Services,Banks - Regional,S&P 400,101.96,65,63,56,62,76.34,4486998794.754517,62181244.0,0.033800002,1.19,269940,394623,366006,0.054
2060,CII,Financial Services,Asset Management,NYSE,101.95,65,75,75,70,23.92,1068441188.1328125,40983552.0,0.0138,-8.6,101770,79550,73626,-0.045
2061,VSEC,Industrials,Aerospace & Defense,S&P 600,101.95,65,82,48,83,191.55,5194781521.552734,28057152.0,0.09060001,-17.65,400530,509490,484682,0.268
2062,MASS,Healthcare,Medical Devices,NASDAQ,101.92,65,84,43,71,7.64,318012546.84009933,37813621.0,0.18879999,-18.2,311130,329786,300334,0.136
2063,HRL,Consumer Defensive,Packaged Foods,S&P 500,101.88,65,50,23,44,25.37,12783816245.655804,550314959.0,0.0848,-20.37,3346930,4087126,5176740,-0.029
2064,TFC,Financial Services,Banks - Regional,S&P 500,101.87,65,61,62,81,52.01,60063838707.11346,1245879275.0,0.0231,-7.46,8219640,9052040,9395878,0.052
2065,AWP,Financial Services,Asset Management,NYSE,101.85,65,56,60,57,12.15,358365717.45787716,30629549.0,1.64,-4.41,285100,197050,162618,0.461
2066,ETG,Financial Services,Asset Management,NYSE,101.82,65,63,60,68,23.63,1780590107.8171005,76321908.0,0.06,-0.17,84500,85740,96226,0.442
2067,DORM,Consumer Cyclical,Auto Parts,S&P 600,101.77,65,61,28,39,133.18,3703075158.162979,29882789.0,0.0726,-20.2,250680,303873,280384,0.042
2068,BGSF,Industrials,Staffing & Employment Services,NYSE,101.77,65,56,86,93,5.25,54876030.7734251,10717975.0,0.003,-36.13,10370,8780,10088,-0.0
2069,AURA,Healthcare,Biotechnology,NASDAQ,101.76,64,55,83,30,7.11,772297566.5686369,103386558.0,0.0366,-25.43,357150,597773,556332,
2070,RGS,Consumer Cyclical,Personal Services,NASDAQ,101.76,64,56,73,31,27.43,70565490.1480751,2498778.0,0.024300002,-12.92,6760,6556,5970,-0.08
2071,HCC,Basic Materials,Coking Coal,S&P 600,101.75,64,61,80,90,80.4,4991897724.901642,52801964.0,0.1117,-23.68,737390,741926,807382,0.54
2072,CLSK,Financial Services,Capital Markets,S&P 600,101.73,64,80,66,18,14.54,4693371638.672195,256608606.0,0.4584,-38.42,23164920,22809783,23582026,-0.249
2073,PVH,Consumer Cyclical,Apparel Manufacturing,S&P 400,101.73,64,41,79,26,87.01,4297787047.917267,46074047.0,0.1232,-13.12,801140,975610,1121612,0.056
2074,NBN,Financial Services,Banks - Regional,NASDAQ,101.72,64,79,77,84,122.9,1075750948.1237793,8555360.0,0.0529,-9.38,143550,143170,150836,0.346
2075,MATW,Industrials,Conglomerates,S&P 600,101.68,64,55,73,70,27.75,828112733.0866852,31202438.0,0.13520001,-10.28,233230,333350,315476,-0.395
2076,GUT,Financial Services,Asset Management,NYSE,101.67,64,64,63,62,6.35,561789527.9110231,89599606.0,0.0082,0.32,251260,282040,248034,0.219
2077,SNFCA,Financial Services,Insurance - Life,NASDAQ,101.64,64,51,62,35,9.4,252567489.23366737,26037886.0,0.0106,-6.0,26950,38066,35221,-0.036
2078,BLCO,Healthcare,Medical Instruments & Supplies,NYSE,101.63,64,51,68,64,16.99,5579793866.692173,356536358.0,0.0556,-10.18,520650,435070,440750,0.094
2079,CTAS,Industrials,Specialty Business Services,S&P 500,101.62,64,28,24,36,206.79,68527440042.042465,400136881.0,0.0399,-9.79,2695300,2474143,2386796,0.089
2080,ADAML,Real Estate,REIT - Mortgage,NASDAQ,101.6,64,62,65,60,24.45,,,0.58,0.04,7100,9223,9682,0.107
2081,FWONK,Communication Services,Entertainment,NASDAQ,101.59,64,49,35,29,100.0,22752492458.75638,250605708.0,0.0376,-8.56,1809150,2123640,1990932,0.183
2082,EA,Communication Services,Electronic Gaming & Multimedia,S&P 500,101.56,64,53,66,72,209.59,50581589658.57312,250751484.0,0.0444,2.29,2861480,2501613,2227906,0.119
2083,LMAT,Healthcare,Medical Instruments & Supplies,S&P 600,101.56,64,53,81,38,102.19,2162822481.2174606,22850739.0,0.0635,-13.41,265550,338670,320172,0.112
2084,WEAV,Healthcare,Health Information Services,NYSE,101.53,64,52,24,16,6.56,478985121.18240595,79565635.0,0.0583,-34.66,993500,1131166,1062886,0.174
2085,RCL,Consumer Cyclical,Travel Services,S&P 500,101.53,64,49,29,77,321.94,76336337897.68579,268194978.0,0.0674,-12.16,2849360,2668256,2821462,0.113
2086,AFRM,Financial Services,Credit Services,NASDAQ,101.52,64,86,56,30,73.25,24665279823.264656,334898565.0,0.0647,-26.75,3671480,4023013,4381580,0.326
2087,XRN,Real Estate,REIT - Healthcare Facilities,NYSE,101.5,64,67,55,62,35.67,476983285.31684875,13234830.0,0.0477,-10.67,71500,91433,119630,0.101
2088,MMSI,Healthcare,Medical Instruments & Supplies,S&P 600,101.49,64,24,15,27,83.35,3761835238.2234764,59654855.0,0.0652,-13.84,917490,859263,802050,0.075
2089,SCHW,Financial Services,Capital Markets,S&P 500,101.49,64,45,36,66,104.33,151913483882.7398,1739135507.0,0.0,-2.95,8773290,10193880,10878100,0.158
2090,AGNC,Real Estate,REIT - Mortgage,NASDAQ,101.46,64,66,67,78,10.92,11949943546.359894,1147929272.0,0.08140001,-10.42,23923660,18951926,17070618,
2091,IGA,Financial Services,Asset Management,NYSE,101.46,64,54,55,58,10.17,151726372.14704895,15341392.0,0.0017,0.59,63570,55566,50014,-0.066
2092,CEPU,Utilities,Utilities - Regulated Electric,NYSE,101.42,64,61,53,64,15.5,2362283248.5,149986238.0,0.003,-16.23,196970,228723,275614,0.631
2093,ATOM,Technology,Semiconductor Equipment & Materials,NASDAQ,101.42,64,96,98,12,5.09,386385662.2772217,38716000.0,0.1547,-58.84,604170,812650,1072406,1.75
2094,TOL,Consumer Cyclical,Residential Construction,S&P 400,101.42,64,68,55,73,150.03,12972884971.313477,93640000.0,0.0496,-10.89,831550,1066156,1118156,-0.076
2095,HNST,Consumer Defensive,Household & Personal Products,NASDAQ,101.41,64,69,50,11,3.72,385275152.5,110078615.0,0.106800005,-29.55,1171620,1295316,1383954,-0.197
2096,DNP,Financial Services,Asset Management,NYSE,101.39,64,61,64,58,10.94,4001841292.036234,376821218.0,0.0015,0.18,521270,644446,670158,0.089
2097,IHS,Real Estate,Real Estate Services,NYSE,101.39,64,60,74,86,8.2,2794369364.214897,336671000.0,0.0041,-8.38,470370,1025253,1109696,0.059
2098,HIVE,Financial Services,Capital Markets,NASDAQ,101.38,64,88,57,18,3.0,1144720595.5695105,253256770.0,1.81,-61.73,15535020,23991853,28457032,2.186
2099,VTMX,Real Estate,Real Estate - Development,NYSE,101.36,64,62,72,60,34.4,3215878151.250866,92013679.0,3.29,-8.05,123530,94326,97832,0.143
2100,ANIX,Healthcare,Biotechnology,NASDAQ,101.36,64,49,35,26,3.56,90525218.19873285,33527858.0,0.031,-34.8,315980,322850,242414,
2101,HRMY,Healthcare,Biotechnology,S&P 600,101.35,64,69,37,57,35.86,1828829643.6737213,57892676.0,0.153,-12.26,858460,851060,832412,0.166
2102,VLRS,Industrials,Airlines,NYSE,101.34,64,81,67,93,7.95,898168387.5162172,114855290.0,0.0279,-26.39,629730,678746,625144,0.136
2103,MEGI,Financial Services,Asset Management,NYSE,101.33,64,59,69,62,15.37,793724893.5,52047534.0,0.63,-3.27,134800,124263,128316,
2104,GGT,Financial Services,Asset Management,NYSE,101.31,64,63,64,60,4.03,181453813.5996437,41809633.0,0.0019,-8.2,365540,378806,337184,0.802
2105,DPG,Financial Services,Asset Management,NYSE,101.29,64,62,72,65,14.58,522155673.4613371,36488865.0,0.0011999999,-3.76,61560,58133,62512,
2106,HLT,Consumer Cyclical,Lodging,S&P 500,101.25,64,66,69,72,322.02,74591266403.19324,227648372.0,0.026400002,-6.59,2054390,2516486,2110494,0.11
2107,NOMD,Consumer Defensive,Packaged Foods,NYSE,101.24,64,35,13,31,12.41,1417482501.653489,139791169.0,0.0148,-32.3,1620930,1473070,1377430,-0.059
2108,HOV,Consumer Cyclical,Residential Construction,NYSE,101.24,64,70,25,45,129.36,645753223.8113708,5851334.0,0.0797,-20.18,168820,148886,135334,-0.027
2109,BCX,Financial Services,Asset Management,NYSE,101.22,64,54,76,85,11.83,920193723.0339813,76238090.0,0.0004,-14.65,180300,213743,199084,
2110,WATT,Technology,Communication Equipment,NASDAQ,101.19,64,98,98,37,14.03,154030828.0,5501101.0,0.1028,-62.06,166400,252260,250598,7.985
2111,GRX,Financial Services,Asset Management,NYSE,101.18,64,52,39,54,9.81,135757167.5496559,15050683.0,0.0005,-2.39,21140,23386,22366,
2112,CRAI,Industrials,Consulting Services,NASDAQ,101.16,64,18,31,39,183.95,896746522.5,6463038.0,0.041100003,-19.07,151260,173780,163390,0.105
2113,BBSI,Industrials,Staffing & Employment Services,NASDAQ,101.16,64,55,18,28,39.97,799171000.9450302,24559649.0,0.024,-19.5,212570,237070,239292,0.049
2114,GDV,Financial Services,Asset Management,NYSE,101.13,64,61,66,67,29.74,2556929704.265131,87446297.0,0.0004,0.54,90980,95816,114734,0.142
2115,STRRP,Industrials,Conglomerates,NASDAQ,101.13,64,58,66,61,10.1,,,0.75,-7.51,750,1093,4120,0.571
2116,NMAI,Financial Services,Asset Management,NYSE,101.13,64,66,67,63,13.8,474644166.824564,33425646.0,0.0031,-4.03,83280,94523,111394,
2117,HON,Industrials,Conglomerates,S&P 500,101.13,64,37,40,69,241.91,150720731272.0912,633653119.0,0.0171,-2.53,3598050,4749869,4837793,0.024
2118,GLQ,Financial Services,Asset Management,NYSE ARCA,101.12,64,72,68,72,8.12,163209034.6248026,18738121.0,0.0061000003,-6.77,52920,66976,82334,-0.297
2119,MCK,Healthcare,Medical Distribution,S&P 500,101.11,64,31,52,82,865.51,89244295917.90692,120204051.0,0.024,-13.36,918270,1125050,1130146,0.06
2120,GALT,Healthcare,Biotechnology,NASDAQ,101.1,64,86,22,66,3.23,165959381.70387936,65856898.0,0.1753,-54.7,350300,993706,723644,
2121,EXG,Financial Services,Asset Management,NYSE,101.1,64,62,60,66,9.71,2924748536.9358654,305936026.0,0.63,-0.72,362080,415133,424056,
2122,SKY,Consumer Cyclical,Residential Construction,S&P 600,101.09,64,62,37,53,80.32,4041834319.249527,54893854.0,0.067,-19.01,553880,737410,782702,0.046
2123,BMRN,Healthcare,Biotechnology,S&P 400,101.08,64,43,35,40,60.58,11073265629.977188,193284438.0,0.0589,-8.6,1687350,1807070,2041836,0.028
2124,HCAT,Healthcare,Health Information Services,NASDAQ,101.06,64,62,7,11,2.08,101973747.24764585,73894020.0,0.1528,-51.53,504480,1210450,1744890,-0.109
2125,ACV,Financial Services,Asset Management,NYSE,101.05,64,71,71,75,26.65,292752146.893692,10396028.0,0.92,-8.24,22950,20796,22158,
2126,FTS,Utilities,Utilities - Regulated Electric,NYSE,101.05,64,58,65,65,57.47,28170329545.600357,509132995.0,26.73,-2.23,816680,736233,757708,0.019
2127,PEN,Healthcare,Medical Devices,S&P 400,101.05,64,56,67,85,319.83,12519192097.380066,39331425.0,0.055999998,-11.75,441510,401706,415716,0.156
2128,LANDP,Real Estate,REIT - Specialty,NASDAQ,101.04,63,55,61,49,21.1,,,0.23,-0.38,23970,23210,23132,-0.018
2129,FSUN,Financial Services,Banks - Regional,NASDAQ,101.04,63,53,36,63,38.99,1656816227.9072762,46736705.0,0.0294,-7.91,302020,358043,280196,0.101
2130,GAM,Financial Services,Asset Management,NYSE,101.04,63,62,70,70,64.73,1531305058.380066,23986608.0,0.0004,-2.19,20500,27486,27750,-0.221
2131,DDS,Consumer Cyclical,Department Stores,NYSE,101.01,63,35,62,85,602.31,9217351818.058533,15617071.0,0.3066,-18.82,130840,125243,124500,0.027
2132,LSF,Consumer Defensive,Packaged Foods,NYSE ARCA,100.99,63,90,18,8,4.2,38625261.37505436,11004348.0,0.011,-46.15,43120,56653,61478,0.15
2133,IMCR,Healthcare,Biotechnology,NASDAQ,100.99,63,33,28,42,33.87,1469506401.8141174,50865574.0,0.19620001,-16.81,425380,643970,562826,0.136
2134,ABUS,Healthcare,Biotechnology,NASDAQ,100.97,63,62,65,36,4.41,900771946.2968016,197537710.0,0.1238,-13.53,1389680,2600580,2179550,100.545
2135,APD,Basic Materials,Specialty Chemicals,S&P 500,100.96,63,62,64,56,300.2,62043291646.01196,222680686.0,0.0143,-2.52,1163600,1459200,1358948,0.088
2136,MOH,Healthcare,Healthcare Plans,S&P 400,100.96,63,81,56,32,194.7,9044560317.993164,52100000.0,0.065,-37.5,2291870,1495820,1278918,-0.043
2137,SFWL,Industrials,Integrated Freight & Logistics,NASDAQ,100.96,63,30,29,32,1.02,76722688.6100682,82497514.0,0.001,-20.93,42540,27893,26270,0.116
2138,BEP,Utilities,Utilities - Renewable,NYSE,100.95,63,72,74,68,32.66,11248505588.12624,303275965.0,0.0054,-13.28,1312830,940893,918952,-0.042
2139,RMBI,Financial Services,Banks - Regional,NASDAQ,100.95,63,63,64,56,15.52,142003528.11686325,9779857.0,0.020599999,-3.21,46420,66220,59262,0.127
2140,CSWC,Financial Services,Asset Management,NASDAQ,100.94,63,66,71,68,23.59,1442907615.0513496,62140726.0,0.0716,-3.44,666500,690570,655218,-0.04
2141,HMC,Consumer Cyclical,Auto Manufacturers,NYSE,100.94,63,37,19,50,30.72,35020248412.879684,1297526814.0,0.0026,-11.95,1163920,1556840,1732954,0.086
2142,EVRG,Utilities,Utilities - Regulated Electric,S&P 500,100.92,63,64,65,61,83.25,18911288782.040977,230513025.0,0.065799996,-2.37,1820300,2112923,2061082,0.05
2143,TDY,Technology,Scientific & Technical Instruments,S&P 500,100.9,63,66,67,74,649.18,28716190398.29773,46329138.0,0.0376,-6.37,537590,423083,383474,0.076
2144,SABS,Healthcare,Biotechnology,NASDAQ,100.9,63,85,82,93,3.56,275270731.10781574,76464094.0,0.0373,-46.06,537600,765923,744472,
2145,RGEN,Healthcare,Medical Instruments & Supplies,S&P 400,100.88,63,53,24,47,143.6,6991739200.857239,56407740.0,0.1013,-18.3,1730470,1271053,1168554,0.148
2146,SCZM,Basic Materials,Other Industrial Metals & Mining,NASDAQ,100.87,63,49,95,99,6.78,755836661.4722309,92740699.0,5.41,-61.58,447800,455613,519898,0.814
2147,MLSS,Healthcare,Medical Instruments & Supplies,NYSE ARCA,100.84,63,36,27,7,0.39,34349315.04007459,88075170.0,0.014199999,-59.79,110550,166533,176654,-0.032
2148,CAAP,Industrials,Airports & Air Services,NYSE,100.83,63,60,49,84,26.11,4341724068.464521,163222707.0,0.047199998,-14.39,154060,194266,198282,0.188
2149,GDOT,Financial Services,Credit Services,NYSE,100.82,63,63,72,71,13.11,729475004.0634584,56680265.0,0.0327,-14.93,314220,442516,451594,0.174
2150,AX,Financial Services,Banks - Regional,S&P 600,100.82,63,67,54,79,98.48,4943843836.167755,56884635.0,0.0802,-3.38,333890,427023,386948,0.193
2151,CART,Consumer Cyclical,Internet Retail,S&P 400,100.81,63,59,60,23,44.75,9354186417.886482,235029814.0,0.1,-16.36,3230640,4175150,4028580,0.136
2152,FGBI,Financial Services,Banks - Regional,NASDAQ,100.79,63,80,62,73,9.56,157398217.7886734,16464248.0,0.0355,-7.72,24530,59903,46444,0.945
2153,PERF,Technology,Software - Application,NYSE,100.77,63,29,46,18,1.93,176198202.77260923,101848671.0,0.00029999999,-27.72,331250,332973,234854,0.12
2154,EEA,Financial Services,Asset Management,NYSE,100.77,63,61,45,59,11.06,73188425.55763245,6820916.0,0.0004,-3.24,18780,30260,39948,0.491
2155,TEX,Industrials,Farm & Heavy Construction Machinery,S&P 400,100.77,63,76,71,84,62.22,6645120426.536133,114216576.0,0.0513,-12.98,1585820,1563463,1391288,0.411
2156,NVO,Healthcare,Drug Manufacturers - General,NYSE,100.77,63,52,27,21,51.61,201954307397.15424,4430765671.0,0.0068,-36.63,8552670,10257666,11250966,0.24
2157,OZK,Financial Services,Banks - Regional,S&P 400,100.74,63,62,53,61,50.99,5282536624.620438,109165875.0,0.1398,-4.98,1423320,1390593,1228192,0.014
2158,MTW,Industrials,Farm & Heavy Construction Machinery,NYSE,100.72,63,61,67,87,13.83,424810375.98031616,35909584.0,0.0342,-11.12,216030,265730,260432,0.05
2159,OVBC,Financial Services,Banks - Regional,NASDAQ,100.7,63,62,72,83,42.12,226363642.5057907,4711002.0,0.0091,-16.89,61800,46993,46582,0.011
2160,MNKD,Healthcare,Biotechnology,NASDAQ,100.69,63,65,7,61,4.11,1164742119.9272432,308950166.0,0.096499994,-36.87,4556640,5136813,5172466,0.151
2161,SPXX,Financial Services,Asset Management,NYSE,100.68,63,63,54,52,18.45,331307729.83600616,17976545.0,0.0031,-0.0,330660,303880,282820,-0.082
2162,TTC,Industrials,Tools & Accessories,S&P 400,100.68,63,68,71,82,91.58,8761559925.101418,97480643.0,0.0497,-12.94,564840,676846,860182,0.042
2163,VIVO,Technology,Software - Infrastructure,NASDAQ,100.68,63,94,72,9,3.54,104771124.9570179,16790245.0,0.20629999,-58.98,894300,1164443,1563982,0.476
2164,BKU,Financial Services,Banks - Regional,S&P 600,100.67,63,68,68,84,46.08,3371704668.0986023,72681714.0,0.0551,-11.57,1411980,1238226,974880,0.037
2165,GMED,Healthcare,Medical Devices,S&P 400,100.66,63,48,80,82,80.26,11114769604.04625,135744626.0,0.030299999,-20.85,1362060,1849876,1817384,0.27
2166,RLTY,Financial Services,Asset Management,NYSE,100.65,63,59,62,50,15.96,263210666.612545,16722406.0,0.14,-0.06,55350,65593,58416,
2167,NMT,Financial Services,Asset Management,NYSE,100.64,63,61,70,53,12.58,125551664.97207642,9839472.0,0.0041,-8.18,31160,21590,20154,0.015
2168,FLGT,Healthcare,Diagnostics & Research,NASDAQ,100.64,63,51,13,70,20.21,515187283.8856354,28400623.0,0.1509,-34.89,232550,270756,350216,-0.032
2169,V,Financial Services,Credit Services,S&P 500,100.63,63,55,37,36,366.27,620653078710.4248,1901743800.0,0.0156,-2.46,7170710,8967996,8625478,0.171
2170,FFIN,Financial Services,Banks - Regional,S&P 400,100.62,63,61,36,50,34.92,4682453516.126175,143281930.0,0.0765,-9.86,821170,1027810,950370,0.131
2171,DCI,Industrials,Specialty Industrial Machinery,S&P 400,100.59,63,56,51,87,92.66,9481712392.503319,115814243.0,0.0321,-17.88,701880,788946,812798,0.03
2172,MBINL,Financial Services,Banks - Regional,NASDAQ,100.57,63,58,59,59,24.92,,,0.49,-1.66,7660,17586,18092,0.158
2173,INFU,Healthcare,Medical Devices,NYSE ARCA,100.56,63,67,87,43,9.19,183048040.05103302,20181703.0,0.008,-16.76,130970,229690,210076,-0.03
2174,KDP,Consumer Defensive,Beverages - Non-Alcoholic,S&P 500,100.56,63,73,38,34,31.57,40857601848.35205,1360559471.0,0.0495,-12.16,11934560,15649993,14434484,0.094
2175,LW,Consumer Defensive,Packaged Foods,S&P 600,100.51,63,42,23,25,53.55,5961983675.676476,138072803.0,0.0559,-20.16,2751850,1940596,1711062,0.029
2176,CX,Basic Materials,Building Materials,NYSE,100.51,63,74,79,90,11.93,18888247829.94707,1442952453.0,1.82,-12.73,7329300,5759773,5211212,0.112
2177,JOUT,Consumer Cyclical,Leisure,NASDAQ,100.51,63,59,83,90,47.06,468847196.3385773,10474692.0,0.1342,-12.1,33050,58036,60832,0.155
2178,O,Real Estate,REIT - Retail,S&P 500,100.5,63,53,63,68,64.43,57143141100.103455,932492530.0,0.0419,-5.17,4533470,5716390,5851276,0.12
2179,CPT,Real Estate,REIT - Residential,S&P 500,100.48,63,61,40,41,113.29,10559093667.8396,99090596.0,0.077,-4.8,971100,1060603,1129044,-0.005
2180,EURK,Financial Services,Shell Companies,NASDAQ,100.47,63,49,55,56,11.99,55495929.5,4825733.0,0.0002,-5.29,9890,19056,16290,
2181,AXS,Financial Services,Insurance - Specialty,NYSE,100.46,63,56,42,62,105.05,6998546815.978546,73723236.0,0.0207,-4.79,826490,815723,736346,0.08
2182,KMI,Energy,Oil & Gas Midstream,S&P 500,100.46,63,56,71,68,31.66,69147584357.81926,2224825757.0,0.0223,-9.05,11640470,10507953,10102764,0.138
2183,FTV,Technology,Scientific & Technical Instruments,S&P 500,100.45,63,64,71,69,58.48,17779494651.6838,304861021.0,0.056900002,-6.89,3401660,2936226,3103968,0.077
2184,GROW,Financial Services,Asset Management,NASDAQ,100.45,63,76,55,82,2.89,32747078.741251945,12404196.0,0.00029999999,-20.82,22230,26263,28514,0.313
2185,TTWO,Communication Services,Electronic Gaming & Multimedia,S&P 500,100.44,63,58,43,26,247.43,41619039858.01163,185666663.0,0.0397,-6.56,1777270,2532666,2649372,0.061
2186,XRAY,Healthcare,Medical Instruments & Supplies,S&P 400,100.43,62,25,27,32,13.74,2097420424.5029955,200326683.0,0.1319,-19.6,5130540,5979816,5835714,0.001
2187,EQH,Financial Services,Asset Management,S&P 400,100.43,62,37,27,30,48.88,11640826346.935501,281519390.0,0.0001,-13.65,2382150,3152163,3831686,-0.076
2188,KEX,Industrials,Marine Shipping,S&P 400,100.42,62,66,82,65,132.34,7517628284.1796875,53472000.0,0.0353,-16.08,647590,644300,608604,0.074
2189,OCFC,Financial Services,Banks - Regional,NASDAQ,100.42,62,60,55,68,19.64,1082305349.2444382,57600069.0,0.0877,-4.71,822410,1059326,1049838,0.085
2190,WMB,Energy,Oil & Gas Midstream,S&P 500,100.41,62,63,76,71,70.91,87309845391.8911,1222998265.0,0.0187,-11.45,6519220,7627573,7076656,0.09
2191,NBHC,Financial Services,Banks - Regional,S&P 600,100.41,62,67,67,63,42.58,1873600166.2744446,44790822.0,0.056999996,-2.92,549930,484023,417266,0.337
2192,FHB,Financial Services,Banks - Regional,S&P 600,100.41,62,72,65,61,27.92,3282089235.8535194,121648973.0,0.1535,-1.52,2659410,2692966,2154628,0.074
2193,ADP,Technology,Software - Application,S&P 500,100.4,62,34,21,24,263.87,88677051655.00934,399734282.0,0.046,-20.02,2700750,2825790,2732132,0.07
2194,VRTX,Healthcare,Biotechnology,S&P 500,100.36,62,63,32,58,481.7,113588078492.92746,253805417.0,0.0199,-5.16,1365690,1823770,1622210,0.078
2195,WRB,Financial Services,Insurance - Property & Casualty,S&P 500,100.35,62,45,34,50,73.38,23654463892.109528,372276732.0,0.0001,-7.07,2216010,2116090,2210526,0.04
2196,CRTO,Communication Services,Advertising Agencies,NASDAQ,100.34,62,26,28,18,21.94,916962617.75,50244527.0,0.0275,-19.69,255360,418873,368020,-0.059
2197,IMDX,Healthcare,Diagnostics & Research,NASDAQ,100.33,62,88,75,96,4.6,200521938.30177212,32290167.0,0.0747,-45.95,93480,206016,239790,-0.985
2198,BOE,Financial Services,Asset Management,NYSE,100.32,62,60,57,60,12.14,671649505.7580471,55600125.0,0.0011,-0.33,84790,90416,99736,-0.018
2199,TRX,Basic Materials,Gold,NYSE ARCA,100.31,62,67,95,99,0.81,374535285.83511543,325682864.0,0.0046,-71.07,1194770,1403550,1789546,2.741
2200,GSHD,Financial Services,Insurance Brokers,S&P 600,100.31,62,22,9,21,63.86,814034154.9025726,23670665.0,0.1071,-43.49,703540,680533,616096,0.233
2201,EMA,Utilities,Utilities - Regulated Electric,NYSE,100.3,62,54,65,64,54.11,15955743953.323364,305900000.0,12.96,0.09,477820,434960,437882,0.051
2202,MA,Financial Services,Credit Services,S&P 500,100.28,62,34,30,39,577.35,436472762400.2422,883583855.0,0.0081,-4.06,2998410,3612000,3653372,0.158
2203,ZTO,Industrials,Integrated Freight & Logistics,NYSE,100.27,62,57,77,75,23.86,16938412806.883816,765751002.0,0.0269,-8.93,1731330,1565736,1616904,0.22
2204,UPS,Industrials,Integrated Freight & Logistics,S&P 500,100.26,62,68,44,78,105.27,90687171981.72064,850006279.0,0.0318,-14.0,6338040,5279533,5351320,-0.016
2205,WDFC,Basic Materials,Specialty Chemicals,S&P 600,100.25,62,67,32,70,227.76,2690676754.3650513,13455402.0,0.054899998,-10.06,137530,199270,180892,0.107
2206,LIN,Basic Materials,Specialty Chemicals,S&P 500,100.25,62,63,62,52,508.64,230105633842.6776,462347310.0,0.0153,-2.42,1930040,2208380,2297246,0.082
2207,STRA,Consumer Defensive,Education & Training Services,S&P 600,100.24,62,32,40,39,85.08,1744557586.0,22730392.0,0.066300005,-8.96,340170,325356,291156,0.008
2208,FTW,Energy,Oil & Gas E&P,NYSE,100.23,62,63,54,48,11.35,331271761.9818878,27652068.0,6.07,-34.01,121460,106733,109060,
2209,GNL,Real Estate,REIT - Diversified,S&P 600,100.22,62,57,74,84,8.8,1985797671.6163702,211931451.0,0.0001,-12.31,1936380,2734123,2572000,-0.175
2210,MMI,Real Estate,Real Estate Services,S&P 600,100.21,62,63,40,24,31.1,1068087849.2632751,37821808.0,0.066,-7.5,122220,163276,205754,0.182
2211,GTLB,Technology,Software - Infrastructure,NASDAQ,100.21,62,42,10,13,33.72,5242849596.326267,168851843.0,0.1292,-35.62,3910590,4503016,5610546,0.232
2212,KRP,Energy,Oil & Gas E&P,NYSE,100.19,62,63,76,56,14.76,1480770565.2597122,98652268.0,0.0226,-5.69,612480,596543,699314,-0.067
2213,DXCM,Healthcare,Medical Devices,S&P 500,100.18,62,42,24,37,74.54,28454272499.66639,385872977.0,0.052399997,-17.16,4323850,4708503,5374028,0.15
2214,LGI,Financial Services,Asset Management,NYSE,100.18,62,65,57,69,18.07,238787490.66404343,13012942.0,0.0043,-9.1,34660,33700,34532,0.112
2215,HEQ,Financial Services,Asset Management,NYSE,100.18,62,61,66,62,11.43,144157524.76268005,12093752.0,0.42,-4.11,18980,28566,30710,
2216,NCSM,Energy,Oil & Gas Equipment & Services,NASDAQ,100.17,62,32,78,63,45.42,111227287.543293,2624523.0,0.052600004,-48.01,15770,12476,21744,-0.087
2217,BSBK,Financial Services,Banks - Regional,NASDAQ,100.17,62,53,40,54,9.04,107976955.09643555,12854400.0,0.0045,-4.84,8310,7536,13696,0.03
2218,RJF,Financial Services,Asset Management,S&P 500,100.17,62,47,40,56,174.97,27948176619.622986,194883034.0,0.0545,-1.51,1355340,1529610,1497438,0.131
2219,TAL,Consumer Defensive,Education & Training Services,NYSE,100.14,62,27,37,51,12.34,5908746118.613262,608521740.0,5.07,-7.7,5275760,4097576,3921868,0.315
2220,CYPH,Financial Services,Asset Management,NASDAQ,100.13,62,64,95,91,0.63,120304864.15233779,106464482.0,0.0704,-82.97,1220770,1900393,4362524,
2221,CHW,Financial Services,Asset Management,NASDAQ,100.13,62,74,72,67,8.19,582443202.1313009,63864387.0,0.00029999999,-10.49,338820,257193,242980,-0.274
2222,EDF,Financial Services,Asset Management,NYSE,100.12,62,71,66,59,5.12,173419318.2626953,32114688.0,0.0050999997,-6.06,100950,139406,152356,
2223,ECAT,Financial Services,Asset Management,NYSE,100.12,62,66,57,52,15.05,1554689649.7932444,99468307.0,0.0036000002,-12.19,478660,468353,484686,
2224,CSQ,Financial Services,Asset Management,NASDAQ,100.12,62,66,63,57,20.0,3314840367.685232,160369635.0,0.0001,-3.61,242360,208650,218440,-0.022
2225,FE,Utilities,Utilities - Regulated Electric,S&P 500,100.12,62,48,56,60,48.71,26833421855.20363,578431175.0,0.0519,-6.94,4567700,4426786,4495292,0.116
2226,USAC,Energy,Oil & Gas Equipment & Services,NYSE,100.11,62,56,70,65,26.12,3991089142.814619,144972359.0,0.036199998,-14.5,199940,246700,236836,0.351
2227,LNG,Energy,Oil & Gas Midstream,NYSE,100.1,62,45,77,35,258.06,47119833166.38031,209551868.0,0.019,-14.23,1732630,2146603,2114638,0.242
2228,AYI,Industrials,Electrical Equipment & Parts,S&P 400,100.09,62,66,32,42,337.85,9249460464.410156,30315168.0,0.0496,-11.13,258740,436790,397642,0.049
2229,CASH,Financial Services,Banks - Regional,S&P 600,100.08,62,60,58,77,87.7,1736089151.0641022,21110034.0,0.127,-13.39,252910,246103,224844,-0.037
2230,AJG,Financial Services,Insurance Brokers,S&P 500,100.07,62,30,19,27,256.46,51673605776.82495,256942000.0,0.021300001,-26.98,1327590,1740380,1723404,0.346
2231,GOOD,Real Estate,REIT - Diversified,NASDAQ,100.05,62,57,62,37,12.52,610412165.1107779,48406993.0,0.0468,-16.7,395820,492286,521334,0.118
2232,HUN,Basic Materials,Chemicals,NYSE,100.05,62,34,83,86,12.07,2691608936.090378,175349112.0,0.1735,-24.09,3644870,6232313,5947452,0.007
2233,ELS,Real Estate,REIT - Residential,S&P 400,100.02,62,53,45,58,65.53,11979522737.587566,193937553.0,0.0464,-5.03,1935520,1705406,1641580,0.012
2234,MNSB,Financial Services,Banks - Regional,NASDAQ,100.02,62,70,68,75,22.91,162909247.26609802,7117049.0,0.0255,-8.98,37610,46223,43812,0.037
2235,PAM,Industrials,Conglomerates,NYSE,100.01,62,50,45,44,88.69,4581676341.0,53744004.0,0.012999999,-6.15,172660,163076,196400,0.384
2236,ATLCP,Financial Services,Credit Services,NASDAQ,100.01,62,59,55,58,24.43,,,0.88,-2.28,3360,3670,5098,0.608
2237,FSBW,Financial Services,Banks - Regional,NASDAQ,99.99,62,62,46,63,42.85,301845998.03178406,7414542.0,0.026600001,-3.1,22610,23060,18910,0.026
2238,GIC,Industrials,Industrial Distribution,NYSE,99.98,62,55,64,71,35.21,1163137395.004549,38261099.0,0.0217,-9.23,100190,142966,120288,0.092
2239,HLIT,Technology,Communication Equipment,S&P 600,99.97,62,91,77,37,11.22,1639381110.7107048,108496436.0,0.0401,-36.54,1343870,1953360,3202850,0.434
2240,FOA,Financial Services,Credit Services,NYSE,99.96,62,83,31,33,23.18,177124178.59838867,8891776.0,0.1361,-21.64,49410,67956,59692,-0.275
2241,CHH,Consumer Cyclical,Lodging,S&P 400,99.95,62,46,30,32,111.66,4953549152.882896,45495493.0,0.3464,-18.17,567080,616270,643406,0.035
2242,VMI,Industrials,Conglomerates,S&P 400,99.94,62,86,80,79,476.61,10091409878.913391,19413651.0,0.0223,-10.97,285410,242340,240410,0.062
2243,TBLD,Financial Services,Asset Management,NASDAQ,99.93,62,59,65,68,21.81,727937942.403574,32081883.0,0.26,-5.26,51570,49196,50498,
2244,EFC,Real Estate,REIT - Mortgage,S&P 600,99.93,62,63,59,53,13.49,1701591439.4129028,125393624.0,0.0573,-4.46,1037900,1345766,1249424,0.765
2245,SCI,Consumer Cyclical,Personal Services,S&P 400,99.92,62,31,40,59,85.29,10374039676.463257,137970998.0,0.0573,-3.81,1378830,1402003,1543548,0.021
2246,PNW,Utilities,Utilities - Regulated Electric,S&P 500,99.87,62,64,66,56,101.32,12087207677.956284,121187166.0,0.0849,-3.43,1415950,1275150,1228382,0.114
2247,MNTK,Basic Materials,Specialty Chemicals,NASDAQ,99.85,61,54,14,25,1.83,247673583.21747088,142341139.0,0.023599999,-34.17,239300,202670,193806,0.09
2248,MFIN,Financial Services,Credit Services,NASDAQ,99.85,61,62,34,58,10.1,232060167.99235153,23849967.0,0.0434,-8.18,32130,64930,79366,-0.064
2249,BACCU,Financial Services,Shell Companies,NASDAQ,99.85,61,57,50,47,11.23,,,0.03,-4.43,260,4343,2936,
2250,MTUS,Basic Materials,Steel,S&P 600,99.83,61,57,62,83,19.84,817986372.0202522,41627806.0,0.0828,-8.7,422790,418636,374550,0.099
2251,IIM,Financial Services,Asset Management,NYSE,99.82,61,58,50,56,12.53,587622762.7661247,47085159.0,0.0016,-4.86,104020,96096,101612,0.018
2252,TPL,Energy,Oil & Gas E&P,S&P 500,99.82,61,66,78,40,394.25,27106950597.0,68974429.0,0.0887,-27.95,265920,368903,397756,0.208
2253,NEWTP,Financial Services,Banks - Regional,NASDAQ,99.79,61,59,56,48,24.9,,,0.69,0.2,2460,4136,3672,0.107
2254,UTL,Utilities,Utilities - Diversified,S&P 600,99.77,61,51,50,48,54.5,900080252.3685608,17990811.0,0.037100002,-1.12,97910,150943,141866,0.27
2255,QQQX,Financial Services,Asset Management,NASDAQ,99.77,61,65,71,54,29.36,1550250360.25,48826783.0,0.0016,-7.88,131810,133030,115430,
2256,ARTNA,Utilities,Utilities - Regulated Water,NASDAQ,99.77,61,53,36,51,34.42,335750728.48615265,10324438.0,0.0095999995,-1.38,34820,34893,35590,0.073
2257,BKH,Utilities,Utilities - Regulated Gas,S&P 400,99.76,61,65,70,74,72.23,5543649529.527542,76128118.0,0.1594,-8.21,609780,797256,920066,-0.03
2258,OBIO,Healthcare,Biotechnology,NASDAQ,99.76,61,75,73,59,3.99,234133600.789603,59880715.0,0.0229,-26.44,188420,410070,342434,-0.873
2259,JOE,Real Estate,Real Estate - Diversified,S&P 600,99.75,61,57,73,82,63.07,3652982199.3002243,57409746.0,0.028099999,-14.24,219200,291873,254224,0.051
2260,HEPS,Consumer Cyclical,Internet Retail,NASDAQ,99.73,61,57,55,38,2.92,1014519537.3391151,357225200.0,0.103999995,-12.31,100630,227010,259246,0.608
2261,ES,Utilities,Utilities - Regulated Electric,S&P 500,99.72,61,55,57,53,73.84,25674982044.27433,376080025.0,0.0299,-3.36,2200430,2444366,2622880,0.094
2262,ARLP,Energy,Thermal Coal,NASDAQ,99.71,61,33,60,39,26.19,3197171253.9294376,128658801.0,0.0156,-11.07,258800,267763,275566,-0.045
2263,BPYPO,Real Estate,Real Estate Services,NASDAQ,99.71,61,51,63,60,15.22,,,0.17,-6.38,10980,15590,13432,-0.028
2264,BCML,Financial Services,Banks - Regional,NASDAQ,99.7,61,68,58,65,30.21,336006955.27685165,10909317.0,0.0104,-8.87,55800,82773,78522,0.158
2265,ETW,Financial Services,Asset Management,NYSE,99.66,61,61,62,63,9.46,1038194879.7294445,108597786.0,0.23,-1.46,232670,241423,243572,0.046
2266,JCE,Financial Services,Asset Management,NYSE,99.66,61,60,61,55,16.37,282584522.62921524,17002678.0,0.0004,-1.86,35230,41666,42976,
2267,ELDN,Healthcare,Biotechnology,NASDAQ,99.65,61,90,81,11,3.41,294085601.21327734,77187823.0,0.0879,-25.87,1019520,1650163,1369086,
2268,ZBH,Healthcare,Medical Devices,S&P 500,99.64,61,27,28,34,94.96,15927766497.300385,193462482.0,0.0622,-12.31,2190690,2364573,2282474,0.093
2269,SAFE,Real Estate,REIT - Diversified,S&P 600,99.61,61,61,49,46,15.84,1072001749.0619335,71610002.0,0.074,-7.69,286490,345776,336730,0.119
2270,BKR,Energy,Oil & Gas Equipment & Services,S&P 500,99.61,61,58,86,81,59.9,63373349424.00369,992068697.0,0.025799999,-14.93,11545360,10349050,9206930,0.025
2271,JBTM,Industrials,Specialty Industrial Machinery,S&P 600,99.6,61,56,26,78,140.37,6997393222.90033,52067812.0,0.047199998,-17.52,429280,571263,506532,0.096
2272,NPCE,Healthcare,Medical Devices,NASDAQ,99.6,61,75,85,80,13.75,563910573.5137558,34093745.0,0.0207,-29.85,213900,198140,175574,-0.02
2273,ORIC,Healthcare,Biotechnology,NASDAQ,99.58,61,74,51,62,11.64,874723379.155592,103517562.0,0.2142,-22.04,1721290,1739930,1731582,
2274,AG,Basic Materials,Silver,NYSE,99.57,61,69,93,98,15.69,10408662455.768372,493769568.0,1.54,-51.03,11085660,10992016,11389108,0.954
2275,CUBI,Financial Services,Banks - Regional,S&P 600,99.55,61,66,70,79,78.2,2541617091.6748047,33825088.0,0.0999,-5.28,292690,341133,325344,0.764
2276,OTTR,Industrials,Conglomerates,S&P 600,99.51,61,56,65,62,89.4,3638346592.7505493,41984150.0,0.1893,-3.08,211560,267933,250398,0.029
2277,MIY,Financial Services,Asset Management,NYSE,99.51,61,55,58,59,12.18,350183831.9196701,28964750.0,0.0021,-5.58,66940,55380,57068,0.039
2278,EQR,Real Estate,REIT - Residential,S&P 500,99.5,61,61,56,37,67.12,24524908681.269287,374712144.0,0.0342,-4.4,3360650,3056893,3152524,0.025
2279,BWIN,Financial Services,Insurance Brokers,NASDAQ,99.49,61,47,25,13,26.69,1893254914.1178932,97489954.0,0.1491,-40.9,1301620,1823733,1694994,0.287
2280,FFA,Financial Services,Asset Management,NYSE,99.47,61,58,62,58,22.56,462324412.40533066,19988086.0,0.0007,-2.46,19420,26190,28054,-0.051
2281,VPV,Financial Services,Asset Management,NYSE,99.46,61,62,62,58,10.95,197666074.97945595,17872158.0,0.0046,-3.18,20510,28516,28954,-0.105
2282,BANC,Financial Services,Banks - Regional,S&P 600,99.46,61,73,67,81,18.84,2963764409.8778152,154202108.0,0.0788,-12.82,4967500,3553933,3202294,0.08
2283,HTD,Financial Services,Asset Management,NYSE,99.45,61,55,63,56,25.83,908471971.3741302,35431825.0,0.0021,-1.45,59210,72513,68992,0.111
2284,AEO,Consumer Cyclical,Apparel Retail,S&P 600,99.44,61,57,51,92,17.31,2646925494.3532257,167526928.0,0.1237,-39.18,3718280,4478056,5327636,0.097
2285,KMTS,Healthcare,Medical Instruments & Supplies,NASDAQ,99.44,61,76,31,70,23.15,1241017498.1406002,58373353.0,0.10609999,-22.83,313350,445170,382696,0.627
2286,RDDT,Communication Services,Internet Content & Information,NYSE,99.43,61,68,52,28,178.04,33881591040.0,192509040.0,0.0945,-37.08,4936800,4404510,4797582,0.691
2287,ENPH,Technology,Solar,S&P 600,99.42,61,76,30,76,37.38,9009726399.64325,131798220.0,0.2743,-49.31,5076570,5888836,6974844,-0.206
2288,AGD,Financial Services,Asset Management,NYSE,99.42,61,59,68,72,12.09,327006736.916214,26118748.0,0.62,-13.52,169440,127726,120458,-0.042
2289,PD,Technology,Software - Application,NYSE,99.41,61,47,10,8,10.37,767369507.0400381,77122565.0,0.12529999,-42.39,1487740,1872560,2046634,0.01
2290,SIG,Consumer Cyclical,Luxury Goods,S&P 600,99.4,61,34,42,75,95.88,3465219803.5881195,39652361.0,0.2157,-12.99,761730,830720,890070,-0.003
2291,INTA,Technology,Software - Application,NASDAQ,99.4,61,17,11,10,32.07,1779352240.3086662,77061595.0,0.0946,-45.45,733910,814023,952558,0.131
2292,ETR,Utilities,Utilities - Regulated Electric,S&P 500,99.37,61,67,79,60,108.03,49932562062.70976,457886847.0,0.052600004,-8.8,3201690,3119930,3269292,0.12
2293,GFS,Technology,Semiconductors,NASDAQ,99.36,61,95,93,66,49.89,43856863376.25366,548416440.0,0.2208,-46.09,3948300,3496263,4619240,0.031
2294,MO,Consumer Defensive,Tobacco,S&P 500,99.35,61,68,77,69,67.94,116191035188.96217,1669891235.0,0.0309,-8.88,8694300,8250243,8073478,0.053
2295,TXO,Energy,Oil & Gas E&P,NYSE,99.32,61,47,37,26,13.19,702684703.7913408,55242507.0,0.0234,-18.88,102320,123773,162468,-0.665
2296,HMR,Industrials,Marine Shipping,NASDAQ,99.32,61,70,9,9,1.11,72560157.43518305,58991997.0,0.0026,-47.02,59810,98580,230500,3.719
2297,SWX,Utilities,Utilities - Regulated Gas,S&P 400,99.31,61,59,72,58,90.3,6239437735.068825,72374873.0,0.0269,-4.37,472770,598176,548496,-0.216
2298,FC,Consumer Defensive,Education & Training Services,NYSE,99.31,61,83,68,31,21.52,267382363.93982697,11272444.0,0.097399995,-13.3,85510,128353,103444,0.001
2299,ISSC,Industrials,Aerospace & Defense,NASDAQ,99.31,61,50,91,95,17.46,308470954.1846752,17892747.0,0.023699999,-43.57,321480,386170,402268,0.02
2300,ENTG,Technology,Semiconductor Equipment & Materials,S&P 400,99.3,61,92,88,80,117.11,21137715977.478027,152300000.0,0.0735,-26.42,3250420,3478783,3354624,0.05
2301,OMC,Communication Services,Advertising Agencies,S&P 500,99.3,61,40,60,33,79.61,20722800250.229034,285006196.0,0.1155,-8.67,3599070,4594093,4051168,0.692
2302,ALGM,Technology,Semiconductors,S&P 400,99.3,61,95,91,90,41.45,8914466376.313011,186222406.0,0.1066,-21.5,2485370,3503343,3006160,0.261
2303,SRTA,Healthcare,Medical Care Facilities,NASDAQ,99.29,61,69,69,68,5.09,545982651.74891,86526570.0,0.1014,-21.69,1005830,1189410,1158426,0.874
2304,ADC,Real Estate,REIT - Retail,S&P 400,99.29,61,52,56,54,78.41,8905627178.11242,120102859.0,0.0001,-4.47,1187030,1148963,1203594,0.187
2305,AXIA,Utilities,Utilities - Renewable,NYSE,99.28,60,58,86,86,10.5,23299920211.777817,2249027122.0,0.0054,-22.45,2073060,2070553,2077698,0.221
2306,HLN,Healthcare,Drug Manufacturers - Specialty & Generic,NYSE,99.28,60,33,32,64,10.11,40118101834.382195,4428046355.0,0.0034,-11.47,14373860,10783840,10002304,0.006
2307,DBD,Technology,Software - Application,S&P 600,99.28,60,75,80,81,71.26,2809747705.744507,34628392.0,0.1379,-19.98,335570,324346,306520,0.06
2308,AVGO,Technology,Semiconductors,S&P 500,99.27,60,68,86,64,387.84,2115307652549.0618,4734668184.0,0.0115,-13.6,18725140,24245150,27706184,0.295
2309,DSWL,Technology,Electronic Components,NASDAQ,99.27,60,73,66,85,3.25,53383049.130297184,15935239.0,0.00090000004,-27.46,10620,18783,14060,-0.055
2310,LOBO,Consumer Cyclical,Auto Manufacturers,NASDAQ,99.27,60,73,31,17,0.68,10935131.317015767,13841938.0,0.10609999,-49.63,82100,222653,1967022,0.229
2311,BALY,Consumer Cyclical,Resorts & Casinos,NYSE,99.27,60,78,36,55,14.31,694093928.0379868,48948795.0,0.0798,-31.0,46150,67033,62506,0.283
2312,STI,Industrials,Electrical Equipment & Parts,NASDAQ,99.25,60,92,16,35,6.18,36017431.33868599,7745684.0,0.024,-81.82,98940,319280,3564690,
2313,ALV,Consumer Cyclical,Auto Parts,S&P 400,99.25,60,39,51,69,124.16,9516627732.178299,74863338.0,0.0616,-4.68,835520,779680,759746,0.068
2314,AVNT,Basic Materials,Specialty Chemicals,S&P 400,99.25,60,58,53,64,36.68,3248373947.213669,91710167.0,0.0277,-18.22,654370,928323,875486,0.025
2315,HGTY,Financial Services,Insurance - Property & Casualty,NYSE,99.22,60,54,30,74,11.52,1040418981.3041325,101802246.0,0.0199,-17.71,99700,138783,152364,-0.05
2316,FNV,Basic Materials,Gold,NYSE,99.19,60,34,70,82,221.36,44491770182.45163,192855530.0,3.42,-22.51,735610,751430,843406,0.777
2317,FDUS,Financial Services,Asset Management,NASDAQ,99.19,60,58,53,36,19.9,716578360.4674301,37954364.0,0.0187,-9.91,247770,410110,347644,0.302
2318,GOODN,Real Estate,REIT - Diversified,NASDAQ,99.18,60,43,49,54,23.23,,,1.0,-4.6,4020,2510,2712,0.118
2319,BPYPN,Real Estate,Real Estate Services,NASDAQ,99.16,60,50,62,58,13.86,,,0.86,-6.85,10230,15490,16286,-0.028
2320,PUK,Financial Services,Insurance - Life,NYSE,99.15,60,36,59,85,30.98,36021056640.82779,1252470666.0,0.001,-8.96,1044430,938396,1197508,0.188
2321,SPCB,Industrials,Security & Protection Services,NASDAQ,99.15,60,81,62,29,10.69,65292980.89990044,5528618.0,0.015,-21.22,69670,76826,79086,0.08
2322,RYZ,Industrials,Metal Fabrication,NYSE,99.13,60,48,62,87,26.81,1484017526.1939774,51888724.0,0.0366,-13.24,419380,487176,453178,0.379
2323,ACTG,Industrials,Business Equipment & Supplies,NASDAQ,99.12,60,67,86,64,4.41,449139473.01145744,96589132.0,0.043,-16.32,215200,253160,242656,-0.564
2324,GLO,Financial Services,Asset Management,NYSE ARCA,99.12,60,65,62,69,5.82,257452655.62429905,42766222.0,0.0011,-4.43,103080,132100,130422,-0.186
2325,RAVE,Consumer Cyclical,Restaurants,NASDAQ,99.12,60,64,38,77,3.1,43203163.13787174,14211567.0,0.0021,-17.33,26280,40620,63390,0.087
2326,CGO,Financial Services,Asset Management,NASDAQ,99.11,60,71,68,60,12.64,138073482.57440758,9827294.0,0.0055,-10.29,29970,30316,29342,-0.325
2327,MRSH,Financial Services,Insurance Brokers,S&P 500,99.1,60,29,26,34,191.51,77072666913.09805,481794501.0,0.0145000005,-18.78,3189390,2818396,2780512,0.076
2328,VTEX,Technology,Software - Application,NYSE,99.09,60,32,32,11,4.37,642732665.3782353,170486119.0,0.0419,-35.92,941830,1456383,1425886,0.121
2329,WAVE,Utilities,Utilities - Renewable,NASDAQ,99.08,60,78,83,14,7.45,51505834.69787598,5839664.0,0.28,-29.05,21960,124910,84184,
2330,SII,Financial Services,Asset Management,NYSE,99.08,60,63,91,95,106.67,3377775795.1820526,25782581.0,2.02,-37.12,122320,179236,177802,2.297
2331,CRBG,Financial Services,Asset Management,S&P 400,99.07,60,45,27,35,31.96,12331794267.0,456733121.0,0.078200005,-12.61,3572060,4146830,4711076,0.021
2332,ATHM,Communication Services,Internet Content & Information,NYSE,99.06,60,24,18,22,22.87,2010884000.6178818,115170911.0,0.0232,-23.56,859950,849466,821450,-0.18
2333,CATO,Consumer Cyclical,Apparel Retail,NYSE,99.05,60,52,46,35,3.33,64666700.1103425,19958858.0,0.0295,-32.32,142900,90306,98938,0.005
2334,BRT,Real Estate,REIT - Residential,NYSE,99.05,60,55,38,38,15.1,272735412.49191284,18822320.0,0.0148,-9.53,26310,43806,36684,-0.009
2335,EMBJ,Industrials,Aerospace & Defense,NYSE,99.04,60,44,52,78,68.11,10277088071.25,177958235.0,0.0147,-15.65,1074480,1018443,1238272,0.184
2336,POR,Utilities,Utilities - Regulated Electric,S&P 400,99.02,60,60,61,70,50.09,5800388027.707012,115730011.0,0.0638,-8.29,1017850,1191426,1225614,-0.053
2337,NOEMU,Financial Services,Shell Companies,NASDAQ,99.01,60,47,61,52,12.12,,,0.0,2.36,120,49,101,
2338,NTR,Basic Materials,Agricultural Inputs,NYSE,99.0,60,36,77,77,70.72,32905615680.315613,480023548.0,0.0053,-17.15,2108470,2646913,2705824,0.19
2339,DLR,Real Estate,REIT - Specialty,S&P 500,99.0,60,49,74,40,193.19,66767153300.0,351406070.0,0.0,-7.18,3454300,3828520,3182218,0.167
2340,CHCI,Real Estate,Real Estate Services,NASDAQ,98.96,60,69,83,34,14.7,156350632.37184906,10259228.0,0.006,-25.46,32500,41550,31038,0.415
2341,OPK,Healthcare,Diagnostics & Research,NASDAQ,98.95,60,70,24,31,1.34,1102434722.5644836,755092256.0,0.0771,-16.25,6711290,4390163,3782384,-0.172
2342,URBN,Consumer Cyclical,Apparel Retail,S&P 600,98.92,60,44,45,66,75.74,6515175055.189201,89678939.0,0.1263,-10.21,1003720,1160843,1239114,0.114
2343,RMI,Financial Services,Asset Management,NYSE,98.91,60,59,57,56,15.15,98422879.48513699,6374539.0,3.6,-7.4,11710,12323,11986,
2344,PDX,Financial Services,Asset Management,NYSE,98.9,60,50,63,51,21.14,968352465.1982613,44706947.0,0.62,-16.41,87720,87033,86134,
2345,DRI,Consumer Cyclical,Restaurants,S&P 500,98.89,60,50,38,64,206.97,23354832881.16971,114535003.0,0.0641,-9.33,1387650,1618616,1389832,0.059
2346,NWN,Utilities,Utilities - Regulated Gas,S&P 600,98.87,60,51,75,67,50.03,2040476339.1104736,42080352.0,0.0388,-10.64,197210,277383,271754,-0.008
2347,VKI,Financial Services,Asset Management,NYSE ARCA,98.86,60,62,51,57,8.95,400154761.08516693,44412292.0,0.0011,-6.77,75070,86733,94436,0.002
2348,ISBA,Financial Services,Banks - Regional,NASDAQ,98.85,60,49,65,91,39.8,293736006.747345,7202943.0,0.0255,-32.35,72410,86630,67192,0.137
2349,KLC,Consumer Defensive,Education & Training Services,NYSE,98.83,60,75,10,10,5.38,454764657.99521756,118428299.0,0.14819999,-56.37,440350,654396,716788,0.006
2350,AES,Utilities,Utilities - Diversified,S&P 500,98.83,60,63,60,82,14.85,10462023704.119616,713157713.0,0.0249,-15.86,6046880,8038766,8270832,0.087
2351,APOG,Industrials,Building Products & Equipment,S&P 600,98.81,60,68,29,51,39.86,820092098.7920952,21351005.0,0.0251,-20.26,187110,309673,274592,0.016
2352,MXE,Financial Services,Asset Management,NYSE,98.81,60,55,68,82,13.09,60634878.84501743,4400209.0,2.49,-8.46,2870,2660,2922,0.285
2353,RFM,Financial Services,Asset Management,NYSE,98.8,60,57,51,53,14.6,88877149.03197098,6114699.0,2.24,-2.01,8290,10840,10496,
2354,IGR,Financial Services,Asset Management,NYSE,98.8,60,51,54,51,4.74,705523156.7382202,151399824.0,2.29,-11.73,440190,477730,510798,-0.153
2355,STEW,Financial Services,Asset Management,NYSE,98.8,60,48,47,56,18.47,1675188935.9369278,96441500.0,0.00059999997,-1.07,73450,78110,82420,-0.116
2356,PZG,Basic Materials,Gold,NYSE ARCA,98.8,60,45,89,99,1.16,118382445.3709482,85784381.0,0.0155,-57.2,495130,473210,500280,
2357,WTRG,Utilities,Utilities - Regulated Water,S&P 400,98.79,60,35,41,39,40.35,10463220569.754166,283632983.0,0.0163,-4.77,2060890,2236703,1985160,0.1
2358,NOVT,Technology,Scientific & Technical Instruments,S&P 400,98.79,60,84,38,51,138.91,5674037400.3472595,35611858.0,0.1397,-16.1,391170,532316,518864,0.104
2359,VSECU,Industrials,Aerospace & Defense,NASDAQ,98.75,60,66,29,41,51.58,,,0.14,-21.77,24860,52450,50706,0.268
2360,OXBR,Financial Services,Insurance - Reinsurance,NASDAQ,98.74,60,30,14,11,1.31,8344414.988217831,8101374.0,0.0182,-54.2,20450,51200,100808,-0.1
2361,STAA,Healthcare,Medical Instruments & Supplies,S&P 600,98.74,60,82,84,18,24.22,1488178085.1615143,49788495.0,0.2488,-32.48,1206460,861076,809848,1.196
2362,STRR,Industrials,Conglomerates,NASDAQ,98.73,60,58,35,33,10.61,42903340.33746147,3692198.0,0.0019,-11.51,3330,4220,7096,0.571
2363,CMC,Industrials,Metal Fabrication,S&P 400,98.71,60,45,65,91,68.41,8432985891.60144,110887384.0,0.077199996,-19.39,1052590,1477950,1291146,0.215
2364,SFBC,Financial Services,Banks - Regional,NASDAQ,98.7,60,46,30,33,45.89,99271579.37102509,2378902.0,0.0368,-9.47,8850,17066,12658,0.049
2365,FAST,Industrials,Industrial Distribution,S&P 500,98.69,59,54,52,68,46.66,50743150572.08124,1148035061.0,0.027999999,-7.84,8229830,8789050,7978008,0.124
2366,OESX,Industrials,Electrical Equipment & Parts,NASDAQ,98.68,59,83,41,93,9.93,38502198.5,4052863.0,0.0128999995,-46.73,27950,40716,54218,0.077
2367,PHM,Consumer Cyclical,Residential Construction,S&P 500,98.67,59,61,36,70,128.74,22511677255.67182,190486353.0,0.0584,-10.91,2308610,2070140,1845380,-0.124
2368,DMAC,Healthcare,Biotechnology,NASDAQ,98.67,59,77,49,87,6.51,322761224.21708107,53883345.0,0.134,-37.52,194310,247170,213030,
2369,NRK,Financial Services,Asset Management,NYSE,98.66,59,59,63,53,10.35,926438918.4967117,87235304.0,0.0058999998,-3.9,242460,241253,252388,
2370,UBCP,Financial Services,Banks - Regional,NASDAQ,98.64,59,61,76,64,15.11,89085671.41788483,5781030.0,0.0018000001,-12.86,4500,9703,9746,0.064
2371,CNOBP,Financial Services,Banks - Regional,NASDAQ,98.63,59,54,59,59,25.2,,,0.83,0.34,3100,5020,4818,0.655
2372,CPK,Utilities,Utilities - Regulated Gas,S&P 600,98.6,59,34,43,51,133.17,2960267119.1943283,24004761.0,0.0359,-5.28,195250,238750,195754,0.182
2373,BILL,Technology,Software - Application,S&P 400,98.6,59,23,34,17,45.39,3687070879.1317635,99596727.0,0.16950001,-20.66,2365640,2446763,2676900,0.135
2374,FTAIM,Industrials,Aerospace & Defense,NASDAQ,98.59,59,51,59,56,27.35,,,2.24,-0.51,2760,6843,6472,0.655
2375,NIE,Financial Services,Asset Management,NYSE,98.59,59,66,66,59,25.71,746202435.906105,27708965.0,0.0005,-4.85,55480,61513,67712,
2376,UNIT,Real Estate,REIT - Specialty,S&P 600,98.58,59,86,88,60,9.29,2724391680.2787743,242815652.0,0.1181,-24.99,2250350,2614256,2338406,2.36
2377,ECCC,Financial Services,Asset Management,NYSE,98.57,59,55,58,60,24.9,,,0.46,-0.4,2360,2230,3176,-0.191
2378,XGN,Healthcare,Diagnostics & Research,NASDAQ,98.57,59,38,8,7,4.67,120315998.68081236,24159839.0,0.0327,-61.82,234550,229406,296094,0.117
2379,TY,Financial Services,Asset Management,NYSE,98.56,59,59,57,48,34.83,1876476821.25,53233385.0,0.02,-1.89,28840,38330,34248,-0.031
2380,MAZE,Healthcare,Biotechnology,NASDAQ,98.56,59,78,77,98,27.63,1464435555.3899002,55345261.0,0.0804,-48.5,318140,682650,606020,
2381,GLNG,Energy,Oil & Gas Midstream,NASDAQ,98.56,59,63,84,45,48.24,5063543308.75,101779765.0,0.081999995,-16.53,1728830,1291850,1375840,1.201
2382,CXDO,Communication Services,Telecom Services,NASDAQ,98.55,59,75,82,41,6.81,320263888.94964504,32415373.0,0.026800001,-33.24,564360,538053,672754,0.29
2383,IBIO,Healthcare,Biotechnology,NASDAQ,98.54,59,86,80,96,1.39,94389264.71557081,49678561.0,0.069,-63.61,671440,997120,918104,
2384,MSEX,Utilities,Utilities - Regulated Water,S&P 600,98.52,59,55,35,38,55.81,978335979.6352234,18624329.0,0.0548,-10.24,128710,202216,169700,0.1
2385,NCMI,Communication Services,Advertising Agencies,NASDAQ,98.5,59,48,20,17,4.0,294470117.29794383,93780289.0,0.124,-27.8,285720,409176,393388,-0.026
2386,DTSQU,Financial Services,Shell Companies,NASDAQ,98.48,59,50,50,52,11.49,,,,-32.41,10,410,906,
2387,ADSE,Industrials,Electrical Equipment & Parts,NASDAQ,98.46,59,47,45,29,12.5,859704458.726737,72002051.0,0.0025,-10.07,16450,17036,11566,-0.449
2388,VKQ,Financial Services,Asset Management,NYSE,98.46,59,58,53,56,9.77,542288057.5544119,55335515.0,0.0047,-2.2,157920,201713,199996,0.027
2389,FOR,Real Estate,Real Estate - Development,NYSE,98.44,59,77,55,75,28.77,1401209860.4850826,51008733.0,0.0254,-6.41,160580,155993,154028,-0.03
2390,PRMB,Consumer Defensive,Beverages - Non-Alcoholic,NYSE,98.43,59,71,28,19,22.77,8999140060.753258,362868562.0,0.4355,-31.08,2180060,2668860,3033572,0.008
2391,IQI,Financial Services,Asset Management,NYSE,98.42,59,57,51,55,9.99,524607270.2747135,52883797.0,0.0021,-4.13,150990,161636,151012,0.009
2392,FELE,Industrials,Specialty Industrial Machinery,S&P 600,98.42,59,61,52,64,103.47,4346647862.8098755,44182232.0,0.0171,-7.23,349570,344733,311226,0.099
2393,CAPL,Energy,Oil & Gas Refining & Marketing,NYSE,98.41,59,62,45,62,21.78,824896668.2403889,38154331.0,0.0025,-6.68,32940,30196,38666,-0.02
2394,VRT,Industrials,Electrical Equipment & Parts,S&P 500,98.38,59,93,96,80,227.5,121266991017.18018,384108816.0,0.0354,-40.12,7168430,6788646,6496714,0.301
2395,TCBS,Financial Services,Banks - Regional,NASDAQ,98.33,59,54,51,59,17.5,48330316.0,2885392.0,0.0011,-12.5,430,1230,2810,0.121
2396,EDU,Consumer Defensive,Education & Training Services,NYSE,98.32,59,24,35,76,56.58,7633748722.699516,166712133.0,0.0287,-12.91,943000,699710,656322,0.198
2397,SCOR,Technology,Software - Application,NASDAQ,98.28,59,56,63,61,7.45,121051448.8293457,15093696.0,0.0034999999,-26.82,9460,23546,31666,-0.005
2398,ADAMZ,Real Estate,REIT - Mortgage,NASDAQ,98.25,59,58,54,58,18.9,,,0.21,-12.98,3930,6783,7328,0.107
2399,PYPD,Healthcare,Biotechnology,NASDAQ,98.22,59,77,73,82,4.37,90501644.13711834,19174078.0,0.0022,-15.96,446040,307496,243458,
2400,PMM,Financial Services,Asset Management,NYSE,98.22,59,59,51,56,6.27,268565398.3730178,42833397.0,0.0022,-3.83,85140,88873,92898,-0.002
2401,LYB,Basic Materials,Specialty Chemicals,S&P 500,98.2,59,29,88,59,60.44,21513605612.980476,322784773.0,0.04,-28.0,4437750,5240283,5161838,-0.063
2402,VNOM,Energy,Oil & Gas Midstream,S&P 400,98.17,59,48,81,61,43.46,8836783182.5,194215015.0,0.041100003,-15.0,1364390,1786793,1785524,1.091
2403,SCD,Financial Services,Asset Management,NYSE,98.17,59,55,55,56,15.46,354819154.88715553,22906337.0,0.08,-8.47,135490,91466,74936,0.334
2404,KVACU,Financial Services,Shell Companies,NASDAQ,98.15,59,49,43,44,12.21,,,,1.75,230,206,364,
2405,MNSBP,Financial Services,Banks - Regional,NASDAQ,98.14,59,49,60,54,25.12,,,4.23,-11.08,860,1056,1466,0.037
2406,MSBIP,Financial Services,Banks - Regional,NASDAQ,98.13,59,56,59,60,25.24,,,8.41,-2.7,2300,3573,3262,0.143
2407,MBINM,Financial Services,Banks - Regional,NASDAQ,98.1,59,51,55,56,25.55,,,1.3,-1.58,6010,8333,8176,0.158
2408,WNEB,Financial Services,Banks - Regional,NASDAQ,98.09,59,73,74,84,13.09,267061453.02258682,20125203.0,0.0119,-9.85,48530,58430,50926,0.222
2409,ABG,Consumer Cyclical,Auto & Truck Dealerships,S&P 600,98.08,59,26,24,32,233.14,3494935073.0041504,18618800.0,0.107,-15.07,312480,278166,257828,-0.009
2410,BUI,Financial Services,Asset Management,NYSE,98.08,59,64,65,71,27.39,683197394.3073578,24522519.0,0.0028,-11.07,53370,68490,68482,
2411,INVH,Real Estate,REIT - Residential,S&P 500,98.08,59,61,46,29,29.67,17375727213.0,594041956.0,0.039100002,-13.37,4124000,5108726,5322792,0.092
2412,VMO,Financial Services,Asset Management,NYSE,98.06,59,56,53,57,9.7,658221101.0359478,67440685.0,0.0033000002,-3.96,183830,230173,244538,-0.004
2413,TNDM,Healthcare,Medical Devices,S&P 600,98.05,59,28,67,63,19.01,1178700383.0835457,68529089.0,0.21219999,-35.89,1697590,1842186,2164034,0.055
2414,PGZ,Financial Services,Asset Management,NYSE,98.03,59,56,53,54,10.16,65803100.78927994,6694110.0,0.0013,-4.51,20400,20790,21612,
2415,U,Technology,Software - Application,NYSE,98.02,59,56,41,22,33.34,13301221058.845205,436534997.0,0.0859,-36.07,7341210,6986260,8022610,0.168
2416,RFMZ,Financial Services,Asset Management,NYSE,98.02,59,59,53,50,13.12,321686710.8989458,24351757.0,0.66,-2.96,46380,40500,44230,
2417,HAVAU,Financial Services,Shell Companies,NASDAQ,98.02,59,43,45,44,10.68,188443123.10385895,18339964.0,328.15,-3.16,450,150,3686,
2418,BBDO,Financial Services,Banks - Regional,NYSE,98.02,59,36,76,88,3.23,33086329857.361988,10570712028.0,0.0001,-15.0,120440,91250,85680,0.105
2419,DT,Technology,Software - Application,S&P 400,98.01,59,51,30,16,44.1,12413951512.945667,291475733.0,0.0446,-23.37,4168700,5162336,5111882,0.194
2420,SBSI,Financial Services,Banks - Regional,S&P 600,97.99,59,69,63,70,32.26,974666002.4227409,29751711.0,0.0295,-6.57,174620,162283,132168,0.088
2421,JD,Consumer Cyclical,Internet Retail,NASDAQ,97.98,59,25,45,23,32.31,38934914896.96503,1350500000.0,0.022,-12.34,7748210,8522090,8385192,0.049
2422,SARO,Industrials,Aerospace & Defense,S&P 400,97.98,59,55,24,57,28.98,9521997075.155212,332471972.0,0.0799,-15.95,3541870,3808630,3811358,0.133
2423,NC,Energy,Thermal Coal,NYSE,97.98,59,49,64,88,47.18,381554854.49394226,7540610.0,0.0046,-20.6,10210,14406,12846,-0.043
2424,IREN,Financial Services,Capital Markets,NASDAQ,97.96,58,87,97,98,38.26,22707841273.14995,357378674.0,0.1472,-50.23,53598100,43949240,45780432,-0.0
2425,KCHVU,Financial Services,Shell Companies,NASDAQ,97.94,58,39,46,43,11.0,,,1412.0,0.0,610,210,128,
2426,SMP,Consumer Cyclical,Auto Parts,S&P 600,97.94,58,56,59,81,38.67,872497873.436039,22263279.0,0.0403,-15.93,115380,148313,138266,0.091
2427,AVA,Utilities,Utilities - Diversified,S&P 600,97.93,58,52,51,63,41.03,3427015792.9769897,82638430.0,0.048499998,-5.68,490270,668693,755872,-0.076
2428,MAS,Industrials,Building Products & Equipment,S&P 500,97.92,58,77,53,58,72.11,14303397721.25,203607085.0,0.0692,-8.94,3392480,2711206,2547526,0.065
2429,MDIA,Communication Services,Broadcasting,NASDAQ,97.89,58,57,40,11,0.99,69306478.6535967,81729339.0,0.0019,-38.13,14100,47460,131524,0.12
2430,ALH,Consumer Cyclical,"Furnishings, Fixtures & Appliances",NYSE,97.87,58,64,56,29,26.22,5014868463.0,198608652.0,0.0725,-4.59,555870,649280,614592,0.096
2431,BCV,Financial Services,Asset Management,NYSE ARCA,97.86,58,75,73,71,23.59,153886853.10686493,5822431.0,0.0002,-11.08,16240,13943,15598,-0.067
2432,SAIL,Technology,Software - Infrastructure,NASDAQ,97.86,58,25,13,18,16.17,10680801269.934351,567222587.0,0.162,-35.19,3293320,4438273,4765928,0.227
2433,EHC,Healthcare,Medical Care Facilities,S&P 400,97.84,58,30,48,28,110.89,10500222466.634216,99199080.0,0.0387,-13.36,757000,1078190,956438,0.09
2434,NXDT,Real Estate,REIT - Diversified,NYSE,97.84,58,84,84,86,4.46,276204982.4124222,51723778.0,0.0208,-20.5,172390,167893,164978,-0.204
2435,CVSA,Consumer Defensive,Education & Training Services,S&P 600,97.83,58,52,60,36,126.44,4008838592.4540253,34030887.0,0.0644,-19.08,335120,376216,339668,0.045
2436,SGU,Energy,Oil & Gas Refining & Marketing,NYSE,97.83,58,59,53,67,12.55,412065865.4125757,32833933.0,0.0018000001,-7.24,27620,24606,22984,0.032
2437,IEP,Energy,Oil & Gas Refining & Marketing,NASDAQ,97.82,58,50,69,38,7.71,5000056152.775042,672050553.0,0.1175,-20.92,571840,684910,750092,0.198
2438,API,Technology,Software - Application,NASDAQ,97.82,58,55,47,58,3.98,346654114.53670406,84549786.0,0.0081,-22.7,242220,340996,477092,0.135
2439,LXU,Basic Materials,Chemicals,NYSE,97.81,58,55,93,72,11.04,902113113.5557508,71938845.0,0.0307,-35.89,857990,801513,838146,0.182
2440,TONX,Technology,Software - Application,NASDAQ,97.8,58,31,9,5,3.1,224991856.73823595,56530617.0,0.0656,-89.59,279450,440433,395582,3.025
2441,UDR,Real Estate,REIT - Residential,S&P 500,97.8,58,63,40,40,38.3,11989388091.481941,324915653.0,0.077199996,-9.28,3507360,3539086,4391950,0.042
2442,FBYD,Industrials,Conglomerates,NASDAQ,97.8,58,94,94,14,9.91,759688511.0,49012162.0,0.0306,-65.85,126220,191013,149870,2.148
2443,JL,Consumer Cyclical,Apparel Manufacturing,NASDAQ,97.79,58,25,90,22,5.62,24375822.551748753,3761701.0,0.0062,-31.63,11790,38326,47124,0.193
2444,CUBE,Real Estate,REIT - Industrial,S&P 400,97.78,58,56,51,39,41.24,9056545200.0,226413630.0,0.0336,-6.55,2580920,2191383,2125192,0.033
2445,OGC,Basic Materials,Gold,NYSE,97.77,58,52,91,97,24.9,6757697825.319012,223764823.0,3.44,-42.53,446290,438873,407458,0.985
2446,ECF,Financial Services,Asset Management,NYSE ARCA,97.76,58,70,72,69,12.22,184685796.65888405,13670303.0,0.0001,-9.68,15390,20033,25108,-0.037
2447,SGML,Basic Materials,Other Industrial Metals & Mining,NASDAQ,97.75,58,89,98,95,9.98,1868228008.8262367,111402979.0,0.0434,-59.23,1618890,1774016,2271878,-0.112
2448,MUJ,Financial Services,Asset Management,NYSE,97.75,58,58,58,61,12.04,651517450.5,53185098.0,0.0046,-5.05,73340,73380,85392,0.02
2449,FCPT,Real Estate,REIT - Retail,S&P 600,97.74,58,49,51,46,25.54,2732754963.434004,109749197.0,0.0471,-9.14,744330,896763,858372,0.069
2450,DMLP,Energy,Oil & Gas E&P,NASDAQ,97.74,58,46,63,40,26.95,1306757582.3184013,48255450.0,0.0125,-6.91,382360,242320,202660,0.364
2451,GBCI,Financial Services,Banks - Regional,S&P 400,97.74,58,67,59,73,48.97,6188283098.409035,130142654.0,0.0533,-9.3,1415760,1393806,1187060,0.397
2452,CHD,Consumer Defensive,Household & Personal Products,S&P 500,97.71,58,55,41,60,97.68,22658916008.47496,236943602.0,0.0505,-7.88,1868620,1966800,1918064,0.002
2453,ZWS,Industrials,Pollution & Treatment Controls,S&P 600,97.71,58,61,70,74,50.12,7874488288.0,167542304.0,0.0379,-6.77,1260670,1178626,1038916,0.114
2454,MHK,Consumer Cyclical,"Furnishings, Fixtures & Appliances",S&P 600,97.67,58,59,21,69,119.56,6547586724.291458,60953145.0,0.14649999,-16.47,855470,806480,746564,0.08
2455,RMM,Financial Services,Asset Management,NYSE,97.66,58,61,52,55,14.29,286619407.5960846,19739628.0,0.94,-3.97,38930,39410,40666,
2456,GMAB,Healthcare,Biotechnology,NASDAQ,97.66,58,46,46,82,28.64,16164883226.36055,613934040.0,0.0167,-19.16,1597740,1941330,1910914,0.253
2457,LEDS,Technology,Semiconductors,NASDAQ,97.65,58,47,32,21,1.95,18662295.701248884,8257653.0,0.0025,-42.14,713450,1902820,1157986,-0.902
2458,KMB,Consumer Defensive,Household & Personal Products,S&P 500,97.65,58,51,24,31,110.19,32395977093.52112,331926000.0,0.1455,-23.27,2846230,4338893,4361388,0.027
2459,ALK,Industrials,Airlines,S&P 400,97.64,58,65,16,61,47.24,5127961618.568138,111428978.0,0.1262,-28.29,3645880,3321170,3382216,0.052
2460,RSF,Financial Services,Asset Management,NYSE,97.63,58,53,56,48,14.55,62080106.82203293,4252062.0,2.38,-3.45,9530,10650,10288,
2461,RACE,Consumer Cyclical,Auto Manufacturers,NYSE,97.62,58,32,28,20,397.73,59938719104.57428,176171170.0,0.0273,-23.38,509700,503120,593914,0.032
2462,SF,Financial Services,Capital Markets,S&P 400,97.62,58,32,51,70,82.63,10761134329.422523,153401769.0,0.0001,-8.01,1349120,1447683,1392862,0.143
2463,MBNKO,Financial Services,Banks - Regional,NASDAQ,97.6,58,55,58,56,25.54,,,2.33,-8.79,1700,3006,2880,0.267
2464,ADAMM,Real Estate,REIT - Mortgage,NASDAQ,97.6,58,57,60,57,25.05,,,1.49,-2.22,10720,17606,16188,0.107
2465,JCAP,Financial Services,Credit Services,NASDAQ,97.6,58,51,58,66,20.06,941559741.6457195,55418467.0,0.0435,-15.71,299460,368440,325914,0.119
2466,ETV,Financial Services,Asset Management,NYSE,97.57,58,60,60,56,14.55,1739643033.5616665,116754569.0,0.84,-2.48,141630,151433,159160,-0.081
2467,HWH,Consumer Cyclical,Leisure,NASDAQ,97.57,58,47,13,29,1.44,8074512.32085228,7476400.0,0.0128999995,-81.47,20000,31466,793416,-0.783
2468,TCBI,Financial Services,Banks - Regional,S&P 400,97.55,58,66,67,80,98.74,4344821627.8188095,43670939.0,0.1009,-9.35,571190,585700,549128,0.169
2469,BIPC,Utilities,Utilities - Regulated Gas,NYSE,97.54,58,30,26,70,42.59,5107802291.904907,122990668.0,6.16,-17.65,1210440,1021170,1026804,-0.048
2470,TDUP,Consumer Cyclical,Internet Retail,NASDAQ,97.54,58,82,16,22,5.87,600039946.2062941,129040846.0,0.2158,-52.2,1368170,1755663,1780462,0.146
2471,PLTK,Communication Services,Electronic Gaming & Multimedia,NASDAQ,97.53,58,60,34,22,3.97,1434030877.394836,380379545.0,0.0947,-21.39,1465220,1529340,1546992,0.055
2472,GILD,Healthcare,Drug Manufacturers - General,S&P 500,97.53,58,46,62,85,131.28,166904229068.29065,1241569874.0,0.0187,-16.54,6235240,7585053,7836246,0.044
2473,IDA,Utilities,Utilities - Regulated Electric,S&P 400,97.52,58,65,70,65,141.9,7772113360.17952,55408235.0,0.1103,-5.23,486120,618926,596476,-0.067
2474,ED,Utilities,Utilities - Regulated Electric,S&P 500,97.52,58,54,57,61,109.66,38927791726.952934,368529705.0,0.036,-5.65,2363770,2370170,2435812,0.062
2475,KPRX,Healthcare,Biotechnology,NASDAQ,97.51,58,69,49,21,2.56,11877599.495863914,4431940.0,0.0050999997,-38.76,19780,23086,25672,
2476,TRIP,Consumer Cyclical,Travel Services,S&P 600,97.51,58,53,22,22,14.19,1300917904.9306107,116361169.0,0.3254,-29.61,2453290,3143130,3751198,-0.04
2477,POWWP,Industrials,Aerospace & Defense,NASDAQ,97.5,58,51,63,57,24.35,,,0.18,-4.49,1510,1686,1940,0.532
2478,EW,Healthcare,Medical Devices,S&P 500,97.46,58,63,52,42,86.92,49789426702.88086,575800000.0,0.0225,-1.54,5829880,5275703,5218166,0.167
2479,PAYC,Technology,Software - Application,S&P 600,97.45,58,23,20,14,161.52,6512406692.283234,46627098.0,0.1033,-39.68,782180,973426,918994,0.078
2480,PCTY,Technology,Software - Application,S&P 400,97.43,58,21,16,19,136.71,6153818602.28035,53544058.0,0.0677,-30.88,648350,778916,737652,0.105
2481,VGZ,Basic Materials,Gold,NYSE ARCA,97.42,58,59,87,96,1.78,351790956.3888211,145971346.0,0.0070999996,-43.13,1105390,2548833,2257042,
2482,IHRT,Communication Services,Broadcasting,NASDAQ,97.4,57,89,98,90,3.5,651466822.4209905,151152397.0,0.0548,-46.65,612640,845020,1023034,0.096
2483,GGRP,Technology,Software - Infrastructure,NASDAQ,97.4,57,47,6,10,0.86,18053411.956484795,21698812.0,0.0543,-53.51,164040,140010,178230,-0.538
2484,VGM,Financial Services,Asset Management,NYSE,97.37,57,58,55,57,10.19,559131612.8366394,54231968.0,0.0067000003,-4.41,143070,152003,188942,0.038
2485,EMR,Industrials,Specialty Industrial Machinery,S&P 500,97.37,57,51,42,73,148.64,80553586102.29492,560100000.0,0.0241,-10.0,2892000,2782296,2763424,0.029
2486,INVA,Healthcare,Biotechnology,S&P 600,97.36,57,51,72,69,21.22,1580983409.2111607,73808749.0,0.1168,-15.63,610310,848273,869890,0.106
2487,LOMA,Basic Materials,Building Materials,NYSE,97.3,57,57,32,33,11.85,1400359560.0,116696630.0,0.027,-10.23,328430,384230,422288,0.011
2488,MDLZ,Consumer Defensive,Confectioners,S&P 500,97.3,57,41,48,49,63.08,78520853835.78708,1283649766.0,0.03,-11.34,10855820,10595010,9457030,0.082
2489,ZYBT,Healthcare,Drug Manufacturers - Specialty & Generic,NASDAQ,97.3,57,6,9,2,1.36,40282671.57989848,47391377.0,0.0007,-89.6,23342770,7820706,4764874,-0.409
2490,BKHAU,Financial Services,Shell Companies,NASDAQ,97.3,57,52,49,66,12.1,,,0.0,-9.7,687,2175,1545,
2491,IFBD,Technology,Software - Application,NASDAQ,97.27,57,68,54,12,1.0,7451603.464753926,8188575.0,0.0089,-28.57,6330,10880,102638,2.712
2492,OYSEU,Financial Services,Shell Companies,NASDAQ,97.25,57,54,44,48,10.83,,,,-8.14,0,6,8,
2493,ECL,Basic Materials,Specialty Chemicals,S&P 500,97.25,57,48,35,63,279.34,72048000512.0,281437502.0,0.014199999,-9.68,1309640,1423690,1610424,0.1
2494,OIA,Financial Services,Asset Management,NYSE,97.25,57,53,55,59,6.11,295410965.6528473,47878600.0,0.0017,-4.53,94900,120870,118366,0.044
2495,AEP,Utilities,Utilities - Regulated Electric,S&P 500,97.25,57,65,71,61,127.78,68921783407.15393,544105032.0,0.052600004,-8.36,3719560,5161066,5001114,0.102
2496,AIG,Financial Services,Insurance - Diversified,S&P 500,97.25,57,33,45,41,78.89,39357209564.697075,530206221.0,0.0184,-9.8,3567780,4151380,3953186,0.014
2497,BANX,Financial Services,Asset Management,NASDAQ,97.25,57,40,41,54,20.27,191777664.41036606,9685741.0,0.0027,-14.36,30510,28586,32966,-0.101
2498,EXR,Real Estate,REIT - Industrial,S&P 500,97.24,57,58,50,43,148.21,30487065158.38623,211260936.0,0.0301,-4.5,1563000,1306323,1224202,0.038
2499,STAG,Real Estate,REIT - Industrial,S&P 400,97.24,57,55,55,63,38.54,7240935228.620968,191205055.0,0.0468,-3.63,1965530,1823316,1578342,0.091
2500,PAAS,Basic Materials,Gold,NYSE,97.23,57,47,86,94,44.03,24012737207.221985,421350000.0,0.7,-37.09,3529650,4185780,4407822,0.493
2501,CCEC,Industrials,Marine Shipping,NASDAQ,97.23,57,52,32,53,22.39,1336923003.0411243,60113445.0,0.0022,-9.83,10780,12626,14370,-0.039
2502,AII,Financial Services,Insurance - Property & Casualty,NYSE,97.21,57,37,56,34,20.26,320505778.07728577,19590817.0,0.0174,-23.14,87600,115856,127088,0.265
2503,AN,Consumer Cyclical,Auto & Truck Dealerships,S&P 400,97.2,57,26,52,56,214.65,6281391882.2465515,33461495.0,0.097600006,-6.23,422420,423676,401736,-0.021
2504,ARR,Real Estate,REIT - Mortgage,S&P 600,97.19,57,63,67,67,16.45,2127390842.080162,124046116.0,0.0001,-14.81,3700940,4256520,3764184,
2505,AWK,Utilities,Utilities - Regulated Water,S&P 500,97.19,57,34,35,34,136.81,24072229168.12626,195280521.0,0.0732,-7.48,2500530,2365446,2266458,0.057
2506,HBAN,Financial Services,Banks - Regional,S&P 500,97.19,57,59,40,76,17.08,33163857640.58232,2027130587.0,0.028099999,-12.23,31777130,24410933,23815338,0.336
2507,DIBS,Communication Services,Internet Content & Information,NASDAQ,97.19,57,79,81,92,4.17,159707469.04606676,35333511.0,0.024300002,-37.06,76880,235440,217282,-0.007
2508,VTOL,Energy,Oil & Gas Equipment & Services,S&P 600,97.18,57,48,80,77,44.72,1232786076.8900452,29605814.0,0.0251,-11.23,159380,248056,225348,0.109
2509,AOMR,Real Estate,REIT - Mortgage,NYSE,97.17,57,61,57,42,8.91,205047533.4049797,24914647.0,0.0234,-12.14,87420,136290,144442,
2510,VERA,Healthcare,Biotechnology,NASDAQ,97.16,57,75,73,92,33.05,2549728782.9396057,71782904.0,0.1599,-41.03,1667800,2370180,1852924,
2511,SEB,Industrials,Conglomerates,NYSE ARCA,97.15,57,47,88,94,4505.27,4867447312.712402,957795.0,0.1024,-24.78,4360,5600,8296,0.036
2512,AGNCP,Real Estate,REIT - Mortgage,NASDAQ,97.14,57,53,54,53,25.04,,,0.28,-2.07,62640,67336,55498,
2513,APT,Industrials,Building Products & Equipment,NYSE ARCA,97.13,57,72,37,56,4.96,59462545.993852615,10216932.0,0.0241,-33.87,42660,53033,59288,0.055
2514,USPH,Healthcare,Medical Care Facilities,S&P 600,97.13,57,28,31,48,80.13,977959413.6508408,15218789.0,0.0728,-14.3,234600,236273,219416,0.079
2515,OXLCO,Financial Services,Asset Management,NASDAQ,97.11,57,50,55,53,24.0,,,0.32,-3.92,1240,2053,2324,-0.102
2516,ALLY,Financial Services,Credit Services,S&P 400,97.1,57,64,67,66,43.48,13122252705.165367,306523062.0,0.0385,-8.02,3888330,3240500,3326112,0.197
2517,WILC,Consumer Defensive,Food Distribution,NASDAQ,97.09,57,84,87,91,27.02,513146624.01950073,13906412.0,0.0007,-27.66,15230,6830,5272,0.083
2518,GFF,Industrials,Building Products & Equipment,S&P 600,97.08,57,74,67,76,87.9,4035346349.3512344,45866631.0,0.0468,-9.92,266910,363340,342212,-0.011
2519,FBIN,Industrials,Building Products & Equipment,S&P 400,97.08,57,69,14,63,49.25,4645285494.155422,119293417.0,0.1034,-24.04,2148300,2668713,2605836,-0.021
2520,SYF,Financial Services,Credit Services,S&P 500,97.08,57,55,62,62,77.17,24030290909.69641,336370242.0,0.08140001,-13.07,4503770,4064476,3910732,0.061
2521,AGNCN,Real Estate,REIT - Mortgage,NASDAQ,97.07,57,52,56,52,25.7,,,4.24,-1.57,21060,32380,27128,
2522,OXLCN,Financial Services,Asset Management,NASDAQ,97.07,57,50,57,54,24.75,,,1.32,-1.39,2740,2343,2856,-0.102
2523,WLKP,Basic Materials,Chemicals,NYSE,97.06,57,58,64,56,21.73,808188039.156189,35245880.0,0.0054,-9.0,27430,27943,26784,0.286
2524,NEM,Basic Materials,Gold,S&P 500,97.05,57,51,85,93,95.76,117227966408.51001,1067552764.0,0.020499999,-29.0,7685470,8340963,8264508,0.458
2525,AGNCM,Real Estate,REIT - Mortgage,NASDAQ,97.05,57,53,55,52,24.96,,,1.09,-1.58,10400,18763,16334,
2526,HOG,Consumer Cyclical,Recreational Vehicles,S&P 400,97.04,57,57,55,24,24.64,2545387574.4853363,105268302.0,0.1872,-21.15,3454700,3132613,2784128,-0.118
2527,NRO,Financial Services,Asset Management,NYSE ARCA,97.02,57,53,51,39,3.04,188184645.82279658,63361833.0,0.33,-9.79,280890,376440,308760,0.285
2528,APPN,Technology,Software - Infrastructure,NASDAQ,97.02,57,21,21,23,26.48,1717843579.9954987,73412120.0,0.1523,-42.51,918300,845860,901546,0.215
2529,LKFN,Financial Services,Banks - Regional,S&P 600,97.01,57,54,50,52,62.57,1510510745.7905807,24913586.0,0.0919,-9.84,163240,235583,205838,0.188
2530,IMPPP,Energy,Oil & Gas Midstream,NASDAQ,97.0,57,54,59,56,26.02,,,1.75,-6.34,1050,1323,1032,0.923
2531,KRO,Basic Materials,Specialty Chemicals,NYSE,97.0,57,55,80,48,6.23,827231910.6233921,115053116.0,0.070199996,-21.04,356730,368613,318420,0.041
2532,STVN,Healthcare,Medical Instruments & Supplies,NYSE,96.99,57,39,31,13,20.2,5094248888.382942,273003694.0,0.0207,-27.86,324450,314103,329526,0.066
2533,AVPT,Technology,Software - Infrastructure,NASDAQ,96.99,57,27,19,13,12.82,2313107576.0087433,212017196.0,0.0614,-35.74,2165280,2496900,2361412,0.26
2534,REI,Energy,Oil & Gas E&P,NYSE ARCA,96.98,57,47,95,79,1.24,327471166.5662527,253853625.0,0.0328,-38.0,3510750,5835063,5168158,-0.071
2535,BBD,Financial Services,Banks - Regional,NYSE,96.97,57,47,73,89,3.59,36891785078.53017,10570712028.0,0.0119,-16.51,28714870,34145693,31078930,0.105
2536,PRAA,Financial Services,Credit Services,NASDAQ,96.96,57,63,88,19,17.35,582029959.6097565,38140888.0,0.030199999,-23.06,354300,683266,641000,0.167
2537,SD,Energy,Oil & Gas E&P,NYSE,96.95,57,51,83,89,13.57,541590862.3466396,36918259.0,0.047,-26.45,270970,326253,332296,0.168
2538,AGNCO,Real Estate,REIT - Mortgage,NASDAQ,96.93,57,52,56,54,25.4,,,0.71,-1.82,21260,36483,27904,
2539,QSR,Consumer Cyclical,Restaurants,NYSE,96.92,57,49,75,59,74.34,25919701724.18895,346983973.0,0.0572,-9.3,2097160,2915466,3114266,0.073
2540,PACK,Consumer Cyclical,Packaging & Containers,NYSE,96.92,57,91,80,55,5.17,590259645.658195,85544875.0,0.055999998,-27.79,628370,565070,540596,0.11
2541,ASMB,Healthcare,Biotechnology,NASDAQ,96.91,56,48,78,82,26.06,548145131.9761276,19817250.0,0.1425,-34.37,137380,228486,220766,-0.128
2542,ANSCU,Financial Services,Shell Companies,NASDAQ,96.91,56,50,54,45,11.69,,,0.05,-1.76,10,16,672,
2543,BPYPM,Financial Services,Asset Management,NASDAQ,96.88,56,44,69,57,15.95,,,77.71,-10.89,12980,30083,23516,
2544,TRS,Consumer Cyclical,Packaging & Containers,NASDAQ,96.87,56,74,75,72,38.06,1466427157.9837418,35827685.0,0.2082,-12.95,417010,475450,471530,0.104
2545,NAC,Financial Services,Asset Management,NYSE,96.85,56,57,58,56,11.77,1894679561.8698292,156326698.0,0.0050999997,-3.92,360320,353100,434412,
2546,CCM,Healthcare,Medical Care Facilities,NYSE,96.84,56,38,44,17,4.65,21404693.64469385,4341723.0,0.0054,-56.82,53080,64003,54434,0.574
2547,INMB,Healthcare,Biotechnology,NASDAQ,96.84,56,55,13,8,1.77,37485212.89262128,26585258.0,0.1542,-84.79,322620,1135420,796580,
2548,VOC,Energy,Oil & Gas E&P,NYSE,96.83,56,44,74,45,2.91,49130001.78337097,17000000.0,0.0015,-24.22,255930,125493,103544,-0.165
2549,RFI,Financial Services,Asset Management,NYSE,96.83,56,48,54,40,11.61,301190503.2422943,26748712.0,0.00029999999,-4.68,97600,108116,113678,0.97
2550,NBH,Financial Services,Asset Management,NYSE ARCA,96.8,56,56,49,54,10.34,308323989.67064285,29618059.0,0.0018000001,-2.82,84230,113543,95036,0.005
2551,ETB,Financial Services,Asset Management,NYSE,96.79,56,58,60,58,15.27,458245565.2055645,29374715.0,0.1,-2.55,37570,40776,45680,-0.102
2552,SVV,Consumer Cyclical,Specialty Retail,NYSE,96.79,56,58,18,61,10.34,1378176084.7294712,153986158.0,0.2077,-25.56,691070,807163,925616,0.089
2553,EOT,Financial Services,Asset Management,NYSE,96.78,56,55,51,55,17.25,268123641.97582626,15624921.0,0.11,-4.17,23880,26343,34624,
2554,EVCM,Technology,Software - Application,NASDAQ,96.76,56,30,60,37,12.14,1990695386.25,176950701.0,0.1009,-15.75,133260,181680,162740,0.036
2555,CIG,Utilities,Utilities - Regulated Electric,NYSE,96.76,56,35,78,64,2.17,6150466321.265884,2860681883.0,0.0,-21.38,5403710,6480273,6840264,0.063
2556,WTM,Financial Services,Insurance - Property & Casualty,NYSE,96.74,56,51,67,67,2118.61,5113877918.703613,2476670.0,0.0366,-9.19,15870,17610,20380,-0.108
2557,DEI,Real Estate,REIT - Office,S&P 600,96.74,56,58,32,21,12.04,1949528565.381503,167485267.0,0.2789,-29.13,1678140,2122403,2289070,-0.002
2558,PDS,Energy,Oil & Gas Drilling,NYSE,96.73,56,60,90,91,76.19,1156946965.1467667,12941241.0,3.07,-26.6,118450,98326,101910,0.06
2559,BWBBP,Financial Services,Banks - Regional,NASDAQ,96.71,56,51,53,46,20.0,,,1.8,-11.03,1950,2976,2492,0.462
2560,NTES,Communication Services,Electronic Gaming & Multimedia,NASDAQ,96.71,56,44,33,42,131.9,78692673707.04916,640715469.0,0.0081,-17.33,874640,985943,1086588,0.061
2561,EVTC,Technology,Software - Infrastructure,S&P 600,96.71,56,31,36,27,31.6,1507849775.3686676,61620344.0,0.048299998,-16.89,366940,520780,603554,0.084
2562,IDE,Financial Services,Asset Management,NYSE,96.7,56,68,70,75,12.91,212643165.55282593,15156320.0,0.0021,-9.72,33770,33640,36166,
2563,AMH,Real Estate,REIT - Residential,S&P 400,96.7,56,59,39,31,33.21,11567907251.630249,360595592.0,0.028199999,-12.37,2106450,2262700,2408160,0.028
2564,LYTS,Technology,Electronic Components,NASDAQ,96.7,56,83,71,63,23.2,889541532.1143951,36712404.0,0.0405,-7.16,229100,325050,416864,0.136
2565,NVG,Financial Services,Asset Management,NYSE,96.69,56,55,53,60,12.45,2706028575.72468,213577629.0,0.0028,-8.39,466350,460676,484702,-0.02
2566,NBXG,Financial Services,Asset Management,NYSE,96.69,56,74,65,38,14.63,1314529410.3031769,78761496.0,0.00029999999,-13.64,285090,270893,261702,
2567,JRI,Financial Services,Asset Management,NYSE,96.68,56,49,55,51,12.87,354631740.93413734,27448277.0,0.0044,-9.81,115930,118813,128770,
2568,LFMDP,Healthcare,Health Information Services,NASDAQ,96.67,56,50,57,43,23.43,,,1.35,-5.33,740,2313,2176,-0.014
2569,EIIA,Financial Services,Asset Management,NYSE,96.66,56,51,56,53,25.24,,,0.1,-4.14,3060,5573,4358,
2570,TSN,Consumer Defensive,Farm Products,S&P 500,96.66,56,37,73,73,60.65,21486936271.232048,352129402.0,0.042600002,-12.71,2952220,3159543,3358476,0.044
2571,MLYS,Healthcare,Biotechnology,NASDAQ,96.65,56,57,83,92,26.19,2598690181.5,82498101.0,0.1328,-45.04,610310,1225576,1554604,
2572,XPEL,Consumer Cyclical,Auto Parts,S&P 600,96.65,56,68,77,86,44.15,1260088267.8437805,27560985.0,0.1362,-21.03,223140,263220,260346,0.131
2573,SPPL,Industrials,Specialty Industrial Machinery,NASDAQ,96.64,56,83,15,23,3.32,35132403.310045004,9786185.0,0.0466,-52.57,53480,320443,1051236,0.026
2574,ONEW,Consumer Cyclical,Specialty Retail,NASDAQ,96.64,56,32,15,28,12.4,182959130.2134533,16617541.0,0.1302,-30.8,96880,107196,99682,-0.085
2575,SKYH,Real Estate,Real Estate - Development,NYSE,96.64,56,52,53,24,10.48,323782123.15831375,34481588.0,0.1233,-6.19,125560,169156,160534,0.56
2576,AMBA,Technology,Semiconductor Equipment & Materials,NASDAQ,96.64,56,85,67,26,74.09,3165921928.5054626,43861484.0,0.0665,-23.37,1827650,1848870,1843444,0.169
2577,AUBN,Financial Services,Banks - Regional,NASDAQ,96.63,56,64,40,58,26.11,87331400.0,3493256.0,0.0019,-9.97,1790,2090,2404,0.115
2578,PC,Industrials,Specialty Business Services,NASDAQ,96.63,56,60,59,66,9.4,30497781.762342453,3244445.0,0.0986,-32.86,0,0,0,-0.118
2579,GTIM,Consumer Cyclical,Restaurants,NASDAQ,96.62,56,54,31,18,1.4,13619685.43724823,10557896.0,0.007900001,-33.01,25110,29400,29256,-0.031
2580,COO,Healthcare,Medical Instruments & Supplies,S&P 500,96.62,56,35,21,54,72.65,11942952122.947433,195114398.0,0.0299,-19.13,1868840,2581503,2979414,0.062
2581,RYDE,Technology,Software - Application,NYSE ARCA,96.62,56,92,99,20,0.54,163785880.83875048,169726306.0,0.010299999,-65.16,105670,71340,156762,0.388
2582,UG,Consumer Defensive,Household & Personal Products,NASDAQ,96.62,56,47,49,31,7.22,31838629.881332874,4594319.0,0.003,-26.92,16720,8780,7384,0.158
2583,GLP,Energy,Oil & Gas Midstream,NYSE,96.61,56,54,48,39,48.97,1608206554.5836258,33971410.0,0.010299999,-13.34,57950,122223,110276,0.159
2584,BSAA,Financial Services,Shell Companies,NASDAQ,96.61,56,62,48,45,10.66,86574148.58865738,7399500.0,0.0023,-20.27,8380,9820,18492,
2585,GRBK,Consumer Cyclical,Residential Construction,S&P 600,96.6,56,68,37,73,70.13,2901902659.6867065,43144552.0,0.0001,-13.39,208270,259533,254506,-0.049
2586,MTH,Consumer Cyclical,Residential Construction,S&P 600,96.59,56,74,29,60,70.81,4358075241.898384,66800665.0,0.0691,-16.44,943110,975923,929568,-0.177
2587,CLAR,Consumer Cyclical,Leisure,NASDAQ,96.59,56,51,18,46,3.21,118015359.45375395,38441486.0,0.071100004,-20.35,82870,276970,257996,0.025
2588,WWW,Consumer Cyclical,Footwear & Accessories,S&P 600,96.58,56,24,29,38,19.98,1438916381.9969444,81989541.0,0.1129,-39.09,771920,880516,980534,0.11
2589,ZM,Technology,Software - Application,NASDAQ,96.57,56,59,80,62,92.32,29789459952.771545,293232218.0,0.0252,-18.83,3052970,3521403,4113586,0.055
2590,MTD,Healthcare,Diagnostics & Research,S&P 500,96.55,56,43,38,55,1380.61,23856688700.55066,20207601.0,0.038399998,-9.48,185960,203663,206952,0.072
2591,HNI,Consumer Cyclical,"Furnishings, Fixtures & Appliances",S&P 600,96.55,56,46,21,73,43.58,2245458838.968361,71992908.0,0.0396,-18.22,639850,758556,706966,1.247
2592,EME,Industrials,Engineering & Construction,S&P 500,96.54,56,73,87,81,802.37,36820417373.10626,44532567.0,0.0234,-15.71,583550,518123,449128,0.197
2593,EMD,Financial Services,Asset Management,NYSE,96.54,56,59,65,68,10.51,620833148.9800034,58130443.0,0.0022,-6.99,191560,178983,183094,-0.03
2594,AGNCL,Real Estate,REIT - Mortgage,NASDAQ,96.53,56,51,54,53,24.98,,,0.48,-1.81,8270,12170,11354,
2595,OMAB,Industrials,Airports & Air Services,NASDAQ,96.53,56,52,46,78,108.09,4842564562.228806,48271178.0,0.0091,-19.93,61780,87810,88422,0.069
2596,FIGS,Consumer Cyclical,Apparel Manufacturing,NYSE,96.52,56,59,95,93,10.49,1964475733.514082,167047253.0,0.145,-39.99,2674150,3042363,2919188,0.28
2597,GBX,Industrials,Railroads,S&P 600,96.52,56,36,59,70,49.08,1457517182.2234192,30938594.0,0.1104,-17.08,393780,562120,501212,-0.229
2598,ARCO,Consumer Cyclical,Restaurants,NYSE,96.52,56,53,70,70,8.19,1832768555.7192106,210663057.0,0.0278,-16.0,1019720,1286260,1399518,0.129
2599,AIRTP,Industrials,Conglomerates,NASDAQ,96.51,55,57,61,70,19.05,,,1.03,-9.29,4660,2766,2144,-0.087
2600,ALISU,Financial Services,Shell Companies,NASDAQ,96.51,55,51,50,55,10.79,,,0.1,-2.88,1740,580,802,
2601,UIS,Technology,Information Technology Services,NYSE,96.51,55,80,23,10,3.15,334634741.4244461,72905170.0,0.0748,-37.99,765630,948700,1014600,0.013
2602,GPC,Consumer Cyclical,Auto Parts,S&P 500,96.5,55,41,20,73,124.83,13731351635.03302,139122108.0,0.0582,-17.64,1852570,2113366,1889806,0.068
2603,JBS,Consumer Defensive,Packaged Foods,NYSE,96.5,55,20,62,66,14.29,13353834767.564972,1070876863.0,0.1022,-23.38,5691530,6127573,7416220,0.107
2604,CNP,Utilities,Utilities - Regulated Electric,S&P 500,96.47,55,59,64,59,42.15,27645201126.79825,654169480.0,0.072,-5.22,6196020,7142033,6363528,0.019
2605,RMMZ,Financial Services,Asset Management,NYSE,96.46,55,54,56,52,14.73,125641297.09720612,8455000.0,0.0041,-3.66,11000,14636,15250,
2606,OGE,Utilities,Utilities - Regulated Electric,S&P 400,96.44,55,54,62,45,47.26,9747059086.359333,206374321.0,0.064,-5.73,1426680,1451106,1401190,0.007
2607,DOO,Consumer Cyclical,Recreational Vehicles,NASDAQ,96.43,55,28,37,91,62.39,4237223467.9853325,73346433.0,0.76,-23.81,215940,212450,249004,0.295
2608,TROX,Basic Materials,Chemicals,NYSE,96.43,55,66,96,94,6.26,1268216516.8731937,159524094.0,0.1531,-40.89,2367620,2638823,2602374,0.03
2609,PPG,Basic Materials,Specialty Chemicals,S&P 500,96.4,55,65,36,74,112.03,25183242748.260498,222900000.0,0.038599998,-16.04,2257630,2159013,2051806,0.067
2610,LOGI,Technology,Computer Hardware,NASDAQ,96.4,55,35,65,30,101.57,17492682138.18226,143535585.0,0.1091,-17.8,1589540,1217290,1188654,0.074
2611,NLOP,Real Estate,REIT - Office,NYSE,96.36,55,50,81,36,11.76,177917044.14067268,14814075.0,0.044699997,-65.94,161820,174183,149604,-0.709
2612,KEN,Utilities,Utilities - Independent Power Producers,NYSE,96.36,55,71,94,95,66.67,4729879020.765572,52108397.0,0.0016,-30.5,20330,26063,26550,0.431
2613,MYGN,Healthcare,Diagnostics & Research,NASDAQ,96.35,55,58,26,22,5.37,374959396.40218496,94448210.0,0.0904,-37.49,1013530,1360036,1502538,-0.208
2614,ARDT,Healthcare,Medical Care Facilities,NYSE,96.35,55,36,34,13,10.73,1323120720.5095634,143350031.0,0.0865,-30.68,550880,543800,585346,0.07
2615,RNGTU,Financial Services,Shell Companies,NASDAQ,96.35,55,40,42,45,10.6,,,137.03,-0.0,410,203,168,
2616,CBIO,Healthcare,Biotechnology,NASDAQ,96.34,55,63,87,13,15.02,569420125.731039,27574825.0,0.2403,-45.2,360920,451743,365778,
2617,OCCIM,Financial Services,Asset Management,NASDAQ,96.31,55,51,55,54,25.1,,,1.24,-3.68,940,850,1310,0.092
2618,SPME,Financial Services,Asset Management,NYSE,96.31,55,50,52,51,25.1,,,2.13,-3.46,1740,1690,1848,
2619,JFR,Financial Services,Asset Management,NYSE,96.3,55,49,40,45,7.67,1228181471.1712599,160967425.0,0.0013,-10.71,457710,480476,590390,0.043
2620,WSC,Industrials,Rental & Leasing Services,S&P 600,96.28,55,82,38,26,24.03,4656993007.817211,180994679.0,0.19690001,-24.62,2379350,2093176,2003160,-0.02
2621,AVB,Real Estate,REIT - Residential,S&P 500,96.28,55,55,49,29,187.78,25893070533.86345,141872069.0,0.0394,-10.52,739820,991043,1070216,0.025
2622,YUM,Consumer Cyclical,Restaurants,S&P 500,96.28,55,54,53,64,157.0,40778155994.77084,275621202.0,0.0277,-7.31,2669360,2733546,2533186,0.152
2623,FPS,Industrials,Electrical Equipment & Parts,NYSE,96.26,55,92,84,41,33.28,13343536303.75042,244118850.0,0.1598,-39.7,10242170,9787840,8710152,1.034
2624,TISI,Industrials,Specialty Business Services,NYSE,96.25,55,55,59,25,17.45,71450701.18315315,4571382.0,0.0056,-18.19,9350,5470,8562,0.083
2625,BGY,Financial Services,Asset Management,NYSE,96.25,55,51,49,62,5.75,522845403.62166643,90614455.0,0.0007,-7.7,227610,241760,287124,0.115
2626,NWSA,Communication Services,Entertainment,S&P 500,96.25,55,32,37,29,28.09,14239264821.516796,545565694.0,0.0399,-11.14,3259180,5329006,5025492,0.088
2627,LOAR,Industrials,Aerospace & Defense,NYSE,96.22,55,67,16,24,68.24,6036906204.371132,93624471.0,0.1649,-25.17,545240,779483,729472,0.361
2628,ARE,Real Estate,REIT - Office,S&P 500,96.21,55,38,13,25,52.49,8657707819.582825,174269480.0,0.0579,-40.51,1602780,1676760,1829238,-0.115
2629,NMCO,Financial Services,Asset Management,NYSE,96.2,55,53,56,52,10.53,599866428.8441296,55389329.0,0.0093,-4.19,174890,162323,161440,
2630,DMAAU,Financial Services,Shell Companies,NASDAQ,96.2,55,42,45,45,10.99,312425695.1128006,29171400.0,16.44,-12.08,10,84,798,
2631,MUZEU,Financial Services,Shell Companies,NASDAQ,96.19,55,39,42,40,10.42,,,0.07,0.58,400,136,504,
2632,CET,Financial Services,Asset Management,NYSE ARCA,96.19,55,56,63,63,52.4,1575862356.5563202,29549265.0,0.0011,-3.46,28340,38560,35856,0.484
2633,RQI,Financial Services,Asset Management,NYSE,96.19,55,53,67,55,12.57,1793315443.45261,134431441.0,0.0023999999,-7.37,754380,913113,828674,-0.052
2634,LNT,Utilities,Utilities - Regulated Electric,S&P 500,96.19,55,63,68,54,70.89,18495218777.209793,258277037.0,0.0986,-6.43,2452270,2543810,2483468,0.05
2635,AGNCZ,Real Estate,REIT - Mortgage,NASDAQ,96.18,55,50,53,54,25.34,,,0.6,-3.91,20570,44556,43548,
2636,LCCCU,Financial Services,Shell Companies,NASDAQ,96.18,55,42,45,47,10.84,,,2.95,-6.55,210,386,1830,
2637,MACIU,Financial Services,Shell Companies,NASDAQ,96.17,55,48,44,49,11.2,,,0.0,-17.65,260,140,980,
2638,WAFDP,Financial Services,Banks - Regional,NASDAQ,96.17,55,49,52,52,16.48,,,1.39,-5.77,17270,27290,26002,0.092
2639,AXINU,Financial Services,Shell Companies,NASDAQ,96.14,55,50,45,42,10.65,,,0.0,-9.36,0,1290,3398,
2640,FMN,Financial Services,Asset Management,NYSE,96.13,55,55,51,53,11.13,88273133.99174023,7818701.0,0.0019,-2.37,25060,25116,21624,-0.223
2641,CCID,Financial Services,Asset Management,NYSE,96.13,55,50,51,46,25.21,,,1.33,-1.25,700,2616,2650,
2642,UYSC,Financial Services,Shell Companies,NASDAQ,96.13,55,49,54,47,10.78,81944322.13928604,7658348.0,0.0088,-8.26,690,553,426,
2643,GATX,Industrials,Rental & Leasing Services,S&P 400,96.13,55,45,73,75,181.7,6002806387.647491,35502758.0,0.0442,-11.61,238990,260630,242814,0.384
2644,NZF,Financial Services,Asset Management,NYSE,96.11,55,53,56,56,12.29,2442923253.988409,193729050.0,0.0023999999,-5.61,489700,525803,527746,-0.012
2645,UYSCU,Financial Services,Shell Companies,NASDAQ,96.1,55,48,52,38,10.74,85138125.0,6677500.0,11.66,-23.72,0,10,266,
2646,NUV,Financial Services,Asset Management,NYSE,96.1,55,51,53,54,9.12,1896930258.6937523,207541596.0,0.0022,-1.51,479150,498313,519302,0.062
2647,BBNX,Healthcare,Medical Devices,NASDAQ,96.08,55,67,11,16,14.27,540087738.3003187,44561695.0,0.1283,-56.37,1269040,1117880,1037694,0.566
2648,DTSQ,Financial Services,Shell Companies,NASDAQ,96.08,55,50,55,51,11.32,41173921.10239792,3653409.0,0.0014,-12.25,5080,4610,3246,
2649,RVLV,Consumer Cyclical,Internet Retail,NYSE,96.06,55,39,51,74,25.44,1402488670.0962734,71555543.0,0.113000005,-19.7,764930,800386,905898,0.156
2650,ONBPP,Financial Services,Banks - Regional,NASDAQ,96.05,55,47,50,51,25.18,,,0.37,-1.64,4690,6443,8540,0.462
2651,JEF,Financial Services,Capital Markets,S&P 400,96.03,55,42,29,44,55.09,10777671474.591156,204432307.0,0.025799999,-22.45,1857360,2461463,2137322,0.266
2652,CCNEP,Financial Services,Banks - Regional,NASDAQ,96.03,55,47,53,55,25.03,,,1.24,-1.61,1200,990,1116,0.486
2653,CRCT,Technology,Computer Hardware,NASDAQ,96.01,55,29,29,29,4.65,871079351.1174936,209898634.0,0.1027,-36.56,430190,539546,513468,-0.019
2654,IRT,Real Estate,REIT - Residential,S&P 400,96.01,55,56,41,34,16.69,3825649180.9583817,235714682.0,0.060399998,-10.94,2195710,2885143,2951802,0.023
2655,VLYPO,Financial Services,Banks - Regional,NASDAQ,96.0,55,50,53,52,24.92,,,1.2,-3.19,6470,8103,6938,0.238
2656,OCCIN,Financial Services,Asset Management,NASDAQ,96.0,55,49,53,52,24.84,,,0.46,-0.36,1350,1283,1768,0.092
2657,SBR,Energy,Oil & Gas Midstream,NYSE,96.0,55,49,71,52,72.67,1090097576.708107,14579345.0,0.0021,-13.89,38600,32936,36344,-0.302
2658,ATR,Healthcare,Medical Instruments & Supplies,S&P 400,96.0,55,31,32,33,133.87,7393583511.217926,63820316.0,0.033,-18.51,452240,476946,471282,0.108
2659,VLYPN,Financial Services,Banks - Regional,NASDAQ,95.97,55,50,58,55,25.71,,,0.45,-3.4,4980,10460,12072,0.238
2660,AFB,Financial Services,Asset Management,NYSE,95.95,54,60,58,53,10.91,320793481.37387085,28744936.0,0.74,-3.02,77250,83893,88964,0.071
2661,BRZE,Technology,Software - Application,NASDAQ,95.95,54,22,44,12,25.06,2886749581.9457417,112631669.0,0.1291,-33.47,2346110,2418776,2797082,0.302
2662,SPMA,Financial Services,Asset Management,NYSE,95.95,54,48,55,54,24.97,,,0.34,-3.89,2480,3346,4950,
2663,EDHL,Communication Services,Advertising Agencies,NASDAQ,95.95,54,11,3,1,4.16,4898848.59534502,1666275.0,0.0187,-96.22,29430,246980,3158158,-0.134
2664,FSHPU,Financial Services,Shell Companies,NASDAQ,95.94,54,42,51,48,11.19,,,0.0,-16.49,10,132,421,
2665,UL,Consumer Defensive,Household & Personal Products,NYSE,95.94,54,37,26,54,65.27,122239055951.44916,2165439403.0,0.83,-12.95,5780230,4517440,4411980,
2666,MFM,Financial Services,Asset Management,NYSE,95.93,54,57,51,55,5.4,223236963.16236687,41187631.0,0.53,-4.76,249360,245893,231748,0.014
2667,NAD,Financial Services,Asset Management,NYSE,95.93,54,54,50,57,11.7,2785228752.6976395,233464265.0,0.0026,-4.96,577540,553683,596132,-0.016
2668,AVK,Financial Services,Asset Management,NYSE,95.92,54,64,60,59,12.31,577024096.746872,44148746.0,0.0002,-6.32,153550,136166,144358,0.081
2669,NRGV,Utilities,Utilities - Renewable,NYSE,95.92,54,96,98,98,2.83,900143333.8977642,178246198.0,0.133,-55.78,4085890,5640030,5413252,1.564
2670,AEAQU,Financial Services,Shell Companies,NASDAQ,95.91,54,41,44,42,10.43,,,51.02,-1.37,1160,2550,3308,
2671,WSBCO,Financial Services,Banks - Regional,NASDAQ,95.91,54,46,52,49,25.6,,,0.0018000001,-1.65,6590,23546,15676,1.077
2672,ONC,Healthcare,Biotechnology,NASDAQ,95.89,54,34,36,78,322.08,29872051791.783783,103751217.0,0.0147,-16.39,369560,352820,322966,0.355
2673,CARS,Communication Services,Internet Content & Information,NYSE,95.89,54,58,35,33,11.88,574683102.6322813,55903027.0,0.14130001,-14.96,643130,728350,767840,0.007
2674,USNA,Consumer Defensive,Packaged Foods,NYSE,95.89,54,42,20,24,22.17,337873087.2138405,18463011.0,0.0546,-42.15,96120,105666,108058,0.003
2675,PDPA,Financial Services,Asset Management,NYSE,95.87,54,49,54,53,25.08,,,1.68,-4.09,7090,3653,2582,
2676,IPI,Basic Materials,Agricultural Inputs,NYSE,95.87,54,33,76,63,35.32,524828478.0005646,13433030.0,0.0207,-29.84,152590,206350,206212,0.062
2677,LOVE,Consumer Cyclical,"Furnishings, Fixtures & Appliances",NASDAQ,95.86,54,50,44,20,16.14,227314863.69142532,14779900.0,0.2317,-23.69,207340,236550,212402,0.027
2678,QSEA,Financial Services,Shell Companies,NASDAQ,95.85,54,46,49,46,10.66,119689848.38848114,11409900.0,0.0002,-1.8,5010,9856,51420,
2679,EPRT,Real Estate,REIT - Retail,S&P 600,95.85,54,39,51,56,31.27,6612801287.401743,216245955.0,0.1014,-9.96,1883700,2036830,1964590,0.228
2680,P,Technology,Computer Hardware,S&P 400,95.84,54,69,67,34,75.06,26409454253.594513,332152604.0,0.0436,-25.38,2148890,2766126,3321276,
2681,UEIC,Technology,Consumer Electronics,NASDAQ,95.83,54,56,50,22,4.59,52542054.39276886,12630302.0,0.0143,-38.8,22110,33903,33774,-0.144
2682,RIBB,Financial Services,Shell Companies,NASDAQ,95.83,54,48,51,49,10.82,52679970.44286728,4793446.0,0.00059999997,-1.55,1600,1230,1152,
2683,BJ,Consumer Defensive,Discount Stores,S&P 400,95.83,54,27,34,37,98.45,10889743055.483551,127693987.0,0.0637,-14.71,1552690,1938910,2241676,0.099
2684,TTI,Industrials,Conglomerates,NYSE,95.82,54,91,92,98,7.62,1385039494.8033829,135389986.0,0.0544,-39.23,1876610,1880063,1773582,-0.006
2685,WTFCN,Financial Services,Banks - Regional,NASDAQ,95.81,54,50,56,55,26.2,,,1.39,-4.06,16330,48780,48752,0.104
2686,IBN,Financial Services,Banks - Regional,NYSE,95.81,54,40,23,39,30.26,94025717924.65134,3584663346.0,0.0155,-12.47,7281980,7497533,7577398,0.669
2687,DOW,Basic Materials,Chemicals,S&P 500,95.81,54,31,89,75,30.09,24325023532.5,720741438.0,0.0345,-29.6,11283850,11969170,12092020,-0.061
2688,CSL,Industrials,Building Products & Equipment,S&P 400,95.78,54,53,38,68,369.88,13952762756.76831,40465076.0,0.085,-15.15,537500,582340,488908,-0.04
2689,SLMBP,Financial Services,Credit Services,NASDAQ,95.78,54,48,54,50,74.58,,,3.12,-10.31,1850,3466,3442,0.025
2690,TACHU,Financial Services,Shell Companies,NASDAQ,95.77,54,47,47,43,10.75,,,0.73,-2.27,0,173,810,
2691,AEE,Utilities,Utilities - Regulated Electric,S&P 500,95.76,54,57,64,55,108.75,29880872317.351562,276751616.0,0.0403,-5.92,1345010,1745650,1739642,0.037
2692,NATR,Consumer Defensive,Packaged Foods,NASDAQ,95.75,54,63,89,94,20.29,374206066.9545727,17584871.0,0.0231,-27.9,103620,116063,127186,0.085
2693,CAPN,Financial Services,Shell Companies,NASDAQ,95.73,54,47,55,51,11.1,58169012.0,5288092.0,0.00059999997,-2.97,1070,1336,938,
2694,FER,Industrials,Engineering & Construction,NASDAQ,95.73,54,59,70,80,65.12,48729777736.49833,716508987.0,0.0057,-12.93,1880000,1656256,1666342,0.057
2695,ESTC,Technology,Software - Application,NYSE,95.73,54,26,14,14,64.25,6777419789.323883,104751470.0,0.060900003,-33.12,1543090,1808083,2078600,0.16
2696,MBINN,Financial Services,Banks - Regional,NASDAQ,95.73,54,53,58,47,20.19,,,3.43,-6.53,4780,7963,8822,0.158
2697,RA,Financial Services,Asset Management,NYSE,95.71,54,49,54,54,12.77,706155000.1254044,55254696.0,0.32,-6.03,139890,141696,145572,
2698,FSS,Industrials,Farm & Heavy Construction Machinery,S&P 600,95.71,54,65,61,55,124.55,6508940529.035889,61002256.0,0.0838,-6.28,457620,635820,561536,0.349
2699,ALGN,Healthcare,Medical Instruments & Supplies,S&P 500,95.7,54,62,66,64,173.41,12529591100.088821,71618127.0,0.0784,-16.75,988950,1064740,1057748,0.062
2700,EICA,Financial Services,Asset Management,NYSE,95.7,54,48,53,52,24.98,,,0.48,-3.63,1740,2490,2676,-0.085
2701,VTN,Financial Services,Asset Management,NYSE,95.68,54,57,58,66,10.94,162102289.62119293,14643387.0,0.0032,-9.59,22620,23243,23328,-0.172
2702,SVAQU,Financial Services,Shell Companies,NASDAQ,95.67,54,50,43,42,10.35,,,14.22,2.93,30,7056,4306,
2703,FCT,Financial Services,Asset Management,NYSE,95.67,54,49,55,56,9.65,250999524.11524963,25983388.0,0.005,-6.22,192720,154213,137026,-0.026
2704,NMZ,Financial Services,Asset Management,NYSE,95.66,54,51,43,50,10.17,1211426152.475007,117500107.0,0.0028,-5.57,625240,599566,671648,
2705,VLYPP,Financial Services,Banks - Regional,NASDAQ,95.65,54,46,54,51,25.03,,,17.4,-4.14,3810,4116,5084,0.238
2706,GRF,Financial Services,Asset Management,NYSE ARCA,95.65,54,40,52,70,10.45,40313213.154556274,3967836.0,0.01,-11.81,1640,2166,3928,-0.02
2707,PHK,Financial Services,Asset Management,NYSE,95.65,54,49,48,58,4.65,850288050.130291,186466680.0,0.28,-7.74,1381280,1011740,865538,-0.015
2708,ATHE,Healthcare,Biotechnology,NASDAQ,95.64,54,88,77,20,4.5,77905238.51603222,18909039.0,0.0005,-35.71,11330,20113,52504,0.746
2709,NERV,Healthcare,Biotechnology,NASDAQ,95.64,54,92,96,94,4.02,228750554.08112717,46588709.0,0.026700001,-67.74,167150,322206,247888,
2710,GLU,Financial Services,Asset Management,NYSE ARCA,95.63,54,53,65,75,19.03,116212904.11486053,5990356.0,0.00090000004,-12.26,5630,6776,7434,0.219
2711,EYPT,Healthcare,Biotechnology,NASDAQ,95.62,54,41,80,88,12.86,1138564820.4434166,83841298.0,0.17790002,-32.71,1448820,1554456,1373276,1.617
2712,ITT,Industrials,Specialty Industrial Machinery,S&P 400,95.6,54,52,76,75,193.0,17518765680.0,89839824.0,0.0648,-14.32,934900,1017500,913480,0.327
2713,BACC,Financial Services,Shell Companies,NASDAQ,95.58,54,54,48,48,10.49,291225926.57832813,27962163.0,0.00029999999,-0.1,78570,321256,220606,
2714,VELO,Technology,Computer Hardware,NASDAQ,95.58,54,97,91,94,9.7,715522064.840908,29801002.0,0.2038,-63.4,1511690,2721796,3584808,0.482
2715,CCAQU,Financial Services,Shell Companies,NASDAQ,95.58,54,47,47,49,10.74,,,,1.32,0,96,560,
2716,FSHP,Financial Services,Shell Companies,NASDAQ,95.58,54,49,51,50,11.19,55129922.83195782,5025517.0,0.00029999999,-6.75,10,206,15880,
2717,IIIN,Industrials,Metal Fabrication,NYSE,95.55,54,24,18,67,30.62,534219955.58208275,19433247.0,0.0473,-26.46,328910,420823,355078,0.075
2718,BZUN,Consumer Cyclical,Internet Retail,NASDAQ,95.54,53,54,39,24,2.98,150552522.52080035,58128389.0,0.0128,-38.93,305350,281783,281628,0.153
2719,RCEL,Healthcare,Medical Devices,NASDAQ,95.54,53,62,26,20,4.49,133263061.02192497,30776689.0,0.1164,-36.94,182430,339376,292432,0.04
2720,CHAR,Financial Services,Shell Companies,NASDAQ,95.53,53,47,52,48,10.9,114718130.5,10671454.0,0.64,-3.54,4410,1793,5736,
2721,DX,Real Estate,REIT - Mortgage,NYSE,95.53,53,59,62,70,12.82,2816325405.459423,215150907.0,0.044899996,-14.13,6805760,6032726,5292456,
2722,NGVC,Consumer Defensive,Grocery Stores,NYSE,95.53,53,55,26,17,32.18,676477491.0229797,23040786.0,0.059899997,-34.55,111940,121210,126008,0.005
2723,CBLL,Healthcare,Medical Devices,NASDAQ,95.5,53,67,78,85,17.64,700042843.9479828,37942700.0,0.0798,-27.5,354240,395316,346578,0.293
2724,CARG,Consumer Cyclical,Auto & Truck Dealerships,S&P 600,95.5,53,38,75,27,36.0,2692986801.325836,90187098.0,0.1667,-8.68,991140,1296056,1390764,0.148
2725,RMAX,Real Estate,Real Estate Services,NYSE,95.5,53,87,84,27,9.27,202561054.2900324,21232815.0,0.061300002,-20.22,332100,364403,330744,-0.057
2726,PTON,Consumer Cyclical,Leisure,S&P 600,95.49,53,50,20,13,6.38,2771148361.293328,432991925.0,0.1424,-30.65,6836790,8376766,11437828,0.011
2727,PGAC,Financial Services,Shell Companies,NASDAQ,95.49,53,45,49,48,10.74,116539531.63528442,11025500.0,0.0001,1.51,1520,2120,3440,
2728,LPAAU,Financial Services,Shell Companies,NASDAQ,95.49,53,39,43,51,11.11,,,0.5,1.55,250,90,106,
2729,NEE,Utilities,Utilities - Regulated Electric,S&P 500,95.49,53,54,77,74,87.93,181468526654.9137,2085605358.0,0.0001,-10.96,10073550,11391013,11933682,0.073
2730,ONBPO,Financial Services,Banks - Regional,NASDAQ,95.48,53,48,51,51,25.03,,,1.96,-1.8,4140,6776,5924,0.462
2731,NAZ,Financial Services,Asset Management,NYSE,95.48,53,58,63,50,12.11,164347821.3527012,12809651.0,0.0041,-6.85,37360,25520,22262,
2732,GSRFU,Financial Services,Shell Companies,NASDAQ,95.46,53,43,40,51,10.58,276258027.9331207,26360500.0,0.33,-3.82,800,476,512,
2733,SMA,Real Estate,REIT - Industrial,NYSE,95.46,53,47,32,35,33.56,1730165468.75,55365295.0,0.073,-15.61,842500,775043,732452,0.131
2734,FRMEP,Financial Services,Banks - Regional,NASDAQ,95.45,53,45,53,53,25.2,,,1.1,-6.98,2010,1360,1224,-0.025
2735,BYD,Consumer Cyclical,Resorts & Casinos,S&P 400,95.45,53,50,55,57,87.05,6145617320.763763,74330156.0,0.0594,-3.23,1200030,990843,1035894,0.006
2736,SBS,Utilities,Utilities - Regulated Water,NYSE,95.44,53,60,85,81,5.47,19356585781.03638,3506627871.0,0.0062,-23.58,6229950,6262730,6310524,0.183
2737,GENI,Communication Services,Internet Content & Information,NYSE,95.44,53,26,5,12,6.98,1566606323.7136016,267338957.0,0.091000006,-49.16,6761520,5987736,6325858,0.305
2738,IPEXU,Financial Services,Shell Companies,NASDAQ,95.44,53,42,40,43,11.08,,,10.13,-24.11,0,3,28,
2739,REXR,Real Estate,REIT - Industrial,S&P 400,95.43,53,32,33,49,38.38,8006221956.464813,225718119.0,0.0618,-13.52,3505550,3102516,2737664,-0.029
2740,CEV,Financial Services,Asset Management,NYSE ARCA,95.42,53,57,53,56,10.06,72727166.57323837,7033575.0,0.32,-6.68,32150,25920,26270,0.058
2741,NMS,Financial Services,Asset Management,NYSE,95.4,53,53,59,54,11.8,76208649.38754272,6231288.0,0.0013,-5.52,11770,12400,11360,
2742,AEVA,Technology,Software - Infrastructure,NASDAQ,95.39,53,94,80,82,16.46,1776490355.0185318,63040821.0,0.1901,-57.58,1399470,1852823,2173032,0.859
2743,NEA,Financial Services,Asset Management,NYSE,95.38,53,54,50,57,11.26,3450943883.8724556,299041932.0,0.0044,-5.38,816480,716390,766128,-0.014
2744,SIMA,Financial Services,Shell Companies,NASDAQ,95.37,53,45,50,48,10.94,88441122.48127937,8219435.0,0.0042,-15.19,780,900,7868,
2745,RVSB,Financial Services,Banks - Regional,NASDAQ,95.36,53,42,35,38,5.29,115368076.3356862,20564719.0,0.026099999,-11.69,61920,167230,118326,-0.922
2746,IVR,Real Estate,REIT - Mortgage,NYSE,95.34,53,61,65,77,7.41,730519116.4072199,92823269.0,0.09020001,-22.0,2968420,2958093,2700546,
2747,RBA,Industrials,Specialty Business Services,S&P 400,95.32,53,59,37,68,110.01,19813004715.72876,186300000.0,0.0789,-8.0,922310,1126310,1074382,0.114
2748,NXP,Financial Services,Asset Management,NYSE,95.32,53,47,48,44,14.22,743694189.7194691,52006586.0,0.00090000004,-2.94,141010,134513,130270,0.091
2749,TCI,Real Estate,Real Estate Services,NYSE,95.29,53,65,23,89,42.26,334859912.41919327,8639317.0,0.0092,-29.15,27040,15043,10544,0.028
2750,NHI,Real Estate,REIT - Healthcare Facilities,S&P 600,95.27,53,41,45,68,76.07,3552445424.286598,48471079.0,0.0398,-16.75,395710,812823,656368,-0.026
2751,BRBS,Financial Services,Banks - Regional,NYSE ARCA,95.27,53,51,48,68,3.5,296708642.0126755,89911711.0,0.0326,-26.85,265930,370203,319870,-0.1
2752,FRHC,Financial Services,Financial Conglomerates,NASDAQ,95.27,53,55,40,20,155.13,8739232656.872864,61190535.0,0.053200003,-20.04,103670,170190,183586,-0.141
2753,TR,Consumer Defensive,Confectioners,S&P 600,95.26,53,47,72,64,39.39,2834705166.6887283,75171181.0,0.0884,-12.58,167570,297756,254252,0.021
2754,PGR,Financial Services,Insurance - Property & Casualty,S&P 500,95.23,53,50,32,33,213.28,111098396438.59863,583500000.0,0.012,-26.45,2757710,3653216,3471218,0.087
2755,TTAN,Technology,Software - Application,NASDAQ,95.23,53,26,16,13,79.87,6902271396.620178,95387940.0,0.1441,-33.44,1538290,1754976,1730598,0.214
2756,SHW,Basic Materials,Specialty Chemicals,S&P 500,95.22,53,48,27,52,344.84,74937766181.43338,246635621.0,0.0235,-9.17,2375450,2581463,2454670,0.068
2757,PGACU,Financial Services,Shell Companies,NASDAQ,95.22,53,44,47,49,10.78,,,0.0,-2.0,42,90,334,
2758,CALM,Consumer Defensive,Farm Products,S&P 600,95.21,53,29,24,30,87.08,3539978787.9127502,47376589.0,0.14829999,-31.11,1199880,1029223,887610,-0.53
2759,HPF,Financial Services,Asset Management,NYSE,95.2,53,49,53,48,15.86,350310419.82730865,21650829.0,2.43,-7.41,29000,29103,33166,0.013
2760,JACK,Consumer Cyclical,Restaurants,NASDAQ,95.2,53,75,9,47,16.34,237466515.56199646,19073616.0,0.3157,-35.52,758070,1119563,974696,-0.043
2761,AVY,Consumer Cyclical,Packaging & Containers,S&P 500,95.19,53,31,31,63,174.82,12167326102.182312,76490385.0,0.033800002,-12.39,929430,802133,766816,0.07
2762,ALLE,Industrials,Security & Protection Services,S&P 500,95.18,53,28,22,68,157.06,11177678069.683044,85935861.0,0.0419,-14.23,1749360,1449410,1241210,0.097
2763,TDAC,Financial Services,Shell Companies,NASDAQ,95.18,53,44,49,47,10.83,235505625.0,21907500.0,0.02,0.28,46140,25286,131336,
2764,CUBWU,Financial Services,Shell Companies,NASDAQ,95.16,53,47,46,47,11.05,,,0.23,-14.34,10,83,221,
2765,ASM,Basic Materials,Other Precious Metals & Mining,NYSE ARCA,95.16,53,69,86,99,5.53,1282983918.4472651,175271023.0,0.0295,-53.88,3330610,3358506,3639530,1.093
2766,TUSK,Industrials,Conglomerates,NASDAQ,95.15,53,83,57,35,2.6,161371662.85608912,48170647.0,0.0304,-27.78,160490,349333,341364,0.894
2767,AGIO,Healthcare,Biotechnology,NASDAQ,95.15,53,59,25,20,32.75,1748465281.9133816,59471609.0,0.1266,-28.8,1350120,1245713,1135888,1.377
2768,NDAQ,Financial Services,Financial Data & Stock Exchanges,S&P 500,95.14,53,30,56,43,95.16,52323832732.4771,565540798.0,0.018,-6.51,3774670,4917020,4273934,0.137
2769,FOF,Financial Services,Asset Management,NYSE,95.14,53,59,61,69,13.54,389665705.0836086,27773750.0,0.0022,-9.97,39850,44913,47940,
2770,NPB,Financial Services,Banks - Regional,NYSE,95.14,53,67,61,67,17.28,590657858.7216148,34581842.0,0.0094,-11.28,218370,221753,183542,0.279
2771,PFN,Financial Services,Asset Management,NYSE,95.13,53,50,50,54,7.06,688228734.7806478,98600105.0,0.45,-7.95,717180,584620,484736,-0.034
2772,MSA,Industrials,Security & Protection Services,S&P 400,95.12,53,44,37,67,174.35,6400558074.01033,38604089.0,0.0394,-16.55,242520,290770,310526,0.1
2773,SOR,Financial Services,Asset Management,NYSE,95.12,53,49,54,63,45.95,376813842.332428,8230971.0,0.0,-8.85,9160,11160,10832,0.138
2774,GPATU,Financial Services,Shell Companies,NASDAQ,95.11,53,43,48,44,11.09,,,,-5.13,10,10,152,
2775,TNC,Industrials,Specialty Industrial Machinery,S&P 600,95.1,53,66,57,54,82.68,1467219947.729721,17038903.0,0.096499994,-6.95,153680,169473,161000,0.027
2776,HLXC,Financial Services,Shell Companies,NASDAQ,95.1,53,46,41,40,10.51,225232600.84152222,22060000.0,0.42,1.5,6060,15026,17736,
2777,VKTX,Healthcare,Biotechnology,NASDAQ,95.09,53,73,42,22,33.11,3801298946.6994667,116105643.0,0.2028,-23.27,2267490,2753520,2406150,
2778,TARS,Healthcare,Biotechnology,NASDAQ,95.08,52,38,69,61,59.54,2555623230.2493515,43023959.0,0.1178,-30.16,896770,1258066,1007986,1.069
2779,VEEE,Consumer Cyclical,Recreational Vehicles,NASDAQ,95.07,52,2,0,9,12.58,3805882.7302885056,529330.0,0.087,-90.17,1404670,4565296,2762540,0.098
2780,VRTS,Financial Services,Asset Management,S&P 600,95.06,52,32,28,30,163.5,955743901.5031128,6682122.0,0.0805,-23.97,136360,136916,129212,-0.084
2781,GAB,Financial Services,Asset Management,NYSE,95.05,52,48,44,62,5.65,1745813539.7692423,311196702.0,0.01,-10.42,900390,1010343,1046994,0.194
2782,OACCU,Financial Services,Shell Companies,NASDAQ,95.04,52,46,42,48,11.0,,,,-11.79,100,73,246,
2783,MYI,Financial Services,Asset Management,NYSE,95.04,52,54,48,54,10.74,731139761.0,66467251.0,0.0008,-6.28,234900,269556,274026,0.063
2784,DUK,Utilities,Utilities - Regulated Electric,S&P 500,95.01,52,47,56,50,126.27,95679846329.46274,779596217.0,0.023,-6.11,3806380,3890580,3639392,0.113
2785,ANGX,Communication Services,Entertainment,NYSE,95.0,52,19,7,4,4.09,516362244.7244663,186412364.0,0.0419,-79.94,1246410,1295096,1234380,1.426
2786,YHNA,Financial Services,Shell Companies,NASDAQ,94.99,52,45,51,49,10.93,46544014.58858013,4285821.0,0.0001,-4.12,2030,690,546,
2787,ANSC,Financial Services,Shell Companies,NASDAQ,94.98,52,46,50,50,11.47,470730192.0401974,41547237.0,0.0001,0.79,6790,14046,29984,
2788,QETA,Financial Services,Shell Companies,NASDAQ,94.97,52,53,49,59,11.74,43886129.22296524,3747748.0,0.0005,-10.18,0,3513,2128,
2789,DMAA,Financial Services,Shell Companies,NASDAQ,94.96,52,45,50,48,10.71,257578038.59518337,24276913.0,0.0036000002,0.94,9940,40960,43422,
2790,KTF,Financial Services,Asset Management,NYSE,94.96,52,54,54,52,8.84,358431452.7567482,39172838.0,0.58,-5.66,293660,171156,139034,-0.015
2791,ARCIU,Financial Services,Shell Companies,NASDAQ,94.94,52,40,39,40,10.35,,,0.07,1.47,10170,4653,3518,
2792,DFP,Financial Services,Asset Management,NYSE,94.93,52,48,53,57,20.85,424728679.427742,20538137.0,0.45,-5.7,44950,46183,57538,
2793,AUDC,Technology,Communication Equipment,NASDAQ,94.92,52,61,77,21,9.25,250463565.64391327,25453614.0,0.0034999999,-19.57,86950,99716,111942,0.029
2794,DDL,Consumer Defensive,Grocery Stores,NYSE,94.92,52,22,49,79,2.42,551015935.7094464,218657119.0,0.0161,-29.03,351110,494746,488544,1.952
2795,REGCP,Real Estate,REIT - Retail,NASDAQ,94.92,52,42,49,48,23.15,,,0.56,-6.46,870,3473,3362,0.1
2796,WTG,Financial Services,Shell Companies,NASDAQ,94.89,52,46,47,46,10.47,75592004.03609276,7303575.0,0.0004,1.16,12720,41766,25758,
2797,GTES,Industrials,Specialty Industrial Machinery,S&P 600,94.89,52,66,61,71,25.78,6583678153.138657,253999928.0,0.045100003,-9.45,2005820,2071910,2000776,0.004
2798,MMD,Financial Services,Asset Management,NYSE,94.89,52,53,44,53,14.98,286950036.82534504,18779453.0,0.13,-5.31,32740,44860,47786,-0.15
2799,PDO,Financial Services,Asset Management,NYSE,94.87,52,48,49,58,13.13,1873685112.2460709,142485564.0,0.15,-7.86,544570,560283,577940,
2800,RIV,Financial Services,Asset Management,NYSE,94.87,52,54,58,61,11.32,322159789.8095703,27371264.0,0.0011999999,-8.41,76620,71906,70038,
2801,MHD,Financial Services,Asset Management,NYSE,94.87,52,54,51,53,11.54,607971234.6038208,52141616.0,0.0021,-4.23,252550,356683,365220,0.112
2802,MRDN,Communication Services,Electronic Gaming & Multimedia,NASDAQ,94.87,52,84,57,7,11.15,147147611.15795422,12652417.0,0.056399997,-53.07,77390,75360,65162,0.173
2803,CAPNU,Financial Services,Shell Companies,NASDAQ,94.85,52,51,41,62,11.17,,,3.0,-5.0,0,6,12,
2804,MYN,Financial Services,Asset Management,NYSE,94.85,52,55,53,53,9.75,384281466.0092697,38313208.0,0.0015,-4.97,204810,145116,132436,0.065
2805,SUPV,Financial Services,Banks - Regional,NYSE,94.84,52,57,12,21,10.05,915415797.2684956,93985197.0,0.0475,-25.83,373670,556970,688838,0.011
2806,TLF,Consumer Cyclical,Specialty Retail,NASDAQ,94.83,52,47,47,42,2.4,19137386.37336874,8143569.0,0.0401,-36.51,6950,20623,32234,0.032
2807,GDL,Financial Services,Asset Management,NYSE,94.82,52,48,52,54,8.4,92995640.07117653,10927807.0,0.0005,-3.11,6440,7600,9366,
2808,MFA,Real Estate,REIT - Mortgage,NYSE,94.81,52,59,70,60,9.2,980101114.1457176,102093862.0,0.0328,-12.96,1355800,1716693,1543536,-0.465
2809,CHT,Communication Services,Telecom Services,NYSE,94.79,52,45,47,40,42.68,33954343904.45772,775744655.0,0.0064,-9.25,166830,175886,160380,0.075
2810,PTHS,Healthcare,Biotechnology,NYSE ARCA,94.78,52,81,75,73,26.25,92000320.76346397,3475645.0,0.018099999,-51.65,97260,51836,38806,
2811,DTF,Financial Services,Asset Management,NYSE,94.77,52,44,48,50,11.45,80488540.8092165,7029567.0,0.0026,-1.29,3990,5043,6076,-0.052
2812,RFAI,Financial Services,Shell Companies,NASDAQ,94.76,52,45,49,48,11.06,91697975.44026375,8343765.0,0.07,-3.28,5660,2703,1924,
2813,PATH,Technology,Software - Infrastructure,S&P 400,94.76,52,28,26,31,12.37,6099596751.81338,520443397.0,0.31780002,-37.65,88849900,76382076,65104758,0.173
2814,LCCC,Financial Services,Shell Companies,NASDAQ,94.76,52,45,48,46,10.48,92611996.60301208,8905000.0,0.00090000004,0.29,9460,19533,41770,
2815,RFAIU,Financial Services,Shell Companies,NASDAQ,94.75,52,46,45,47,11.07,,,,-1.95,0,16,478,
2816,UMBFO,Financial Services,Banks - Regional,NASDAQ,94.75,52,49,54,55,26.34,,,1.32,-6.1,9450,16660,14584,0.49
2817,BKHA,Financial Services,Shell Companies,NASDAQ,94.74,52,52,59,55,11.78,49219900.884464264,4153578.0,0.09,-1.67,1910,1356,976,
2818,GUG,Financial Services,Asset Management,NYSE,94.74,52,56,60,59,15.37,534277369.7618065,32980083.0,0.81,-6.85,100360,85420,92186,
2819,SDHY,Financial Services,Asset Management,NYSE,94.73,52,48,47,53,16.12,396989474.8048096,24673056.0,0.43,-6.17,50810,55023,62510,
2820,SPEGU,Financial Services,Shell Companies,NASDAQ,94.71,52,47,45,45,10.55,,,0.04,-22.77,12500,4166,2808,
2821,EMN,Basic Materials,Specialty Chemicals,S&P 600,94.69,52,34,68,64,70.07,8675731779.271545,114349960.0,0.0596,-16.05,1327250,1319023,1251284,-0.049
2822,DSP,Technology,Software - Application,NASDAQ,94.68,52,71,40,25,11.42,254676105.6663723,20021706.0,0.0525,-24.77,214580,236996,270248,0.253
2823,CHSCN,Consumer Defensive,Farm Products,NASDAQ,94.68,52,47,53,51,24.99,,,1.37,-3.06,14110,36833,32132,0.072
2824,CHSCL,Consumer Defensive,Farm Products,NASDAQ,94.68,52,48,52,51,25.31,,,1.73,-2.99,19250,34646,27424,0.072
2825,UVV,Consumer Defensive,Tobacco,S&P 600,94.68,52,37,42,65,53.27,1292781710.8988342,24923496.0,0.0863,-20.59,206430,259400,268494,0.018
2826,COF,Financial Services,Credit Services,S&P 500,94.66,52,38,29,53,210.14,116947478151.38153,622292783.0,0.016,-19.06,4685150,4649823,4843612,0.463
2827,MQY,Financial Services,Asset Management,NYSE,94.65,52,53,45,53,11.25,822494900.9488249,71833617.0,0.002,-5.78,357340,371806,378874,0.071
2828,PFE,Healthcare,Drug Manufacturers - General,S&P 500,94.65,52,30,61,65,24.91,149211450083.75232,5699444169.0,0.0276,-13.36,36803250,47409310,42069554,0.054
2829,ENSG,Healthcare,Medical Care Facilities,S&P 400,94.64,52,29,67,73,178.83,9798370953.277588,58445400.0,0.0405,-17.97,532040,927290,882328,0.184
2830,ANIP,Healthcare,Drug Manufacturers - Specialty & Generic,S&P 600,94.63,52,57,58,59,80.43,1784894907.7463837,22734618.0,0.19440001,-19.17,260870,311313,316068,0.205
2831,WFRD,Energy,Oil & Gas Equipment & Services,S&P 400,94.63,52,57,91,93,84.71,7454341364.580261,71925332.0,0.0689,-25.13,1648090,1633453,1375080,-0.034
2832,RNAC,Healthcare,Biotechnology,NASDAQ,94.63,52,80,20,14,7.73,221536614.4391842,29381514.0,0.17040001,-50.35,123430,215816,301112,-0.929
2833,SPKL,Financial Services,Shell Companies,NASDAQ,94.63,52,60,48,50,11.6,103212789.38061333,8658791.0,1.6538,-7.83,43780,58646,100714,
2834,FFC,Financial Services,Asset Management,NYSE,94.63,52,49,50,57,16.15,775182353.9913635,48177896.0,0.41,-5.0,89690,91386,112396,-0.012
2835,CEPS,Financial Services,Shell Companies,NASDAQ,94.62,52,45,42,41,10.4,149978503.91864777,14675000.0,0.0001,0.87,370,8313,11752,
2836,AGO,Financial Services,Insurance - Specialty,S&P 600,94.62,52,33,36,48,84.15,3286201612.8981934,44282464.0,0.064899996,-8.93,319880,369903,368026,-0.062
2837,GIWWU,Financial Services,Shell Companies,NASDAQ,94.61,51,45,43,45,10.46,,,2.33,-1.97,140,93,82,
2838,HLF,Consumer Defensive,Packaged Foods,NYSE,94.6,51,64,89,97,12.44,1239886219.3146744,103669416.0,0.088999994,-39.02,1138200,1608976,1584736,0.078
2839,PAGS,Technology,Software - Infrastructure,NYSE,94.59,51,29,49,72,9.84,2613505926.278166,279519339.0,0.13260001,-20.13,2772990,3243433,3202936,0.015
2840,VCV,Financial Services,Asset Management,NYSE,94.59,51,52,48,55,10.51,517105655.438118,48508974.0,0.0033000002,-7.64,109060,102553,97090,-0.033
2841,COLA,Financial Services,Shell Companies,NASDAQ,94.59,51,45,49,50,10.68,48652301.31775379,4494439.0,0.0058,-4.22,18350,17690,35642,
2842,OBAWU,Financial Services,Shell Companies,NASDAQ,94.57,51,41,43,45,10.39,,,53.67,-7.6,10,16,68,
2843,HPK,Energy,Oil & Gas E&P,NASDAQ,94.56,51,46,64,12,6.63,897142526.3495522,126358104.0,0.57,-44.75,407060,526486,652512,-0.207
2844,MUC,Financial Services,Asset Management,NYSE,94.55,51,55,52,53,10.6,1019070018.1173477,94183923.0,0.00090000004,-3.99,336520,323320,328070,0.073
2845,LPBBU,Financial Services,Shell Companies,NASDAQ,94.53,51,45,44,47,10.85,,,,-7.03,940,346,222,
2846,MPT,Real Estate,REIT - Healthcare Facilities,S&P 600,94.52,51,40,55,68,4.69,3056291079.854965,598100000.0,0.2974,-27.51,4523690,6204026,5822900,0.126
2847,JGH,Financial Services,Asset Management,NYSE,94.52,51,49,53,54,12.51,360854473.734169,28125836.0,0.0018000001,-8.69,129760,113446,103422,
2848,IR,Industrials,Specialty Industrial Machinery,S&P 500,94.49,51,36,30,71,84.32,28035370548.90695,391336834.0,0.0458,-16.48,4390740,4348030,4248498,0.076
2849,LTRX,Technology,Communication Equipment,NASDAQ,94.49,51,80,92,93,5.35,300617829.0944767,39816930.0,0.0111,-38.86,692780,1205666,1365066,0.059
2850,NMP,Financial Services,Shell Companies,NASDAQ,94.49,51,44,48,45,10.3,163221927.74467278,15970834.0,0.0026,0.59,92620,56800,34930,
2851,KFII,Financial Services,Shell Companies,NASDAQ,94.48,51,44,49,49,10.6,413366301.31750107,39256060.0,0.04,0.66,18870,43963,29184,
2852,PDT,Financial Services,Asset Management,NYSE,94.48,51,45,55,54,12.93,633505703.6288023,49185225.0,0.2,-5.27,116760,120036,127246,0.067
2853,CRAQU,Financial Services,Shell Companies,NASDAQ,94.48,51,40,44,44,10.53,,,,-8.43,80,43,30,
2854,ERC,Financial Services,Asset Management,NYSE ARCA,94.48,51,48,49,54,9.04,257533901.74134064,28053801.0,0.77,-7.57,41380,47553,66278,-0.066
2855,COLL,Healthcare,Drug Manufacturers - Specialty & Generic,S&P 600,94.47,51,45,35,88,35.98,1090099331.9860077,32433779.0,0.2199,-29.16,287650,429623,401520,0.089
2856,MHF,Financial Services,Asset Management,NYSE,94.47,51,48,45,47,6.82,154115533.3306861,22206849.0,1.22,-10.73,66810,76633,66688,-0.017
2857,CHARU,Financial Services,Shell Companies,NASDAQ,94.47,51,38,50,44,10.8,,,0.0,-13.25,0,0,74,
2858,SUI,Real Estate,REIT - Residential,NYSE,94.46,51,33,42,46,124.43,15238715861.90451,123230757.0,0.0355,-9.74,2367800,1743656,1507650,0.086
2859,MARPS,Energy,Oil & Gas Midstream,NASDAQ,94.46,51,32,70,62,4.78,9699999.809265137,2000000.0,0.005,-39.49,6120,11526,13322,-0.311
2860,ALDF,Financial Services,Shell Companies,NASDAQ,94.45,51,44,48,48,10.77,318693845.6587639,29868214.0,0.0001,0.94,9430,17520,13860,
2861,CCAQ,Financial Services,Shell Companies,NASDAQ,94.45,51,45,49,45,10.48,210016601.2554617,20232813.0,0.0001,-0.19,77800,113870,68830,
2862,HPI,Financial Services,Asset Management,NYSE,94.44,51,51,54,43,15.97,435104509.8677635,26792150.0,1.17,-9.31,44620,45696,47518,0.012
2863,IPEX,Financial Services,Shell Companies,NASDAQ,94.44,51,44,49,47,10.56,124810244.54832077,11909375.0,0.01,0.67,55340,23256,15952,
2864,GTERA,Financial Services,Shell Companies,NASDAQ,94.44,51,44,48,46,10.36,244150829.09488678,23727000.0,0.0013,0.63,2990,4323,19654,
2865,DSACU,Financial Services,Shell Companies,NASDAQ,94.42,51,48,40,42,10.28,,,0.0,-6.55,30,10546,6568,
2866,SIMAU,Financial Services,Shell Companies,NASDAQ,94.41,51,43,49,48,10.95,,,0.0,-26.95,470,193,2104,
2867,NNI,Financial Services,Credit Services,NYSE,94.41,51,53,67,62,135.69,4691905646.298645,35934023.0,0.0275,-6.02,87250,122086,128468,-0.071
2868,CHPGU,Financial Services,Shell Companies,NASDAQ,94.4,51,45,45,45,10.48,,,,-13.39,0,0,6,
2869,HAL,Energy,Oil & Gas Equipment & Services,S&P 500,94.39,51,67,91,88,31.64,32455200730.034218,835397735.0,0.0519,-27.41,15081520,12798863,12422896,-0.003
2870,COPL,Financial Services,Shell Companies,NYSE,94.39,51,44,48,47,10.47,247961702.3241682,23728393.0,0.05,-2.06,42940,42350,63526,
2871,RANG,Financial Services,Shell Companies,NASDAQ,94.39,51,46,48,46,10.73,170157869.49396133,16037500.0,0.0001,-7.74,140,1140,3874,
2872,NTWO,Financial Services,Shell Companies,NASDAQ,94.38,51,44,48,48,10.71,257321723.0899334,24116375.0,0.08,0.37,370,1076,776,
2873,LKSPU,Financial Services,Shell Companies,NASDAQ,94.38,51,45,45,46,10.35,,,1.05,-0.12,0,76,114,
2874,ADACU,Financial Services,Shell Companies,NASDAQ,94.38,51,45,43,41,10.23,,,1.66,-0.2,0,163,142,
2875,YORW,Utilities,Utilities - Regulated Water,NASDAQ,94.38,51,38,29,49,30.91,484659229.9166279,16209339.0,0.0318,-9.88,120340,181566,152532,0.088
2876,SVCC,Financial Services,Shell Companies,NASDAQ,94.37,51,44,47,47,10.64,228469750.65364838,21614925.0,0.0008,0.66,7760,5493,5556,
2877,AACB,Financial Services,Shell Companies,NASDAQ,94.36,51,45,47,47,10.53,289480501.05571747,27675000.0,0.0001,0.67,34730,27100,24414,
2878,AXP,Financial Services,Credit Services,S&P 500,94.36,51,55,40,62,337.52,215935850249.12802,682326443.0,0.0232,-12.9,3416390,3337936,3179814,0.116
2879,NWS,Communication Services,Entertainment,S&P 500,94.35,51,31,38,28,31.8,16268768828.586563,545565694.0,0.1767,-10.62,970220,1753163,1598878,0.088
2880,WFC,Financial Services,Banks - Diversified,S&P 500,94.35,51,48,35,67,85.43,237287096166.44714,3060189494.0,0.0,-12.61,15664060,16875600,16092036,0.057
2881,UMH,Real Estate,REIT - Residential,NYSE,94.34,51,46,47,43,15.31,1279196287.8859901,85166195.0,0.0001,-12.21,442600,579666,605112,0.076
2882,FINS,Financial Services,Asset Management,NYSE,94.34,51,49,50,55,12.52,431745717.4695034,33416851.0,0.92,-7.6,38960,44696,39100,
2883,XPRO,Energy,Oil & Gas Equipment & Services,NYSE,94.34,51,60,87,86,15.23,1674848381.8182411,113395283.0,0.0698,-18.69,1078640,1334440,1226192,-0.06
2884,BLRKU,Financial Services,Shell Companies,NASDAQ,94.33,51,40,42,42,10.23,,,80.29,-6.92,750,366,240,
2885,MACI,Financial Services,Shell Companies,NASDAQ,94.33,51,44,50,49,10.91,234162164.61040115,21621622.0,0.06,-4.09,1570,616,14274,
2886,ASIX,Basic Materials,Chemicals,NYSE,94.33,51,29,84,27,20.6,604960782.2376785,26959036.0,0.0252,-22.93,211380,258230,233868,0.07
2887,TVAI,Financial Services,Shell Companies,NASDAQ,94.31,51,44,47,45,10.36,280389049.6418257,27195833.0,0.00029999999,-1.33,43570,55830,40122,
2888,WFCF,Industrials,Specialty Business Services,NASDAQ,94.31,51,67,61,34,12.2,59110705.173202515,5039276.0,0.0117,-44.92,1230,9043,11736,0.017
2889,QUMS,Financial Services,Shell Companies,NASDAQ,94.3,51,43,46,43,10.28,116347838.02435398,11406651.0,0.00090000004,0.49,20850,34676,26996,
2890,TAVI,Financial Services,Shell Companies,NASDAQ,94.3,51,44,49,48,10.7,169238456.61199474,15920833.0,0.010299999,-4.85,820,1650,17652,
2891,LPBB,Financial Services,Shell Companies,NASDAQ,94.29,51,43,48,48,10.76,307337487.9360199,28750000.0,0.0001,0.56,112730,68353,49608,
2892,SPEG,Financial Services,Shell Companies,NASDAQ,94.29,51,44,48,45,10.32,157013326.4104786,15333333.0,0.00029999999,-6.44,16470,24313,16206,
2893,BHC,Healthcare,Drug Manufacturers - Specialty & Generic,NYSE,94.28,51,17,33,33,6.03,2001829501.7043781,373475644.0,0.02,-30.61,3645950,3155206,2695160,0.117
2894,TLNC,Financial Services,Shell Companies,NASDAQ,94.28,51,46,46,45,10.3,349643908.703804,33979000.0,0.0005,-8.85,710,7816,9668,
2895,DYNC,Financial Services,Shell Companies,NASDAQ,94.28,51,48,52,44,10.85,238818662.22568035,22133333.0,0.0078,-28.81,33660,51230,62504,
2896,MAA,Real Estate,REIT - Residential,S&P 500,94.27,50,54,35,33,133.32,15021787246.567749,116384802.0,0.0279,-14.66,1176770,1107990,1061704,0.008
2897,SOCA,Financial Services,Shell Companies,NASDAQ,94.27,50,44,46,42,10.31,242273613.92883682,23590419.0,0.0001,0.39,42390,18770,13360,
2898,ENR,Industrials,Electrical Equipment & Parts,S&P 600,94.25,50,67,21,33,21.03,1247586849.6829891,68473485.0,0.1116,-30.57,974250,1015036,1050880,-0.03
2899,HERZ,Financial Services,Asset Management,NASDAQ,94.25,50,64,76,89,15.32,35031655.74810791,1948368.0,0.0013,-50.58,4100,28300,22164,1.712
2900,INMD,Healthcare,Medical Devices,NASDAQ,94.25,50,44,35,39,15.1,847065906.0573578,60808750.0,0.0543,-9.8,559390,775246,790600,0.053
2901,AAP,Consumer Cyclical,Auto Parts,S&P 600,94.24,50,75,78,70,56.19,3634231591.1805725,60329208.0,0.3039,-19.73,1571440,1763806,2043730,0.012
2902,UGI,Utilities,Utilities - Regulated Gas,S&P 400,94.24,50,36,38,67,36.18,7486628030.473389,214393712.0,0.0713,-12.48,1169410,1388896,1564934,0.007
2903,TLNCU,Financial Services,Shell Companies,NASDAQ,94.24,50,46,47,45,10.45,,,2.47,-5.34,71450,24080,14696,
2904,PMO,Financial Services,Asset Management,NYSE,94.23,50,54,47,56,10.22,294050583.3959465,28058263.0,0.00059999997,-5.98,62740,65960,60744,0.006
2905,TPCS,Industrials,Metal Fabrication,NASDAQ,94.23,50,85,34,68,4.58,39845101.550951004,10011332.0,0.00090000004,-26.72,26900,55733,44332,-0.069
2906,CRANU,Financial Services,Shell Companies,NASDAQ,94.23,50,43,44,44,10.34,,,0.37,-7.93,1930,2483,1966,
2907,IBAC,Financial Services,Shell Companies,NASDAQ,94.23,50,43,51,46,10.81,53738294.8774147,5008229.0,0.0019,-5.59,520,1506,3184,
2908,XRPNU,Financial Services,Shell Companies,NASDAQ,94.23,50,44,42,37,10.8,,,25.71,-21.97,80,876,6600,
2909,FTHY,Financial Services,Asset Management,NYSE,94.22,50,47,44,51,13.6,508570435.0644436,36772989.0,0.0037,-9.21,87430,84196,92050,
2910,PRVA,Healthcare,Health Information Services,S&P 600,94.22,50,68,61,33,23.86,2710526193.5819435,126012374.0,0.0402,-10.0,1041550,1232320,1111714,0.258
2911,SABR,Technology,Software - Infrastructure,S&P 600,94.22,50,76,57,8,1.87,695751356.7099988,395313273.0,0.1497,-46.87,2942740,3977946,4948426,0.083
2912,CRAQ,Financial Services,Shell Companies,NASDAQ,94.22,50,44,46,45,10.35,400055876.9245148,38991800.0,0.08,-0.86,730,7590,11864,
2913,SSEA,Financial Services,Shell Companies,NASDAQ,94.22,50,44,47,46,10.28,78038613.8789978,7635872.0,0.0001,-0.1,24920,13056,10348,
2914,TGS,Energy,Oil & Gas Integrated,NYSE,94.21,50,40,51,48,31.42,4679162737.473778,150552212.0,0.0081,-13.56,151390,226233,308344,0.413
2915,JACS,Financial Services,Shell Companies,NYSE,94.21,50,44,48,46,10.7,314245796.61369324,29590000.0,0.0002,0.47,19860,37930,34214,
2916,CLM,Financial Services,Asset Management,NYSE ARCA,94.21,50,50,56,60,7.32,2282082344.320713,297921983.0,20.28,-14.19,1697710,1577473,1582970,1.473
2917,SBXD,Financial Services,Shell Companies,NYSE,94.2,50,40,47,49,10.85,274914004.85515594,25455000.0,0.0,-6.79,27180,22806,20594,
2918,PACHU,Financial Services,Shell Companies,NASDAQ,94.2,50,41,47,45,10.4,,,0.01,-7.14,210,240,390,
2919,SAAQU,Financial Services,Shell Companies,NASDAQ,94.19,50,47,47,40,10.46,,,1.39,-4.04,90,306,3048,
2920,NMPAU,Financial Services,Shell Companies,NASDAQ,94.19,50,43,50,45,10.48,,,0.08,-8.15,1140,383,352,
2921,NAN,Financial Services,Asset Management,NYSE,94.19,50,55,54,52,11.15,367400286.5,31947851.0,0.0072000003,-4.46,72070,66316,65282,
2922,CRF,Financial Services,Asset Management,NYSE ARCA,94.17,50,50,56,58,7.04,1187302307.643435,162199765.0,0.111899994,-14.67,886510,1075146,1076608,12.282
2923,IRHOU,Financial Services,Shell Companies,NASDAQ,94.17,50,45,42,40,10.2,,,0.02,-9.65,0,223,356,
2924,BCPC,Basic Materials,Specialty Chemicals,S&P 600,94.17,50,50,43,61,162.73,5035709059.006531,32129836.0,0.0159,-11.51,183200,251626,231540,0.081
2925,SO,Utilities,Utilities - Regulated Electric,S&P 500,94.17,50,47,57,47,94.34,103768069511.14993,1127301098.0,0.0231,-6.45,5014230,5820310,5826630,0.08
2926,HBANL,Financial Services,Banks - Regional,NASDAQ,94.16,50,49,51,50,25.05,,,1.69,-5.2,29860,26566,21788,0.336
2927,PNI,Financial Services,Asset Management,NYSE,94.16,50,52,55,51,6.81,78799272.35174179,11209000.0,0.68,-5.42,53800,78973,65858,0.87
2928,DSAC,Financial Services,Shell Companies,NASDAQ,94.16,50,42,40,40,10.18,339843138.8838215,34018333.0,0.0001,1.39,61600,77223,60926,
2929,PTORU,Financial Services,Shell Companies,NASDAQ,94.15,50,42,41,42,10.15,,,0.42,-2.4,920,1286,6028,
2930,LIEN,Financial Services,Asset Management,NASDAQ,94.15,50,56,38,52,9.34,228205900.0,22820590.0,0.0045,-18.36,48430,77883,72628,0.401
2931,BLDP,Industrials,Electrical Equipment & Parts,NASDAQ,94.14,50,92,91,57,2.79,1896283078.709609,301475849.0,0.0735,-56.61,8010410,6813983,8554312,0.262
2932,LWAC,Financial Services,Shell Companies,NASDAQ,94.14,50,43,46,43,10.29,307065751.1472702,30075000.0,0.06,0.78,8520,6223,6610,
2933,NGG,Utilities,Utilities - Regulated Electric,NYSE,94.13,50,49,67,76,80.39,81131268167.26685,995109400.0,0.0015,-15.06,769910,1028956,1014800,0.02
2934,YHNAU,Financial Services,Shell Companies,NASDAQ,94.13,50,48,55,45,10.89,,,0.15,-9.7,0,8,230,
2935,INAC,Financial Services,Shell Companies,NASDAQ,94.13,50,43,46,45,10.28,150943643.24569702,14755000.0,0.0001,0.39,5980,6916,9304,
2936,GGN,Financial Services,Asset Management,NYSE ARCA,94.13,50,35,66,74,4.93,806119742.9219933,156224761.0,0.00059999997,-16.16,704910,622346,605384,0.12
2937,CHPG,Financial Services,Shell Companies,NASDAQ,94.11,50,44,47,47,10.42,103468279.53113747,9987286.0,0.00090000004,0.58,0,4613,5860,
2938,CHECU,Financial Services,Shell Companies,NASDAQ,94.11,50,45,43,50,10.25,0.0,0.0,82.17,-1.49,1060,376,228,
2939,GSHR,Financial Services,Shell Companies,NASDAQ,94.11,50,43,46,48,10.49,212722725.79737663,20454109.0,0.05,-6.34,880,4583,3902,
2940,SSEAU,Financial Services,Shell Companies,NASDAQ,94.11,50,40,48,44,10.41,,,0.0,-6.3,600,543,332,
2941,DOV,Industrials,Specialty Industrial Machinery,S&P 500,94.1,50,63,71,73,204.06,28462036545.230804,134661414.0,0.026500002,-14.09,1529810,1289246,1114254,0.101
2942,IAF,Financial Services,Asset Management,NYSE ARCA,94.1,50,39,39,61,12.89,123229313.49015331,9582373.0,0.37,-11.35,13300,14946,18934,-0.071
2943,SDHI,Financial Services,Shell Companies,NASDAQ,94.09,50,42,47,47,10.46,361966831.9606781,34838000.0,0.0002,0.1,2510,24410,24044,
2944,AXIN,Financial Services,Shell Companies,NASDAQ,94.09,50,46,46,44,10.29,283300679.4912672,27266667.0,0.03,-1.15,99010,63293,152420,
2945,GPAT,Financial Services,Shell Companies,NASDAQ,94.09,50,42,47,47,10.92,389203122.25818634,35937500.0,0.0,-2.59,44860,62910,38836,
2946,KCHV,Financial Services,Shell Companies,NASDAQ,94.08,50,45,47,45,10.37,354221355.78726196,34257384.0,0.05,0.29,3430,22926,26386,
2947,EXC,Utilities,Utilities - Regulated Electric,S&P 500,94.08,50,46,55,41,45.58,46699218976.36331,1023208142.0,0.040799998,-10.01,9401290,9650383,9037014,0.079
2948,MGRC,Industrials,Rental & Leasing Services,NASDAQ,94.06,50,54,39,57,115.0,2676987259.8303986,24561770.0,0.0186,-10.44,165830,208653,190564,0.016
2949,XRPN,Financial Services,Shell Companies,NASDAQ,94.06,50,43,47,44,10.45,410093313.5509491,39470000.0,0.0042,-4.18,43700,40210,48026,
2950,EFSCP,Financial Services,Banks - Regional,NASDAQ,94.06,50,49,55,57,19.92,,,0.010199999,-17.28,2030,1576,1680,0.126
2951,TACOU,Financial Services,Shell Companies,NASDAQ,94.05,50,46,51,40,10.85,,,0.99,-3.64,350,2183,2390,
2952,BLUW,Financial Services,Shell Companies,NASDAQ,94.05,50,42,46,49,10.36,331803174.7894287,32308000.0,0.01,-0.48,25890,19390,24832,
2953,CRAN,Financial Services,Shell Companies,NASDAQ,94.05,50,45,44,44,10.14,470406987.4763489,46900000.0,0.04,0.4,14240,77106,51974,
2954,LEO,Financial Services,Asset Management,NYSE,94.05,50,54,52,59,6.19,400530180.52706623,62290854.0,0.0011999999,-5.5,232480,258720,233416,0.035
2955,SOUL,Financial Services,Shell Companies,NYSE,94.04,49,44,47,44,10.4,350737927.29956627,33953333.0,0.0002,-5.45,45100,26966,23810,
2956,FT,Financial Services,Asset Management,NYSE,94.04,49,50,58,58,7.9,202311751.49352837,25131894.0,0.48,-5.39,31000,31666,34970,
2957,FIGXU,Financial Services,Shell Companies,NASDAQ,94.04,49,43,44,43,10.34,,,0.53,-8.54,200,2903,1760,
2958,SBXE,Financial Services,Shell Companies,NYSE,94.03,49,41,44,40,10.14,343620001.31607056,34500000.0,0.51,-0.98,2540,43126,67636,
2959,YCY,Financial Services,Shell Companies,NYSE,94.02,49,43,45,44,10.2,149710137.75157928,14735250.0,0.0,0.39,980,2483,12856,
2960,MSD,Financial Services,Asset Management,NYSE,94.01,49,48,48,58,7.27,148497620.3070488,20231283.0,0.25,-8.44,65680,88990,97338,-0.516
2961,NKX,Financial Services,Asset Management,NYSE,94.01,49,55,52,56,12.09,677667451.0297546,53443804.0,0.0047999998,-8.41,158210,129053,129178,
2962,APAC,Financial Services,Shell Companies,NASDAQ,94.01,49,42,46,45,10.19,81550725.13129711,8050417.0,0.004,0.59,29790,13363,8732,
2963,HAVA,Financial Services,Shell Companies,NASDAQ,94.0,49,42,46,44,10.15,208587343.54123497,20693189.0,0.00029999999,0.4,17300,8730,11960,
2964,VNME,Financial Services,Shell Companies,NASDAQ,94.0,49,43,46,46,10.25,254999995.23162842,25000000.0,0.0022,0.49,380,5463,8898,
2965,HTHT,Consumer Cyclical,Lodging,NASDAQ,94.0,49,40,78,88,42.25,13804744047.212357,307523819.0,0.0401,-25.41,1659480,1719630,2076482,0.111
2966,WSTN,Financial Services,Shell Companies,NASDAQ,94.0,49,42,45,43,10.14,81194399.38545227,8055000.0,14.28,0.4,81800,28523,17762,
2967,SLNG,Energy,Oil & Gas Integrated,NASDAQ,93.99,49,26,21,58,4.77,68434388.92143703,18596301.0,0.0022,-25.0,69450,38590,47298,-0.401
2968,ORIQ,Financial Services,Shell Companies,NASDAQ,93.99,49,43,46,44,10.34,88837501.6450882,8625000.0,0.0015,-0.39,2490,1670,9968,
2969,MMU,Financial Services,Asset Management,NYSE,93.99,49,51,48,56,10.07,563120345.7989807,54618848.0,0.0011,-5.98,97390,127683,126966,-0.021
2970,AIIA,Financial Services,Shell Companies,NYSE,93.99,49,46,45,43,10.19,195214797.7924347,19290000.0,0.0011,-0.49,23490,9086,14838,
2971,WM,Industrials,Waste Management,S&P 500,93.98,49,37,51,52,226.33,84917211214.04626,401575752.0,0.0168,-8.79,1902500,2099646,2160272,0.035
2972,SSACU,Financial Services,Shell Companies,NASDAQ,93.98,49,42,44,41,10.23,,,4.75,0.79,1640,1790,1220,
2973,CMG,Consumer Cyclical,Restaurants,S&P 500,93.98,49,28,20,34,38.52,40867906022.9187,1282734000.0,0.0375,-34.06,18357440,19328776,20077486,0.074
2974,SBI,Financial Services,Asset Management,NYSE,93.98,49,52,47,55,7.59,110123713.53738976,14082316.0,1.22,-5.24,59030,61806,49510,-0.017
2975,EMIS,Financial Services,Shell Companies,NASDAQ,93.98,49,40,46,44,10.21,159809190.0954008,15775833.0,0.0008,0.59,3250,2673,1898,
2976,ALIS,Financial Services,Shell Companies,NASDAQ,93.98,49,44,45,43,10.16,84949199.35703278,8427500.0,0.001,0.59,29310,33930,26352,
2977,FERAU,Financial Services,Shell Companies,NASDAQ,93.98,49,45,43,50,10.74,,,0.0,-1.47,0,1743,1082,
2978,OBA,Financial Services,Shell Companies,NASDAQ,93.98,49,44,46,44,10.26,322891251.206398,31625000.0,0.03,0.1,120,4420,4368,
2979,IGACU,Financial Services,Shell Companies,NASDAQ,93.98,49,40,41,43,10.3,,,0.0,-7.52,730,330,296,
2980,IEAGU,Financial Services,Shell Companies,NASDAQ,93.97,49,38,41,40,10.4,,,0.18,-11.04,620,7010,6846,
2981,ARTCU,Financial Services,Shell Companies,NASDAQ,93.96,49,39,40,41,10.15,,,0.11,1.4,1120,2566,1752,
2982,OPP,Financial Services,Asset Management,NYSE,93.96,49,45,52,46,7.59,191424399.64680862,24990131.0,1.23,-13.95,74400,77583,81106,
2983,DMB,Financial Services,Asset Management,NYSE,93.95,49,54,53,59,10.57,201913528.72492504,18405973.0,0.49,-6.29,48190,64246,51654,-0.0
2984,OTGAU,Financial Services,Shell Companies,NASDAQ,93.95,49,43,45,46,10.35,,,0.0,0.29,12630,5463,4122,
2985,CVLT,Technology,Software - Application,S&P 400,93.93,49,79,26,10,116.42,4898511956.25,41250627.0,0.082100004,-41.99,781090,845116,798126,0.133
2986,CDW,Technology,Information Technology Services,S&P 500,93.93,49,36,32,27,145.56,16026670038.077408,127753451.0,0.0795,-20.85,1708590,1942750,2009540,0.092
2987,SDGR,Healthcare,Health Information Services,S&P 600,93.92,49,54,16,13,15.35,1135754990.548153,74720724.0,0.24520001,-44.44,789450,1220730,1264392,-0.016
2988,DMII,Financial Services,Shell Companies,NASDAQ,93.91,49,41,44,45,10.12,659684527.516365,65575000.0,0.001,0.5,64620,112813,72514,
2989,PACH,Financial Services,Shell Companies,NASDAQ,93.91,49,43,46,44,10.27,322891251.206398,31625000.0,0.0001,0.54,59720,53333,39296,
2990,TAVIU,Financial Services,Shell Companies,NASDAQ,93.91,49,42,47,45,10.73,159657950.0,13883300.0,7.33,-9.83,0,96,373,
2991,BLRK,Financial Services,Shell Companies,NASDAQ,93.91,49,39,42,40,10.11,229310006.1416626,23000000.0,0.03,1.1,24600,14470,10102,
2992,OYSE,Financial Services,Shell Companies,NASDAQ,93.9,49,44,47,47,10.32,347960223.02235603,33914251.0,0.0002,0.39,2080,4956,4812,
2993,NPK,Industrials,Aerospace & Defense,S&P 600,93.9,49,50,76,85,121.5,907006060.3230972,7166043.0,0.0879,-18.92,79800,97990,120380,0.145
2994,CRAC,Financial Services,Shell Companies,NASDAQ,93.89,49,42,45,44,10.15,226148054.82029915,22368750.0,0.0004,0.4,28480,53873,36706,
2995,RYAN,Financial Services,Insurance - Specialty,S&P 400,93.89,49,27,8,21,44.09,4123560180.9881744,129468136.0,0.1176,-39.18,2348740,2368683,2393400,0.158
2996,IMRN,Healthcare,Biotechnology,NASDAQ,93.89,49,54,11,8,1.11,11841193.389401436,8166340.0,0.005,-53.56,30920,46760,294676,0.048
2997,XLO,Healthcare,Biotechnology,NASDAQ,93.88,49,35,31,18,9.08,55625676.19082165,6575139.0,0.0324,-28.73,29430,49206,39802,3.317
2998,RGCO,Utilities,Utilities - Regulated Gas,NASDAQ,93.88,49,62,58,60,21.56,239884937.8599701,10407156.0,0.0082,-12.0,15280,16820,13876,0.247
2999,ATIIU,Financial Services,Shell Companies,NASDAQ,93.88,49,54,60,52,11.23,317141385.3931427,25765000.0,0.0,-77.98,110,1426,2378,
3000,GTERU,Financial Services,Shell Companies,NASDAQ,93.87,49,42,47,47,10.49,,,0.03,-4.98,650,233,158,
3001,AFYA,Consumer Defensive,Education & Training Services,NASDAQ,93.87,49,35,35,36,14.29,1247048613.5730743,89011320.0,0.0683,-23.64,76130,108596,101322,0.082
3002,APXTU,Financial Services,Shell Companies,NASDAQ,93.86,49,44,43,43,10.26,,,33.42,-1.44,25250,18500,11334,
3003,TVAIU,Financial Services,Shell Companies,NASDAQ,93.85,49,43,50,46,10.5,,,0.85,-28.33,220,83,1048,
3004,APXT,Financial Services,Shell Companies,NASDAQ,93.85,49,41,43,42,10.12,461898008.7661743,45960000.0,0.00059999997,0.7,829650,371620,248114,
3005,BBCQ,Financial Services,Shell Companies,NASDAQ,93.85,49,48,51,40,10.23,405950002.3192024,38333333.0,0.00090000004,-5.89,142790,108136,287820,
3006,SOCAU,Financial Services,Shell Companies,NASDAQ,93.85,49,42,46,42,10.37,,,0.01,-4.16,900,330,254,
3007,LKSP,Financial Services,Shell Companies,NASDAQ,93.85,49,43,46,43,10.17,159130402.0078783,15693333.0,1.41,0.3,8790,47126,34012,
3008,HIX,Financial Services,Asset Management,NYSE,93.84,49,49,50,55,3.89,362980946.167377,90069709.0,0.34,-11.59,361420,325826,335144,-0.081
3009,BLUWU,Financial Services,Shell Companies,NASDAQ,93.84,49,43,50,58,10.5,,,19.75,-4.55,10,43,548,
3010,MKLY,Financial Services,Shell Companies,NASDAQ,93.83,49,44,47,45,10.18,248068946.85470295,24344353.0,0.00059999997,-0.1,2130,10903,15114,
3011,FIGX,Financial Services,Shell Companies,NASDAQ,93.82,49,43,47,45,10.25,198120724.75651073,19385589.0,0.02,0.29,25220,24393,31748,
3012,MC,Financial Services,Capital Markets,S&P 600,93.81,48,54,38,64,68.35,5004782506.313553,74376318.0,0.0729,-12.61,903430,966726,921094,0.043
3013,HCMAU,Financial Services,Shell Companies,NASDAQ,93.81,48,43,42,45,10.48,,,0.0,-4.64,30,1090,762,
3014,CUB,Financial Services,Shell Companies,NASDAQ,93.81,48,41,49,48,10.82,332120001.270319,30666667.0,0.05,-1.64,366030,291360,476982,
3015,CHSCM,Consumer Defensive,Farm Products,NASDAQ,93.81,48,46,54,53,24.33,,,1.17,-4.21,22160,37910,29840,0.072
3016,FERA,Financial Services,Shell Companies,NASDAQ,93.79,48,43,47,45,10.44,324860680.8645582,31266667.0,0.0,-0.57,82190,121870,79456,
3017,FACTU,Financial Services,Shell Companies,NASDAQ,93.79,48,47,68,49,10.83,,,0.54,-9.83,50,216,536,
3018,DRDB,Financial Services,Shell Companies,NASDAQ,93.78,48,41,46,47,10.61,322613350.8780861,30666667.0,0.0,0.57,44180,67576,72638,
3019,CHEC,Financial Services,Shell Companies,NASDAQ,93.78,48,41,45,43,10.2,174646877.43921375,17274667.0,0.1,-3.41,1870,4796,11784,
3020,ORIQU,Financial Services,Shell Companies,NASDAQ,93.78,48,42,43,44,10.35,146054002.70462036,14180000.0,0.0,-3.18,0,36,122,
3021,TACH,Financial Services,Shell Companies,NASDAQ,93.78,48,44,46,46,10.44,357756949.2815685,34432814.0,0.21,0.48,92080,109286,114672,
3022,SVCCU,Financial Services,Shell Companies,NASDAQ,93.78,48,47,45,43,10.65,229550235.526371,21614900.0,0.02,-10.62,0,100,516,
3023,EVAC,Financial Services,Shell Companies,NYSE,93.78,48,42,45,46,10.23,594706966.2980442,58447858.0,0.02,0.29,104870,104153,84156,
3024,JENA,Financial Services,Shell Companies,NYSE,93.77,48,45,43,46,10.39,299601504.42123413,28975000.0,0.00059999997,-1.05,6850,18740,15164,
3025,LWACU,Financial Services,Shell Companies,NASDAQ,93.76,48,42,44,43,10.32,,,0.0,-1.71,10,6,4,
3026,SZZL,Financial Services,Shell Companies,NASDAQ,93.76,48,44,47,47,10.38,322984667.7245426,31266667.0,0.0004,-1.14,12920,39156,31206,
3027,HCACU,Financial Services,Shell Companies,NASDAQ,93.76,48,43,46,48,10.3,262382266.72101593,25424639.0,1.73,-7.99,4200,2286,2176,
3028,NL,Industrials,Security & Protection Services,NYSE,93.76,48,51,35,36,5.93,296815323.774024,48898734.0,0.0123000005,-31.05,35590,42260,61130,0.007
3029,OACC,Financial Services,Shell Companies,NASDAQ,93.76,48,41,43,48,10.75,262543969.74206543,24582768.0,0.0014,0.13,43070,31890,21616,
3030,HIFS,Financial Services,Banks - Regional,NASDAQ,93.76,48,64,41,76,282.98,635862209.6862793,2197250.0,0.1496,-16.28,52590,37270,32304,-0.305
3031,HVMC,Financial Services,Shell Companies,NASDAQ,93.76,48,41,45,43,10.2,298511488.78097534,29410000.0,0.0004,0.49,164760,74606,45188,
3032,APAM,Financial Services,Asset Management,S&P 600,93.75,48,25,28,54,39.66,2657987444.585598,70993257.0,0.1091,-18.23,914370,938803,864354,0.093
3033,POLE,Financial Services,Shell Companies,NASDAQ,93.75,48,44,48,46,10.8,316642286.49139404,29510000.0,0.01,-0.92,14360,11226,9946,
3034,DTE,Utilities,Utilities - Regulated Electric,S&P 500,93.74,48,58,61,51,141.7,29721004062.546753,208028313.0,0.0296,-8.36,1342120,1348946,1385964,0.158
3035,SLSR,Basic Materials,Other Precious Metals & Mining,NYSE ARCA,93.72,48,63,88,95,7.72,1703760313.7405396,167035328.0,4.23,-32.75,201800,186503,167340,
3036,PAII,Financial Services,Shell Companies,NYSE,93.71,48,43,45,46,10.24,351134607.266304,34492593.0,0.0,0.2,16300,25046,18508,
3037,SABA,Financial Services,Asset Management,NYSE,93.71,48,42,52,35,8.34,238759698.79948425,27730512.0,0.0011,-11.84,30690,54373,51814,-0.167
3038,KBONU,Financial Services,Shell Companies,NASDAQ,93.7,48,43,45,46,10.29,,,0.33,-7.26,2190,12210,14442,
3039,CHRW,Industrials,Integrated Freight & Logistics,S&P 500,93.7,48,83,72,93,146.92,21058018233.860046,117873042.0,0.0739,-27.75,3038890,2051073,1810542,-0.008
3040,CIM,Real Estate,REIT - Mortgage,NYSE,93.7,48,59,69,40,12.66,1139258755.587473,83646018.0,0.0201,-14.92,586650,758573,682804,-0.766
3041,TWLVU,Financial Services,Shell Companies,NASDAQ,93.69,48,40,44,44,10.2,,,5.05,-2.02,0,1903,5134,
3042,GIXXU,Financial Services,Shell Companies,NASDAQ,93.69,48,41,44,41,10.21,,,1.72,-4.67,360,173,130,
3043,SCII,Financial Services,Shell Companies,NASDAQ,93.69,48,40,44,44,10.1,249974483.33022213,24897857.0,0.0001,0.3,30280,17403,12106,
3044,ASTI,Technology,Solar,NASDAQ,93.69,48,89,92,98,3.06,70301818.78575945,9461887.0,0.1184,-69.0,353210,518130,1564556,2.325
3045,KOYN,Financial Services,Shell Companies,NASDAQ,93.69,48,42,46,43,10.17,319366116.428483,31557917.0,0.05,0.39,92120,36170,28862,
3046,TRU,Financial Services,Financial Data & Stock Exchanges,S&P 400,93.68,48,31,28,23,80.26,13796767529.296875,192800000.0,0.048600003,-19.25,2698080,2830900,2545450,0.137
3047,APACU,Financial Services,Shell Companies,NASDAQ,93.68,48,46,51,46,10.35,,,0.46,-2.04,5280,1816,1358,
3048,GIW,Financial Services,Shell Companies,NASDAQ,93.68,48,41,44,43,10.12,366544179.8064928,36472057.0,0.0002,0.6,42190,65116,42030,
3049,NXT,Technology,Solar,S&P 400,93.67,48,83,90,94,96.9,23502926503.597412,150274472.0,0.0698,-40.6,3225340,3686853,3170014,-0.047
3050,VACI,Financial Services,Shell Companies,NYSE,93.67,48,45,47,44,10.14,324231015.4001751,31326667.0,0.00029999999,-3.34,42810,87713,168030,
3051,CEPV,Financial Services,Shell Companies,NASDAQ,93.66,48,41,39,39,10.4,327437006.0634613,31790000.0,0.02,0.39,56530,81810,59392,
3052,IPHA,Healthcare,Biotechnology,NASDAQ,93.66,48,62,16,27,1.75,171843021.06989193,93903288.0,0.0026,-33.46,5650,8020,23506,-0.467
3053,LPAA,Financial Services,Shell Companies,NASDAQ,93.66,48,45,49,48,10.76,309924992.32292175,28750000.0,0.0001,-0.37,28940,36180,45966,
3054,ALDFU,Financial Services,Shell Companies,NASDAQ,93.66,48,39,43,50,10.82,,,0.01,-14.13,330,256,1134,
3055,LAFA,Financial Services,Shell Companies,NASDAQ,93.65,48,42,45,44,10.1,158547532.36766434,15713333.0,0.01,-0.98,4680,3660,2746,
3056,VNMEU,Financial Services,Shell Companies,NASDAQ,93.64,48,43,46,46,10.3,,,0.0,-9.01,30,16,170,
3057,CCIIU,Financial Services,Shell Companies,NASDAQ,93.63,48,41,41,46,10.57,,,0.1,-1.26,10,240,688,
3058,EGHA,Financial Services,Shell Companies,NASDAQ,93.63,48,43,45,47,10.34,212175007.8201294,20500000.0,0.001,-4.21,4550,41540,36652,
3059,BMN,Financial Services,Asset Management,NYSE,93.63,48,43,49,59,25.14,158916832.3951435,6147653.0,1.21,-10.09,7660,7533,7614,
3060,SCPQU,Financial Services,Shell Companies,NASDAQ,93.62,48,45,43,40,10.15,,,0.28,-9.78,12560,4473,3030,
3061,SEER,Healthcare,Biotechnology,NASDAQ,93.62,48,23,39,25,2.06,102815500.63217247,54981551.0,0.0093,-14.52,1368080,1876166,1202802,0.05
3062,FG,Financial Services,Insurance - Life,S&P 600,93.62,48,32,35,23,29.13,3672483831.829777,132484990.0,0.099300005,-20.63,713370,697480,693358,0.307
3063,BKNG,Consumer Cyclical,Travel Services,S&P 500,93.61,48,30,23,29,193.24,129737890864.10083,774878436.0,0.033299997,-17.27,6006900,7504380,7535428,0.162
3064,VREX,Healthcare,Medical Devices,NASDAQ,93.61,48,38,66,83,11.07,431158522.25687027,42146485.0,0.0346,-24.0,323310,441443,409948,0.015
3065,QRVO,Technology,Semiconductors,S&P 600,93.61,48,57,68,39,90.74,9114695761.002869,88013673.0,0.0998,-17.12,1315830,1325586,1309938,-0.07
3066,RNP,Financial Services,Asset Management,NYSE,93.61,48,44,52,40,20.59,1009921706.1053848,48000079.0,0.00029999999,-10.44,84430,103686,114958,-0.002
3067,EVN,Financial Services,Asset Management,NYSE,93.6,48,57,39,53,10.43,428998605.25,39906847.0,1.03,-7.12,85390,72923,73964,0.077
3068,BEAGU,Financial Services,Shell Companies,NASDAQ,93.59,48,43,39,46,11.03,,,0.0,-5.08,10,30,1502,
3069,ARL,Real Estate,Real Estate Services,NYSE,93.58,48,83,31,71,14.99,242280645.0,16152043.0,0.0221,-25.05,14850,21103,16660,0.042
3070,ALCO,Consumer Defensive,Farm Products,NASDAQ,93.57,48,61,70,81,38.18,301473703.86641693,7416327.0,0.023699999,-15.17,20220,22890,20690,-0.703
3071,BUSEP,Financial Services,Banks - Regional,NASDAQ,93.57,48,42,45,50,26.12,,,1.3,-1.99,10680,14313,17382,1.434
3072,ADNT,Consumer Cyclical,Auto Parts,S&P 600,93.56,47,23,58,87,21.88,1792530074.6797333,78413387.0,0.089899994,-19.91,786840,1002563,999154,0.07
3073,NBRGU,Financial Services,Shell Companies,NASDAQ,93.56,47,46,42,40,10.15,,,0.0,-8.06,770,680,778,
3074,GSHRU,Financial Services,Shell Companies,NASDAQ,93.56,47,42,44,45,10.53,,,,-0.66,0,0,100,
3075,IRHO,Financial Services,Shell Companies,NASDAQ,93.56,47,43,45,41,10.02,294372798.88153076,29320000.0,0.00029999999,-0.5,28840,44460,33690,
3076,ATII,Financial Services,Shell Companies,NASDAQ,93.55,47,50,50,51,10.65,331999807.90138245,29590000.0,0.0004,-6.58,232040,217280,267058,
3077,LDP,Financial Services,Asset Management,NYSE,93.55,47,52,50,52,20.63,603684655.3757057,29079222.0,0.0016,-6.44,50790,46166,55232,
3078,HCMA,Financial Services,Shell Companies,NASDAQ,93.54,47,43,41,42,10.3,346441345.3518944,33733333.0,0.0001,-1.81,2450,11736,40486,
3079,IRS,Real Estate,Real Estate Services,NYSE,93.54,47,47,29,57,15.5,1306402944.975563,84611592.0,0.002,-19.02,193690,137096,157456,0.293
3080,AACBU,Financial Services,Shell Companies,NASDAQ,93.54,47,41,44,50,10.68,273652247.1189499,25175000.0,0.5,-12.1,10,46,262,
3081,SRE,Utilities,Utilities - Diversified,S&P 500,93.53,47,48,67,51,89.58,58263392004.566666,653690046.0,0.0167,-11.34,2782470,3568790,3582972,-0.039
3082,ACEL,Consumer Cyclical,Gambling,NYSE,93.53,47,62,63,49,11.96,967761608.9440346,81392900.0,0.0304,-10.14,239650,305930,298970,0.085
3083,ADUR,Industrials,Pollution & Treatment Controls,NASDAQ,93.52,47,87,84,74,13.7,568305068.415945,33727303.0,5.91,-22.42,591690,571940,589458,
3084,WRAP,Technology,Scientific & Technical Instruments,NASDAQ,93.51,47,21,22,33,1.76,72738413.32641244,55738250.0,0.1822,-45.51,592910,3102453,1949052,0.452
3085,VEON,Communication Services,Telecom Services,NASDAQ,93.5,47,54,40,62,52.79,3887210301.1184235,69241367.0,0.0046,-17.52,75180,82436,81618,0.171
3086,ATO,Utilities,Utilities - Regulated Gas,S&P 500,93.5,47,43,68,56,174.26,28231150309.898193,166919822.0,0.023,-9.48,942060,1171473,1474836,0.006
3087,CHSCO,Consumer Defensive,Farm Products,NASDAQ,93.49,47,46,51,51,25.64,,,0.7,-6.25,21310,34416,27462,0.072
3088,XEL,Utilities,Utilities - Regulated Electric,S&P 500,93.49,47,52,61,51,78.23,49629430020.0,624269560.0,0.059299998,-7.12,4734650,5467733,5677348,0.029
3089,BIXI,Financial Services,Shell Companies,NASDAQ,93.49,47,41,44,42,10.02,301033330.0,30103333.0,0.00059999997,0.2,5160,10976,7376,
3090,HROW,Healthcare,Drug Manufacturers - Specialty & Generic,NASDAQ,93.49,47,60,63,89,38.94,1312456483.3436203,37275107.0,0.19399999,-29.01,580140,705750,728052,-0.076
3091,LATAU,Financial Services,Shell Companies,NASDAQ,93.49,47,41,41,45,10.18,,,582.35,-9.91,350,300,578,
3092,USA,Financial Services,Asset Management,NYSE,93.48,47,39,38,38,5.81,1761061477.6131248,301551615.0,0.00029999999,-16.52,1520980,1677023,1527938,-0.098
3093,ICFI,Industrials,Consulting Services,NASDAQ,93.48,47,30,25,37,80.88,1246291684.9005127,18104180.0,0.0272,-20.48,207740,281923,273508,-0.103
3094,MMTX,Financial Services,Shell Companies,NASDAQ,93.48,47,42,46,44,10.1,88987247.32646942,8828100.0,0.0001,0.1,4300,12296,9020,
3095,KFIIU,Financial Services,Shell Companies,NASDAQ,93.48,47,39,49,48,10.69,274562272.9558945,25829000.0,4.71,-12.95,70,70,470,
3096,BSAAU,Financial Services,Shell Companies,NASDAQ,93.47,47,66,47,46,10.41,,,0.26,-35.02,180,160,1878,
3097,COLAU,Financial Services,Shell Companies,NASDAQ,93.47,47,49,36,67,11.05,91279890.28169632,7944290.0,0.0,-19.34,0,53,110,
3098,STRS,Real Estate,Real Estate - Diversified,NASDAQ,93.47,47,69,86,92,19.4,228305880.84516716,7982723.0,0.0177,-41.09,67320,84030,87750,-0.248
3099,DMIIU,Financial Services,Shell Companies,NASDAQ,93.44,47,42,43,42,10.16,,,0.08,-5.93,870,356,674,
3100,LSAK,Technology,Software - Infrastructure,NASDAQ,93.44,47,54,58,51,4.65,419250119.02297926,85736223.0,0.0052,-16.06,134340,131036,158874,0.134
3101,SAC,Financial Services,Shell Companies,NYSE,93.44,47,39,43,43,10.12,315548683.1819773,31366667.0,0.0001,-8.13,100,7910,6264,
3102,TDWD,Financial Services,Shell Companies,NASDAQ,93.44,47,42,45,43,10.04,236627254.49085236,23545000.0,0.0005,-0.99,30,29630,29006,
3103,KAZR,Industrials,Engineering & Construction,NASDAQ,93.43,47,17,94,88,1.96,,,,,159960,180860,200008,
3104,RNGR,Energy,Oil & Gas Equipment & Services,NYSE,93.43,47,58,75,72,15.53,367354692.486434,23761623.0,0.0139,-17.46,218260,224910,208658,0.177
3105,NPAC,Financial Services,Shell Companies,NASDAQ,93.42,47,41,41,40,10.42,397191464.61274624,38390825.0,0.0034,-1.23,86430,159060,105210,
3106,QETAU,Financial Services,Shell Companies,NASDAQ,93.41,47,48,62,46,11.51,,,0.0,-16.53,10,286,866,
3107,TWLV,Financial Services,Shell Companies,NASDAQ,93.41,47,41,44,42,10.01,233906239.27116394,23437500.0,0.0004,-3.56,15560,9550,10794,
3108,LGL,Technology,Scientific & Technical Instruments,NYSE ARCA,93.4,47,48,50,50,7.02,46567896.451506615,6540435.0,0.0057,-27.93,4980,20373,19246,0.182
3109,CRACU,Financial Services,Shell Companies,NASDAQ,93.39,47,40,43,45,10.25,,,12.01,-4.74,620,413,296,
3110,PHG,Healthcare,Medical Devices,NYSE,93.38,47,52,36,60,26.44,25123754438.934326,952018000.0,1.2,-20.93,1757160,1253083,1219762,-0.047
3111,BLK,Financial Services,Asset Management,S&P 500,93.38,47,32,46,49,1098.37,162511359162.29846,155233989.0,0.014199999,-9.97,778610,905583,827304,0.27
3112,KBH,Consumer Cyclical,Residential Construction,S&P 400,93.38,47,59,22,51,56.35,3058636038.208008,62600000.0,0.17870001,-17.99,1054230,1413780,1292640,-0.226
3113,MPA,Financial Services,Asset Management,NYSE,93.37,47,52,51,52,10.97,147366790.88196754,12949630.0,0.001,-5.84,30260,29550,29628,0.036
3114,OTGA,Financial Services,Shell Companies,NASDAQ,93.37,47,41,43,42,10.18,358393994.61746216,35275000.0,0.03,0.1,27160,51356,41296,
3115,PFD,Financial Services,Asset Management,NYSE,93.37,47,49,52,59,11.33,147804405.5,12852557.0,0.4,-6.83,22780,24753,24306,-0.009
3116,CC,Basic Materials,Specialty Chemicals,S&P 600,93.36,47,79,95,84,17.11,3332370008.4941826,150377709.0,0.0885,-40.32,1879280,2589806,2439526,0.01
3117,AS,Consumer Cyclical,Leisure,NYSE,93.36,47,32,51,65,36.1,20701228679.267944,581822024.0,0.0799,-15.58,4190250,3833640,4209606,0.321
3118,EVOXU,Financial Services,Shell Companies,NASDAQ,93.35,47,38,42,44,10.25,,,0.85,-0.49,644,883,1202,
3119,RGNX,Healthcare,Biotechnology,NASDAQ,93.35,47,83,29,65,10.12,362400335.0426464,51697621.0,0.14850001,-37.49,2021160,2710663,2226176,-0.928
3120,ASTE,Industrials,Farm & Heavy Construction Machinery,S&P 600,93.34,47,74,84,84,51.4,1157908860.8335876,22992630.0,0.0269,-21.75,184670,199496,194754,0.203
3121,VHCPU,Financial Services,Shell Companies,NASDAQ,93.33,47,39,41,42,10.14,,,0.0,0.5,650,1956,2492,
3122,BBN,Financial Services,Asset Management,NYSE,93.33,47,46,47,48,15.8,991151981.1327362,61792514.0,0.0013,-9.46,81740,132106,143542,
3123,NUW,Financial Services,Asset Management,NYSE,93.33,47,48,45,55,13.95,254908967.77605438,17951336.0,0.0023999999,-5.1,45390,41503,47266,
3124,HCAC,Financial Services,Shell Companies,NASDAQ,93.33,47,40,42,44,10.07,291710920.3865833,29200293.0,0.0001,0.15,34320,104723,80432,
3125,TATT,Industrials,Aerospace & Defense,NASDAQ,93.32,47,71,28,80,40.79,562299681.2996254,12983137.0,0.051999997,-36.76,137260,212193,221770,-0.024
3126,PMTRU,Financial Services,Shell Companies,NASDAQ,93.32,47,43,47,44,10.88,,,13.04,-12.26,40,13,344,
3127,PNRG,Energy,Oil & Gas E&P,NASDAQ,93.32,47,28,84,72,180.66,266355152.09960938,1618000.0,0.081099994,-35.22,73300,71976,64750,-0.164
3128,SONO,Technology,Consumer Electronics,S&P 600,93.31,47,31,70,80,14.43,1879850396.569213,119128671.0,0.13069999,-27.19,2454960,2449893,2067572,0.084
3129,GPAC,Financial Services,Shell Companies,NASDAQ,93.31,47,40,43,42,10.02,293511786.5371704,29410000.0,0.0001,0.1,270330,114816,69674,
3130,IGAC,Financial Services,Shell Companies,NASDAQ,93.31,47,41,44,42,10.03,238938705.46340942,23870000.0,0.0002,0.1,98090,45990,28030,
3131,DYOR,Financial Services,Shell Companies,NASDAQ,93.3,46,40,43,41,10.08,230919999.12261963,23000000.0,0.0001,-3.72,81620,48060,32540,
3132,LFACU,Financial Services,Shell Companies,NASDAQ,93.3,46,39,43,43,10.15,,,3.97,-3.24,13130,5803,3502,
3133,BCSS,Financial Services,Shell Companies,NYSE,93.3,46,42,43,43,10.22,595095975.4943848,58400000.0,0.0002,-0.15,30170,50896,40902,
3134,EIM,Financial Services,Asset Management,NYSE ARCA,93.29,46,52,51,51,9.61,507047546.2508726,51372599.0,0.64,-8.82,172140,146660,135212,0.651
3135,BV,Industrials,Specialty Business Services,NYSE,93.29,46,58,23,32,13.19,1151951968.0023193,93200000.0,0.3443,-22.89,677920,914446,755386,0.061
3136,RRC,Energy,Oil & Gas E&P,S&P 400,93.29,46,30,75,38,39.55,9177486817.26551,235622250.0,0.111,-18.13,3920050,3545836,3234680,0.261
3137,CAL,Consumer Cyclical,Apparel Retail,NYSE,93.29,46,46,38,34,13.02,491266338.7982111,33740819.0,0.1353,-19.33,433400,529516,622868,0.087
3138,DEO,Consumer Defensive,Beverages - Wineries & Distilleries,NYSE,93.29,46,30,22,35,89.06,45839215728.001656,555896389.0,0.0072000003,-23.49,1014190,1028853,1091566,-0.04
3139,WENN,Financial Services,Shell Companies,NASDAQ,93.27,46,41,42,40,10.33,386067936.06877327,37518750.0,0.01,-0.67,1560,56203,40986,
3140,GEHC,Healthcare,Medical Devices,S&P 500,93.26,46,23,22,60,69.94,28357954008.650978,454891786.0,0.030299999,-22.09,6909840,5911136,5417960,0.074
3141,RAC,Financial Services,Shell Companies,NYSE,93.26,46,41,45,48,10.48,304971759.8929653,29267923.0,0.0,0.1,11680,18983,25746,
3142,QUMSU,Financial Services,Shell Companies,NASDAQ,93.26,46,44,48,43,10.33,,,12.74,-0.19,80,73,140,
3143,ALUB,Financial Services,Shell Companies,NYSE,93.25,46,39,41,43,10.1,360453115.4036522,35937500.0,0.0,-0.0,54320,50260,34188,
3144,HVMCU,Financial Services,Shell Companies,NASDAQ,93.25,46,43,49,44,10.31,,,0.0,-6.27,0,193,176,
3145,NNY,Financial Services,Asset Management,NYSE,93.24,46,52,54,49,8.28,162231189.56178284,18886052.0,0.0008,-7.38,38580,26973,27842,
3146,HVII,Financial Services,Shell Companies,NASDAQ,93.23,46,42,45,44,10.49,270902892.5591545,26023333.0,0.04,-4.55,18630,17510,54876,
3147,NCA,Financial Services,Asset Management,NYSE,93.23,46,51,53,64,9.03,308034485.41751766,33121987.0,0.0032,-7.86,81380,58350,59074,0.01
3148,AEAQ,Financial Services,Shell Companies,NASDAQ,93.22,46,40,44,41,10.03,313586355.75500774,31311667.0,0.0001,-0.59,75090,40133,25792,
3149,QSEAU,Financial Services,Shell Companies,NASDAQ,93.21,46,46,58,45,10.71,,,11.0,-7.19,0,66,358,
3150,GPACU,Financial Services,Shell Companies,NASDAQ,93.21,46,40,42,42,10.13,,,0.0,-3.52,2910,11310,6824,
3151,SUPN,Healthcare,Drug Manufacturers - Specialty & Generic,S&P 600,93.21,46,51,67,74,45.61,2680274333.492317,58039721.0,0.1001,-23.58,497400,827853,737882,0.386
3152,GTEN,Financial Services,Shell Companies,NASDAQ,93.2,46,45,42,42,10.45,467427744.8415756,45075000.0,0.01,-0.76,11600,29346,30520,
3153,BRW,Financial Services,Asset Management,NYSE,93.2,46,36,48,31,6.72,293346293.10401917,42886884.0,0.0026,-20.85,190410,214763,220112,-0.331
3154,RPM,Basic Materials,Specialty Chemicals,S&P 400,93.2,46,49,28,49,107.83,13572180389.822388,128075684.0,0.0317,-16.49,1235180,992410,920354,0.089
3155,RNW,Utilities,Utilities - Renewable,NASDAQ,93.19,46,55,23,19,6.17,2327222730.394372,364197618.0,0.0468,-25.12,1392420,1409106,1425744,0.095
3156,EVOX,Financial Services,Shell Companies,NASDAQ,93.17,46,41,43,45,10.06,320640014.6484375,32000000.0,0.0004,-0.3,4110,13676,18340,
3157,INACU,Financial Services,Shell Companies,NASDAQ,93.17,46,42,47,46,10.33,,,1.06,-9.7,0,86,270,
3158,LAFAU,Financial Services,Shell Companies,NASDAQ,93.16,46,39,40,42,10.15,139433157.52824497,13683333.0,0.0,-8.56,750,926,1266,
3159,NIM,Financial Services,Asset Management,NYSE,93.16,46,47,42,57,9.19,116251217.87919998,12446597.0,0.0008,-7.55,14750,14633,15644,0.035
3160,EOLS,Healthcare,Drug Manufacturers - Specialty & Generic,NASDAQ,93.16,46,69,25,10,6.01,432007162.7917609,65854751.0,0.0949,-43.41,592210,761233,751526,0.067
3161,RNGT,Financial Services,Shell Companies,NASDAQ,93.16,46,40,42,40,10.11,316712602.7248421,31326668.0,0.08,0.0,200,23500,14774,
3162,GSRF,Financial Services,Shell Companies,NASDAQ,93.15,46,40,43,40,10.16,297877718.3651924,29405500.0,0.02,-0.39,5220,38446,25474,
3163,AXON,Industrials,Aerospace & Defense,S&P 500,93.15,46,56,13,12,525.3,36167764089.83121,80602077.0,0.0494,-40.71,745820,1027243,1070294,0.337
3164,TXNM,Utilities,Utilities - Regulated Electric,S&P 400,93.15,46,37,56,61,57.97,6554976585.614479,110707257.0,0.0746,-2.62,880870,1514333,1572940,0.046
3165,KTWOU,Financial Services,Shell Companies,NASDAQ,93.15,46,40,44,42,10.15,,,0.05,-9.62,340,113,608,
3166,BG,Consumer Defensive,Farm Products,S&P 500,93.15,46,58,84,86,105.07,23922434171.5963,194018115.0,0.0405,-21.55,1424960,1591400,1670452,0.878
3167,ONL,Real Estate,REIT - Office,NYSE,93.14,46,76,78,40,2.61,169353603.72394753,56830068.0,0.0094,-14.43,196440,486686,424676,-0.039
3168,XSLLU,Financial Services,Shell Companies,NASDAQ,93.14,46,40,43,41,10.03,,,0.11,0.4,510,360,1474,
3169,ALFUU,Financial Services,Shell Companies,NASDAQ,93.14,46,40,44,45,10.91,,,0.0,-1.62,94,186,447,
3170,EGHAU,Financial Services,Shell Companies,NASDAQ,93.14,46,46,58,43,10.66,,,0.05,-14.58,0,23,940,
3171,MESHU,Financial Services,Shell Companies,NASDAQ,93.14,46,42,42,42,10.1,,,0.03,-3.81,33360,11353,10002,
3172,PCQ,Financial Services,Asset Management,NYSE,93.13,46,53,49,52,8.57,167981857.24067688,18981000.0,0.93,-6.75,147280,126493,141050,1.649
3173,SSD,Basic Materials,Lumber & Wood Production,S&P 400,93.13,46,72,58,66,186.67,7805586011.4795685,41138325.0,0.037,-11.94,311210,358936,326812,0.091
3174,GTENU,Financial Services,Shell Companies,NASDAQ,93.13,46,44,48,45,10.68,,,0.05,-5.65,130,226,144,
3175,DSM,Financial Services,Asset Management,NYSE,93.12,46,54,53,57,5.83,303986454.3638873,49428691.0,0.0023,-7.46,130210,132180,117092,0.015
3176,PLMK,Financial Services,Shell Companies,NASDAQ,93.12,46,44,48,48,10.58,257944198.3231306,24242875.0,0.02,-2.4,10580,54633,74944,
3177,ABT,Healthcare,Medical Devices,S&P 500,93.12,46,18,16,26,105.61,149099203324.60406,1741813154.0,0.0149,-24.05,12113660,13846566,13090268,0.078
3178,OZKAP,Financial Services,Banks - Regional,NASDAQ,93.12,46,41,50,40,16.52,,,0.39,-7.45,20340,27856,24498,0.014
3179,HCICU,Financial Services,Shell Companies,NASDAQ,93.12,46,39,41,41,10.11,,,0.0,-1.51,594,644,602,
3180,ASA,Financial Services,Asset Management,NYSE,93.12,46,50,87,95,50.82,1207126173.0,18787956.0,0.0015,-38.92,59600,81793,93680,-0.003
3181,MESH,Financial Services,Shell Companies,NASDAQ,93.11,46,40,42,41,10.01,430387480.25894165,43125000.0,0.0001,0.2,195890,96803,59534,
3182,RDAG,Financial Services,Shell Companies,NASDAQ,93.1,46,40,40,38,10.36,387750005.7220459,37500000.0,0.0001,-18.04,11200,40980,32760,
3183,KOYNU,Financial Services,Shell Companies,NASDAQ,93.1,46,43,44,43,10.23,,,2.6,-3.49,300,103,210,
3184,OIMAU,Financial Services,Shell Companies,NASDAQ,93.1,46,39,42,43,10.19,,,0.08,-6.99,60,1856,1408,
3185,BTT,Financial Services,Asset Management,NYSE,93.1,46,45,51,53,22.54,1453204396.9484673,63625411.0,0.00090000004,-3.01,71290,93233,83936,0.006
3186,NTWOU,Financial Services,Shell Companies,NASDAQ,93.1,46,38,46,48,10.65,,,0.25,-3.09,0,0,3,
3187,CRESY,Industrials,Conglomerates,NASDAQ,93.1,46,36,36,69,11.61,844719073.537674,70925196.0,0.0324,-18.3,263490,296730,296792,0.05
3188,TYG,Financial Services,Asset Management,NYSE,93.09,46,48,77,60,42.81,946405383.0907059,21514102.0,0.0546,-16.35,143680,177753,194308,0.931
3189,IDCC,Technology,Software - Application,S&P 400,93.09,46,33,35,82,303.33,6515273265.962677,25845029.0,0.1146,-26.48,270380,336520,352638,-0.024
3190,ITHA,Financial Services,Shell Companies,NASDAQ,93.07,45,40,43,42,9.99,304826667.051754,30666668.0,0.0004,-0.1,2500,3213,2114,
3191,STC,Financial Services,Insurance - Property & Casualty,S&P 600,93.07,45,49,50,56,68.17,1977151955.481697,30427083.0,0.0249,-13.28,299260,286976,238740,0.277
3192,HPS,Financial Services,Asset Management,NYSE,93.07,45,49,56,47,14.19,471595497.35142136,32168861.0,3.22,-9.5,46600,49630,52652,0.011
3193,NI,Utilities,Utilities - Regulated Gas,S&P 500,93.06,45,57,69,57,45.07,22159682489.152985,479439245.0,0.0315,-7.98,4602880,4947576,4347688,0.082
3194,PFO,Financial Services,Asset Management,NYSE,93.05,45,46,48,58,9.09,120311396.70569801,13077326.0,0.08,-8.18,29590,21616,26094,-0.011
3195,ITHAU,Financial Services,Shell Companies,NASDAQ,93.05,45,43,42,43,10.06,,,5.46,-8.55,270,103,94,
3196,KRSP,Financial Services,Shell Companies,NYSE,93.04,45,42,42,40,10.46,477046967.1054201,46002601.0,0.0008,-4.91,36150,21100,26374,
3197,OMCL,Healthcare,Health Information Services,S&P 600,93.03,45,73,74,70,37.11,2007439015.5018768,45478909.0,0.0715,-32.53,955780,813123,719788,0.149
3198,MBVIU,Financial Services,Shell Companies,NASDAQ,93.03,45,41,42,45,10.26,0.0,0.0,0.0,-2.29,1770,2293,1438,
3199,OSK,Industrials,Farm & Heavy Construction Machinery,S&P 400,93.02,45,57,72,88,142.92,8105670170.0,62351309.0,0.0585,-20.82,1145370,854236,799448,0.002
3200,CEPF,Financial Services,Shell Companies,NASDAQ,93.0,45,44,40,45,10.41,590931008.720398,57150000.0,0.0001,-2.44,47470,39730,52790,
3201,DNMX,Financial Services,Shell Companies,NASDAQ,93.0,45,39,43,41,10.02,268601669.4716625,26833333.0,0.0001,-0.0,9270,18976,18840,
3202,SZZLU,Financial Services,Shell Companies,NASDAQ,92.98,45,40,46,47,10.5,,,5.64,-15.19,0,66,40,
3203,RANGU,Financial Services,Shell Companies,NASDAQ,92.97,45,37,47,49,10.83,,,,-8.99,260,93,72,
3204,TLS,Technology,Software - Infrastructure,NASDAQ,92.97,45,58,64,83,4.34,358383845.395875,74819175.0,0.0242,-48.09,434300,645636,773236,0.559
3205,SNN,Healthcare,Medical Devices,NYSE,92.97,45,25,36,61,32.33,12615425342.183674,424904854.0,0.0076,-16.65,1891630,1742283,1502474,0.074
3206,SORNU,Financial Services,Shell Companies,NASDAQ,92.96,45,37,41,40,10.05,,,0.39,-0.0,1460,600,1304,
3207,CLF,Basic Materials,Steel,S&P 400,92.95,45,35,28,87,11.63,7757639552.795923,570414657.0,0.1391,-30.36,35756310,25133303,22911660,0.063
3208,PJT,Financial Services,Capital Markets,S&P 600,92.95,45,37,34,36,167.55,3948580876.5791626,25824598.0,0.083900005,-14.35,397220,528743,453370,0.289
3209,NVDA,Technology,Semiconductors,S&P 500,92.94,45,62,74,62,195.04,5114021925216.675,24221000000.0,0.0128,-17.54,126924710,138440623,152447848,0.852
3210,BIXIU,Financial Services,Shell Companies,NASDAQ,92.94,45,40,43,42,10.1,,,0.1,-3.81,1550,726,862,
3211,KIO,Financial Services,Asset Management,NYSE,92.94,45,48,43,46,11.07,463542233.34805965,40985165.0,0.81,-13.72,257910,202330,180666,
3212,CCII,Financial Services,Shell Companies,NASDAQ,92.93,45,42,41,43,10.34,356647453.9758806,34693333.0,0.0002,-1.19,4150,27346,31214,
3213,LFAC,Financial Services,Shell Companies,NASDAQ,92.92,45,40,44,44,10.0,190900004.05115032,19166667.0,1.24,-0.1,3260,13486,12140,
3214,AEXA,Financial Services,Shell Companies,NYSE,92.92,45,54,38,53,11.3,561873694.0590115,49460714.0,0.011,-5.12,98590,129886,121142,
3215,BEAG,Financial Services,Shell Companies,NASDAQ,92.92,45,41,41,43,10.67,334946000.4425049,31318000.0,0.00029999999,-2.56,12830,19390,39530,
3216,FGIIU,Financial Services,Shell Companies,NASDAQ,92.92,45,38,41,41,10.05,,,0.15,-8.93,8960,6666,5788,
3217,NXPI,Technology,Semiconductors,S&P 500,92.91,45,80,85,60,245.16,81131582777.61118,252471079.0,0.0347,-27.88,4672970,4441763,4277368,0.122
3218,MKLYU,Financial Services,Shell Companies,NASDAQ,92.91,45,45,45,46,10.21,,,1.6,-10.52,280,96,256,
3219,ALF,Financial Services,Shell Companies,NASDAQ,92.9,45,44,49,47,10.75,389921888.7090683,35937500.0,0.01,-1.29,1400,743,78136,
3220,PYPL,Financial Services,Credit Services,S&P 500,92.9,45,18,32,11,57.65,39474220811.75,882105493.0,0.0545,-27.48,16589100,19090800,17650950,0.072
3221,MEVOU,Financial Services,Shell Companies,NASDAQ,92.9,45,44,42,40,10.1,,,0.01,-3.81,1180,1220,964,
3222,KGEI,Energy,Oil & Gas E&P,NASDAQ,92.9,45,24,76,17,5.07,182430009.36237144,35630862.0,2.55,-38.69,128100,185710,205504,0.195
3223,MSI,Technology,Communication Equipment,S&P 500,92.89,45,36,57,39,430.82,66942698106.328674,165995582.0,0.023599999,-12.47,926670,1023526,1055822,0.074
3224,MBVI,Financial Services,Shell Companies,NASDAQ,92.88,45,39,42,42,10.17,436856254.9352646,43125000.0,0.04,-3.14,33960,23856,24632,
3225,RYAAY,Industrials,Airlines,NASDAQ,92.88,45,47,25,72,60.17,31617544336.834473,520196528.0,0.005,-18.95,1753740,1621916,1515490,0.094
3226,BLZRU,Financial Services,Shell Companies,NASDAQ,92.86,45,39,43,43,10.24,,,0.0,-6.91,1880,2253,1416,
3227,MKL,Financial Services,Insurance - Property & Casualty,NYSE,92.86,45,34,28,59,1886.16,22719766311.185303,12513710.0,0.019,-14.56,58460,70526,73858,-0.169
3228,JHI,Financial Services,Asset Management,NYSE,92.86,45,48,48,52,13.07,117351821.40715599,8744547.0,0.0008,-9.92,13690,10810,12586,0.055
3229,ABOS,Healthcare,Biotechnology,NASDAQ,92.85,45,86,86,89,2.17,187791701.1118412,72227580.0,0.0347,-39.72,334960,607806,497214,
3230,LATA,Financial Services,Shell Companies,NASDAQ,92.84,45,39,41,42,10.13,232529992.10357666,23000000.0,0.01,-0.69,790,26233,16916,
3231,IQMX,Technology,Computer Hardware,NASDAQ,92.84,45,79,56,41,10.59,,,,,256960,745430,619188,
3232,NPACU,Financial Services,Shell Companies,NASDAQ,92.83,45,39,42,47,10.48,,,0.0,-3.61,4760,1940,1768,
3233,BEBE,Financial Services,Shell Companies,NYSE,92.81,45,39,41,41,9.98,198600006.10351562,20000000.0,0.0,0.3,9760,33420,20784,
3234,FLNC,Utilities,Utilities - Renewable,NASDAQ,92.81,45,90,66,95,13.47,2507480819.740162,132811490.0,0.38189998,-59.8,6708980,8242633,10268458,0.077
3235,PFL,Financial Services,Asset Management,NYSE,92.81,45,42,47,55,7.76,391378824.6887989,49730474.0,1.33,-10.8,328430,272636,238322,-0.097
3236,SPT,Technology,Software - Application,NASDAQ,92.81,45,27,10,10,8.47,449589425.38642216,60105538.0,0.1058,-62.51,899290,1204243,1249766,0.112
3237,ZKP,Financial Services,Shell Companies,NASDAQ,92.81,45,40,41,39,9.98,388196808.62033844,39093333.0,0.0001,-0.6,3770,43736,27564,
3238,THM,Basic Materials,Gold,NYSE ARCA,92.81,45,77,92,97,1.91,720384451.2104006,265824517.0,0.024500001,-47.67,636500,993870,940136,
3239,DAKT,Technology,Electronic Components,NASDAQ,92.8,45,51,53,86,19.48,1008104891.1166534,48747818.0,0.0476,-31.09,402900,595806,484758,0.216
3240,ETJ,Financial Services,Asset Management,NYSE,92.8,45,44,46,48,8.37,574084225.138484,67301787.0,0.56,-8.22,113560,129520,127734,
3241,FTF,Financial Services,Asset Management,NYSE ARCA,92.8,45,41,44,52,5.73,237583603.7440281,40405374.0,0.35,-12.52,186950,231120,235070,-0.089
3242,MMTXU,Financial Services,Shell Companies,NASDAQ,92.78,45,39,44,44,10.1,77710412.93506622,7694100.0,1.22,-9.58,0,0,0,
3243,ONCH,Financial Services,Shell Companies,NASDAQ,92.78,45,39,40,39,10.28,220586665.1495037,21541667.0,0.03,-3.28,70250,31553,21824,
3244,TACO,Financial Services,Shell Companies,NASDAQ,92.74,45,44,44,40,10.44,393384080.8689594,37518750.0,0.0002,-7.77,29250,83623,87950,
3245,CXT,Industrials,Specialty Industrial Machinery,S&P 400,92.73,45,53,23,31,51.6,2234945543.0602684,57542367.0,0.17860001,-25.22,557130,1035033,1000046,0.174
3246,SCIIU,Financial Services,Shell Companies,NASDAQ,92.72,45,40,44,46,10.22,155295904.65545654,15255000.0,0.61,-9.52,790,280,172,
3247,SDHIU,Financial Services,Shell Companies,NASDAQ,92.71,45,41,50,47,10.56,,,5.13,-6.96,0,73,48,
3248,GEG,Financial Services,Asset Management,NASDAQ,92.7,45,41,38,36,2.18,67417570.19043732,31357008.0,0.0373,-37.89,2470,8103,10694,0.065
3249,CAQUU,Financial Services,Shell Companies,NASDAQ,92.7,45,40,43,41,10.0,,,0.5,-4.76,380,860,1004,
3250,LECO,Industrials,Tools & Accessories,S&P 400,92.69,45,58,65,84,250.22,14161919528.869629,54787110.0,0.0227,-19.28,457610,400856,373706,0.117
3251,FAX,Financial Services,Asset Management,NYSE ARCA,92.68,44,44,47,59,14.46,613459837.9067345,41282628.0,0.64,-14.44,137000,147346,166158,-0.276
3252,KBON,Financial Services,Shell Companies,NASDAQ,92.68,44,40,42,42,10.08,446312115.111351,44015000.0,0.0002,-0.69,24610,45246,54168,
3253,ZKPU,Financial Services,Shell Companies,NASDAQ,92.68,44,38,39,41,9.99,,,4.98,-1.09,1080,360,246,
3254,ASG,Financial Services,Asset Management,NYSE,92.68,44,59,53,39,5.1,335058623.26395035,62862782.0,0.00029999999,-10.37,329050,245053,256144,-0.245
3255,ERH,Financial Services,Asset Management,NYSE ARCA,92.68,44,49,66,51,11.78,106074255.63152122,8832161.0,0.23,-9.87,33920,24510,24180,-0.06
3256,AHCO,Healthcare,Medical Devices,S&P 600,92.67,44,46,85,59,10.68,1378228575.330162,136054152.0,0.0698,-20.48,1017880,1416766,1311400,0.054
3257,PMTR,Financial Services,Shell Companies,NASDAQ,92.66,44,44,41,42,10.39,321509974.40719604,30825500.0,0.04,-5.55,46600,25270,31862,
3258,KRMD,Healthcare,Medical Instruments & Supplies,NASDAQ,92.66,44,47,44,80,4.11,186487977.37169266,45933000.0,0.0168,-37.8,161370,161836,136820,0.221
3259,WENNU,Financial Services,Shell Companies,NASDAQ,92.65,44,38,39,37,10.5,,,0.0,-11.84,1090,363,1180,
3260,WIW,Financial Services,Asset Management,NYSE,92.65,44,41,50,50,8.28,520677002.85393715,61184135.0,0.26,-8.31,215560,313263,299208,0.243
3261,LPCVU,Financial Services,Shell Companies,NASDAQ,92.65,44,39,43,41,10.05,,,0.04,-12.15,20300,6786,4384,
3262,ALOY,Basic Materials,Other Industrial Metals & Mining,NASDAQ,92.64,44,95,82,96,8.81,560715632.3395615,61213498.0,1.91,-67.25,3093070,2995400,2859844,
3263,JPC,Financial Services,Asset Management,NYSE,92.64,44,47,53,58,7.67,2952037479.0271473,370858978.0,0.0081,-7.59,799110,855280,892082,
3264,EVG,Financial Services,Asset Management,NYSE,92.63,44,46,45,51,10.5,146814842.4066391,13456906.0,3.95,-8.3,26630,30303,29072,-0.11
3265,EDIT,Healthcare,Biotechnology,NASDAQ,92.63,44,79,84,27,2.69,530977965.33410454,153461838.0,0.0979,-40.71,1305380,2391746,2808210,-0.392
3266,XCBEU,Financial Services,Shell Companies,NASDAQ,92.62,44,39,42,41,10.03,,,0.63,-7.64,700,616,568,
3267,JQC,Financial Services,Asset Management,NYSE,92.62,44,45,38,44,4.77,713954548.2924824,147816679.0,0.0008,-14.52,533500,571030,576834,-0.009
3268,SONY,Technology,Consumer Electronics,NYSE,92.62,44,21,21,23,22.77,127436877180.93283,5908061149.0,0.0015,-24.95,5689550,5373946,5700952,0.154
3269,PCAP,Financial Services,Shell Companies,NASDAQ,92.61,44,38,39,38,10.32,325353614.5019531,31680000.0,0.0008,-9.63,109910,188720,129400,
3270,TXT,Industrials,Aerospace & Defense,S&P 500,92.61,44,53,66,74,87.09,15956053268.02694,173888981.0,0.035,-14.26,2204530,1818076,1595626,0.118
3271,SYK,Healthcare,Medical Devices,S&P 500,92.6,44,25,20,37,348.04,116959533474.67096,383360762.0,0.0156,-14.04,2198530,2601726,2652910,0.026
3272,UPBD,Technology,Software - Application,S&P 600,92.6,44,57,32,32,20.12,1119822423.0904999,58293726.0,0.1066,-28.22,959780,1066770,958164,0.037
3273,SKYQ,Energy,Oil & Gas Integrated,NASDAQ,92.6,44,46,94,10,4.25,10787953.5,4794646.0,0.113900006,-78.15,11135690,20683703,13489572,-1.0
3274,DLY,Financial Services,Asset Management,NYSE,92.59,44,42,41,45,13.94,683434494.856739,48539382.0,0.75,-11.77,177910,171650,165568,
3275,AOSL,Technology,Semiconductors,S&P 600,92.59,44,94,93,25,31.11,1357306316.6310883,29929578.0,0.082100004,-39.42,605920,748306,836126,-0.005
3276,VLOS,Financial Services,Shell Companies,NASDAQ,92.58,44,38,48,47,10.72,,,,,127110,189413,268880,
3277,CEPO,Financial Services,Shell Companies,NASDAQ,92.58,44,35,37,38,10.67,270172506.8092346,25500000.0,0.0007,-35.33,129260,158456,117716,
3278,WPP,Communication Services,Advertising Agencies,NYSE,92.58,44,18,22,16,20.46,4012111352.484892,215704907.0,0.0146,-48.52,390980,548136,485836,-0.083
3279,BDCIU,Financial Services,Shell Companies,NASDAQ,92.57,44,41,41,41,10.2,,,0.02,-3.32,1920,2510,1532,
3280,KRAQU,Financial Services,Shell Companies,NASDAQ,92.57,44,39,40,40,10.1,,,0.01,-0.98,1080,2253,1828,
3281,TDWDU,Financial Services,Shell Companies,NASDAQ,92.57,44,38,46,42,10.14,,,526.25,-3.66,0,166,348,
3282,EOI,Financial Services,Asset Management,NYSE,92.56,44,45,46,50,19.64,823315096.7118149,41001748.0,0.04,-8.99,60620,65546,66262,
3283,BLZR,Financial Services,Shell Companies,NASDAQ,92.55,44,38,41,40,10.14,347874996.06609344,34375000.0,0.0001,-0.29,51050,51493,42646,
3284,WIA,Financial Services,Asset Management,NYSE,92.55,44,44,49,52,7.92,189843179.9870615,23322257.0,0.24,-7.26,42310,38943,39370,0.25
3285,DYORU,Financial Services,Shell Companies,NASDAQ,92.55,44,38,41,41,10.15,202600002.28881836,20000000.0,0.0,-11.82,0,3403,2308,
3286,CTW,Communication Services,Electronic Gaming & Multimedia,NASDAQ,92.54,44,60,80,5,2.44,148009755.0,59203902.0,0.0172,-50.0,30440,20040,18864,0.405
3287,ONCHU,Financial Services,Shell Companies,NASDAQ,92.53,44,39,39,39,10.4,,,0.12,-8.4,1730,3543,4262,
3288,TCBIO,Financial Services,Banks - Regional,NASDAQ,92.52,44,37,58,55,20.3,,,0.81,-11.53,12490,17053,16676,0.169
3289,WAL,Financial Services,Banks - Regional,S&P 400,92.52,44,53,40,69,81.25,8696614090.603638,109185360.0,0.0011999999,-16.44,1150740,1105100,1068830,0.079
3290,FLC,Financial Services,Asset Management,NYSE,92.52,44,46,51,58,16.66,177347674.58649445,10456821.0,0.649,-7.9,24420,21186,20360,-0.014
3291,DNMXU,Financial Services,Shell Companies,NASDAQ,92.51,44,38,41,40,10.13,,,0.0,-7.91,840,2920,2080,
3292,TKO,Communication Services,Entertainment,S&P 500,92.51,44,47,48,73,183.81,15381866597.060364,74967673.0,0.1435,-19.01,856140,1431163,1369250,0.259
3293,ECOR,Healthcare,Medical Devices,NASDAQ,92.5,44,88,60,25,6.29,80966102.21873665,8295707.0,0.0369,-38.75,44990,77883,119834,0.426
3294,STE,Healthcare,Medical Devices,S&P 500,92.49,44,27,27,52,231.21,20878812805.240738,98147009.0,0.0253,-14.19,694120,807033,801174,0.073
3295,VGI,Financial Services,Asset Management,NYSE,92.47,44,48,50,58,7.24,84621943.33578014,11313094.0,0.0021,-10.51,29550,34570,34590,
3296,PML,Financial Services,Asset Management,NYSE,92.47,44,48,40,47,7.29,500034878.7317276,66494000.0,0.34,-8.99,411400,395860,434612,0.729
3297,TFPM,Basic Materials,Other Precious Metals & Mining,NYSE,92.47,44,35,68,86,29.64,6545211995.21051,206603912.0,2.41,-28.92,404230,638286,644030,0.787
3298,CODA,Industrials,Aerospace & Defense,NASDAQ,92.46,44,41,79,83,10.19,141402945.64984894,11276152.0,0.020399999,-41.03,80280,116976,149456,0.288
3299,FSM,Basic Materials,Gold,NYSE,92.46,44,29,70,89,8.77,3047751440.3459787,302957387.0,3.16,-36.68,5718870,5031986,5075388,0.756
3300,NDMO,Financial Services,Asset Management,NYSE,92.45,44,49,49,49,9.99,620756441.9310646,59630783.0,0.0027,-7.67,113120,113166,115156,
3301,ALOVU,Financial Services,Shell Companies,NASDAQ,92.44,44,39,42,41,10.01,,,1.48,-0.89,750,440,374,
3302,PRDO,Consumer Defensive,Education & Training Services,S&P 600,92.44,44,33,65,54,32.46,2030327513.5141716,62703133.0,0.0694,-15.69,817370,780546,733260,0.041
3303,CLBT,Technology,Software - Infrastructure,NASDAQ,92.44,44,35,27,21,14.57,3674248390.2255135,249439817.0,0.033299997,-27.08,1197510,1833613,1918262,0.193
3304,SSNC,Technology,Software - Application,NASDAQ,92.42,44,20,28,31,77.17,16261113504.816124,240834039.0,0.0326,-15.26,2149100,1959876,2181874,0.088
3305,DLNG,Energy,Oil & Gas Midstream,NYSE,92.41,44,28,59,41,3.68,137160180.7760682,36382011.0,0.0092,-17.3,132870,72203,56938,-0.04
3306,MDU,Utilities,Utilities - Regulated Gas,S&P 600,92.41,44,58,74,64,19.97,4405846969.974106,209006024.0,0.0646,-13.1,1104090,1512556,1640336,-0.102
3307,GLPI,Real Estate,REIT - Specialty,S&P 400,92.4,44,37,59,46,44.71,13302930217.499786,283221841.0,0.06,-10.49,2015730,2620383,2441250,0.063
3308,TDOC,Healthcare,Health Information Services,NYSE,92.39,44,84,55,12,6.58,1373704616.1710973,180513087.0,0.1476,-32.65,6738770,5291300,4832220,-0.025
3309,RDNT,Healthcare,Diagnostics & Research,S&P 600,92.38,44,53,30,42,62.69,4366559029.090942,78634236.0,0.1362,-26.97,625760,923910,820722,0.221
3310,WS,Basic Materials,Steel,S&P 600,92.37,43,45,67,91,35.13,2143519330.4481125,50806338.0,0.057600003,-28.55,222110,350440,303010,0.12
3311,BIII,Financial Services,Shell Companies,NYSE,92.37,43,39,39,40,9.95,229080000.87738037,23000000.0,0.0001,-0.7,140,7246,4956,
3312,DCH,Consumer Cyclical,Auto Parts,S&P 600,92.36,43,30,34,91,5.86,1576115068.7881222,237366732.0,0.115,-36.65,3024550,3720126,3798510,0.686
3313,CI,Healthcare,Healthcare Plans,S&P 500,92.34,43,35,49,48,287.66,73381287255.02234,264532404.0,0.025799999,-15.12,1679830,1699626,1623706,0.046
3314,BDCI,Financial Services,Shell Companies,NASDAQ,92.34,43,38,39,40,10.08,349204009.9774008,34746667.0,0.0001,-1.75,18020,52443,40382,
3315,VOXR,Basic Materials,Other Precious Metals & Mining,NASDAQ,92.34,43,55,81,88,4.4,402386207.1535721,68901746.0,0.0175,-34.33,379070,513330,486110,4.983
3316,BHK,Financial Services,Asset Management,NYSE,92.31,43,39,38,41,8.97,654351499.7464905,72224224.0,0.0014,-11.36,353420,304246,306022,0.173
3317,NWAX,Financial Services,Shell Companies,NYSE,92.28,43,38,40,38,10.14,506466003.7994385,49800000.0,0.0007,-2.41,57170,40996,47764,
3318,BSL,Financial Services,Asset Management,NYSE,92.27,43,38,42,38,12.97,168738396.97667122,13019938.0,0.0014,-9.62,38720,35733,38752,-0.142
3319,RILY,Financial Services,Financial Conglomerates,NASDAQ,92.27,43,92,91,93,7.01,346428420.52716064,37130592.0,0.1453,-37.63,499940,810856,896702,1.134
3320,WHLRD,Real Estate,REIT - Retail,NASDAQ,92.26,43,34,37,63,36.0,,,7.93,-14.29,640,583,530,-0.014
3321,FCRS,Financial Services,Shell Companies,NYSE,92.26,43,40,41,39,10.23,367999991.774559,35937500.0,0.01,-6.32,44280,78083,80956,
3322,ACP,Financial Services,Asset Management,NYSE,92.26,43,52,53,56,5.07,672522850.8321428,125470678.0,0.0,-15.36,659390,494406,470028,0.281
3323,WOR,Industrials,Metal Fabrication,S&P 600,92.26,43,36,34,58,55.65,2812759482.8206253,49546582.0,0.028299998,-21.52,209200,327133,263076,0.244
3324,MLAAU,Financial Services,Shell Companies,NASDAQ,92.24,43,38,50,41,10.07,,,0.14,-9.44,390,383,680,
3325,RH,Consumer Cyclical,Specialty Retail,S&P 400,92.23,43,56,10,35,166.21,2806575292.635025,18900769.0,0.5729,-35.33,701750,852543,917384,0.037
3326,VLOSU,Financial Services,Shell Companies,NASDAQ,92.22,43,34,33,45,10.81,,,,,470,626,2552,
3327,ATMU,Consumer Cyclical,Auto Parts,S&P 600,92.2,43,44,63,89,51.63,3820636082.142212,81672428.0,0.048600003,-22.36,548510,751500,793716,0.146
3328,WEA,Financial Services,Asset Management,NYSE,92.2,43,42,43,56,10.4,125656705.81054688,11865600.0,0.23,-9.09,19760,20776,25934,0.02
3329,CDNS,Technology,Software - Application,S&P 500,92.19,43,73,68,25,332.82,103411690859.86328,275816000.0,0.0198,-13.28,3201610,2570040,2506150,0.187
3330,EFR,Financial Services,Asset Management,NYSE,92.18,43,37,36,37,10.62,310293231.9374199,29523618.0,0.02,-13.02,103210,88786,107384,-0.165
3331,CTKB,Healthcare,Medical Devices,NASDAQ,92.18,43,61,61,56,4.31,541107446.9195981,129142587.0,0.0674,-30.26,647610,1631153,1436388,0.065
3332,MYO,Healthcare,Medical Devices,NYSE ARCA,92.16,43,66,14,9,1.0,42116133.059704185,38638653.0,0.11229999,-67.53,333010,651130,878852,0.029
3333,TTAM,Basic Materials,Building Materials,NYSE,92.15,43,75,54,71,15.91,2999577389.944439,184362465.0,0.1224,-18.07,271520,276410,279974,0.015
3334,HAYW,Industrials,Electrical Equipment & Parts,S&P 600,92.15,43,68,32,53,15.37,3061347742.631668,216962992.0,0.0554,-13.31,3216610,3156133,2786524,0.115
3335,DRDBU,Financial Services,Shell Companies,NASDAQ,92.15,43,38,39,49,10.63,282133683.96549225,26666700.0,0.0,-6.38,0,30,212,
3336,NATH,Consumer Cyclical,Restaurants,NASDAQ,92.15,43,40,47,54,98.5,413125470.7475662,4094405.0,0.0638,-16.88,23890,27840,24216,0.089
3337,EPSN,Energy,Oil & Gas E&P,NASDAQ,92.13,43,33,75,26,5.5,171207167.60442734,30248617.0,0.1101,-35.29,134170,174306,168530,0.584
3338,DECK,Consumer Cyclical,Footwear & Accessories,S&P 500,92.12,43,34,33,57,99.69,15811596742.534477,138880957.0,0.0493,-21.19,2851370,2469483,2361902,0.096
3339,BGB,Financial Services,Asset Management,NYSE,92.12,43,40,40,41,11.17,507997268.686924,44678740.0,0.0022,-11.7,123870,115990,118780,
3340,BANF,Financial Services,Banks - Regional,S&P 600,92.11,43,38,37,44,112.16,3704242652.9792557,33586387.0,0.040900003,-19.18,149660,202513,181462,0.083
3341,BRO,Financial Services,Insurance Brokers,S&P 500,92.11,43,23,14,22,70.87,19065816056.25,338947841.0,0.062800005,-37.75,3351080,3112236,3036366,0.357
3342,KREF,Real Estate,REIT - Mortgage,NYSE,92.09,43,42,21,26,7.05,428883786.2957325,64300417.0,0.0986,-29.38,1617500,1207823,1151850,
3343,MSFT,Technology,Software - Infrastructure,S&P 500,92.08,43,25,30,25,451.1,3344578368585.6523,7428434704.0,0.0104,-18.79,38865390,44489113,41455436,0.183
3344,RERE,Consumer Cyclical,Internet Retail,NYSE,92.07,43,30,68,94,4.17,1029932557.3230152,221490868.0,0.0235,-35.55,914330,997386,1187434,0.324
3345,SLM,Financial Services,Credit Services,S&P 400,92.06,43,41,20,32,25.84,4171677207.67354,188592995.0,0.1388,-26.11,3251470,3224720,2892726,0.025
3346,SELF,Real Estate,REIT - Specialty,NASDAQ,92.04,43,51,65,44,5.09,58936135.37718201,11421732.0,0.0117999995,-12.69,21760,18220,17498,0.015
3347,FULTP,Financial Services,Banks - Regional,NASDAQ,92.04,43,39,47,38,18.07,,,0.41,-13.25,13220,15936,13716,0.042
3348,GERN,Healthcare,Biotechnology,NASDAQ,92.04,43,23,69,57,1.34,801901217.5,641520974.0,0.1094,-33.33,6746270,11315100,11296404,0.309
3349,ANGH,Communication Services,Entertainment,NASDAQ,92.03,43,43,71,15,3.4,32633307.935512543,9064808.0,0.0099,-51.77,34940,40306,33576,0.053
3350,ERIC,Technology,Communication Equipment,NASDAQ,92.03,43,63,79,81,9.77,43406025882.79191,3323585336.0,0.0149,-28.84,15313210,14514753,13022478,-0.103
3351,TLSI,Healthcare,Medical Devices,NASDAQ,92.03,43,29,32,49,4.56,209430389.62142348,61416535.0,0.036199998,-42.64,166700,369076,364622,-0.029
3352,WPM,Basic Materials,Gold,NYSE,92.02,43,33,72,90,113.38,60216989573.15958,454125089.0,1.37,-31.6,1614890,1906020,1929398,0.916
3353,PCM,Financial Services,Asset Management,NYSE,92.02,43,35,45,43,5.59,70017453.13213539,12348757.0,0.52,-17.31,33590,46803,41494,-0.207
3354,BGT,Financial Services,Asset Management,NYSE,92.02,43,36,37,42,10.75,323299969.3508911,29824720.0,0.0041,-15.75,149310,117573,114458,-0.044
3355,REGCO,Real Estate,REIT - Retail,NASDAQ,92.0,43,38,43,47,21.66,,,1.12,-10.64,1910,3023,3264,0.1
3356,WSTNU,Financial Services,Shell Companies,NASDAQ,92.0,43,37,45,42,10.09,,,0.0,-5.26,50,363,360,
3357,SPOT,Communication Services,Internet Content & Information,NYSE,91.99,43,21,19,14,522.61,102332990452.4737,205620061.0,0.040700004,-33.43,1808620,1718050,1976726,0.082
3358,FNF,Financial Services,Insurance - Specialty,S&P 400,91.98,43,31,32,51,52.06,12744609108.298187,269157540.0,0.0279,-12.07,1600730,1701110,1553200,0.167
3359,SAIA,Industrials,Trucking,S&P 400,91.97,43,78,80,82,350.63,12565949765.247803,26601922.0,0.048499998,-27.09,540780,435243,427226,0.024
3360,CXM,Technology,Software - Application,S&P 600,91.96,43,16,18,19,6.2,1388663026.1131573,248864345.0,0.2031,-34.04,2972820,3642560,3567512,0.089
3361,TV,Communication Services,Telecom Services,NYSE,91.96,43,36,64,85,2.88,1401979645.2379227,527060000.0,0.51,-17.48,1144440,935503,971636,-0.031
3362,WTGUU,Financial Services,Shell Companies,NASDAQ,91.95,43,42,61,47,10.51,,,,-14.2,320,263,440,
3363,RYN,Real Estate,REIT - Specialty,S&P 400,91.91,43,37,34,43,21.39,6282609304.908463,300747223.0,0.0381,-21.76,2180720,2436460,2530326,2.338
3364,MYPS,Communication Services,Electronic Gaming & Multimedia,NASDAQ,91.91,43,18,6,9,0.59,71312004.9819367,128722026.0,0.0254,-62.75,297550,1034140,1009820,-0.069
3365,PGP,Financial Services,Asset Management,NYSE,91.9,43,53,64,69,8.39,102782729.14389515,11587681.0,0.9,-10.84,61340,54020,51360,0.001
3366,OXM,Consumer Cyclical,Apparel Manufacturing,NYSE,91.88,43,33,59,28,38.25,664874527.8642082,14900819.0,0.3502,-32.17,364230,512426,497148,-0.041
3367,RGP,Industrials,Consulting Services,NASDAQ,91.87,43,47,31,24,4.27,155168634.22521973,34329344.0,0.070300005,-32.22,784460,759910,593650,-0.166
3368,BDN,Real Estate,REIT - Office,NYSE,91.87,43,52,32,28,3.05,538506702.9335475,173711845.0,0.075100005,-34.13,2210760,2149350,1925112,0.063
3369,BDC,Technology,Communication Equipment,S&P 400,91.86,42,36,34,66,117.11,4092239794.508667,38944040.0,0.0686,-26.8,571460,607093,583430,0.114
3370,PCN,Financial Services,Asset Management,NYSE,91.85,42,39,39,52,11.68,871537252.2581329,73734118.0,0.55,-13.42,269160,300733,305156,0.038
3371,PSF,Financial Services,Asset Management,NYSE,91.84,42,48,46,52,19.43,237676977.87303352,12028187.0,0.0011,-8.35,28150,33666,39728,
3372,VC,Consumer Cyclical,Auto Parts,S&P 400,91.83,42,39,65,51,105.06,3157635768.529106,26694021.0,0.1246,-18.62,595100,713133,597420,0.021
3373,DHR,Healthcare,Diagnostics & Research,S&P 500,91.83,42,33,23,53,196.17,129288459138.12328,707770627.0,0.013300001,-19.21,9642500,6010813,5259406,0.037
3374,PCAPU,Financial Services,Shell Companies,NASDAQ,91.83,42,37,38,37,10.38,,,0.23,-15.44,19460,7143,7250,
3375,HUBB,Industrials,Electrical Equipment & Parts,S&P 500,91.83,42,56,70,70,473.69,25026393230.920532,52841777.0,0.0585,-16.24,730259,610742,651884,0.111
3376,CTRI,Utilities,Utilities - Regulated Gas,NYSE,91.81,42,62,92,79,26.84,3102731486.7778893,100934662.0,0.0402,-37.56,1500540,1627686,1430240,0.315
3377,CMS,Utilities,Utilities - Regulated Electric,S&P 500,91.81,42,49,56,49,72.26,22418295422.86522,308919602.0,0.0,-10.08,4037370,3559393,3523978,0.116
3378,MCO,Financial Services,Financial Data & Stock Exchanges,S&P 500,91.81,42,37,33,33,482.26,79172095523.5,174676438.0,0.026099999,-11.82,1047510,1031970,1012850,0.081
3379,EDN,Utilities,Utilities - Regulated Electric,NYSE,91.8,42,35,21,23,27.25,1314950472.0030212,47574186.0,0.0879,-25.75,55540,69070,106930,-0.0
3380,FSLR,Technology,Solar,S&P 500,91.8,42,63,58,76,206.01,32965618152.950592,107453363.0,0.105299994,-34.34,1817200,1852673,2315290,0.236
3381,ALLR,Healthcare,Biotechnology,NASDAQ,91.79,42,65,75,19,1.23,26093587.132395267,15910724.0,0.0178,-47.66,56050,112150,161366,
3382,MCGA,Financial Services,Shell Companies,NASDAQ,91.79,42,36,37,35,10.23,241000391.51687336,23581251.0,0.0022,-13.89,109960,77320,65658,
3383,NPV,Financial Services,Asset Management,NYSE,91.78,42,51,56,46,10.86,220134239.934906,19158768.0,0.0004,-8.04,64920,56143,47224,0.067
3384,CWST,Industrials,Waste Management,S&P 600,91.77,42,45,24,51,89.5,5226828735.496719,63609941.0,0.0864,-24.73,743550,773883,708092,0.096
3385,BEAM,Healthcare,Biotechnology,NASDAQ,91.76,42,86,79,71,26.49,3387812548.4162445,102879214.0,0.3993,-27.31,1999470,2566653,2300822,3.249
3386,NFG,Energy,Oil & Gas Integrated,S&P 400,91.76,42,26,46,56,82.47,7341481714.5,95035362.0,0.0588,-15.03,688080,725460,752520,0.176
3387,GENC,Industrials,Farm & Heavy Construction Machinery,NYSE ARCA,91.75,42,53,52,37,14.41,206820170.18767738,14657702.0,0.0061000003,-17.18,29480,33576,35088,-0.115
3388,COST,Consumer Defensive,Discount Stores,S&P 500,91.74,42,34,55,45,954.17,424141311728.39355,443514000.0,0.0166,-12.98,2008380,2558220,2529844,0.215
3389,BGH,Financial Services,Asset Management,NYSE,91.74,42,44,44,50,14.0,284768594.10866547,20082411.0,0.0021,-17.16,70130,91243,87332,
3390,TRTX,Real Estate,REIT - Mortgage,NYSE,91.74,42,60,51,61,8.18,649388926.1092587,77308209.0,0.044499997,-16.95,770180,779866,689310,0.119
3391,DSL,Financial Services,Asset Management,NYSE,91.73,42,45,42,44,10.7,1267193166.4573412,114574423.0,0.002,-15.55,660870,567883,506692,
3392,HVIIU,Financial Services,Shell Companies,NASDAQ,91.71,42,43,40,42,10.8,259289644.57921982,24008300.0,0.0,-22.86,0,7,33,
3393,AGMB,Healthcare,Biotechnology,NASDAQ,91.7,42,25,22,41,12.76,554039718.75,49247975.0,0.0189,-26.88,66570,97926,93432,
3394,RDAGU,Financial Services,Shell Companies,NASDAQ,91.69,42,40,41,40,10.48,41500798.18725586,3960000.0,0.0,-10.66,370,220,142,
3395,HGV,Consumer Cyclical,Resorts & Casinos,S&P 400,91.69,42,72,56,64,46.32,4149316501.8930016,79763869.0,0.113900006,-12.36,1192780,1235973,1248132,0.119
3396,TVA,Financial Services,Shell Companies,NASDAQ,91.67,42,41,46,47,10.5,315000000.0,30000000.0,0.0005,-14.43,30050,34900,43384,
3397,MCHX,Communication Services,Advertising Agencies,NASDAQ,91.67,42,34,47,32,1.76,73542644.86123455,44302799.0,0.0011,-23.81,16060,23200,24488,-0.069
3398,EGHT,Technology,Software - Application,NASDAQ,91.65,42,32,88,81,1.85,292262812.40456605,141189769.0,0.0172,-35.76,1973540,2051046,1999072,0.046
3399,FPH,Real Estate,Real Estate - Development,NYSE,91.64,42,34,30,28,5.29,364320470.6163168,72429514.0,0.0058999998,-20.33,149720,144863,153162,0.032
3400,NVMI,Technology,Semiconductor Equipment & Materials,NASDAQ,91.64,42,86,89,91,394.07,15977188428.045319,31806161.0,0.0543,-30.25,623630,579186,533902,0.103
3401,GRVY,Communication Services,Electronic Gaming & Multimedia,NASDAQ,91.63,42,52,35,72,61.95,447022749.7238159,6948900.0,0.0095999995,-17.12,29010,49803,57940,0.182
3402,ETX,Financial Services,Asset Management,NYSE,91.62,42,46,56,52,18.15,206044549.66739273,10896063.0,0.0023,-9.25,13600,11690,11048,
3403,NPFD,Financial Services,Asset Management,NYSE,91.62,42,48,54,57,18.19,460568514.55495644,24164141.0,0.0019,-9.59,52740,48266,49140,0.068
3404,RPD,Technology,Software - Infrastructure,NASDAQ,91.61,42,31,5,10,9.48,560040586.4881573,66830618.0,0.1516,-63.33,2468560,2823156,2484874,-0.003
3405,LYFT,Technology,Software - Application,S&P 600,91.6,42,28,28,48,15.55,5357320396.1663475,379682532.0,0.2336,-39.12,13082660,12686756,13123030,0.138
3406,LBTYB,Communication Services,Telecom Services,NASDAQ,91.6,42,59,89,62,12.1,4902412836.5,338097437.0,0.00090000004,-58.29,1770,4376,3280,0.088
3407,AQN,Utilities,Utilities - Diversified,NYSE,91.56,42,29,57,74,5.98,4533329951.398563,769665544.0,3.06,-15.89,3755390,4173053,4589906,0.144
3408,PFX,Financial Services,Asset Management,NASDAQ,91.56,42,33,27,33,43.01,81188522.75619507,1932600.0,0.0001,-19.74,25680,9343,5966,-0.136
3409,GNTX,Consumer Cyclical,Auto Parts,S&P 400,91.55,42,53,36,49,23.64,5144916615.186127,212951848.0,0.057800002,-19.54,3041160,2900500,2623716,0.171
3410,ARI,Real Estate,REIT - Mortgage,NYSE,91.55,42,54,68,69,6.5,1456032738.987814,132849702.0,0.053400002,-42.17,6648400,6264683,4265368,0.002
3411,EONR,Energy,Oil & Gas E&P,NYSE ARCA,91.55,42,29,95,21,0.49,29331418.547495842,49968344.0,0.1084,-68.99,762600,925310,1246134,-0.16
3412,HKD,Technology,Software - Application,NYSE,91.54,42,43,46,20,1.59,571988433.4846079,314279350.0,0.0063,-70.93,105530,139840,206790,3.409
3413,ORC,Real Estate,REIT - Mortgage,NYSE,91.52,42,57,55,66,6.63,1360747574.3885832,200700226.0,0.0552,-21.07,5721750,5507853,5184270,
3414,UTG,Financial Services,Asset Management,NYSE ARCA,91.52,42,54,74,56,38.21,3881125037.2541428,91428150.0,0.0011999999,-12.96,303440,290163,264468,-0.056
3415,NAMS,Healthcare,Biotechnology,NASDAQ,91.51,42,76,61,77,28.46,3937326048.396263,116903979.0,0.0717,-32.57,1045920,1065346,1145076,0.021
3416,VBF,Financial Services,Asset Management,NYSE,91.51,42,41,42,45,14.74,171719084.6191721,11425089.0,0.0018000001,-7.76,99780,61866,60602,-0.042
3417,NTIC,Basic Materials,Specialty Chemicals,NASDAQ,91.48,42,59,40,56,7.98,75936008.0,9492001.0,0.0025,-20.44,11700,10043,10898,0.153
3418,SRI,Consumer Cyclical,Auto Parts,NYSE,91.48,42,71,52,85,7.07,210917274.22600985,28235245.0,0.018099999,-27.19,157220,299563,247542,-0.262
3419,FDS,Financial Services,Financial Data & Stock Exchanges,S&P 500,91.47,42,26,20,13,263.03,8942748789.16159,36431127.0,0.18110001,-42.47,1073590,1049996,986678,0.071
3420,PINS,Communication Services,Internet Content & Information,S&P 400,91.46,42,27,20,15,24.43,11231153978.983875,560157327.0,0.1899,-38.82,10015800,13337356,16402658,0.178
3421,NBB,Financial Services,Asset Management,NYSE,91.46,42,47,49,49,15.16,466494710.8760376,29394752.0,0.0039,-8.78,38440,51980,51130,
3422,KAI,Industrials,Specialty Industrial Machinery,S&P 600,91.45,42,46,32,60,307.79,3769024814.672241,11808462.0,0.1364,-16.81,118490,138046,146712,0.177
3423,DBL,Financial Services,Asset Management,NYSE,91.44,42,37,39,48,14.08,284889947.9332924,19770295.0,0.83,-12.05,64450,67700,59886,
3424,AZN,Healthcare,Drug Manufacturers - General,NYSE,91.42,42,54,67,77,171.34,287945960730.92236,1550848083.0,0.0014,-19.45,2572260,2629086,2378014,0.125
3425,GVA,Industrials,Engineering & Construction,S&P 600,91.42,42,81,83,83,114.92,5986298130.954803,43746699.0,0.1521,-20.74,1073830,1037590,954024,0.304
3426,AGRO,Consumer Defensive,Farm Products,NYSE,91.42,42,31,93,38,10.16,1750461709.0947933,144308466.0,0.0432,-36.06,708290,772656,804794,0.225
3427,EDUC,Communication Services,Publishing,NASDAQ,91.41,41,67,57,35,1.39,12426591.76468277,8511364.0,0.0002,-24.46,258850,263990,182174,-0.37
3428,AR,Energy,Oil & Gas E&P,S&P 400,91.41,41,29,72,37,35.3,11076637000.0,309836000.0,0.039,-22.84,4939460,4963666,4828306,0.343
3429,CDE,Basic Materials,Gold,S&P 400,91.4,41,55,89,96,15.4,19909927210.825813,1030534551.0,0.045100003,-44.54,34587700,40130750,34330904,1.378
3430,ETD,Consumer Cyclical,"Furnishings, Fixtures & Appliances",NYSE,91.4,41,28,21,33,22.91,524703531.53541756,25446339.0,0.1182,-27.06,408190,639046,587816,-0.048
3431,YUMC,Consumer Cyclical,Restaurants,NYSE,91.4,41,25,50,77,46.47,14894405398.22731,351034770.0,0.0117999995,-20.41,1690510,1669516,1778548,0.097
3432,PLMKU,Financial Services,Shell Companies,NASDAQ,91.39,41,36,39,37,10.81,297198083.1260681,27316000.0,0.02,-12.33,40,130,140,
3433,CCL,Consumer Cyclical,Travel Services,S&P 500,91.38,41,43,33,75,27.77,38867015790.875656,1385139577.0,0.0427,-18.4,20656950,21886663,23748362,0.061
3434,FPF,Financial Services,Asset Management,NYSE,91.35,41,47,51,55,17.6,1114123679.8737545,60847827.0,0.0011,-10.89,96150,92816,94358,
3435,PPT,Financial Services,Asset Management,NYSE,91.33,41,38,44,51,3.38,333530705.04140306,95567537.0,0.0011,-10.34,103890,94680,98120,-0.191
3436,JMM,Financial Services,Asset Management,NYSE,91.29,41,37,37,48,5.8,55070878.62432003,9462350.0,0.0004,-11.04,6830,6026,9014,0.02
3437,PAXS,Financial Services,Asset Management,NYSE,91.29,41,46,40,55,14.22,679483034.6310654,47023048.0,0.39,-14.13,190690,162193,180144,
3438,LFVN,Consumer Defensive,Packaged Foods,NASDAQ,91.27,41,48,13,7,6.29,99286517.69623375,12615822.0,0.35990003,-58.07,69060,211120,497210,-0.252
3439,ALHC,Healthcare,Healthcare Plans,S&P 600,91.27,41,84,62,83,18.61,3167162105.269844,206733823.0,0.1247,-22.04,3781450,4649636,5331118,0.333
3440,VLTO,Industrials,Pollution & Treatment Controls,S&P 500,91.26,41,30,28,31,94.71,20195628467.640427,245599266.0,0.028499998,-13.99,2060820,2354113,2335048,0.068
3441,HIO,Financial Services,Asset Management,NYSE,91.26,41,47,45,50,3.51,347112143.8193679,95099215.0,0.23,-13.33,488010,373206,346424,-0.017
3442,BWG,Financial Services,Asset Management,NYSE,91.25,41,47,48,58,7.69,134334688.0,16791836.0,0.0037,-13.98,61330,68823,68520,
3443,STRF,Technology,Software - Application,NASDAQ,91.24,41,33,52,34,98.0,,,4.75,-23.32,71590,180250,160156,0.119
3444,COHN,Financial Services,Capital Markets,NYSE ARCA,91.23,41,60,86,97,13.5,27617205.0,2510655.0,0.0073,-58.59,8260,13856,17042,1.073
3445,SUNS,Real Estate,REIT - Mortgage,NASDAQ,91.22,41,36,22,36,8.01,120312019.34321404,13518205.0,0.0542,-32.0,51590,114380,99818,0.608
3446,MUA,Financial Services,Asset Management,NYSE,91.22,41,53,45,57,10.17,541314325.75,50354821.0,0.0011,-13.74,397090,202450,162926,-0.021
3447,VEEV,Healthcare,Health Information Services,S&P 500,91.22,41,22,16,16,201.56,28452060411.668518,163198698.0,0.0694,-35.09,1392150,2124280,2362332,0.16
3448,BTZ,Financial Services,Asset Management,NYSE,91.2,41,41,42,49,10.02,953775975.4603186,93324457.0,0.00090000004,-10.38,336270,264970,277120,-0.037
3449,RIBBU,Financial Services,Shell Companies,NASDAQ,91.18,41,36,43,44,10.77,67611498.76594543,6470000.0,2.0,-15.2,120,1656,2552,
3450,JLS,Financial Services,Asset Management,NYSE,91.17,41,38,51,53,17.24,98962648.21866608,5476627.0,0.0047,-9.69,23540,25226,25138,
3451,MGEE,Utilities,Utilities - Regulated Electric,S&P 600,91.16,41,40,37,34,79.5,2849862335.5,37746521.0,0.0559,-13.11,194130,274793,288170,0.108
3452,COR,Healthcare,Medical Distribution,S&P 500,91.16,41,28,33,68,312.23,52406964271.58447,194561060.0,0.0309,-17.3,1223090,1540173,1525976,0.038
3453,CHSCP,Consumer Defensive,Farm Products,NASDAQ,91.16,41,37,48,53,26.64,,,1.67,-12.86,18100,24090,19460,0.072
3454,CNX,Energy,Oil & Gas E&P,S&P 400,91.13,41,31,68,76,34.61,4766379947.570091,141477594.0,0.1378,-20.66,1675550,2034856,1861908,0.282
3455,BLW,Financial Services,Asset Management,NYSE,91.13,41,35,37,48,12.56,491290896.0723877,39084400.0,0.0001,-12.17,179390,173620,164398,-0.069
3456,LZ,Industrials,Specialty Business Services,S&P 600,91.13,41,23,24,28,7.86,1079664429.0121574,171647764.0,0.1308,-36.61,1954660,2673486,2606410,0.129
3457,HMY,Basic Materials,Gold,NYSE,91.12,41,29,29,80,16.15,11535406796.82518,631385140.0,0.0163,-38.03,2644150,3410753,3875628,0.195
3458,MUX,Basic Materials,Other Precious Metals & Mining,NYSE,91.12,41,53,87,96,17.69,1307710467.9675446,59740087.0,0.20629999,-40.44,812930,1216700,1145766,1.074
3459,GDYN,Technology,Information Technology Services,NASDAQ,91.1,41,22,13,15,7.06,602107572.849596,83626054.0,0.13239999,-45.1,1857110,2464083,2296264,0.037
3460,MSCI,Financial Services,Financial Data & Stock Exchanges,S&P 500,91.09,41,49,48,44,575.74,45918747392.075195,72727592.0,0.024400001,-10.08,986490,810066,735896,0.141
3461,SBGI,Communication Services,Broadcasting,NASDAQ,91.08,41,60,60,48,13.77,998049979.7242031,72165581.0,0.2637,-22.99,465190,571866,518268,0.04
3462,ETN,Industrials,Specialty Industrial Machinery,S&P 500,91.08,41,66,74,49,386.89,155552982369.99512,388300000.0,0.023699999,-11.15,2486120,2429380,2441430,0.168
3463,ACET,Healthcare,Biotechnology,NASDAQ,91.08,41,46,28,12,9.06,87032081.08267593,9348236.0,0.0631,-48.05,88250,93186,94898,
3464,BBCQU,Financial Services,Shell Companies,NASDAQ,91.07,41,56,60,44,10.23,,,0.32,-24.22,180,293,1894,
3465,TBBK,Financial Services,Banks - Regional,S&P 600,91.06,41,51,37,37,64.78,2296555648.887089,41634439.0,0.12640001,-20.66,435660,464953,423718,0.041
3466,WDI,Financial Services,Asset Management,NYSE,91.05,41,48,53,48,13.07,715868077.6597099,51912116.0,0.35,-14.46,204720,178986,183232,
3467,IGI,Financial Services,Asset Management,NYSE,91.04,41,40,43,50,15.67,96857399.24544144,5993651.0,0.0032,-8.31,13660,10126,13128,
3468,EVF,Financial Services,Asset Management,NYSE,91.04,41,36,35,37,4.96,90306332.51772165,18170289.0,0.46,-13.74,58690,58760,55278,-0.075
3469,AVO,Consumer Defensive,Food Distribution,NASDAQ,91.02,41,36,61,72,12.75,789228519.2831688,70846364.0,0.16059999,-17.9,686770,1267026,1470068,-0.166
3470,ARDC,Financial Services,Asset Management,NYSE,91.01,41,45,37,38,12.34,306525139.08576965,23966000.0,0.68,-17.9,150910,116750,114782,
3471,JHS,Financial Services,Asset Management,NYSE,90.99,41,38,42,55,10.89,129859418.3071804,11646585.0,0.4,-9.93,8760,10256,11164,0.026
3472,TVACU,Financial Services,Shell Companies,NASDAQ,90.98,41,36,44,39,10.71,,,2.15,-15.8,210,206,186,
3473,FIZZ,Consumer Defensive,Beverages - Non-Alcoholic,S&P 600,90.98,41,23,30,31,32.06,3463451647.128376,93632103.0,0.1105,-33.05,432120,636280,508150,-0.009
3474,SSTI,Technology,Software - Application,NASDAQ,90.97,41,62,18,13,7.95,97284069.83492088,12953937.0,0.0875,-53.01,69760,137783,127770,-0.147
3475,DMA,Financial Services,Asset Management,NYSE,90.96,41,31,29,51,7.54,64624953.53192043,8963239.0,0.00090000004,-17.6,22450,18030,20846,
3476,WEC,Utilities,Utilities - Regulated Electric,S&P 500,90.96,41,52,58,52,110.05,36171837535.93588,325725678.0,0.052199997,-8.0,2038500,2085506,2166442,0.09
3477,SPH,Utilities,Utilities - Regulated Gas,NYSE,90.96,41,31,56,60,18.61,1287055280.4921322,66343057.0,0.007900001,-10.53,143990,238180,212196,-0.062
3478,CAAS,Consumer Cyclical,Auto Parts,NASDAQ,90.95,41,49,56,56,4.28,140293767.17730236,30170702.0,0.0029,-16.89,15540,13543,20874,0.214
3479,APG,Industrials,Engineering & Construction,S&P 400,90.95,41,60,76,84,39.2,17762347549.0,433227989.0,0.0225,-21.58,3270490,3080196,2958256,0.153
3480,GF,Financial Services,Asset Management,NYSE,90.95,41,49,41,67,11.32,198183416.5991726,16231238.0,0.0028,-11.7,32850,24433,38454,1.191
3481,MCN,Financial Services,Asset Management,NYSE,90.94,41,35,59,54,5.58,123743993.73938656,21116722.0,0.54,-12.68,42330,61133,68510,-0.185
3482,AIHS,Industrials,Rental & Leasing Services,NASDAQ,90.94,41,35,12,7,1.43,5332261.934413791,4557489.0,0.040700004,-91.59,824520,296483,201664,-0.205
3483,PIM,Financial Services,Asset Management,NYSE,90.91,41,39,45,50,3.09,153226207.5966518,48184341.0,0.0026,-11.71,53050,45090,56550,-0.118
3484,EHI,Financial Services,Asset Management,NYSE,90.9,41,44,47,55,5.77,181798452.0,30299742.0,0.00090000004,-13.88,80040,96743,93594,0.104
3485,DAIO,Technology,Electronic Components,NASDAQ,90.88,40,83,33,55,2.92,39738405.23918438,9394422.0,0.0033000002,-34.97,43990,52563,85088,-0.474
3486,YEXT,Technology,Software - Infrastructure,NYSE,90.88,40,22,11,14,5.51,418469137.6545954,100112238.0,0.0834,-40.11,1011180,1347003,1389396,-0.01
3487,CAR,Industrials,Rental & Leasing Services,S&P 400,90.88,40,29,83,36,152.0,6211545408.876038,35324986.0,0.60080004,-82.07,645540,673836,759986,0.041
3488,RGLD,Basic Materials,Gold,S&P 400,90.87,40,27,70,90,203.04,19050854454.370758,84866602.0,0.033099998,-33.7,651920,738073,709660,1.43
3489,IMTX,Healthcare,Biotechnology,NASDAQ,90.87,40,67,86,83,9.2,1573108114.392004,136673161.0,0.0509,-25.87,465460,423420,476144,-0.59
3490,GHY,Financial Services,Asset Management,NYSE,90.87,40,45,37,53,11.63,494810302.3149147,40961118.0,0.68,-15.36,129620,140846,124362,
3491,PTA,Financial Services,Asset Management,NYSE,90.86,40,45,50,45,18.8,1082807050.6540604,55273458.0,0.0017,-10.13,99830,103586,116582,
3492,RSG,Industrials,Waste Management,S&P 500,90.82,40,32,33,38,211.33,61668190349.413025,307664087.0,0.016,-18.33,1444980,1503163,1601230,0.026
3493,SIDU,Industrials,Aerospace & Defense,NASDAQ,90.8,40,89,94,92,1.84,477987954.8655853,97349892.0,0.097399995,-72.9,5682420,8179980,16762210,0.507
3494,DOLE,Consumer Defensive,Farm Products,NYSE,90.8,40,34,53,71,14.31,1331273688.7198448,95158950.0,0.0394,-13.64,1023500,1073556,1139752,0.116
3495,FMY,Financial Services,Asset Management,NYSE,90.79,40,41,49,50,11.47,49377708.92502308,4213115.0,1.18,-7.43,3520,3010,3364,-0.116
3496,NYC,Real Estate,Real Estate Services,NYSE,90.78,40,32,20,30,9.55,25052613.077230453,2919885.0,0.0032,-41.42,32150,59600,46088,-0.403
3497,TOST,Technology,Software - Infrastructure,S&P 400,90.75,40,25,25,16,32.85,15097400398.254395,580000000.0,0.0696,-33.85,9838610,13045940,12228386,0.219
3498,PPL,Utilities,Utilities - Regulated Electric,S&P 500,90.75,40,36,58,45,35.56,26625678851.98178,752350362.0,0.059499998,-11.34,7877280,9247893,9282410,0.108
3499,TAYD,Industrials,Specialty Industrial Machinery,NASDAQ,90.75,40,57,57,96,52.1,164174712.0,3219112.0,0.012999999,-42.35,44520,52836,39844,0.058
3500,VIPS,Consumer Cyclical,Internet Retail,NYSE,90.72,40,23,31,60,15.19,6829447207.04607,480270540.0,0.0202,-27.94,1546890,2268653,2587978,0.012
3501,BIRK,Consumer Cyclical,Footwear & Accessories,NYSE,90.72,40,55,26,23,40.49,8288645887.796326,183906056.0,0.1656,-29.21,1174780,1644643,2180414,0.077
3502,DERM,Healthcare,Drug Manufacturers - Specialty & Generic,NASDAQ,90.71,40,69,11,68,6.45,173742989.99446058,27534547.0,0.2288,-32.5,150280,283846,255390,0.215
3503,TIPT,Financial Services,Insurance - Specialty,NASDAQ,90.7,40,37,31,30,17.58,685278159.4008923,37570075.0,0.020299999,-35.86,225470,261250,264396,
3504,ISOU,Energy,Uranium,NYSE ARCA,90.7,40,50,83,76,9.76,706327034.6718979,60628932.0,15.19,-28.13,59360,117880,128818,
3505,VIV,Communication Services,Telecom Services,NYSE,90.7,40,42,81,84,12.88,20995134281.202187,1597803176.0,0.0137,-25.38,1519350,1270183,1184262,0.074
3506,EEFT,Technology,Software - Infrastructure,S&P 400,90.69,40,33,30,24,76.67,2759682940.935562,38075094.0,0.1309,-32.89,777110,721413,717088,0.105
3507,CSIQ,Technology,Solar,NASDAQ,90.69,40,60,59,87,14.76,1287839573.2379837,67816724.0,0.314,-57.33,2147690,2469090,2651180,-0.2
3508,NXST,Communication Services,Broadcasting,S&P 400,90.68,40,36,60,78,192.43,5449067301.27594,30538965.0,0.077199996,-24.33,271310,438733,398798,0.131
3509,MDT,Healthcare,Medical Devices,S&P 500,90.63,40,26,24,69,85.71,94763546058.35522,1283884964.0,0.0114,-19.39,7242270,8723193,9886162,0.087
3510,SEI,Energy,Oil & Gas Equipment & Services,S&P 600,90.62,40,92,94,87,51.28,4061298637.9889374,58402338.0,0.21790001,-36.88,3835790,3333236,2894580,0.553
3511,LRMR,Healthcare,Biotechnology,NASDAQ,90.62,40,23,77,39,3.83,361512622.7414098,103882937.0,0.13,-40.34,1334550,2546850,2240138,
3512,CING,Healthcare,Biotechnology,NASDAQ,90.6,40,75,54,91,4.76,55228249.49423981,13276022.0,0.1425,-59.97,151090,285666,500360,
3513,FCNCP,Financial Services,Banks - Regional,NASDAQ,90.6,40,34,49,38,20.31,,,1.24,-11.43,10760,16203,14220,0.049
3514,MAYS,Real Estate,Real Estate Services,NASDAQ,90.6,40,38,53,40,39.0,86174595.0,2015780.0,0.0044,-37.09,390,2083,1678,-0.077
3515,DMO,Financial Services,Asset Management,NYSE,90.6,40,46,51,45,10.35,125926955.79092407,11427128.0,1.06,-14.53,33980,38766,38958,-0.015
3516,HYI,Financial Services,Asset Management,NYSE,90.59,40,39,41,43,10.4,136212853.35644627,12814003.0,0.26,-14.26,61050,68830,67930,
3517,DSU,Financial Services,Asset Management,NYSE,90.59,40,43,49,49,9.39,617353450.3269119,62931032.0,0.0191,-12.0,423560,372596,344630,-0.039
3518,WMS,Industrials,Building Products & Equipment,S&P 400,90.58,40,61,56,84,137.57,10659059005.78186,76595708.0,0.0434,-23.28,616310,752913,898926,0.099
3519,GBLI,Financial Services,Insurance - Property & Casualty,NASDAQ,90.58,40,26,38,38,27.5,394446429.0,14609127.0,0.0034,-19.12,4210,10490,8370,0.005
3520,ARCC,Financial Services,Asset Management,NASDAQ,90.57,40,40,41,32,18.83,13635253662.207613,718022845.0,0.056199998,-19.6,4613520,5024706,4998314,0.042
3521,USLM,Basic Materials,Building Materials,S&P 600,90.55,40,22,36,39,112.93,3269467502.168518,28682056.0,0.0461,-20.16,165950,245730,235398,-0.037
3522,MMT,Financial Services,Asset Management,NYSE,90.55,40,36,49,55,4.34,249355302.94481277,54924076.0,0.88,-10.88,391440,344623,250622,-0.014
3523,HE,Utilities,Utilities - Regulated Electric,S&P 600,90.54,40,50,75,91,13.19,2296053832.127632,172635624.0,0.14220001,-24.11,1376590,1746453,1692986,0.003
3524,QTWO,Technology,Software - Application,S&P 600,90.48,40,19,22,20,59.07,2964129933.529335,62600423.0,0.0642,-38.9,1165860,938346,843178,0.141
3525,NPT,Consumer Cyclical,Specialty Retail,NASDAQ,90.46,40,3,2,87,3.07,27731250.0,22185000.0,0.0014,-86.28,31280,127390,3003170,-0.173
3526,MDRR,Real Estate,Real Estate Services,NASDAQ,90.46,40,36,47,39,11.37,17750649.37877655,1628500.0,0.0106,-21.69,1150,2163,2474,-0.07
3527,QGEN,Healthcare,Diagnostics & Research,NYSE,90.44,40,26,14,67,41.45,7546687531.471252,206250000.0,0.0498,-28.31,2114250,2905240,2599348,0.018
3528,TT,Industrials,Building Products & Equipment,S&P 500,90.41,40,65,67,55,440.28,99762334071.66888,221055477.0,0.0195,-12.55,1413000,1340580,1381082,0.06
3529,FLOC,Energy,Oil & Gas Equipment & Services,NYSE,90.4,40,64,80,59,19.73,978267123.6525574,41824162.0,0.0582,-30.18,413370,734620,712524,0.089
3530,SGMT,Healthcare,Biotechnology,NASDAQ,90.39,40,72,78,33,7.31,450170670.6743555,61751807.0,0.0694,-35.93,718550,1292343,1072252,
3531,BZ,Communication Services,Internet Content & Information,NASDAQ,90.39,40,19,16,36,16.4,6132437342.96759,451911384.0,0.0477,-35.08,3240640,3423056,3720072,0.076
3532,NX,Industrials,Building Products & Equipment,S&P 600,90.38,40,54,55,78,17.81,854913652.0385742,45938400.0,0.072399996,-22.5,313670,384556,404030,0.023
3533,FRPH,Real Estate,Real Estate Services,NASDAQ,90.37,40,54,24,32,22.61,443025066.9506073,19170275.0,0.0207,-19.19,81200,70776,65998,-0.036
3534,NPCT,Financial Services,Asset Management,NYSE,90.35,40,42,57,51,9.72,291000596.7092514,28755000.0,0.0058999998,-14.06,142540,115013,120742,
3535,AWF,Financial Services,Asset Management,NYSE,90.34,40,39,39,44,10.11,889890250.6447906,86229678.0,0.09,-11.55,313410,335536,336724,-0.011
3536,RARE,Healthcare,Biotechnology,NASDAQ,90.33,40,77,24,18,26.04,2357832075.1589203,98489224.0,0.1468,-38.54,1857980,2757416,2311972,-0.022
3537,BSIN,Energy,Oil & Gas E&P,NASDAQ,90.3,40,52,45,22,1.12,,,,,1953690,2039243,1891374,
3538,MIN,Financial Services,Asset Management,NYSE,90.3,40,38,40,48,2.4,279943669.8210583,113798238.0,0.91,-12.09,162430,158246,157112,-0.023
3539,PG,Consumer Defensive,Household & Personal Products,S&P 500,90.28,40,38,34,52,143.96,334293663596.6239,2328598978.0,0.0127,-14.84,8456290,9354143,9044604,0.074
3540,MOLN,Healthcare,Biotechnology,NASDAQ,90.26,40,37,61,63,3.93,157546877.44531345,37511163.0,0.00029999999,-26.68,850,6246,6472,
3541,GGG,Industrials,Specialty Industrial Machinery,S&P 400,90.25,40,25,31,63,79.99,12522298448.15532,165968177.0,0.0358,-16.41,1715430,1488800,1428568,0.022
3542,IIF,Financial Services,Asset Management,NYSE,90.23,40,36,27,38,22.98,208812094.46276283,9534799.0,0.0007,-19.0,33010,31223,33400,0.026
3543,WH,Consumer Cyclical,Lodging,S&P 400,90.23,40,50,55,32,76.11,6008302445.239243,74860482.0,0.1003,-17.88,1572660,1476706,1431456,0.035
3544,NVTS,Technology,Semiconductors,NASDAQ,90.2,40,96,98,94,11.01,6303950156.804741,236990604.0,0.1877,-67.45,16590610,18104116,25550224,-0.387
3545,BKT,Financial Services,Asset Management,NYSE,90.15,39,41,38,47,10.22,341703449.77770233,32388952.0,0.0026,-13.83,95140,81300,96104,-0.336
3546,VLT,Financial Services,Asset Management,NYSE,90.15,39,47,44,55,9.99,68433165.42030525,6511243.0,0.0026,-12.6,36890,21756,20198,-0.084
3547,EVV,Financial Services,Asset Management,NYSE ARCA,90.12,39,38,39,49,9.1,1089988468.0984306,116203460.0,0.19,-12.58,526760,417343,403540,-0.029
3548,MCHP,Technology,Semiconductors,S&P 500,90.07,39,82,88,86,75.01,51307804773.79734,542079281.0,0.0629,-29.18,11415160,12163756,11936798,0.351
3549,PAI,Financial Services,Asset Management,NYSE,90.07,39,36,39,51,11.85,115367982.27844334,9510963.0,0.34,-13.25,13000,12020,15256,0.031
3550,AMPL,Technology,Software - Application,NASDAQ,90.07,39,31,25,16,8.61,1037082526.4856024,132619246.0,0.073,-40.58,1859750,2280526,2477754,0.169
3551,SOMN,Utilities,Utilities - Regulated Electric,NYSE,90.06,39,35,49,47,49.68,,,16.56,-7.98,23850,172023,276704,0.08
3552,BIT,Financial Services,Asset Management,NYSE,90.05,39,38,39,42,12.2,719560740.8990736,57062709.0,0.0023999999,-19.31,289460,289256,279282,
3553,CRUS,Technology,Semiconductors,S&P 400,90.04,39,63,85,80,131.86,8596562510.983261,50582893.0,0.0618,-26.91,658170,652430,605284,0.057
3554,BAER,Industrials,Security & Protection Services,NASDAQ,90.04,39,39,37,90,1.98,134872074.9929216,57637641.0,0.027999999,-42.44,414790,438870,616376,-0.456
3555,DHF,Financial Services,Asset Management,NYSE,90.03,39,44,40,49,2.34,179152565.47810078,72826245.0,0.12,-11.03,332640,276416,240514,-0.056
3556,GBAB,Financial Services,Asset Management,NYSE,90.03,39,41,38,47,13.81,390879621.9919672,27682693.0,0.16,-13.36,92960,87880,94514,
3557,CHGG,Consumer Defensive,Education & Training Services,NYSE,90.01,39,65,81,17,1.05,146666071.3736639,111958838.0,0.0622,-44.74,1289980,1292556,1507224,-0.479
3558,UTSI,Technology,Communication Equipment,NASDAQ,90.01,39,34,37,36,2.45,26773389.56619978,9494110.0,0.0032,-16.67,11320,664383,401594,-0.158
3559,EFT,Financial Services,Asset Management,NYSE,90.0,39,36,37,38,10.66,288903487.41838264,26578058.0,2.1,-15.86,60900,61980,69834,-0.181
3560,RGR,Industrials,Aerospace & Defense,NYSE,89.99,39,36,65,49,39.06,623260852.2028999,15944253.0,0.0374,-18.98,105470,131680,124348,0.041
3561,NIKI,Healthcare,Biotechnology,NASDAQ,89.99,39,15,20,13,10.17,,,,,401541,137526,96909,
3562,SPXC,Industrials,Building Products & Equipment,S&P 400,89.99,39,70,51,70,199.3,10847048201.082916,50064839.0,0.0418,-19.21,642320,854420,780086,0.174
3563,MCGAU,Financial Services,Shell Companies,NASDAQ,89.97,39,34,38,37,10.25,,,2.15,-18.0,970,1333,1286,
3564,MGF,Financial Services,Asset Management,NYSE,89.96,39,35,39,46,2.81,93207948.5611527,32590193.0,0.27,-10.51,63630,85813,106486,-0.054
3565,EPRX,Healthcare,Biotechnology,NASDAQ,89.94,39,38,77,95,6.55,463168064.19810104,65326947.0,22.37,-29.72,505900,435800,393546,
3566,GANX,Healthcare,Biotechnology,NASDAQ,89.93,39,43,56,27,1.76,83175376.13390303,42654038.0,0.0758,-59.45,475960,1133813,963732,
3567,STRC,Technology,Software - Application,NASDAQ,89.93,39,32,60,42,89.5,,,0.47,-10.87,1070610,2780826,2918262,0.119
3568,OST,Technology,Electronic Components,NASDAQ,89.93,39,27,19,14,1.7,10108844.712820053,5963920.0,0.0296,-99.28,0,0,0,0.077
3569,WMT,Consumer Defensive,Discount Stores,S&P 500,89.92,39,35,74,77,111.1,922642152111.25,7970990515.0,0.0184,-17.8,22823790,22970676,24506870,0.073
3570,CLRO,Technology,Communication Equipment,NASDAQ,89.86,39,13,8,57,4.31,8695089.0,2675412.0,0.0043,-72.05,71550,6449816,3872562,
3571,CAMT,Technology,Semiconductor Equipment & Materials,NASDAQ,89.86,39,82,92,90,137.23,7903995090.439911,46044477.0,0.1026,-36.46,503820,523953,503538,0.025
3572,PI,Technology,Semiconductors,S&P 600,89.86,39,64,36,59,147.49,4599336935.0,30459185.0,0.1398,-40.3,485520,404063,426506,-0.0
3573,HYT,Financial Services,Asset Management,NYSE,89.86,39,38,38,36,8.37,1405473568.9406395,163047980.0,0.0027,-15.28,757030,747213,735568,0.041
3574,NTRSO,Financial Services,Asset Management,NASDAQ,89.86,39,39,41,42,18.48,,,1.56,-12.62,48520,62853,56612,0.139
3575,WVVIP,Consumer Defensive,Beverages - Wineries & Distilleries,NASDAQ,89.85,39,23,29,39,2.84,,,0.0,-20.67,2280,1946,2074,0.095
3576,WCN,Industrials,Waste Management,NYSE,89.85,39,32,30,33,166.27,37863138591.79077,254080912.0,0.0085,-15.63,1491850,1547370,1646828,0.064
3577,CNTB,Healthcare,Biotechnology,NASDAQ,89.84,39,78,88,94,2.09,156779994.5704701,62963853.0,0.0305,-45.29,258270,548193,427862,
3578,CHYM,Technology,Software - Application,NASDAQ,89.84,39,31,30,21,22.6,7086956130.747267,381019139.0,0.0394,-49.71,5430360,5984456,5199044,0.248
3579,TDF,Financial Services,Asset Management,NYSE,89.82,39,49,57,68,10.7,281280272.2912159,25181761.0,0.0013,-12.3,49860,69093,70032,-0.201
3580,MGIH,Consumer Cyclical,Packaging & Containers,NASDAQ,89.82,39,33,40,28,1.56,16312500.536441803,11250000.0,0.0041,-67.77,45940,99170,80828,-0.24
3581,AZTA,Healthcare,Medical Instruments & Supplies,S&P 600,89.81,39,37,17,28,28.8,1054603316.8373795,46092804.0,0.2134,-30.98,579010,645823,844800,0.01
3582,HTGC,Financial Services,Asset Management,NYSE,89.81,39,40,37,32,15.94,2890982179.8099613,187118590.0,0.0579,-18.96,1412930,1391693,1461798,0.184
3583,EAD,Financial Services,Asset Management,NYSE ARCA,89.8,39,39,44,51,6.3,388827566.37161255,59092336.0,0.63,-12.26,340300,306840,253398,-0.094
3584,MTDR,Energy,Oil & Gas E&P,S&P 400,89.8,39,36,88,60,48.31,6655952777.719063,124178227.0,0.08939999,-27.72,2375000,2011566,1902830,-0.064
3585,GBDC,Financial Services,Asset Management,NASDAQ,89.77,39,44,57,31,12.84,3428116542.21159,260495181.0,0.052699998,-17.85,830780,1129586,1131694,-0.12
3586,POLEU,Financial Services,Shell Companies,NASDAQ,89.75,39,35,59,63,10.86,,,16.75,-11.42,31,37,147,
3587,ACGLO,Financial Services,Insurance - Diversified,NASDAQ,89.74,39,34,41,47,19.53,,,1.65,-12.03,31650,42230,34974,-0.033
3588,NMAX,Communication Services,Broadcasting,NYSE,89.74,39,70,10,7,7.67,1099157118.5125256,129160645.0,0.92370003,-61.26,746060,1043106,1250848,0.14
3589,HNNA,Financial Services,Asset Management,NASDAQ,89.74,39,46,36,32,9.82,80762468.79016685,7902394.0,0.0011999999,-25.55,5580,5173,6774,-0.123
3590,AUC,Financial Services,Capital Markets,NASDAQ,89.74,39,76,34,16,7.3,79412970.13288021,10313373.0,0.0002,-59.28,3220,7226,5878,1.778
3591,HII,Industrials,Aerospace & Defense,S&P 500,89.72,39,24,70,89,319.9,12143140146.036835,39404029.0,0.026300002,-30.46,656390,542643,517278,0.134
3592,KBDC,Financial Services,Asset Management,NYSE,89.72,39,48,63,36,13.47,981316527.0489483,66350002.0,0.011,-17.26,324780,311420,285930,
3593,AXR,Real Estate,Real Estate - Development,NYSE,89.72,39,52,80,30,23.47,132736081.40852737,5305199.0,0.0104,-19.1,12560,7990,10176,0.938
3594,MKTX,Financial Services,Capital Markets,S&P 600,89.7,39,11,26,30,162.76,4621550229.512833,35539453.0,0.0868,-28.66,1355710,928313,860540,0.119
3595,IPCX,Financial Services,Shell Companies,NASDAQ,89.7,39,42,45,39,9.94,355764786.03957367,34473333.0,0.0001,-3.96,81450,68650,65834,
3596,WFG,Basic Materials,Lumber & Wood Production,NYSE,89.69,39,37,25,58,63.7,5388869006.14357,78303822.0,11.43,-18.91,240790,206626,209534,-0.086
3597,VSTM,Healthcare,Biotechnology,NASDAQ,89.66,39,12,25,33,6.1,380492850.1657734,87873639.0,0.20459999,-45.78,2191460,2908630,2666466,
3598,DRVN,Consumer Cyclical,Auto & Truck Dealerships,NASDAQ,89.65,39,34,24,52,14.35,2282671928.6067696,164932941.0,0.1838,-27.3,614370,858873,1109842,0.041
3599,DHI,Consumer Cyclical,Residential Construction,S&P 500,89.63,39,58,38,65,145.53,41711724237.67044,283579613.0,0.0651,-21.14,3285190,2649633,2497896,-0.023
3600,CBRE,Real Estate,Real Estate Services,S&P 500,89.62,39,31,32,67,149.46,36613785306.241585,292816579.0,0.0137,-14.24,1996590,1992620,2254178,0.186
3601,CME,Financial Services,Financial Data & Stock Exchanges,S&P 500,89.62,39,21,56,63,267.22,98836228396.01468,361322751.0,0.0147,-18.82,2794940,3570863,3612526,0.144
3602,BGX,Financial Services,Asset Management,NYSE,89.6,39,36,36,37,10.72,138647278.31087112,12708275.0,0.0029,-15.26,65640,56956,54448,
3603,AIOT,Technology,Software - Infrastructure,NASDAQ,89.59,39,59,13,33,3.91,524515864.58395314,134147277.0,0.103999995,-33.5,961040,1317990,1606768,0.066
3604,CARR,Industrials,Building Products & Equipment,S&P 500,89.58,38,72,53,46,61.39,53049170729.8544,830580423.0,0.028299998,-24.29,8833860,6673593,6826988,0.024
3605,CGNT,Technology,Software - Infrastructure,NASDAQ,89.58,38,47,68,22,8.78,840860777.1710587,72675955.0,0.0063,-24.67,379130,609420,707324,0.124
3606,AUTL,Healthcare,Biotechnology,NASDAQ,89.54,38,31,49,24,1.53,497687947.9590701,266143287.0,0.081199996,-43.33,810120,1084650,1181552,
3607,IPM,Technology,Software - Application,NASDAQ,89.53,38,38,40,27,1.82,25419672.171591997,13035729.0,0.015,-36.81,8990,19256,25906,0.152
3608,DC,Basic Materials,Gold,NYSE ARCA,89.53,38,25,81,94,4.66,771425869.3737087,133928097.0,0.0435,-35.72,1193990,1675896,1569024,
3609,MRP,Real Estate,REIT - Residential,S&P 600,89.52,38,51,57,70,28.22,4685872385.923937,166047927.0,0.0369,-21.61,1093770,1644613,1579734,1.357
3610,ACGLN,Financial Services,Insurance - Diversified,NASDAQ,89.52,38,37,47,48,16.35,,,1.54,-10.85,51230,61503,54682,-0.033
3611,DASH,Consumer Cyclical,Internet Retail,S&P 500,89.5,38,33,19,25,197.53,69405632302.02237,435718722.0,0.036199998,-30.81,3525240,4440533,4599008,0.331
3612,CDLR,Industrials,Engineering & Construction,NYSE,89.47,38,35,81,72,22.67,2488952216.5984535,96471019.0,0.0097,-24.46,81760,103543,101518,0.905
3613,IVA,Healthcare,Biotechnology,NASDAQ,89.46,38,19,75,92,4.62,1030113229.4517117,208947924.0,0.0031,-42.13,780160,1403730,1103140,-0.899
3614,FRA,Financial Services,Asset Management,NYSE,89.46,38,35,36,37,10.8,394743216.2855587,35434758.0,0.0034999999,-19.46,137940,144576,138908,
3615,OGS,Utilities,Utilities - Regulated Gas,S&P 400,89.46,38,33,69,59,78.09,4879159181.344765,62762533.0,0.061300002,-13.98,450350,662376,676842,-0.111
3616,PDI,Financial Services,Asset Management,NYSE,89.45,38,37,47,54,16.11,7740435434.067421,461564414.0,0.17,-20.13,2577860,2609793,2669678,
3617,OLN,Basic Materials,Chemicals,S&P 400,89.45,38,19,84,66,22.17,2946535379.6168118,113897769.0,0.1166,-27.22,2746420,3382303,2945892,-0.037
3618,ANY,Financial Services,Capital Markets,NASDAQ,89.43,38,31,4,4,2.35,8063261.698819399,4243822.0,0.036,-81.35,1694200,853333,4078272,-0.32
3619,ROP,Technology,Software - Application,S&P 500,89.42,38,20,22,16,389.25,32851627752.079865,100917359.0,0.0461,-32.48,1008310,1151053,1103194,0.113
3620,MORN,Financial Services,Financial Data & Stock Exchanges,S&P 400,89.41,38,17,19,15,193.12,6921859998.833221,38028018.0,0.0743,-39.02,498500,482763,474834,0.108
3621,BA,Industrials,Aerospace & Defense,S&P 500,89.39,38,47,52,72,220.9,182216078999.2344,788302331.0,0.0021,-13.15,6662760,5773953,6087062,0.14
3622,PRQR,Healthcare,Biotechnology,NASDAQ,89.39,38,29,25,17,1.78,166472835.10167015,105362551.0,0.0121,-42.58,814300,1414116,1068830,-0.571
3623,KODK,Industrials,Specialty Business Services,NYSE,89.38,38,71,96,64,8.37,968192007.4462891,97600000.0,0.0671,-43.71,785930,880133,930880,0.073
3624,CRDL,Healthcare,Drug Manufacturers - Specialty & Generic,NASDAQ,89.37,38,24,74,25,1.21,140632136.09796524,115272240.0,0.0175,-29.24,855220,732353,579738,
3625,LMNR,Consumer Defensive,Farm Products,NASDAQ,89.37,38,34,26,31,13.27,230319480.2750578,18106877.0,0.0347,-22.8,67990,83806,99602,-0.469
3626,HSY,Consumer Defensive,Confectioners,S&P 500,89.36,38,32,44,84,177.23,39357699221.54846,202843372.0,0.0828,-25.99,1788470,2154713,2081772,0.106
3627,FLR,Industrials,Engineering & Construction,S&P 400,89.35,38,60,76,49,50.07,6391294206.528717,139669896.0,0.0854,-12.92,2201370,2354083,2481010,-0.08
3628,MCHPP,Technology,Semiconductors,NASDAQ,89.33,38,78,85,80,64.71,,,0.49,-26.47,360410,223300,242810,0.351
3629,RICK,Consumer Cyclical,Restaurants,NASDAQ,89.32,38,50,27,18,25.72,193940971.4155197,7644500.0,0.113299996,-40.32,32920,44540,46644,0.043
3630,EVR,Financial Services,Capital Markets,S&P 400,89.3,38,59,64,80,312.87,13185310929.60205,38682484.0,0.0286,-19.51,579060,471433,435124,1.003
3631,LND,Consumer Defensive,Farm Products,NYSE,89.3,38,28,41,40,3.71,375550270.98998594,99615457.0,0.0011999999,-16.63,27320,41556,47004,-0.155
3632,DOCU,Technology,Software - Application,S&P 400,89.29,38,16,20,12,54.29,10204183681.659538,194291386.0,0.106400006,-42.65,3263660,3841826,3987348,0.078
3633,IMXI,Technology,Software - Infrastructure,NASDAQ,89.29,38,48,77,73,13.08,450514553.27609634,30094492.0,0.0435,-17.99,316650,386736,397106,-0.149
3634,ETY,Financial Services,Asset Management,NYSE,89.29,38,44,50,43,14.22,2387074673.7818317,159244477.0,0.22,-11.29,238200,249860,234502,-0.005
3635,WOLF,Technology,Semiconductors,NYSE,89.28,38,96,93,18,23.79,2865540662.672333,48339081.0,3.16,-70.56,4381340,4712880,6229170,-0.19
3636,MWYN,Consumer Cyclical,"Furnishings, Fixtures & Appliances",NASDAQ,89.27,38,65,11,10,0.73,16317402.200148344,20194804.0,0.0119,-93.02,379180,268513,242194,1.219
3637,AWI,Industrials,Building Products & Equipment,S&P 600,89.26,38,27,30,64,174.37,6738987786.009064,42678835.0,0.0295,-15.39,721900,543663,495710,0.071
3638,AWX,Industrials,Waste Management,NYSE ARCA,89.25,38,36,33,39,2.53,9904557.131248474,3899432.0,0.0014,-53.41,6600,5676,5286,0.099
3639,J,Industrials,Engineering & Construction,S&P 500,89.24,38,29,36,50,132.75,14153174229.010849,118080879.0,0.0635,-21.19,844230,1092360,1139426,0.27
3640,LIF,Technology,Software - Application,S&P 600,89.24,38,41,15,24,55.68,3443036686.599003,81031691.0,0.1383,-50.52,526880,691613,692184,0.381
3641,PCYO,Utilities,Utilities - Regulated Water,NASDAQ,89.24,38,45,57,49,10.71,249475456.9949112,24103908.0,0.018099999,-13.91,51790,64390,63862,0.294
3642,ELF,Consumer Defensive,Household & Personal Products,S&P 400,89.23,38,32,13,23,82.26,3328669456.0,59440526.0,0.1784,-45.52,2256010,2801690,3653030,0.351
3643,NU,Financial Services,Banks - Regional,NYSE,89.23,38,26,34,72,14.49,63834663182.01213,4861741251.0,0.0379,-23.66,101171940,88219163,78590156,0.437
3644,MGY,Energy,Oil & Gas E&P,S&P 600,89.22,38,38,82,72,25.03,5060174903.123245,184947909.0,0.1455,-23.6,11060020,5765760,4349148,0.023
3645,LAKE,Consumer Cyclical,Apparel Manufacturing,NASDAQ,89.2,38,66,18,11,11.04,106660343.45166779,9857703.0,0.2061,-44.16,64420,121900,151098,-0.017
3646,AD,Communication Services,Telecom Services,NYSE,89.18,38,53,68,75,34.98,4396488693.200592,86442954.0,0.0841,-55.82,130890,304260,375816,0.928
3647,TREX,Industrials,Building Products & Equipment,S&P 400,89.18,38,66,16,34,43.93,4301407539.136879,103898729.0,0.0951,-36.13,2062840,2092743,2010500,0.01
3648,CLNN,Consumer Defensive,Packaged Foods,NASDAQ,89.15,38,72,94,25,5.04,83825693.18881941,12778307.0,0.1385,-62.67,67080,70326,87280,-0.815
3649,SR,Utilities,Utilities - Regulated Gas,S&P 400,89.13,38,32,67,61,80.53,4862947436.207092,59116792.0,0.045300003,-15.51,395430,602186,572036,0.045
3650,SLGN,Consumer Cyclical,Packaging & Containers,S&P 400,89.13,38,55,28,57,41.06,3969331855.609062,105679758.0,0.09,-28.02,2248020,1398036,1195248,0.065
3651,RITM,Real Estate,REIT - Mortgage,S&P 600,89.11,38,30,29,39,9.87,5203417313.658348,558306597.0,0.0519,-22.53,7136380,6178083,5573170,0.646
3652,BCSF,Financial Services,Asset Management,NYSE,89.1,38,41,63,34,12.49,863399855.3899088,64868507.0,0.0187,-21.94,222680,293656,327116,-0.01
3653,WY,Real Estate,REIT - Specialty,S&P 500,89.1,38,34,33,58,23.5,17672754511.623558,721042609.0,0.040799998,-15.65,4715910,5452850,5388156,-0.02
3654,LBRDP,Communication Services,Telecom Services,NASDAQ,89.1,38,30,32,46,21.63,,,0.2,-15.34,8760,9936,10022,
3655,ATKR,Industrials,Electrical Equipment & Parts,NYSE,89.1,38,64,57,50,71.0,2796267215.0203857,33767266.0,0.0291,-21.25,405040,363010,415406,0.042
3656,KRNT,Industrials,Specialty Industrial Machinery,NASDAQ,89.09,38,53,56,27,15.0,747471855.119524,46340477.0,0.015800001,-35.66,320540,221490,221432,0.045
3657,UNB,Financial Services,Banks - Regional,NASDAQ,89.08,38,45,33,35,23.28,106584602.96012115,4614052.0,0.0225,-21.93,9680,21680,16264,0.131
3658,TAC,Utilities,Utilities - Independent Power Producers,NYSE,89.06,38,55,45,47,12.86,4234716079.521179,297800000.0,0.0179,-28.08,1453260,1488066,1738470,-0.255
3659,GDO,Financial Services,Asset Management,NYSE,89.04,38,39,47,55,10.25,81585503.71842384,7519401.0,0.93,-15.64,42660,34346,31910,
3660,WDAY,Technology,Software - Application,S&P 500,89.04,38,15,11,15,158.11,36105053497.972595,246973479.0,0.1519,-38.5,5277810,5013900,5342504,0.135
3661,IDR,Basic Materials,Gold,NYSE ARCA,89.01,38,74,92,93,29.2,618323595.1395721,15809859.0,0.0746,-46.62,201810,249006,245946,0.99
3662,OEC,Basic Materials,Specialty Chemicals,NYSE,88.99,38,28,57,33,6.76,430809270.8313031,56388649.0,0.0187,-44.13,456960,737176,621910,-0.038
3663,TSI,Financial Services,Asset Management,NYSE,88.98,38,36,37,51,4.39,219576603.29502583,48364891.0,0.0749,-13.24,123220,115996,119588,0.067
3664,VVR,Financial Services,Asset Management,NYSE,88.97,37,32,36,39,2.98,471010579.9323392,153925029.0,0.0015,-22.19,660430,673940,816362,-0.188
3665,ASPN,Industrials,Building Products & Equipment,NYSE,88.95,37,86,20,6,4.51,530415707.10380983,82877453.0,0.1104,-53.89,1004920,1257033,1311462,-0.519
3666,BBDC,Financial Services,Asset Management,NYSE,88.95,37,53,63,50,8.26,906761599.4629974,104706884.0,0.0222,-16.73,460660,632083,708174,-0.06
3667,ALB,Basic Materials,Specialty Chemicals,S&P 500,88.94,37,77,95,96,117.76,20806030913.475204,117934651.0,0.00090000004,-46.71,2249090,2369510,2294858,0.327
3668,ACIC,Financial Services,Insurance - Property & Casualty,NASDAQ,88.92,37,48,60,45,10.62,506449281.9062166,48464047.0,0.0399,-18.68,249550,310280,302428,-0.014
3669,AA,Basic Materials,Aluminum,S&P 400,88.91,37,49,92,94,44.97,20488409733.934402,263889875.0,0.0225,-42.14,5677870,6330016,5810650,-0.052
3670,LPLA,Financial Services,Capital Markets,NASDAQ,88.91,37,27,26,49,339.17,21896906977.252045,79982861.0,0.0395,-15.96,670560,912446,1008370,0.35
3671,AUNA,Healthcare,Medical Care Facilities,NYSE,88.88,37,26,28,18,5.19,307333751.6625614,74056324.0,0.0367,-24.23,127010,184073,295090,0.13
3672,CPSH,Technology,Electronic Components,NASDAQ,88.87,37,91,90,95,4.01,162422814.5029335,18006963.0,0.0517,-72.13,369100,556653,2184324,-0.064
3673,MQ,Technology,Software - Infrastructure,NASDAQ,88.87,37,26,54,28,17.65,1721563046.5167909,424030313.0,0.048299998,150.71,944100,1140185,1205484,0.192
3674,WEN,Consumer Cyclical,Restaurants,S&P 600,88.87,37,61,17,21,7.36,1466700891.6687012,190480640.0,0.3734,-41.17,6962400,24499693,18317890,0.033
3675,RNXT,Healthcare,Biotechnology,NASDAQ,88.86,37,28,23,25,0.94,40995110.972287476,45099133.0,0.0088,-35.17,193470,217426,254094,1.858
3676,PTY,Financial Services,Asset Management,NYSE,88.85,37,35,36,38,11.74,2518345198.219405,211981917.0,0.22,-20.08,922720,1053300,1015982,0.072
3677,ARLO,Industrials,Building Products & Equipment,S&P 600,88.85,37,26,60,26,14.47,1448854975.3525429,108609817.0,0.1142,-27.43,1102130,1253340,1208682,0.263
3678,MITT,Real Estate,REIT - Mortgage,NYSE,88.84,37,59,63,76,7.09,245522820.3273654,31803475.0,0.0002,-23.52,147980,176143,170620,-0.781
3679,GFL,Industrials,Waste Management,NYSE,88.83,37,20,22,30,41.37,12106977363.539085,360971289.0,0.0642,-19.69,2475090,3477950,3034160,0.054
3680,HBANM,Financial Services,Banks - Regional,NASDAQ,88.82,37,33,44,44,20.87,,,1.13,-13.19,11440,15096,16776,0.336
3681,PERI,Communication Services,Internet Content & Information,NASDAQ,88.79,37,33,70,30,9.58,350661518.15651894,41302889.0,0.0145000005,-16.26,257330,394300,514062,0.012
3682,RTAC,Financial Services,Shell Companies,NASDAQ,88.77,37,36,32,34,10.44,325012243.3496704,31161288.0,0.0036000002,-21.96,52880,72576,91238,
3683,TLX,Healthcare,Biotechnology,NASDAQ,88.77,37,71,65,10,10.06,3194667675.4565506,338777049.0,0.0007,-45.59,116010,149513,172782,0.493
3684,SFIX,Consumer Cyclical,Apparel Retail,NASDAQ,88.74,37,41,24,53,4.1,486020163.38811874,136522520.0,0.1582,-30.98,1326790,1862190,2085170,0.094
3685,DYNCU,Financial Services,Shell Companies,NASDAQ,88.72,37,37,39,45,10.85,,,0.0,-0.82,0,72,95,
3686,SSBI,Financial Services,Banks - Regional,NASDAQ,88.72,37,61,69,86,12.5,91889605.75349426,6771526.0,0.0023,-10.71,7460,6320,5544,-0.036
3687,JKHY,Technology,Information Technology Services,S&P 500,88.72,37,24,32,57,154.24,9685642849.991455,71050780.0,0.0921,-20.24,926640,1443543,1581080,0.087
3688,AMZN,Consumer Cyclical,Internet Retail,S&P 500,88.68,37,59,76,37,235.5,2911304255333.8853,10757109436.0,0.0106,-15.46,44566590,55751853,50195800,0.166
3689,FCNCO,Financial Services,Banks - Regional,NASDAQ,88.68,37,34,39,42,20.57,,,0.91,-13.97,13860,14223,14872,0.049
3690,XPL,Basic Materials,Other Industrial Metals & Mining,NYSE ARCA,88.67,37,35,68,62,0.73,78176902.51920128,93067744.0,0.0027,-25.51,48710,81133,151694,
3691,EPAC,Industrials,Specialty Industrial Machinery,S&P 600,88.67,37,27,24,40,36.4,1767478576.5232773,52776306.0,0.0271,-20.07,526380,657740,571790,0.064
3692,BCC,Basic Materials,Lumber & Wood Production,S&P 600,88.67,37,33,29,55,75.38,2453428436.8762207,35189736.0,0.040599998,-20.65,332380,452053,424950,-0.025
3693,JOB,Industrials,Staffing & Employment Services,NYSE ARCA,88.67,37,35,63,70,0.21,25270258.238416225,109870686.0,0.0082,-25.0,164700,169093,169006,-0.205
3694,ITRI,Technology,Scientific & Technical Instruments,S&P 600,88.61,37,20,20,30,98.85,3657109489.4042435,44339347.0,0.1933,-30.39,1651760,980666,836570,-0.033
3695,AKA,Consumer Cyclical,Apparel Retail,NYSE,88.6,37,56,63,30,11.0,102268767.33584976,10822092.0,0.0115,-32.84,2640,3423,3918,0.03
3696,TRC,Industrials,Conglomerates,NYSE,88.6,37,57,73,40,17.05,521767825.7906246,26992645.0,0.0547,-19.99,99210,104763,97648,0.158
3697,CIA,Financial Services,Insurance - Life,NYSE,88.59,37,75,53,68,4.86,262373000.05269814,50553564.0,0.0729,-24.06,110320,135333,117274,0.073
3698,SIGIP,Financial Services,Insurance - Property & Casualty,NASDAQ,88.57,37,35,40,46,15.73,,,0.63,-15.9,7050,30786,39196,0.057
3699,CNL,Basic Materials,Gold,NYSE ARCA,88.57,37,21,85,94,13.15,1509799237.6391659,92739507.0,23.47,-40.15,44100,61226,61420,
3700,PHI,Communication Services,Telecom Services,NYSE,88.57,37,23,30,60,19.72,3935511662.7964497,216355775.0,0.0028,-19.54,134200,201573,203698,0.022
3701,OSG,Financial Services,Insurance - Specialty,NYSE,88.57,37,51,9,17,5.55,246674485.01856613,45013592.0,0.0301,-46.53,319150,467746,456616,0.66
3702,TDG,Industrials,Aerospace & Defense,S&P 500,88.55,37,46,24,39,1249.91,70382343156.31482,55933583.0,0.0233,-23.03,325650,376536,377426,0.183
3703,MNOV,Healthcare,Biotechnology,NASDAQ,88.54,37,53,29,53,1.34,66940895.26411557,49221246.0,0.0032,-31.63,40740,59120,51914,
3704,HBANP,Financial Services,Banks - Regional,NASDAQ,88.52,37,33,38,42,16.19,,,0.33,-14.34,84680,83850,72506,0.336
3705,OPRT,Financial Services,Credit Services,NASDAQ,88.48,37,59,52,38,5.63,247902906.5495739,45738543.0,0.0322,-29.32,361310,512943,543966,0.013
3706,WRN,Basic Materials,Other Industrial Metals & Mining,NYSE ARCA,88.48,37,56,88,97,2.11,672387685.3036165,225633450.0,0.012,-50.47,1381290,1761373,1762284,
3707,PSHG,Industrials,Marine Shipping,NASDAQ,88.47,37,25,49,57,1.83,21507633.577124596,12432158.0,0.040599998,-29.07,34070,41826,50244,0.207
3708,OTEX,Technology,Software - Application,NASDAQ,88.45,37,21,26,19,25.36,5785070699.427338,242662360.0,0.0542,-36.44,1562410,1670216,2268412,0.022
3709,CULP,Consumer Cyclical,Textile Manufacturing,NASDAQ,88.45,37,29,28,23,3.54,39254629.19238281,12662784.0,0.0025,-26.25,11450,29463,28446,-0.082
3710,PLUT,Financial Services,Capital Markets,NASDAQ,88.45,37,46,43,35,2.98,48260400.81977844,15350000.0,0.0008,-28.88,530,1083,2156,-0.204
3711,FTAI,Industrials,Aerospace & Defense,NASDAQ,88.42,37,87,87,95,197.5,26706450554.809937,102582972.0,0.10560001,-38.95,2010820,1473126,1283272,0.655
3712,YMM,Technology,Software - Application,NYSE,88.42,37,22,19,23,9.56,9224786471.898422,1045894194.0,0.0175,-32.05,6529610,6792733,9507250,0.055
3713,AQB,Consumer Defensive,Farm Products,NASDAQ,88.39,37,59,61,33,0.91,5353091.96364975,5147204.0,0.014099999,-69.15,11530,47096,43130,
3714,TM,Consumer Cyclical,Auto Manufacturers,NYSE,88.37,37,22,30,75,191.45,247569118454.27698,1303338365.0,0.0007,-23.08,456510,495490,520328,0.019
3715,SIM,Basic Materials,Steel,NYSE ARCA,88.37,37,42,35,58,27.5,4606050864.995934,153432738.0,2.05,-20.5,25050,8376,5082,0.032
3716,FVNNU,Financial Services,Shell Companies,NASDAQ,88.34,37,47,47,54,10.81,,,,-27.69,2324,1059,1074,
3717,CNR,Energy,Thermal Coal,S&P 600,88.31,37,27,60,61,81.13,4458049151.465454,50407610.0,0.0641,-29.33,550800,621466,642924,0.066
3718,PVL,Energy,Oil & Gas E&P,NYSE,88.3,37,35,71,66,1.67,62369999.52793121,33000000.0,0.0004,-18.14,43800,63170,63010,85.032
3719,CERT,Healthcare,Health Information Services,S&P 600,88.29,37,24,11,13,7.78,905386045.2644348,155564608.0,0.2518,-43.95,3636650,4382033,4308378,0.009
3720,CPZ,Financial Services,Asset Management,NASDAQ,88.24,37,29,34,42,13.13,256200135.44454384,19632194.0,0.0011999999,-21.94,105900,91026,89144,
3721,EXPO,Industrials,Engineering & Construction,S&P 400,88.24,37,24,31,33,64.57,2829198188.4754257,48511629.0,0.0842,-21.21,599600,620780,598790,0.105
3722,DHY,Financial Services,Asset Management,NYSE ARCA,88.23,37,30,30,44,1.75,243137249.0825355,138146165.0,0.0197,-18.6,914870,865786,745118,-0.032
3723,KGC,Basic Materials,Gold,NYSE,88.21,36,31,83,94,23.62,36038223957.75329,1194109463.0,2.06,-39.61,7258390,8278923,8319810,0.608
3724,LUNG,Healthcare,Medical Devices,NASDAQ,88.21,36,24,14,14,1.61,69691383.94298661,42237203.0,0.0759,-58.51,696430,585586,503986,-0.087
3725,OPFI,Financial Services,Credit Services,NYSE,88.18,36,48,43,22,9.42,724988655.9750366,85393248.0,0.036199998,-37.33,465940,720203,712980,-0.022
3726,BEKE,Real Estate,Real Estate Services,NYSE,88.16,36,30,37,57,16.99,18512372914.616245,1115203162.0,0.0496,-19.02,3560030,3878176,4545774,-0.19
3727,CPS,Consumer Cyclical,Auto Parts,NYSE,88.15,36,26,55,89,28.97,538517762.3653793,17755284.0,0.0326,-39.62,152160,164080,151710,0.029
3728,OCSL,Financial Services,Asset Management,NASDAQ,88.14,36,51,57,32,11.71,1053502858.440196,88085523.0,0.0361,-20.72,469950,503830,552512,-0.093
3729,TEAM,Technology,Software - Application,NASDAQ,88.14,36,17,11,9,98.12,27307959784.70761,253767862.0,0.1249,-55.92,4218160,4184890,4732374,0.317
3730,CNNE,Consumer Cyclical,Restaurants,NYSE,88.14,36,47,22,21,14.71,651637700.6276054,43940506.0,0.11270001,-33.01,406970,483180,458196,-0.068
3731,BMM,Basic Materials,Other Industrial Metals & Mining,NASDAQ,88.12,36,73,90,22,5.22,806255679.7892613,104844691.0,2.23,-39.51,154140,136680,114444,
3732,GLAD,Financial Services,Asset Management,NASDAQ,88.12,36,42,32,27,18.86,437627765.4908581,22593069.0,0.0346,-36.07,172790,170923,168732,0.205
3733,CKX,Energy,Oil & Gas E&P,NYSE ARCA,88.09,36,54,49,45,10.8,21824761.504961967,2053129.0,0.00059999997,-18.49,4300,6166,6706,-0.51
3734,TEL,Technology,Electronic Components,S&P 500,88.07,36,35,45,62,206.58,62293483533.54434,291895799.0,0.029000001,-18.21,3504620,2707553,2675114,0.145
3735,SGRY,Healthcare,Medical Care Facilities,NASDAQ,88.07,36,51,19,12,15.9,1747329799.417448,130788162.0,0.2197,-34.02,1638750,1497716,1387414,0.045
3736,ASPCU,Financial Services,Shell Companies,NASDAQ,88.04,36,26,62,76,10.83,,,2.77,-77.9,65,396,1483,
3737,CAG,Consumer Defensive,Packaged Foods,S&P 600,88.01,36,23,17,48,15.03,6353645303.923496,478437156.0,0.12100001,-34.11,15259240,21369166,19071772,-0.019
3738,RPAY,Technology,Software - Infrastructure,NASDAQ,88.01,36,72,52,17,3.96,321267703.23581696,82800952.0,0.0789,-34.6,431630,668160,603152,0.045
3739,ADT,Industrials,Security & Protection Services,S&P 600,88.0,36,27,27,38,7.51,5103299600.932732,760551352.0,0.0748,-15.95,7413050,8571670,8890790,0.009
3740,AZIO,Technology,Software - Infrastructure,NASDAQ,88.0,36,93,20,65,1.67,,,,,130030,361596,546074,
3741,LTRN,Healthcare,Biotechnology,NASDAQ,87.99,36,94,10,13,2.65,45804349.38489723,12758872.0,0.1496,-53.86,70570,148723,184148,
3742,IPCXU,Financial Services,Shell Companies,NASDAQ,87.98,36,45,40,49,10.0,,,71.62,-12.59,210,413,256,
3743,LADR,Real Estate,REIT - Mortgage,NYSE,87.97,36,39,39,41,9.7,1304767852.5710564,127668084.0,0.018099999,-18.62,1341330,1230380,1060946,0.017
3744,EOS,Financial Services,Asset Management,NYSE,87.96,36,45,50,37,21.04,1224668827.9407978,53316015.0,0.02,-14.09,149470,115863,123258,-0.003
3745,MAIN,Financial Services,Asset Management,NYSE,87.95,36,31,37,56,54.44,4762009518.845261,92989838.0,0.105900005,-19.67,557510,651303,662942,0.022
3746,MSDL,Financial Services,Asset Management,NYSE,87.94,36,48,40,27,14.81,1307071865.5070343,84764712.0,0.045500003,-25.73,497260,531683,545636,-0.122
3747,NPKI,Industrials,Building Products & Equipment,NYSE,87.93,36,71,85,88,12.46,1226171001.3767853,84447036.0,0.016900001,-24.48,911630,1150253,1049204,0.159
3748,AMT,Real Estate,REIT - Specialty,S&P 500,87.91,36,28,37,30,174.46,87103371308.18419,465893069.0,0.0222,-25.55,3482600,3509520,3367914,0.068
3749,AAON,Industrials,Building Products & Equipment,S&P 400,87.89,36,85,40,37,87.59,11484021492.0253,81911710.0,0.0794,-41.21,1232330,1041900,1033030,0.543
3750,RDWR,Technology,Software - Infrastructure,NASDAQ,87.89,36,64,63,49,24.93,1276782753.0212784,42082490.0,0.025899999,-21.03,367510,286116,245196,0.107
3751,OPAL,Utilities,Utilities - Regulated Gas,NASDAQ,87.88,36,27,42,32,2.22,68608049.1504879,30357544.0,0.0688,-40.0,178050,315010,292338,-0.141
3752,ELE,Basic Materials,Other Precious Metals & Mining,NASDAQ,87.87,36,50,64,91,16.11,1148593265.0240707,64383030.0,1.25,-40.24,245540,484170,414372,1.09
3753,SSP,Communication Services,Broadcasting,NASDAQ,87.87,36,60,95,96,2.83,310323402.9630146,91540824.0,0.0651,-47.5,539040,789666,711902,-0.014
3754,PEG,Utilities,Utilities - Regulated Electric,S&P 500,87.85,36,37,40,39,77.55,39192979027.678116,498321402.0,0.0252,-15.02,2692160,3067890,2920076,0.194
3755,WFF,Industrials,Specialty Industrial Machinery,NASDAQ,87.85,36,70,4,5,2.02,10428696.923676014,5038018.0,0.010199999,-98.62,8610,169676,121714,0.552
3756,DNOW,Industrials,Industrial Distribution,S&P 600,87.84,36,33,26,62,13.74,2334763128.3964233,182545984.0,0.0964,-20.39,2239400,2827223,2870312,0.975
3757,LBTYA,Communication Services,Telecom Services,NASDAQ,87.81,36,37,63,55,10.44,4229599014.254362,338097437.0,0.0646,-22.78,3060730,2401853,2084944,0.088
3758,HD,Consumer Cyclical,Home Improvement Retail,S&P 500,87.8,36,38,24,46,333.35,316225599135.6814,997116682.0,0.0139,-21.89,4121150,4601560,4813630,0.048
3759,KNSL,Financial Services,Insurance - Property & Casualty,S&P 400,87.8,36,25,16,35,355.87,7028855093.254303,23062819.0,0.1086,-30.6,376360,363750,328156,0.102
3760,CCU,Consumer Defensive,Beverages - Brewers,NYSE,87.8,36,26,21,60,11.68,2180941234.402466,185139328.0,0.033099998,-23.96,198520,177210,175278,0.002
3761,BHR,Real Estate,REIT - Hotel & Motel,NYSE,87.77,36,23,39,79,2.33,168951124.89990807,68679318.0,0.0147,-26.96,443230,792160,642594,-0.032
3762,KE,Industrials,Electrical Equipment & Parts,NASDAQ,87.77,36,50,71,56,24.58,623588632.5891495,24048925.0,0.0572,-25.94,191930,223300,200546,-0.058
3763,FHTX,Healthcare,Biotechnology,NASDAQ,87.77,36,41,34,75,4.74,251295598.47867107,58713922.0,0.0419,-31.8,208760,339883,269642,-0.451
3764,ASPC,Financial Services,Shell Companies,NASDAQ,87.77,36,25,39,72,10.81,25736767.34502983,2337581.0,0.0796,-83.1,1520,2926,3162,
3765,EL,Consumer Defensive,Household & Personal Products,S&P 500,87.76,36,40,29,78,84.88,32181656585.13954,361794915.0,0.033,-30.22,2171340,2787573,3322956,0.046
3766,FSV,Real Estate,Real Estate Services,NASDAQ,87.72,36,28,18,33,144.57,6171178539.265106,45984938.0,2.06,-31.05,282780,202830,233328,0.053
3767,HIHO,Industrials,Metal Fabrication,NASDAQ,87.71,36,13,11,11,0.98,3546673.7154951096,4666676.0,0.0058999998,-55.66,9320420,3145100,2171682,-0.405
3768,OFLX,Industrials,Specialty Industrial Machinery,NASDAQ,87.71,36,43,32,74,28.96,305151349.4391861,10094322.0,0.0148,-23.63,46620,51496,46850,-0.01
3769,TTEK,Industrials,Engineering & Construction,S&P 400,87.71,36,26,29,74,32.45,7134333916.10951,259524699.0,0.0577,-24.78,3272890,3403856,3479044,-0.049
3770,VALU,Financial Services,Financial Data & Stock Exchanges,NASDAQ,87.68,36,60,32,42,34.43,302269070.7618942,9387238.0,0.0126,-14.99,2840,3103,3162,-0.077
3771,AB,Financial Services,Asset Management,NYSE,87.68,36,34,43,59,36.72,3469019043.4108124,93403853.0,0.0046,-16.75,247580,280740,308856,
3772,BRSP,Real Estate,REIT - Mortgage,NYSE,87.66,36,54,66,69,4.99,751704432.5651431,130278065.0,0.0382,-19.06,1573870,2056383,1602094,0.098
3773,TITN,Industrials,Industrial Distribution,NASDAQ,87.65,36,65,73,40,17.73,508606016.82660675,23309167.0,0.041199997,-20.21,171250,182370,213132,-0.155
3774,PXED,Consumer Defensive,Education & Training Services,NYSE,87.59,36,46,25,21,29.63,1082923936.2835178,35810977.0,0.0392,-37.06,109220,135596,117606,-0.004
3775,XP,Financial Services,Capital Markets,NASDAQ,87.59,36,26,51,64,17.2,8613012797.51936,516677430.0,0.044099998,-25.64,3293680,5257696,5816514,0.097
3776,MX,Technology,Semiconductors,NYSE,87.56,36,88,74,34,3.18,320679522.1505413,36440854.0,0.0105,-67.11,943190,1293816,2656482,0.033
3777,ICE,Financial Services,Financial Data & Stock Exchanges,S&P 500,87.52,36,17,34,52,156.27,83611025837.36435,565512495.0,0.0164,-17.47,4355360,4827406,4781190,0.204
3778,ETOR,Financial Services,Capital Markets,NASDAQ,87.48,36,56,55,11,36.14,3338547201.7953873,79527090.0,0.056900002,-54.8,602590,723213,773030,-0.356
3779,CPHC,Consumer Cyclical,Resorts & Casinos,NASDAQ,87.48,36,38,37,33,15.25,81581291.3458786,5150334.0,0.0047999998,-29.43,1830,2436,2122,0.028
3780,ULTA,Consumer Cyclical,Specialty Retail,S&P 500,87.47,36,22,37,88,516.73,22255384951.29721,43736631.0,0.052600004,-27.73,581080,676136,765432,0.118
3781,CWK,Real Estate,Real Estate Services,S&P 600,87.44,36,46,53,66,13.78,2914698183.8835955,234300505.0,0.041100003,-20.8,2318890,2330893,2177806,0.11
3782,ACRE,Real Estate,REIT - Mortgage,NYSE,87.42,35,47,74,65,4.31,274076701.39465475,55481113.0,0.0355,-26.83,326650,443063,422934,-0.886
3783,WAFU,Consumer Defensive,Education & Training Services,NASDAQ,87.42,35,32,46,53,1.53,7453844.96237421,4410559.0,0.0113,-54.87,6100,8626,17360,0.093
3784,SPE,Financial Services,Asset Management,NYSE,87.41,35,37,55,55,13.12,149467773.53807068,10623154.0,0.61,-17.95,38290,34220,35292,-0.461
3785,ZVRA,Healthcare,Biotechnology,NASDAQ,87.38,35,88,58,30,9.64,685143832.580246,59115084.0,0.076,-26.75,1768430,1573340,1835932,0.775
3786,AGCO,Industrials,Farm & Heavy Construction Machinery,S&P 400,87.38,35,51,66,72,107.13,8130029323.170685,72408527.0,0.0348,-25.49,972150,795256,761292,0.143
3787,PEP,Consumer Defensive,Beverages - Non-Alcoholic,S&P 500,87.37,35,36,58,73,140.2,197099221224.79822,1366940966.0,0.020299999,-18.24,8178080,9573533,9263424,0.085
3788,RKLB,Industrials,Aerospace & Defense,NASDAQ,87.36,35,94,92,94,64.68,83055902839.81133,578867475.0,0.0581,-57.17,18610200,24080586,25577006,0.635
3789,LOAN,Real Estate,REIT - Mortgage,NASDAQ,87.36,35,35,31,30,4.22,48231858.82202673,11429351.0,0.001,-27.86,48160,45490,35250,-0.065
3790,SNY,Healthcare,Drug Manufacturers - General,NASDAQ,87.35,35,28,32,36,42.89,104535857365.21933,2393768302.0,0.0031,-18.58,4030090,4273493,3531682,0.06
3791,MWA,Industrials,Specialty Industrial Machinery,S&P 600,87.35,35,34,53,60,24.95,3944635758.3364487,156471079.0,0.030199999,-19.52,1121700,1279290,1235272,0.055
3792,EXP,Basic Materials,Building Materials,S&P 400,87.35,35,53,32,42,205.48,6845110926.789001,30948147.0,0.08,-15.66,597120,517210,497112,0.019
3793,AMRZ,Basic Materials,Building Materials,NYSE,87.35,35,41,38,61,49.6,30106855825.658066,553536609.0,0.0146,-24.78,2757220,2794426,3123306,0.047
3794,LEG,Consumer Cyclical,"Furnishings, Fixtures & Appliances",S&P 600,87.34,35,70,54,86,10.02,1401161385.573822,136432456.0,0.1864,-22.92,1743890,2575476,2566522,-0.102
3795,PCF,Financial Services,Asset Management,NYSE,87.34,35,38,38,45,5.3,104999286.99891567,18716450.0,0.0011999999,-18.59,47510,62756,60038,-0.358
3796,EXK,Basic Materials,Silver,NYSE,87.24,35,52,85,96,7.77,2951806034.9988995,296068802.0,2.54,-48.71,7435730,6334060,6507182,2.302
3797,CLFD,Technology,Communication Equipment,NASDAQ,87.23,35,75,27,27,30.89,641694317.7886963,13589460.0,0.16299999,-41.42,209420,203016,267350,-0.153
3798,WMG,Communication Services,Entertainment,S&P 400,87.18,35,36,36,33,27.56,16451754230.673279,521615528.0,0.0784,-22.19,1988910,2080750,2257012,0.167
3799,REZI,Industrials,Industrial Distribution,S&P 600,87.18,35,31,84,79,34.72,4735099219.517441,151426260.0,0.0446,-23.34,1592750,1692946,1510242,0.08
3800,RVP,Healthcare,Medical Instruments & Supplies,NYSE ARCA,87.18,35,45,27,23,0.67,20357269.014127254,29937160.0,0.0036000002,-41.23,17520,48150,74238,-0.135
3801,MBUU,Consumer Cyclical,Recreational Vehicles,NASDAQ,87.17,35,26,17,40,28.0,539233127.881752,19637041.0,0.0629,-29.38,175320,279130,283320,0.031
3802,TBCH,Technology,Consumer Electronics,NASDAQ,87.17,35,46,31,26,12.26,258810369.08288097,19847421.0,0.1576,-29.49,237720,270910,314570,-0.34
3803,HBANZ,Financial Services,Banks - Regional,NASDAQ,87.15,35,32,46,39,19.81,,,1.85,-10.89,9810,10866,10532,0.336
3804,EQT,Energy,Oil & Gas E&P,S&P 500,87.15,35,29,63,49,52.71,34357506730.880737,625478000.0,0.038900003,-22.76,8367290,8354936,7577738,0.499
3805,CUVL,Healthcare,Biotechnology,NASDAQ,87.13,35,35,28,58,6.93,,,,,10400,5160,4038,
3806,PRPO,Healthcare,Diagnostics & Research,NASDAQ,87.13,35,82,95,95,21.19,40752080.236343384,1787372.0,0.0044,-36.99,123000,85280,64432,0.229
3807,GNE,Utilities,Utilities - Regulated Electric,NYSE,87.11,35,30,31,31,14.12,366483372.9016638,26403701.0,0.0253,-50.4,67930,92416,86658,0.04
3808,LNN,Industrials,Farm & Heavy Construction Machinery,S&P 600,87.08,35,32,27,55,110.57,1142590893.8715363,10454670.0,0.0698,-26.76,115490,170476,178370,-0.157
3809,SFM,Consumer Defensive,Grocery Stores,S&P 400,87.06,35,30,27,12,86.85,7769940406.920387,94044301.0,0.1359,-52.28,2384740,2385003,2243102,0.041
3810,CNH,Industrials,Farm & Heavy Construction Machinery,S&P 400,87.06,35,39,28,51,10.32,12659895030.070358,1239950537.0,0.067,-27.68,12985710,11207143,11235466,-0.001
3811,FOXA,Communication Services,Entertainment,S&P 500,87.06,35,25,50,68,58.82,26858308485.41588,420186315.0,0.16530001,-23.0,3832490,7303023,6475582,-0.086
3812,VRCA,Healthcare,Biotechnology,NASDAQ,87.03,35,50,73,89,5.26,98949817.05191231,17178787.0,0.0467,-46.44,32680,37336,38148,0.461
3813,VRSK,Industrials,Consulting Services,S&P 500,87.01,35,21,20,19,200.35,22927512501.324463,131021840.0,0.0651,-37.96,1958320,2712750,2463300,0.039
3814,RCI,Communication Services,Telecom Services,NYSE,86.97,35,28,59,70,34.08,20825684054.74082,540225278.0,8.68,-17.16,1803040,1447156,1327554,0.102
3815,ATAT,Consumer Cyclical,Lodging,NASDAQ,86.97,35,28,67,66,34.24,4745305612.765503,138185952.0,0.0209,-20.69,885940,902576,1004402,0.475
3816,RTACU,Financial Services,Shell Companies,NASDAQ,86.96,35,35,30,33,10.69,,,0.0,-24.98,2420,2966,6288,
3817,SE,Consumer Cyclical,Internet Retail,NYSE,86.94,35,27,11,20,106.24,55448223028.99823,612484522.0,0.0587,-46.69,4278550,4511076,4144654,0.466
3818,ZUMZ,Consumer Cyclical,Apparel Retail,NASDAQ,86.91,35,26,79,89,19.8,425008418.3784218,17255722.0,0.1028,-37.54,228480,235440,239186,0.044
3819,OIS,Energy,Oil & Gas Equipment & Services,NYSE,86.9,35,53,94,92,7.58,511644027.5,60193415.0,0.028399998,-47.72,628090,731910,738410,-0.091
3820,KNF,Basic Materials,Building Materials,S&P 400,86.88,35,50,73,31,73.05,4455745277.289314,56753855.0,0.0675,-24.0,405270,529556,554528,0.16
3821,EARN,Financial Services,Asset Management,NYSE,86.85,35,32,38,51,4.48,178076103.40118408,37568800.0,0.031400003,-26.32,453420,405326,407622,
3822,NEXT,Energy,Oil & Gas Equipment & Services,NASDAQ,86.8,35,57,82,15,6.73,2096094486.735279,264992987.0,0.1527,-44.47,3354790,3038143,2843458,
3823,CIK,Financial Services,Asset Management,NYSE ARCA,86.75,35,30,34,46,2.45,139891872.83409238,54859559.0,0.0014,-19.41,354030,509090,608806,0.009
3824,STNE,Technology,Software - Infrastructure,NASDAQ,86.74,35,22,24,69,11.43,2784963141.3078976,243228226.0,0.112799995,-42.71,3228440,3918173,4510272,0.043
3825,BNTC,Healthcare,Biotechnology,NASDAQ,86.74,35,47,29,27,11.86,397136115.45565224,34354334.0,0.116000004,-30.85,81690,131006,111516,
3826,FLWS,Consumer Cyclical,Specialty Retail,NASDAQ,86.73,35,32,23,25,3.84,292930078.31323385,64098483.0,0.39419997,-54.5,276080,383733,393592,-0.116
3827,FCN,Industrials,Consulting Services,S&P 400,86.68,35,24,42,50,164.05,4617464285.958435,30144043.0,0.1034,-13.34,390680,489546,467254,0.095
3828,GIB,Technology,Information Technology Services,NYSE,86.67,35,17,17,25,73.24,14613330414.680298,209420044.0,9.23,-33.46,627360,571426,511352,0.033
3829,SOLS,Basic Materials,Specialty Chemicals,S&P 400,86.65,35,86,88,81,57.39,13376084447.885399,158804273.0,0.0323,-36.8,4012600,4141750,3148980,0.106
3830,OSTX,Healthcare,Biotechnology,NYSE ARCA,86.65,35,64,43,16,1.56,95311551.51223326,44538106.0,0.0319,-39.3,286710,718620,705710,
3831,FUL,Basic Materials,Specialty Chemicals,S&P 600,86.65,35,30,43,67,55.38,3491545899.289215,54487294.0,0.0543,-19.31,600240,896280,842870,-0.023
3832,CHMI,Real Estate,REIT - Mortgage,NYSE,86.59,35,41,59,46,2.25,87072700.85549355,36739538.0,0.0001,-25.99,163360,196860,207490,
3833,TAP,Consumer Defensive,Beverages - Brewers,S&P 500,86.59,35,25,24,53,41.55,7413905031.855469,187551360.0,0.1967,-24.21,2762820,3243980,3220204,0.02
3834,CRC,Energy,Oil & Gas E&P,S&P 600,86.54,35,35,88,74,51.07,5264649761.58416,88794901.0,0.0498,-29.05,754750,857383,787330,0.067
3835,LCII,Consumer Cyclical,Recreational Vehicles,S&P 600,86.52,35,31,43,91,102.65,2647572640.5161896,24285202.0,0.1113,-35.71,336750,590326,492384,0.043
3836,VHI,Basic Materials,Chemicals,NYSE,86.45,35,45,35,34,13.81,407270005.9868212,28302293.0,0.024,-30.95,5440,11283,12080,0.04
3837,BGDE,Financial Services,Capital Markets,NASDAQ,86.44,35,97,15,2,5.64,39669058.00465107,5486730.0,0.0619,-85.9,76810,129986,124182,-0.651
3838,XFLT,Financial Services,Asset Management,NYSE,86.44,35,25,23,25,18.9,283142767.94405365,15230918.0,0.0041,-35.49,114320,101080,90100,
3839,BAM,Financial Services,Asset Management,NYSE,86.44,35,29,32,28,47.96,77603818304.49725,1596786435.0,0.056900002,-25.18,2070450,2487620,2697448,0.238
3840,NVA,Basic Materials,Other Industrial Metals & Mining,NYSE ARCA,86.43,35,67,82,97,4.59,264670202.29660416,39385448.0,0.0625,-71.81,273480,372646,333260,
3841,GNRC,Industrials,Specialty Industrial Machinery,S&P 500,86.42,35,90,90,67,191.91,16360195352.293549,58868681.0,0.045300003,-33.15,1265490,1098960,1009434,0.124
3842,EXLS,Technology,Information Technology Services,S&P 400,86.38,34,14,23,18,34.36,4435288591.837713,152782931.0,0.1087,-29.21,2870500,3043833,2710614,0.138
3843,OFIX,Healthcare,Medical Devices,NASDAQ,86.38,34,15,31,28,11.79,374708732.54356384,40421652.0,0.0363,-30.61,300380,380503,439138,0.016
3844,IDXX,Healthcare,Diagnostics & Research,S&P 500,86.37,34,27,33,60,558.8,44452937610.4353,78882997.0,0.0293,-27.43,467500,657963,638022,0.143
3845,JF,Financial Services,Credit Services,NASDAQ,86.36,34,56,59,33,0.91,18340154.0,18340154.0,0.0016,-34.06,15930,10543,14260,
3846,BNT,Financial Services,Insurance - Diversified,NYSE,86.33,34,36,54,53,42.75,12505968197.25383,274374017.0,16.3,-14.26,27110,26846,24820,-0.367
3847,GNSS,Technology,Scientific & Technical Instruments,NASDAQ,86.27,34,26,52,25,1.76,97915323.69322443,45542009.0,0.01,-34.81,57770,93703,109354,1.237
3848,TSQ,Communication Services,Advertising Agencies,NYSE,86.24,34,77,52,52,5.7,118495025.48779297,17953792.0,0.0212,-38.78,76700,66006,60908,-0.019
3849,ZKH,Consumer Cyclical,Internet Retail,NYSE,86.23,34,11,36,67,2.89,450752366.81817055,159276459.0,0.00059999997,-25.9,108280,91130,101722,0.092
3850,DXR,Healthcare,Medical Instruments & Supplies,NASDAQ,86.23,34,30,34,76,10.53,59903871.44396305,5827225.0,0.0031,-28.66,2020,2190,2224,-0.826
3851,BKV,Energy,Oil & Gas E&P,NYSE,86.23,34,55,84,81,24.07,2903120756.0864334,109386611.0,0.0956,-26.64,916830,920270,826300,0.389
3852,NHS,Financial Services,Asset Management,NYSE ARCA,86.22,34,32,33,60,6.03,202047164.61073732,31569869.0,0.0082,-22.19,177320,218616,212130,0.067
3853,GSBD,Financial Services,Asset Management,NYSE,86.21,34,57,62,34,8.66,1008618844.6141691,112569067.0,0.060500003,-28.0,700230,943696,930720,-0.187
3854,AMRN,Healthcare,Drug Manufacturers - General,NASDAQ,86.21,34,57,42,57,14.23,303842384.61055183,20969109.0,0.0301,-31.91,54010,77846,79264,0.074
3855,MATV,Basic Materials,Specialty Chemicals,NYSE,86.2,34,20,59,94,8.56,489442766.94768906,55117428.0,0.019199999,-44.7,400890,530146,495564,-0.011
3856,SAFX,Utilities,Utilities - Renewable,NASDAQ,86.2,34,29,85,0,0.37,164951485.86416334,332563485.0,0.0533,-99.19,2888900,3934863,4131590,
3857,PHUN,Technology,Software - Application,NASDAQ,86.18,34,35,46,12,2.14,41712733.97999287,20447419.0,0.0254,-44.85,84450,99876,113864,-0.212
3858,LBTYK,Communication Services,Telecom Services,NASDAQ,86.17,34,32,58,52,10.24,4111264782.3304253,338097437.0,0.059299998,-21.95,1643030,1337223,1307918,0.088
3859,DCBO,Technology,Software - Application,NASDAQ,86.17,34,23,28,14,20.81,463994877.7088833,25382651.0,3.99,-37.73,145760,94230,102564,0.145
3860,TROO,Financial Services,Credit Services,NASDAQ,86.1,34,93,99,99,1.74,508186271.91983795,122160166.0,0.0271,-67.05,233180,364226,399250,0.27
3861,DEC,Energy,Oil & Gas Integrated,NYSE,86.09,34,30,82,34,13.06,1052306516.8446074,72323471.0,0.033299997,-30.9,781950,1185310,1054570,0.66
3862,MMYT,Consumer Cyclical,Travel Services,NASDAQ,86.09,34,38,11,13,57.08,4434092713.311432,94867192.0,0.115200005,-45.63,807890,1046460,1080626,0.019
3863,GNLX,Healthcare,Biotechnology,NASDAQ,86.08,34,29,26,11,3.05,136763266.66184235,44840416.0,0.068,-64.26,128110,180573,165958,
3864,PLAB,Technology,Semiconductor Equipment & Materials,S&P 600,86.05,34,49,95,91,29.58,1907562755.9244232,58966394.0,0.0709,-47.18,900950,1250020,1700110,-0.005
3865,SWKS,Technology,Semiconductors,S&P 500,85.99,34,52,63,26,62.48,11709103990.048714,150405963.0,0.2575,-31.27,6827550,6126143,5653616,-0.01
3866,GDDY,Technology,Software - Infrastructure,S&P 500,85.98,34,18,15,13,99.33,11364737410.459671,132409847.0,0.076799996,-45.82,1626630,2135766,2539164,0.061
3867,VEL,Financial Services,Mortgage Finance,NYSE,85.95,34,40,52,68,17.51,686967417.5,39255281.0,0.2167,-18.16,106570,104300,92984,1.321
3868,PW,Real Estate,REIT - Specialty,NYSE ARCA,85.95,34,53,18,30,8.0,2864374.3949353695,3672275.0,0.0128999995,308.16,8630,9193,16845,-0.011
3869,POCI,Healthcare,Medical Instruments & Supplies,NASDAQ,85.94,34,70,30,81,4.16,59540087.98627043,10944869.0,0.0026,-31.13,29570,32756,44964,1.08
3870,FOX,Communication Services,Entertainment,S&P 500,85.91,34,24,46,65,52.34,24114492361.388626,420186315.0,0.08,-23.23,1178300,2121146,1910296,-0.086
3871,BCE,Communication Services,Telecom Services,NYSE,85.88,34,26,52,67,21.7,23415723834.03859,932525817.0,6.81,-18.17,3740300,3965400,4035230,0.04
3872,FRPT,Consumer Defensive,Packaged Foods,S&P 600,85.87,34,28,37,33,60.74,2535767940.614052,49142791.0,0.22709998,-29.37,953000,1318250,1446566,0.131
3873,ISD,Financial Services,Asset Management,NYSE,85.84,34,35,38,56,12.45,436473449.4178963,33344037.0,0.36,-15.82,141990,124180,117598,
3874,CHRS,Healthcare,Biotechnology,NASDAQ,85.84,34,57,76,94,1.47,245257346.14864588,154249900.0,0.1878,-43.81,447680,861400,886108,0.62
3875,MDXG,Healthcare,Biotechnology,NASDAQ,85.84,34,15,9,15,4.27,548120300.0232003,148945731.0,0.0617,-46.56,1531420,1393896,1359216,-0.331
3876,LUXE,Consumer Cyclical,Luxury Goods,NYSE,85.82,34,33,64,26,8.04,964949133.0386314,137261608.0,0.22680001,-29.35,126360,126206,228600,1.55
3877,VMC,Basic Materials,Building Materials,S&P 500,85.78,34,49,40,63,271.24,36710253806.51413,129754885.0,0.0374,-18.08,1110800,1151400,1200458,0.074
3878,KMDA,Healthcare,Drug Manufacturers - Specialty & Generic,NASDAQ,85.77,34,37,70,68,7.1,451543058.2217412,57816013.0,0.0046,-24.06,36340,34943,40206,0.028
3879,IFN,Financial Services,Asset Management,NYSE,85.74,34,32,24,35,11.74,480260966.7622566,42651950.0,0.0070999996,-29.28,163910,143040,157590,-0.16
3880,STWD,Real Estate,REIT - Mortgage,S&P 400,85.73,34,31,50,44,16.23,6332385547.314129,370748570.0,0.044,-22.9,3144020,3725856,3481682,0.218
3881,INGN,Healthcare,Medical Devices,NASDAQ,85.73,34,34,54,20,6.42,175713602.64313507,27074516.0,0.030199999,-29.68,190620,224873,281496,0.034
3882,DV,Communication Services,Advertising Agencies,S&P 600,85.71,34,36,38,16,11.04,1488602604.029029,153464189.0,0.0988,-34.36,1896350,2959926,3035332,0.096
3883,CREX,Technology,Software - Application,NASDAQ,85.7,34,83,86,79,3.02,38887546.945441246,10567268.0,0.0114,-31.67,22140,43030,38346,0.679
3884,BBUC,Industrials,Conglomerates,NYSE,85.7,34,26,55,70,31.46,6779153683.639313,206492638.0,0.0121,-17.75,309910,606926,486140,-0.046
3885,BXSL,Financial Services,Asset Management,NYSE,85.7,34,36,38,30,23.16,5520831924.690365,232652003.0,0.0579,-29.41,1627080,1781410,1682834,-0.09
3886,HOOD,Financial Services,Capital Markets,S&P 500,85.69,34,69,30,29,86.6,84917629623.22334,900505057.0,0.0482,-43.72,20899120,26447543,28279730,0.151
3887,HOUR,Consumer Cyclical,Internet Retail,NASDAQ,85.66,34,32,88,44,1.78,67216508.72534394,35191890.0,0.0029,-73.98,24820,62546,61354,0.158
3888,SCLX,Healthcare,Drug Manufacturers - General,NASDAQ,85.64,34,87,74,18,6.6,62593741.817121506,7033005.0,0.028499998,-80.74,104250,166186,168514,0.721
3889,ODYS,Technology,Scientific & Technical Instruments,NASDAQ,85.57,34,22,35,87,4.31,76840133.47999191,16777322.0,0.0307,-61.86,17110,26996,44576,-0.96
3890,MXCT,Healthcare,Medical Devices,NASDAQ,85.54,34,56,13,6,1.05,129617227.2063675,107121672.0,0.0446,-56.25,808360,1471693,1252582,-0.071
3891,WOOF,Consumer Cyclical,Specialty Retail,NASDAQ,85.52,34,28,37,21,2.78,973165814.946667,323310903.0,0.1878,-38.29,1439050,1737943,2053286,-0.024
3892,ARMP,Healthcare,Biotechnology,NYSE ARCA,85.46,34,85,98,99,4.78,299927320.50081253,36710810.0,0.0209,-70.75,168860,215140,155916,0.607
3893,GME,Consumer Cyclical,Specialty Retail,S&P 400,85.45,34,34,39,53,21.88,9503280324.789696,448691227.0,0.1415,-29.53,3175140,3838173,4714766,-0.139
3894,UPC,Healthcare,Drug Manufacturers - Specialty & Generic,NASDAQ,85.41,34,91,15,25,3.48,2267433.0,647838.0,0.0183,-68.36,53150,2777770,1790544,-0.141
3895,LVS,Consumer Cyclical,Resorts & Casinos,S&P 500,85.4,34,23,49,65,49.87,33509569323.029137,662637325.0,0.0949,-29.21,6408770,5211660,4726244,0.253
3896,HCA,Healthcare,Medical Care Facilities,S&P 500,85.4,34,25,46,81,395.79,83975239787.60376,221839800.0,0.0305,-28.88,1743420,1730176,1781108,0.043
3897,PGY,Technology,Software - Infrastructure,NASDAQ,85.4,34,60,17,38,17.64,1253007121.5561848,82870842.0,0.2008,-60.79,2655820,3488243,3669894,0.096
3898,NVAX,Healthcare,Biotechnology,NASDAQ,85.4,34,75,57,50,7.44,1803886209.339715,164438119.0,0.2771,-37.84,2746170,3805156,4270976,-0.791
3899,HYFT,Healthcare,Biotechnology,NASDAQ,85.38,34,73,65,92,1.35,82212883.71452093,46711866.0,0.014199999,-58.41,334020,283146,419466,0.524
3900,TNYA,Healthcare,Biotechnology,NASDAQ,85.38,34,36,39,32,0.75,188572027.94150573,216998877.0,0.1723,-68.09,1547730,2295373,2658486,
3901,SATL,Industrials,Aerospace & Defense,NASDAQ,85.25,33,91,96,84,3.49,1409801396.400381,148244097.0,0.0935,-70.92,4533650,6346980,7923464,0.803
3902,NEPH,Healthcare,Medical Instruments & Supplies,NASDAQ,85.21,33,27,29,88,3.5,39734959.29182482,10856546.0,0.0032,-45.48,9200,9823,12798,0.069
3903,ACFN,Technology,Scientific & Technical Instruments,NASDAQ,85.12,33,35,41,20,19.66,42640386.0,2508258.0,0.0093,-40.42,8430,9786,9496,-0.281
3904,UFPI,Basic Materials,Lumber & Wood Production,S&P 400,85.1,33,31,20,67,86.18,4574898630.0,56480230.0,0.035099998,-26.97,506350,530066,497988,-0.084
3905,NNDM,Technology,Computer Hardware,NASDAQ,85.09,33,29,65,54,1.54,366115034.25,209208591.0,0.0598,-33.62,3395570,4200006,4458838,1.064
3906,RELX,Industrials,Specialty Business Services,NYSE,85.04,33,18,31,13,36.61,57856059320.41502,1764442138.0,0.0023999999,-32.95,2988980,2886593,2778162,0.012
3907,GOF,Financial Services,Asset Management,NYSE,85.04,33,30,32,34,10.51,2374882903.5559845,212043120.0,0.63,-30.86,1490310,1477590,1397232,
3908,SPGI,Financial Services,Financial Data & Stock Exchanges,S&P 500,85.01,33,29,25,28,415.0,125504000000.0,296000000.0,0.0136,-28.33,2240490,2516034,2411539,0.104
3909,AVNW,Technology,Communication Equipment,NASDAQ,85.0,33,49,53,63,20.95,229934263.4332161,12939463.0,0.0631,-22.46,136170,141816,152078,-0.112
3910,GO,Consumer Defensive,Grocery Stores,S&P 600,85.0,33,51,12,14,9.16,841831961.3616028,98922672.0,0.3789,-52.81,2316880,2433643,2584462,0.036
3911,VINP,Financial Services,Asset Management,NASDAQ,85.0,33,30,46,71,9.9,662725860.226965,65422098.0,0.0085,-27.26,34160,46893,53566,0.171
3912,ZIONP,Financial Services,Banks - Regional,NASDAQ,84.99,33,29,31,31,18.25,,,0.0,-25.2,4118,4573,4302,0.102
3913,BN,Financial Services,Asset Management,NYSE,84.98,33,38,54,53,42.03,101829626480.21965,2233595660.0,2.81,-15.21,3996210,3710643,3886264,0.079
3914,DKS,Consumer Cyclical,Specialty Retail,S&P 400,84.98,33,64,58,36,199.91,20355887055.713318,89448901.0,0.133,-15.92,1041510,1153560,1249066,0.627
3915,SUZ,Basic Materials,Paper & Paper Products,NYSE,84.97,33,19,32,44,8.44,10110852747.171158,1236045522.0,0.0099,-26.83,2235080,2881473,3116162,-0.051
3916,BX,Financial Services,Asset Management,S&P 500,84.96,33,25,27,25,128.07,142967986579.28903,1222261991.0,0.0248,-32.63,5825870,5316706,5240690,0.057
3917,EIC,Financial Services,Asset Management,NYSE,84.96,33,31,30,24,9.96,251910737.75,23433557.0,0.0047999998,-29.11,101430,101940,91648,-0.085
3918,INCR,Healthcare,Drug Manufacturers - Specialty & Generic,NASDAQ,84.94,33,59,13,11,0.95,65617604.60740924,54681335.0,0.0007,-46.33,15680,50216,55344,0.239
3919,ZVIA,Consumer Defensive,Beverages - Non-Alcoholic,NYSE,84.89,33,44,10,14,1.62,111251620.1274898,71775241.0,0.036199998,-55.74,344580,1053113,1092876,0.212
3920,EDTK,Consumer Defensive,Education & Training Services,NASDAQ,84.89,33,46,48,41,0.92,15929451.0,15929451.0,0.0001,-22.03,2370,2570,2218,
3921,APO,Financial Services,Asset Management,S&P 500,84.88,33,31,41,31,120.25,74203572968.89201,576517513.0,0.057800002,-23.54,3644960,4809183,4172604,-0.092
3922,CYH,Healthcare,Medical Care Facilities,NYSE,84.88,33,61,33,31,2.77,383293460.67165947,140916712.0,0.0939,-37.47,2719710,2167643,1862768,-0.061
3923,FURY,Basic Materials,Other Industrial Metals & Mining,NYSE ARCA,84.86,33,24,50,87,0.55,110276669.92682666,190132195.0,0.0026,-46.08,158190,152520,194406,
3924,HHH,Real Estate,Real Estate - Development,NYSE,84.85,33,46,22,57,64.87,3777217622.1700974,59624589.0,0.0925,-28.77,374500,394503,415266,0.184
3925,MXC,Energy,Oil & Gas E&P,NYSE ARCA,84.8,33,22,69,72,8.81,17902500.0,2046000.0,0.005,-46.54,7720,7690,9932,-0.268
3926,WHF,Financial Services,Asset Management,NASDAQ,84.79,33,38,61,25,6.4,144580213.71661377,21611392.0,0.0176,-33.75,43170,59356,82252,-0.156
3927,AFCG,Financial Services,Asset Management,NASDAQ,84.76,33,41,38,9,2.68,87762588.56877708,23528844.0,0.062800005,-53.63,83400,93473,124742,0.101
3928,GEL,Energy,Oil & Gas Midstream,NYSE,84.75,33,22,57,75,15.28,1840638666.838499,122464318.0,0.049000002,-18.03,169990,311236,301722,0.121
3929,DPZ,Consumer Cyclical,Restaurants,S&P 500,84.75,33,16,19,31,352.25,10330471137.968445,33261870.0,0.1176,-28.98,1217970,1089236,943174,0.035
3930,CSR,Real Estate,REIT - Residential,S&P 600,84.72,33,33,71,62,56.01,1133876483.447052,16803148.0,0.061,-19.54,127470,165176,169268,-0.03
3931,NOW,Technology,Software - Application,S&P 500,84.69,33,17,10,11,110.07,128263778792.57202,1031308000.0,0.0563,-47.95,31446560,25103426,28454900,0.221
3932,VFC,Consumer Cyclical,Apparel Manufacturing,S&P 400,84.67,33,59,75,85,14.96,6730603651.458626,391769705.0,0.1031,-32.82,10138810,7329180,8297762,0.01
3933,ASUR,Technology,Software - Application,NASDAQ,84.63,33,29,32,46,8.37,265305105.25,28681633.0,0.041500002,-27.09,97680,123053,113060,0.227
3934,WYNN,Consumer Cyclical,Resorts & Casinos,S&P 500,84.61,33,24,42,64,100.7,10505292836.072784,103786729.0,0.1079,-25.25,1497000,1466593,1442872,0.092
3935,LXEH,Consumer Defensive,Education & Training Services,NASDAQ,84.6,33,5,1,3,1.52,2798333.8931150436,1916667.0,0.018099999,-95.37,15170,32403,507778,-0.116
3936,INEO,Consumer Cyclical,Auto Parts,NASDAQ,84.6,33,52,23,8,0.65,9337895.645595968,16527249.0,0.0001,-69.05,241140,161653,142172,-0.206
3937,RCKT,Healthcare,Biotechnology,NASDAQ,84.59,33,55,33,17,3.21,335224188.1405442,109193549.0,0.2354,-41.1,1309350,2461696,2465770,
3938,GXO,Industrials,Integrated Freight & Logistics,S&P 400,84.59,33,34,32,72,50.44,5765084865.010086,115048589.0,0.0533,-24.55,1091670,1335833,1309326,0.108
3939,OBDC,Financial Services,Asset Management,NYSE,84.57,33,32,44,26,10.79,5588399187.835297,496305424.0,0.04,-28.94,3072810,3684130,3502782,-0.146
3940,DRD,Basic Materials,Gold,NYSE,84.57,33,25,80,95,20.85,2289929894.9114037,86739770.0,0.0105,-47.04,302190,361216,326304,0.329
3941,RMCO,Financial Services,Asset Management,NASDAQ,84.55,33,70,83,98,2.33,34866980.37713599,15159557.0,0.00090000004,-53.4,7570,13390,42674,0.772
3942,BOSC,Technology,Communication Equipment,NASDAQ,84.55,33,31,39,40,4.5,28974720.041251183,7049810.0,0.00029999999,-33.04,19460,27133,43872,0.215
3943,GRFS,Healthcare,Drug Manufacturers - General,NASDAQ,84.55,33,19,29,63,8.2,5342516134.29528,680575312.0,8.37,-26.39,1002240,831260,738820,-0.048
3944,IOTR,Communication Services,Telecom Services,NASDAQ,84.54,33,29,17,16,3.11,10029154.130155802,2565001.0,0.0153,-58.37,32120,1121340,1531804,0.398
3945,HLMN,Industrials,Tools & Accessories,NASDAQ,84.49,33,34,25,69,7.9,1463723668.2448025,196209606.0,0.0233,-27.19,1096000,1382083,1539802,0.03
3946,VICI,Real Estate,REIT - Diversified,S&P 500,84.42,33,28,36,35,26.31,30386736137.77372,1076780187.0,0.031,-22.64,8037460,10357576,9600328,0.035
3947,MELI,Consumer Cyclical,Internet Retail,NASDAQ,84.39,33,23,21,31,1885.73,85964677896.02417,50697182.0,0.020499999,-28.71,313120,393833,444716,0.49
3948,FND,Consumer Cyclical,Home Improvement Retail,S&P 400,84.39,33,34,13,31,55.3,5556039474.938583,108094150.0,0.1197,-40.15,2431030,2486770,2571192,-0.007
3949,QDEL,Healthcare,Medical Devices,S&P 600,84.38,33,19,5,43,16.57,887846707.9953575,68190989.0,0.23629999,-53.43,1053800,1499640,1579704,-0.105
3950,MEGL,Financial Services,Capital Markets,NASDAQ,84.37,33,56,30,24,1.14,6076860.241472721,5064050.0,0.0502,-56.49,14670,29933,44586,0.267
3951,CAE,Industrials,Aerospace & Defense,NASDAQ,84.37,33,25,28,66,25.83,8303964356.6453,321734387.0,4.23,-24.56,576980,639516,808092,0.04
3952,DNN,Energy,Uranium,NYSE ARCA,84.37,33,63,87,92,2.92,3149459045.0218287,905016962.0,3.2,-34.09,22536660,25269873,24579838,-0.196
3953,G,Technology,Information Technology Services,S&P 400,84.36,33,12,23,28,35.33,5585239633.823204,169506510.0,0.122600004,-27.36,2035170,2469193,2537472,0.067
3954,LFWD,Healthcare,Medical Devices,NASDAQ,84.35,33,52,25,17,7.0,22346407.621041775,2814409.0,0.0484,-53.89,7090,13866,12604,-0.221
3955,T,Communication Services,Telecom Services,S&P 500,84.32,33,16,42,58,23.21,172318797806.83817,6948338835.0,0.015800001,-22.09,93711300,84092593,68614172,0.029
3956,CMRC,Technology,Software - Application,NASDAQ,84.3,33,22,19,12,3.16,258263333.16277695,82512244.0,0.0846,-43.01,571190,637053,644152,0.054
3957,SGP,Healthcare,Biotechnology,NASDAQ,84.27,33,16,32,41,22.72,643926424.9522877,33433355.0,0.0774,-29.96,92990,160690,124048,
3958,FOUR,Technology,Software - Infrastructure,S&P 400,84.27,33,22,11,18,53.73,3534896962.3816986,79328924.0,0.1911,-50.48,970540,1397100,1479388,0.322
3959,MDLN,Healthcare,Medical Instruments & Supplies,NASDAQ,84.26,33,36,53,64,39.12,30915363357.98338,845606187.0,0.0572,-23.11,5124010,7176260,10111490,0.107
3960,DUOT,Technology,Software - Application,NASDAQ,84.23,32,88,58,54,8.14,395866831.5,29323469.0,0.093,-46.73,760560,849383,834434,-0.45
3961,CLX,Consumer Defensive,Household & Personal Products,S&P 500,84.21,32,26,16,37,96.73,10885339611.095055,120921351.0,0.08939999,-26.74,2156460,2400203,2463252,0.001
3962,NXRT,Real Estate,REIT - Residential,S&P 600,84.19,32,47,35,32,26.55,1497910081.091772,51545427.0,0.0495,-24.62,223530,282220,239844,0.005
3963,CVR,Industrials,Tools & Accessories,NYSE ARCA,84.15,32,29,34,76,10.5,9303851.270565033,966132.0,0.0107,-30.0,2900,2256,3424,-0.054
3964,ASO,Consumer Cyclical,Specialty Retail,S&P 600,84.14,32,28,53,75,48.35,3406029425.9841995,64508134.0,0.1555,-22.57,1172100,1542366,1572798,0.025
3965,WU,Financial Services,Credit Services,S&P 600,84.13,32,34,57,68,7.69,2540097431.27536,312435104.0,0.1785,-25.7,10806140,8516966,8534948,-0.001
3966,RM,Financial Services,Credit Services,NYSE,84.12,32,74,39,38,32.26,338491394.74443436,9208145.0,0.045100003,-29.87,84880,82873,69934,0.096
3967,BSBR,Financial Services,Banks - Regional,NYSE,84.11,32,27,49,76,5.05,40744004327.12445,7489706599.0,2.73,-31.01,1516380,1895900,1700824,0.004
3968,XNET,Technology,Software - Infrastructure,NASDAQ,84.09,32,31,63,66,5.66,385741927.39770126,63653784.0,0.0322,-48.69,237150,379623,375358,0.697
3969,CWEN,Utilities,Utilities - Renewable,S&P 600,84.09,32,41,74,78,31.73,6411982074.709572,155781878.0,0.0635,-23.73,1167630,1519676,1349424,0.188
3970,SHOP,Technology,Software - Application,NASDAQ,84.07,32,30,52,25,122.4,154044577565.0617,1297654610.0,0.0179,-32.82,8629910,8581870,8646994,0.343
3971,AHG,Healthcare,Medical Distribution,NASDAQ,84.05,32,23,85,35,1.59,1302190332.6996646,856704177.0,0.14,-36.4,8160,11273,10594,0.009
3972,ALTI,Financial Services,Asset Management,NASDAQ,84.04,32,32,26,69,3.6,365455435.6193111,110744073.0,0.0231,-33.88,87060,192253,209446,0.281
3973,GENK,Consumer Cyclical,Restaurants,NASDAQ,84.0,32,28,10,9,2.01,11105152.201860428,5364808.0,0.102,-59.72,24160,19860,22048,-0.06
3974,NMRK,Real Estate,Real Estate Services,NASDAQ,84.0,32,42,54,61,15.08,2480062253.895015,177527717.0,0.029000001,-23.97,1443920,1405436,1361828,0.272
3975,USAS,Basic Materials,Other Industrial Metals & Mining,NYSE ARCA,83.99,32,71,94,98,3.94,2013910673.5538979,326933559.0,0.0356,-62.48,4276140,3866946,4053984,1.879
3976,NSSC,Industrials,Security & Protection Services,S&P 600,83.98,32,38,67,85,36.37,1340846913.997528,35727337.0,0.083000004,-24.42,263480,396506,412908,0.076
3977,FN,Technology,Electronic Components,S&P 400,83.94,32,80,95,88,439.33,23438381756.175537,35829740.0,0.0885,-41.34,806230,1024533,981644,0.393
3978,ONON,Consumer Cyclical,Footwear & Accessories,NYSE,83.87,32,23,19,39,37.1,14203512258.152641,347954737.0,0.063,-37.5,4216530,4610180,4794736,0.145
3979,ZDGE,Communication Services,Internet Content & Information,NYSE ARCA,83.86,32,53,68,56,2.97,38734431.49313164,13041896.0,0.0064999997,-39.26,57460,86123,151930,0.183
3980,ALKT,Technology,Software - Application,NASDAQ,83.85,32,27,24,18,17.81,1944538399.744915,107019174.0,0.1177,-42.88,1277110,1952700,1740434,0.289
3981,SDHC,Real Estate,Real Estate - Development,NYSE,83.83,32,34,13,33,14.95,99833194.03842258,8347257.0,0.2522,-36.38,40160,61136,73078,-0.081
3982,MPV,Financial Services,Asset Management,NYSE,83.81,32,30,36,58,16.18,183899118.1622696,10773235.0,1.89,-22.95,18480,14996,14562,-0.332
3983,ZTEK,Healthcare,Medical Instruments & Supplies,NASDAQ,83.8,32,12,9,14,0.55,63450694.62955803,107543555.0,0.0022,-64.74,133460,231093,191660,0.731
3984,III,Technology,Information Technology Services,NASDAQ,83.79,32,29,27,71,4.12,215755136.68954086,47839274.0,0.0165,-36.12,201030,250960,238904,0.027
3985,BBWI,Consumer Cyclical,Specialty Retail,S&P 400,83.79,32,43,17,22,19.95,4035267568.507675,201561812.0,0.0675,-41.25,4748250,5334610,5790908,-0.032
3986,GWRE,Technology,Software - Application,S&P 400,83.78,32,13,23,12,153.21,12979877444.24524,85019176.0,0.0717,-43.8,1275760,1686680,1759332,0.24
3987,NOA,Energy,Oil & Gas Equipment & Services,NYSE,83.77,32,28,36,38,13.47,374828568.69223785,27102572.0,3.48,-26.15,50790,73116,108244,-0.063
3988,FERG,Industrials,Industrial Distribution,NYSE,83.72,32,39,70,75,226.36,43824130777.96051,193937826.0,0.0166,-16.67,1190380,1268823,1358000,0.036
3989,AOS,Industrials,Specialty Industrial Machinery,S&P 500,83.7,32,29,23,70,59.81,7817639721.527832,137828624.0,0.0788,-26.95,1878300,1898056,1777648,-0.019
3990,PIPR,Financial Services,Capital Markets,S&P 600,83.68,32,29,50,57,76.18,5298746455.365936,67577429.0,0.0507,-19.87,564320,676530,605016,0.328
3991,MOGU,Consumer Cyclical,Internet Retail,NYSE,83.68,32,17,34,52,2.08,16592490.996150255,8173641.0,0.00059999997,-74.32,4680,16910,15630,0.11
3992,XYL,Industrials,Specialty Industrial Machinery,S&P 500,83.64,32,26,23,45,116.82,26036945440.834892,237693493.0,0.0435,-24.28,2398900,2131026,1998602,0.027
3993,HGLB,Financial Services,Asset Management,NYSE,83.63,32,31,40,53,7.31,191082613.4990406,23590445.0,0.00059999997,-31.3,81070,105926,98454,
3994,EYE,Consumer Cyclical,Specialty Retail,S&P 600,83.63,32,16,41,89,22.4,1341954138.75,80116665.0,0.1692,-25.38,1633670,2000426,2148262,0.066
3995,LE,Consumer Cyclical,Apparel Retail,NASDAQ,83.62,32,21,21,86,12.01,361839757.75,30794873.0,0.1176,-40.07,232580,291846,276100,0.047
3996,GIS,Consumer Defensive,Packaged Foods,S&P 500,83.62,32,25,16,37,36.42,18043762713.47962,533681218.0,0.1126,-34.01,8830320,11102950,10608912,0.022
3997,CTMX,Healthcare,Biotechnology,NASDAQ,83.62,32,43,94,99,3.28,783730487.6382318,217702919.0,0.16229999,-60.05,2800740,4820353,4390880,-0.799
3998,HY,Industrials,Farm & Heavy Construction Machinery,NYSE,83.6,32,37,56,32,33.5,650705555.1725006,17915902.0,0.0298,-24.8,95940,94420,90544,-0.127
3999,PAC,Industrials,Airports & Air Services,NYSE,83.6,32,46,55,81,219.58,14060280247.585144,59501820.0,0.0092,-26.91,181170,141400,123980,0.028
4000,VSNT,Communication Services,Entertainment,S&P 600,83.58,32,24,61,15,35.89,6104224280.736465,141498015.0,0.0321,-39.17,1473810,2060973,1886840,-0.011
4001,DSGX,Technology,Software - Application,NASDAQ,83.56,32,22,28,16,74.55,6338836493.338676,85927027.0,3.06,-35.67,550910,570226,566850,0.151
4002,QCOM,Technology,Semiconductors,S&P 500,83.55,32,74,66,25,151.6,264575084503.17383,1054000000.0,0.053600002,-41.67,13996190,17919216,19414582,-0.035
4003,RES,Energy,Oil & Gas Equipment & Services,S&P 600,83.53,32,48,89,56,5.42,1467243104.3355513,221637935.0,0.29299998,-33.58,1456700,1739873,1606592,0.366
4004,CWCO,Utilities,Utilities - Regulated Water,NASDAQ,83.5,32,25,52,79,29.61,482885739.0828705,16000190.0,0.028900001,-24.31,93250,107633,103108,-0.111
4005,NTGR,Technology,Communication Equipment,NASDAQ,83.5,32,26,42,17,22.94,697569072.8268337,26839903.0,0.109,-37.76,455820,378990,377606,-0.02
4006,NXE,Energy,Uranium,NYSE,83.46,32,45,87,91,9.32,7651673184.508246,661909421.0,7.1,-33.24,5299120,5319873,5708054,
4007,HLLY,Consumer Cyclical,Auto Parts,NYSE,83.44,32,20,70,91,2.71,328609687.33587265,120369848.0,0.0349,-39.51,650640,888763,875120,-0.037
4008,EXE,Energy,Oil & Gas E&P,S&P 500,83.42,32,21,37,51,92.42,22243499183.09536,239228849.0,0.0253,-27.01,4347850,4317270,3924260,0.41
4009,UCFI,Consumer Defensive,Packaged Foods,NASDAQ,83.39,32,38,21,17,5.51,287814768.2856388,52234983.0,0.0494,-62.54,0,0,0,0.208
4010,NCLH,Consumer Cyclical,Travel Services,S&P 500,83.36,32,34,20,52,18.72,8420080037.654648,459110140.0,0.17559999,-31.13,16102570,16155506,18583842,0.096
4011,NRP,Energy,Thermal Coal,NYSE,83.35,32,30,64,69,98.64,1377115323.2037048,13250412.0,0.0431,-23.3,39240,46450,53248,-0.153
4012,SEVN,Real Estate,REIT - Mortgage,NASDAQ,83.35,32,34,29,29,7.53,192744530.77619648,22596077.0,0.0191,-41.45,218610,183943,149110,-0.001
4013,ALLT,Technology,Software - Infrastructure,NASDAQ,83.32,32,51,31,68,7.51,399212480.3749275,48923099.0,0.0402,-37.0,222700,371953,383034,0.141
4014,MARA,Financial Services,Capital Markets,S&P 600,83.31,32,76,36,6,11.82,5482669876.772946,381270503.0,0.29860002,-49.59,55516140,49180396,45221216,-0.184
4015,AEM,Basic Materials,Gold,NYSE,83.29,32,29,73,89,150.75,91581633754.57101,500036237.0,0.0101,-40.94,2548320,2740053,2708204,0.661
4016,LKFT,Healthcare,Biotechnology,NASDAQ,83.27,32,32,28,72,27.64,1868181987.9877377,65897071.0,0.0396,-26.84,181770,158293,171430,-0.914
4017,TMQ,Basic Materials,Other Industrial Metals & Mining,NYSE ARCA,83.27,32,81,89,97,3.18,798886328.3162813,172545639.0,0.070700005,-71.83,1184130,1623563,1976380,
4018,ACH,Healthcare,Medical Distribution,NYSE,83.27,32,52,55,7,3.34,217497707.10676813,76583702.0,0.0943,-65.03,390230,615603,646638,-0.068
4019,BHFAP,Financial Services,Insurance - Life,NASDAQ,83.26,31,33,38,38,13.91,,,0.19,-35.0,34930,32810,31576,-0.362
4020,ARES,Financial Services,Asset Management,S&P 500,83.23,31,23,22,19,124.12,28979105662.0,225518332.0,0.14850001,-36.43,2176040,2374450,2348908,0.283
4021,MBI,Financial Services,Insurance - Specialty,NYSE,83.22,31,63,36,50,5.37,298982803.1010618,50934039.0,0.045300003,-34.99,493490,388970,355478,0.048
4022,MOMO,Communication Services,Internet Content & Information,NASDAQ,83.22,31,30,38,34,6.0,880574515.5961161,147747401.0,0.0252,-34.92,474680,682560,729134,-0.023
4023,ASR,Industrials,Airports & Air Services,NYSE,83.22,31,31,32,74,276.56,8901505068.298798,30032069.0,0.024,-27.51,68850,68083,71506,0.008
4024,BHFAO,Financial Services,Insurance - Life,NASDAQ,83.21,31,33,44,39,14.28,,,2.96,-34.91,44300,40540,39242,-0.362
4025,FPI,Real Estate,REIT - Specialty,NYSE,83.16,31,28,44,65,9.42,447948674.2363701,43617201.0,0.0679,-28.77,358470,442416,414522,-0.017
4026,USAU,Basic Materials,Gold,NASDAQ,83.16,31,37,71,84,13.52,266328760.74848938,16501163.0,0.0837,-43.07,245780,249176,248456,
4027,PAHC,Healthcare,Drug Manufacturers - Specialty & Generic,S&P 600,83.13,31,19,93,94,36.45,1248987642.7781067,40564716.0,0.0665,-39.33,205840,277230,306358,0.103
4028,BTQ,Technology,Software - Infrastructure,NASDAQ,83.12,31,83,15,5,3.54,681359706.8662119,141360930.0,3.03,-77.88,1402030,3589770,3936334,
4029,MCD,Consumer Cyclical,Restaurants,S&P 500,83.12,31,26,32,57,268.44,198373244505.96722,710505859.0,0.0162,-21.45,4217530,4717720,4559434,0.094
4030,UNCY,Healthcare,Biotechnology,NASDAQ,83.12,31,30,85,75,5.3,197046202.3155756,26700027.0,0.077800006,-51.82,896060,2306953,1729882,
4031,UHS,Healthcare,Medical Care Facilities,S&P 500,83.1,31,18,26,59,163.29,8844966281.558456,60536351.0,0.070700005,-33.71,1140130,1013233,1095392,0.096
4032,JYNT,Healthcare,Medical Care Facilities,NASDAQ,83.09,31,33,29,42,8.37,126873018.96199799,14255396.0,0.18110001,-37.86,59650,136576,118066,0.133
4033,GRNT,Energy,Oil & Gas E&P,NYSE,83.08,31,20,78,37,4.66,641014529.0100145,131895990.0,0.0764,-30.65,702790,930730,950206,0.05
4034,CDRE,Industrials,Aerospace & Defense,NYSE,83.07,31,21,20,56,30.6,1332712598.018509,42797451.0,0.076799996,-37.24,357780,406986,369166,0.195
4035,MCI,Financial Services,Asset Management,NYSE,83.05,31,30,27,54,16.66,370825784.899353,20555752.0,0.0008,-27.57,24660,27170,31558,-0.207
4036,PRHI,Financial Services,Insurance - Property & Casualty,NASDAQ,83.03,31,26,25,17,5.05,15471499.69227755,26222882.0,0.0013,78.45,1750,8013,14998,-0.385
4037,WK,Technology,Software - Application,NYSE,83.02,31,14,17,26,58.54,2793620477.574951,56119336.0,0.0884,-39.71,758410,911646,927824,0.199
4038,AQST,Healthcare,Drug Manufacturers - Specialty & Generic,NASDAQ,83.01,31,31,50,38,3.72,504309475.9872289,125450119.0,0.12550001,-50.73,2085450,2259986,1924754,0.657
4039,GFUZ,Industrials,Specialty Industrial Machinery,NASDAQ,82.95,31,40,43,49,9.38,,,,,402650,869526,598678,
4040,XHG,Financial Services,Insurance Brokers,NASDAQ,82.92,31,27,36,14,0.98,52063404.76840067,51547926.0,0.00059999997,-56.05,47730,21303,35156,
4041,VANI,Healthcare,Biotechnology,NASDAQ,82.9,31,52,41,36,1.3,113830341.80321121,86235104.0,0.009,-32.29,209220,772080,540980,
4042,ONT,Industrials,Waste Management,NYSE,82.89,31,23,46,60,20.22,578589032.5416126,36139227.0,0.065799996,-36.81,481550,634306,657184,-0.052
4043,BHFAN,Financial Services,Insurance - Life,NASDAQ,82.89,31,33,37,40,11.37,,,0.4,-34.66,49690,61183,67134,-0.362
4044,CPB,Consumer Defensive,Packaged Foods,S&P 600,82.88,31,28,14,30,22.08,6293872543.654175,298146488.0,0.3261,-36.91,5827450,9029976,9211048,-0.045
4045,DAAQU,Financial Services,Shell Companies,NASDAQ,82.88,31,39,41,48,9.5,,,24.67,-20.5,210,86,406,
4046,NOC,Industrials,Aerospace & Defense,S&P 500,82.87,31,23,34,82,534.85,80061428711.39575,142033476.0,0.0123000005,-30.9,1048050,1054886,1025596,0.044
4047,PSFE,Technology,Software - Infrastructure,NYSE,82.86,31,27,38,9,8.47,399458217.40564823,51676354.0,0.1141,-43.61,236300,275890,297760,0.104
4048,NVR,Consumer Cyclical,Residential Construction,S&P 500,82.8,31,28,19,58,6288.68,16478637274.394531,2699292.0,0.059699997,-27.03,38890,31280,31746,-0.214
4049,ICL,Basic Materials,Agricultural Inputs,NYSE,82.77,31,25,32,25,5.18,8570066748.236599,1290672729.0,0.0055,-29.52,1017320,1406583,1329644,0.145
4050,KT,Communication Services,Telecom Services,NYSE,82.77,31,21,56,65,18.48,8545467090.774902,479543616.0,0.0068,-24.82,1257920,1478506,1715580,-0.01
4051,BIDU,Communication Services,Internet Content & Information,NASDAQ,82.73,31,51,67,86,107.48,46039586458.59503,340252659.0,0.0322,-34.98,1768200,2237436,2333740,-0.012
4052,NDRA,Healthcare,Diagnostics & Research,NASDAQ,82.72,31,62,59,19,4.33,10166552.0,1848464.0,0.0272,-63.8,18350,46523,34674,
4053,ASLE,Industrials,Airports & Air Services,NASDAQ,82.68,31,35,35,43,6.15,311396150.3202095,47252829.0,0.0323,-32.57,267460,425476,405902,0.074
4054,TWI,Industrials,Farm & Heavy Construction Machinery,NYSE,82.67,31,34,27,83,7.36,464765537.6942253,64371960.0,0.0466,-37.09,402250,532573,511294,0.029
4055,NXPL,Technology,Software - Application,NASDAQ,82.66,31,79,35,19,6.17,18851208.823321342,2708507.0,0.0224,-44.41,26490,35860,33414,-0.322
4056,VIRC,Consumer Cyclical,"Furnishings, Fixtures & Appliances",NASDAQ,82.65,31,32,22,22,6.0,94849147.59018946,15729543.0,0.0428,-33.99,36160,94653,77376,-0.08
4057,GFI,Basic Materials,Gold,NYSE,82.62,31,26,78,95,33.53,35651523550.30975,894418540.0,0.0052,-45.6,3112940,3800360,3753046,0.714
4058,CTRM,Industrials,Marine Shipping,NASDAQ,82.61,31,55,33,39,1.96,18358472.36963153,9662354.0,0.0016,-26.15,36690,39540,54814,0.396
4059,BMI,Technology,Scientific & Technical Instruments,S&P 600,82.55,31,21,14,19,130.39,3616092167.5336456,29185570.0,0.2057,-49.08,718530,571463,518362,-0.09
4060,MESO,Healthcare,Biotechnology,NASDAQ,82.54,31,28,51,58,14.55,1990951282.2826195,129282554.0,0.0312,-32.33,237180,272890,228936,15.268
4061,PRTA,Healthcare,Biotechnology,NASDAQ,82.54,31,57,78,28,8.41,532955968.63694,52353237.0,0.1626,-28.73,590740,625350,586074,17.064
4062,ORN,Industrials,Engineering & Construction,NYSE,82.52,31,89,89,91,9.57,556994874.5449715,40479278.0,0.0424,-39.62,852590,625223,525160,0.147
4063,VYX,Technology,Information Technology Services,S&P 600,82.5,31,35,15,25,8.16,990833596.1353898,137807175.0,0.3335,-44.38,1721040,2293150,2344410,-0.01
4064,BSY,Technology,Software - Application,S&P 400,82.5,31,17,22,15,35.21,9915923253.937225,303796674.0,0.105100006,-40.57,2883950,3314833,3130332,0.145
4065,FINV,Financial Services,Credit Services,NYSE,82.5,31,25,25,18,4.89,1239493510.5,236094002.0,0.0533,-55.14,343950,561180,769830,-0.119
4066,KLTR,Technology,Software - Application,NASDAQ,82.47,31,27,25,18,1.37,230073350.95774412,150374742.0,0.016,-39.78,365650,352716,360182,-0.05
4067,PUSA,Consumer Cyclical,Leisure,NASDAQ,82.47,31,96,98,95,3.0,90739660.27923393,21604682.0,0.0765,-63.64,359200,391986,1544212,0.106
4068,RWT,Real Estate,REIT - Mortgage,NYSE,82.46,31,24,60,52,4.66,678669304.0932026,125215737.0,0.0002,-33.14,2210880,3900516,2760582,-0.134
4069,CRNT,Technology,Communication Equipment,NASDAQ,82.43,31,62,57,29,2.17,262682788.08512807,90893695.0,0.0018000001,-26.19,1057900,708446,791244,-0.041
4070,LSPD,Technology,Software - Application,NYSE,82.42,31,47,28,22,9.66,1333768638.2089539,137786012.0,0.041300002,-32.64,1016460,1046210,1279908,0.147
4071,JANX,Healthcare,Biotechnology,NASDAQ,82.4,31,23,15,7,15.58,889761734.1654739,60984354.0,0.16440001,-55.91,812800,1279726,1135344,
4072,KEQU,Consumer Cyclical,"Furnishings, Fixtures & Appliances",NASDAQ,82.4,31,28,32,31,36.84,116289198.00524902,2866384.0,0.0191,-39.5,6640,7060,5316,0.033
4073,RPC,Financial Services,Asset Management,NYSE,82.35,31,27,17,27,8.55,906466119.4065971,109476588.0,0.0467,-34.63,498100,509016,443192,0.109
4074,TURB,Technology,Solar,NASDAQ,82.35,31,19,80,2,1.49,16463481.857302189,12017140.0,0.1267,-92.71,1240990,540970,728874,2.056
4075,BRCC,Consumer Defensive,Packaged Foods,NYSE,82.32,31,41,34,8,1.02,191886573.08624423,117004009.0,0.0825,-51.43,695890,747710,1067452,0.214
4076,HRZN,Financial Services,Asset Management,NASDAQ,82.32,31,35,12,36,4.4,299666268.1761584,68261111.0,0.051999997,-47.99,500570,604343,729090,-0.018
4077,POST,Consumer Defensive,Packaged Foods,S&P 400,82.3,31,25,39,38,92.96,4162426132.263733,45322586.0,0.1633,-20.74,856680,889293,867492,0.047
4078,CACI,Technology,Information Technology Services,S&P 400,82.29,30,25,35,73,477.35,11344106246.2854,22091305.0,0.081999995,-30.16,270040,289003,275358,0.085
4079,KLAR,Financial Services,Credit Services,NYSE,82.19,30,32,6,9,19.0,6915696005.113235,378113486.0,0.1092,-59.98,3751040,4308960,4833282,0.444
4080,ALC,Healthcare,Medical Instruments & Supplies,NYSE,82.18,30,22,28,33,69.61,32329633446.502686,487700000.0,2.8,-24.79,2339020,2207733,2160604,0.094
4081,FSCO,Financial Services,Asset Management,NYSE,82.15,30,25,24,31,4.97,1021461745.8298731,202269645.0,0.0038,-35.03,905360,926036,1060010,
4082,BMEA,Healthcare,Biotechnology,NASDAQ,82.13,30,25,58,15,1.22,99773226.8552494,72299440.0,0.24299999,-60.39,426220,808136,893602,
4083,LAND,Real Estate,REIT - Specialty,NASDAQ,82.12,30,27,41,72,8.28,408934692.29364395,43136573.0,0.0481,-36.31,551290,672316,630954,-0.018
4084,ZH,Communication Services,Internet Content & Information,NYSE,82.11,30,27,22,26,3.28,256036861.38857245,86792155.0,0.023,-40.9,176680,204396,204460,-0.251
4085,WBX,Technology,Electronic Components,NYSE,82.08,30,98,97,98,3.21,52727458.11294079,17517428.0,0.0156,-59.0,36620,85923,210612,-0.211
4086,ORA,Utilities,Utilities - Renewable,S&P 400,82.02,30,56,69,87,96.71,8433271090.092087,61453555.0,0.0942,-31.71,866050,927950,866210,0.758
4087,TLN,Utilities,Utilities - Independent Power Producers,S&P 400,81.98,30,51,72,52,332.54,17674828536.59961,45695008.0,0.0574,-26.31,685550,859283,841080,0.967
4088,LHX,Industrials,Aerospace & Defense,S&P 500,81.97,30,32,59,85,271.9,58716441291.71503,186294951.0,0.0156,-28.3,1680480,1585976,1391060,1.9
4089,LPX,Industrials,Building Products & Equipment,S&P 400,81.97,30,35,19,54,71.91,5336279342.510376,69864880.0,0.091800004,-30.09,1006440,1183713,1115668,-0.207
4090,ATS,Industrials,Specialty Industrial Machinery,NYSE,81.93,30,35,68,49,26.79,2999460528.841057,97007132.0,13.51,-25.21,132600,149290,178772,0.301
4091,BKSY,Industrials,Specialty Business Services,NYSE,81.89,30,77,96,87,22.46,1798674535.519104,37109026.0,0.19639999,-57.53,1064100,1468023,1850092,-0.297
4092,LMND,Financial Services,Insurance - Property & Casualty,NYSE,81.88,30,72,64,89,48.57,4455605762.0,76820789.0,0.1591,-51.38,1896650,1639866,1570106,0.706
4093,AMPH,Healthcare,Drug Manufacturers - Specialty & Generic,S&P 600,81.88,30,24,29,64,20.38,831151539.9701138,44092919.0,0.17940001,-34.8,425640,504830,563654,0.004
4094,GT,Consumer Cyclical,Auto Parts,S&P 600,81.87,30,20,16,64,7.08,1753375621.687716,287438631.0,0.13939999,-41.15,7921080,10842740,9925226,-0.087
4095,BEPC,Utilities,Utilities - Renewable,NYSE,81.85,30,42,38,76,33.14,7291615844.732334,182381589.0,5.68,-26.65,2275170,1647106,1572248,-0.026
4096,NCDL,Financial Services,Asset Management,NYSE,81.84,30,36,62,32,12.19,644995089.6236372,49387065.0,0.0126,-29.42,226490,212303,207170,
4097,OPEN,Real Estate,Real Estate Services,NASDAQ,81.81,30,97,97,98,3.82,4862272588.478218,964736632.0,0.14819999,-64.86,62085660,74425753,60842542,-0.376
4098,XPOF,Consumer Cyclical,Leisure,NYSE,81.8,30,33,19,36,6.53,229904720.41511536,41877000.0,0.28219998,-41.38,735960,660496,671262,-0.21
4099,EFX,Industrials,Consulting Services,S&P 500,81.79,30,16,23,23,176.13,20000009026.705338,120634597.0,0.0571,-36.16,2418140,1969623,1834614,0.143
4100,ORLY,Consumer Cyclical,Auto Parts,S&P 500,81.78,30,35,37,37,87.36,71998763787.38605,828715079.0,0.0242,-19.65,8899460,9501910,8477720,0.102
4101,MAT,Consumer Cyclical,Leisure,S&P 400,81.77,30,19,20,65,15.21,4341100738.072395,290569000.0,0.10479999,-32.34,4291160,5033600,4630188,0.043
4102,AIV,Real Estate,REIT - Residential,NYSE,81.77,30,37,38,50,2.66,604195941.1616106,143856183.0,0.023,-70.01,979300,1340796,1362942,-0.039
4103,ALT,Healthcare,Biotechnology,NASDAQ,81.76,30,26,11,64,2.98,593146160.4267497,194474154.0,0.19379999,-61.45,4832580,4898036,4059692,
4104,ACR,Real Estate,REIT - Mortgage,NYSE,81.76,30,28,64,30,17.64,148627889.62073326,7285681.0,0.051,-28.32,22950,36650,33676,0.004
4105,DIS,Communication Services,Entertainment,S&P 500,81.75,30,26,36,36,96.16,176828961485.56738,1736511424.0,0.0148,-22.88,11909380,11829543,10458930,0.065
4106,PAL,Industrials,Integrated Freight & Logistics,NASDAQ,81.74,30,27,25,84,6.73,151902298.9536066,27770074.0,0.044299997,-38.65,172310,265146,298368,-0.016
4107,DXC,Technology,Information Technology Services,S&P 600,81.74,30,13,22,33,11.24,1620085367.8349533,163479858.0,0.2682,-31.67,3868820,5279013,5070482,-0.012
4108,QRHC,Industrials,Waste Management,NASDAQ,81.74,30,20,8,46,1.32,24796070.497791767,21013620.0,0.0084,-45.23,15220,26470,37806,-0.098
4109,DFIN,Technology,Software - Application,S&P 600,81.73,30,25,52,31,47.03,991550429.4419289,24982375.0,0.0535,-29.01,249960,295126,332150,0.022
4110,RPT,Real Estate,REIT - Mortgage,NYSE,81.67,30,50,34,44,12.5,113790339.62849808,7772564.0,0.1008,-30.32,212040,152353,100376,
4111,OR,Basic Materials,Gold,NYSE,81.66,30,26,69,88,30.69,6939221611.934418,187495864.0,2.68,-36.14,939830,1111276,994242,0.873
4112,IPGP,Technology,Semiconductor Equipment & Materials,S&P 400,81.65,30,80,87,83,84.9,4860642761.8396,42443616.0,0.16420001,-45.51,375000,387063,453370,0.166
4113,YELP,Communication Services,Internet Content & Information,S&P 600,81.64,30,27,36,17,26.27,1253788009.2454224,54990704.0,0.236,-31.05,868480,1206016,1239524,0.008
4114,RANI,Healthcare,Biotechnology,NASDAQ,81.64,30,58,29,42,0.82,106882080.76525116,112389152.0,0.082200006,-78.81,1352720,902213,970906,8.93
4115,ADSK,Technology,Software - Application,S&P 500,81.63,30,14,31,22,234.97,48840007493.318665,211145251.0,0.0313,-28.6,2543020,2854373,2882040,0.184
4116,MNDO,Technology,Software - Application,NASDAQ,81.57,30,26,23,28,1.02,19781463.065001488,20185166.0,0.0002,-32.89,43800,55146,52608,0.018
4117,SBAC,Real Estate,REIT - Specialty,S&P 500,81.52,30,32,62,27,181.9,21547762922.13437,106063017.0,0.031400003,-25.19,945710,1015423,971002,0.059
4118,APWC,Industrials,Electrical Equipment & Parts,NASDAQ,81.51,30,37,34,40,1.48,58962408.48727167,41232455.0,0.13,-36.75,19110,1672010,1005224,0.301
4119,XOS,Industrials,Farm & Heavy Construction Machinery,NASDAQ,81.5,30,84,12,18,2.02,27639837.73316574,12122736.0,0.119399995,-63.93,85370,154566,3262938,0.909
4120,FICO,Technology,Software - Application,S&P 500,81.48,30,25,14,23,1139.54,29002314341.88208,23190906.0,0.0921,-42.97,330730,303463,314402,0.387
4121,BHFAM,Financial Services,Insurance - Life,NASDAQ,81.46,30,31,38,37,9.95,,,0.23,-36.1,38640,57440,47392,-0.362
4122,ORKT,Technology,Software - Application,NASDAQ,81.43,30,27,15,14,1.01,6774133.005076647,5839770.0,0.0372,-71.57,15860,92686,199592,0.609
4123,SAP,Technology,Software - Application,NYSE,81.37,30,15,15,17,180.88,214318093811.06516,1178932294.0,0.0098,-42.26,4258020,3120640,3157770,0.06
4124,RCS,Financial Services,Asset Management,NYSE,81.37,30,30,29,29,5.15,260669231.33929873,47222687.0,1.98,-35.62,125460,125973,132636,-0.047
4125,CETY,Industrials,Specialty Industrial Machinery,NASDAQ,81.34,30,13,11,1,0.89,8954254.033403754,12166106.0,0.0007,-82.24,26460,40130,53462,2.289
4126,GWRS,Utilities,Utilities - Regulated Water,NASDAQ,81.33,30,22,18,27,7.25,209686890.76275444,28763634.0,0.026700001,-35.09,86700,119586,125292,0.067
4127,MMLP,Energy,Oil & Gas Midstream,NASDAQ,81.32,30,19,25,34,2.38,95072989.59185457,39124686.0,0.007900001,-32.77,6850,28813,34154,-0.025
4128,SG,Consumer Cyclical,Restaurants,NYSE,81.32,30,79,23,11,6.55,1183523468.2529154,118827657.0,0.2243,-60.78,6400160,5344643,5838592,-0.029
4129,OPCH,Healthcare,Medical Care Facilities,S&P 400,81.3,30,15,13,69,22.46,3277164140.262726,157027504.0,0.1301,-38.97,2760140,2587823,2796970,0.013
4130,ERIE,Financial Services,Insurance Brokers,S&P 500,81.3,30,25,13,27,233.67,11141402557.742432,52289868.0,0.0983,-38.62,269760,288260,242078,0.023
4131,OPXS,Industrials,Aerospace & Defense,NASDAQ,81.28,30,49,31,86,11.15,79064154.89051723,6959873.0,0.0095999995,-37.22,33530,36120,39782,-0.103
4132,CRVL,Financial Services,Insurance Brokers,S&P 600,81.26,30,32,23,10,59.49,3130180673.75,50691185.0,0.0436,-47.17,157410,212666,219648,0.074
4133,GIL,Consumer Cyclical,Apparel Manufacturing,NYSE,81.24,30,29,48,79,52.5,11292334429.170887,185180953.0,0.039100002,-28.77,1827670,1676206,1707170,0.638
4134,AXIL,Technology,Consumer Electronics,NYSE ARCA,81.23,30,39,41,53,5.96,45746881.330075264,6817717.0,0.0398,-41.85,14330,13700,16318,0.054
4135,MLM,Basic Materials,Building Materials,S&P 500,81.23,30,33,39,68,540.0,34925098155.57861,60045900.0,0.031600002,-24.05,641570,639423,617136,0.172
4136,MKC,Consumer Defensive,Packaged Foods,S&P 500,81.21,29,26,16,37,50.96,12735101859.994488,268843195.0,0.0,-34.8,3555410,4787756,4343590,0.167
4137,UROY,Energy,Uranium,NASDAQ,81.21,29,20,71,85,3.42,513073774.5,146592507.0,1.89,-38.04,4155490,2997220,2956276,4164.0
4138,SPMC,Financial Services,Asset Management,NYSE,81.21,29,26,18,22,10.27,232074281.25,20628825.0,5.71,-44.78,10230,18493,25440,
4139,AREC,Basic Materials,Coking Coal,NASDAQ,81.2,29,63,81,97,1.83,235336803.50078773,106971272.0,0.0853,-74.26,1897000,3009546,3292268,
4140,SOHU,Communication Services,Electronic Gaming & Multimedia,NASDAQ,81.19,29,21,59,69,13.76,406183560.88142395,30065400.0,4.5179996,-20.46,33450,51753,51970,0.042
4141,LSE,Energy,Oil & Gas Equipment & Services,NASDAQ,81.18,29,22,46,16,4.6,76442246.10328674,17025000.0,0.0015,-52.97,14040,8780,17156,-0.31
4142,BTU,Energy,Thermal Coal,S&P 600,81.18,29,29,76,93,21.4,3295610391.4980125,121834029.0,0.16399999,-47.98,2886390,2712863,3255542,0.039
4143,ELLO,Utilities,Utilities - Renewable,NYSE ARCA,81.17,29,23,76,89,19.8,330935355.454731,13783230.0,0.0001,-34.74,4860,6020,11196,-0.022
4144,LFS,Communication Services,Entertainment,NASDAQ,81.17,29,28,16,21,2.18,69587248.78538394,26160619.0,0.0085,-82.55,42370,1313103,2582882,0.09
4145,HDL,Consumer Cyclical,Restaurants,NASDAQ,81.16,29,16,19,27,14.0,788410417.5556183,58836600.0,0.00029999999,-33.98,770,676,896,0.142
4146,ITRG,Basic Materials,Other Precious Metals & Mining,NYSE ARCA,81.15,29,23,69,95,2.16,554169553.0688221,202251661.0,0.0086,-55.65,3296670,3300493,3296914,0.082
4147,JWEL,Consumer Cyclical,Internet Retail,NASDAQ,81.15,29,34,78,66,1.88,6035372.649357796,2376131.0,0.0029,-37.33,1330,1983,4440,0.878
4148,ROAD,Industrials,Engineering & Construction,S&P 600,81.08,29,33,72,79,101.69,6584601469.752136,56534742.0,0.053400002,-32.66,1843860,1129190,919370,0.346
4149,CSV,Consumer Cyclical,Personal Services,NYSE,81.08,29,23,62,49,40.12,653781168.5226746,15872328.0,0.0319,-22.99,117660,131090,131660,-0.009
4150,FVN,Financial Services,Shell Companies,NASDAQ,81.07,29,48,51,47,9.33,81852402.87780762,7544000.0,0.0001,-14.01,34880,111063,75594,
4151,CLPS,Technology,Information Technology Services,NASDAQ,81.06,29,31,33,71,0.82,26857644.488515377,29841828.0,0.0005,-56.38,15160,43370,42582,0.028
4152,WB,Communication Services,Internet Content & Information,NASDAQ,81.03,29,20,30,50,8.12,1930986448.720827,245672572.0,0.184,-37.35,781330,1062670,1216578,0.062
4153,GLSI,Healthcare,Biotechnology,NASDAQ,81.03,29,91,90,98,14.02,362642547.7548256,13854539.0,0.22469999,-58.89,231330,177263,164054,
4154,CRBP,Healthcare,Biotechnology,NASDAQ,81.02,29,36,72,23,9.05,146554855.62288284,18527795.0,0.0743,-55.98,239400,383136,535570,
4155,GIGM,Communication Services,Electronic Gaming & Multimedia,NASDAQ,81.01,29,37,28,37,1.31,16357308.010804653,11052235.0,0.0007,-30.69,5010,7160,5868,-0.123
4156,TKC,Communication Services,Telecom Services,NYSE,81.01,29,36,45,60,5.42,4979700383.185672,870577022.0,0.0029,-24.51,3587530,2653920,2326224,0.089
4157,CCC,Technology,Software - Application,NASDAQ,81.0,29,14,12,14,6.06,2758620407.249977,586940536.0,0.060300004,-42.29,10049590,10772093,10301730,0.118
4158,BTMD,Healthcare,Medical Care Facilities,NASDAQ,80.97,29,30,18,15,2.22,60662850.0,30331425.0,0.0738,-53.26,209730,352876,295688,-0.083
4159,ONIT,Financial Services,Mortgage Finance,NYSE,80.97,29,37,74,61,37.41,291246019.699852,8432137.0,0.0325,-30.85,47260,66476,67578,0.178
4160,LOW,Consumer Cyclical,Home Improvement Retail,S&P 500,80.96,29,30,30,69,210.08,120193161650.98842,560707041.0,0.0198,-28.32,3306610,3193826,3170528,0.103
4161,BTG,Basic Materials,Gold,NYSE ARCA,80.93,29,22,59,86,3.85,6342308228.526194,1332417631.0,1.67,-38.79,17383880,21110073,21518758,1.177
4162,ARDX,Healthcare,Biotechnology,NASDAQ,80.93,29,33,80,85,5.04,1492057488.0565767,247029387.0,0.0987,-40.0,2364840,3972803,3551214,0.275
4163,WGO,Consumer Cyclical,Recreational Vehicles,S&P 600,80.9,29,35,22,85,30.53,839211231.1255589,28265787.0,0.090500005,-39.13,484220,832723,797408,0.06
4164,FWRG,Consumer Cyclical,Restaurants,NASDAQ,80.87,29,36,15,34,13.34,716930019.6046972,61644885.0,0.0845,-31.69,944070,1064156,1159726,0.173
4165,KR,Consumer Defensive,Grocery Stores,S&P 500,80.82,29,21,48,42,57.86,38319247016.34693,616560677.0,0.0419,-24.45,6331440,8906966,8399862,0.012
4166,BKE,Consumer Cyclical,Apparel Retail,S&P 600,80.82,29,22,73,64,44.01,2363134549.7927475,51518086.0,0.1016,-28.66,437730,556393,536114,0.061
4167,CCEL,Healthcare,Medical Care Facilities,NYSE ARCA,80.81,29,20,25,16,3.36,27145854.57816124,8055150.0,0.0019,-47.09,11550,11573,9290,-0.036
4168,ACRV,Healthcare,Biotechnology,NASDAQ,80.73,29,56,83,28,1.52,68482767.42047274,42801729.0,0.0871,-57.3,274180,439003,415990,
4169,NEN,Real Estate,Real Estate Services,NYSE ARCA,80.67,29,26,27,27,57.01,212290036.41902924,3485879.0,0.01,-23.99,210,546,516,0.164
4170,AYTU,Healthcare,Drug Manufacturers - Specialty & Generic,NASDAQ,80.61,29,28,73,78,2.15,24579045.910560608,10733208.0,0.0497,-29.97,20720,22493,28104,-0.327
4171,NOAH,Financial Services,Asset Management,NYSE,80.59,29,31,38,58,8.49,693085449.9893188,65571000.0,0.0057,-33.88,81990,89110,89154,0.125
4172,APPF,Technology,Software - Application,S&P 400,80.46,29,21,19,17,176.02,5698734698.866592,35358533.0,0.113400005,-46.01,495470,413870,404162,0.204
4173,ASAN,Technology,Software - Application,NYSE,80.43,29,18,10,11,7.95,1774925623.9337397,230509827.0,0.3316,-58.16,6339550,5828566,6233664,0.095
4174,SPCE,Industrials,Aerospace & Defense,NYSE,80.43,29,34,20,15,2.56,645513181.3896303,104451974.0,0.2258,-61.27,7618250,14260003,36678212,-0.508
4175,EQX,Basic Materials,Gold,NYSE ARCA,80.42,29,27,88,94,9.41,10684582542.897749,789112450.0,2.45,-50.37,13262950,13054756,13017302,2.243
4176,NKTX,Healthcare,Biotechnology,NASDAQ,80.42,29,86,85,35,2.15,232522413.5,71545358.0,0.090299994,-41.1,637810,775750,668766,
4177,CRSP,Healthcare,Biotechnology,NASDAQ,80.41,29,53,53,37,48.44,5418493163.993835,96448792.0,0.3241,-38.28,1684340,1764720,1730104,0.686
4178,RMBS,Technology,Semiconductors,S&P 400,80.34,29,86,85,81,89.58,15729603945.837234,108136967.0,0.0958,-44.64,3260280,3606213,3179948,0.081
4179,RMD,Healthcare,Medical Instruments & Supplies,S&P 500,80.32,29,21,22,56,208.56,27643396161.304688,145056384.0,0.1078,-29.02,1111960,1536576,1529352,0.108
4180,VZLA,Basic Materials,Other Industrial Metals & Mining,NYSE ARCA,80.26,29,25,36,88,3.24,1356055519.7969675,349498835.0,0.1158,-54.94,4772110,5133276,5679882,
4181,ELTK,Technology,Electronic Components,NASDAQ,80.25,29,45,28,23,8.28,62763185.20536423,6719827.0,0.0014,-32.08,14810,6766,8244,-0.182
4182,SPIR,Industrials,Specialty Business Services,NYSE,80.24,29,92,91,34,11.36,884171785.0669136,38711549.0,0.1233,-56.19,799990,1126573,1295390,-0.337
4183,GAP,Consumer Cyclical,Apparel Retail,S&P 400,80.22,29,19,44,79,20.38,7726944900.283777,365340191.0,0.1305,-30.59,6342690,7852613,8507640,0.01
4184,PSBD,Financial Services,Asset Management,NYSE,80.21,29,39,36,34,9.6,337660843.7716484,31120814.0,0.0135,-35.89,97220,176656,156294,
4185,LUMN,Communication Services,Telecom Services,S&P 600,80.2,29,63,90,62,6.56,11323118423.48051,1030311070.0,0.0655,-45.1,10887210,13254956,13179040,-0.089
4186,ARHS,Consumer Cyclical,Specialty Retail,NASDAQ,80.19,29,49,18,52,7.34,958226230.5803375,141540064.0,0.0876,-43.45,998380,1149470,1184958,0.009
4187,INDO,Energy,Oil & Gas E&P,NYSE ARCA,80.19,29,25,65,73,2.87,44160229.039115906,15386840.0,0.0682,-66.24,331350,315220,518272,-0.23
4188,LODE,Basic Materials,Other Precious Metals & Mining,NYSE ARCA,80.17,29,67,62,23,2.79,315039305.83963585,75913084.0,0.044699997,-41.88,1782760,1730616,1671138,-0.601
4189,KKR,Financial Services,Asset Management,S&P 500,80.13,29,21,28,21,100.98,86141932151.61261,897872941.0,0.0231,-34.37,3488110,4370573,4344210,-0.066
4190,INGR,Consumer Defensive,Packaged Foods,S&P 400,80.11,29,21,27,43,100.33,6396711301.792786,63059061.0,0.0573,-28.58,595070,909580,874128,-0.012
4191,EBS,Healthcare,Drug Manufacturers - Specialty & Generic,NYSE,80.1,29,33,55,80,7.26,470558213.6152725,51596296.0,0.1891,-48.36,548470,840426,843750,-0.297
4192,AERO,Industrials,Airlines,NYSE,80.08,29,37,16,32,15.5,2474521683.0614395,145903409.0,0.0146,-32.75,219730,260630,233358,0.133
4193,NAK,Basic Materials,Other Industrial Metals & Mining,NYSE ARCA,80.08,29,72,88,93,1.39,1316731177.2645636,560311162.0,0.0519,-53.36,4856700,6323346,6692372,
4194,XBIT,Healthcare,Biotechnology,NASDAQ,80.06,29,27,40,29,2.24,73780311.34602928,30487731.0,0.0070999996,-37.95,45370,40253,34700,
4195,BOOT,Consumer Cyclical,Apparel Retail,S&P 600,80.05,28,48,52,74,154.37,5155125090.3289795,30347473.0,0.1144,-26.58,821370,728856,727616,0.187
4196,LBRT,Energy,Oil & Gas Equipment & Services,S&P 600,80.05,28,85,95,93,17.95,4774980869.511551,163191416.0,0.0992,-47.94,7872770,5200606,4384862,0.045
4197,CYCU,Technology,Information Technology Services,NASDAQ,80.02,28,2,2,4,1.61,7481908.2213673,8590021.0,0.0392,-89.86,65739820,22274616,13869198,-0.155
4198,SLRC,Financial Services,Asset Management,NASDAQ,80.02,28,24,64,41,12.76,713574608.5578117,54554634.0,0.016,-25.81,479460,463020,397920,-0.073
4199,RLX,Consumer Defensive,Tobacco,NYSE,80.01,28,22,37,59,1.98,2517844331.902033,1222254564.0,0.0104,-30.28,1335050,2161026,2750086,1.074
4200,MSIF,Financial Services,Asset Management,NYSE,79.93,28,29,50,37,11.22,554118710.4884825,45345229.0,0.0045,-37.99,317670,301156,291580,0.026
4201,OTIS,Industrials,Specialty Industrial Machinery,S&P 500,79.92,28,21,25,41,71.69,27182445418.62976,383716076.0,0.039,-29.31,4627740,4083900,3827152,0.064
4202,MLCO,Consumer Cyclical,Resorts & Casinos,NASDAQ,79.91,28,15,22,28,5.76,2158901001.341779,388291551.0,0.0376,-43.25,1757120,2867193,2692826,0.109
4203,SPOK,Healthcare,Health Information Services,NASDAQ,79.9,28,20,17,30,10.75,221193439.0871048,20887010.0,0.0286,-44.33,137250,174533,167542,-0.085
4204,INSE,Consumer Cyclical,Gambling,NASDAQ,79.9,28,32,24,40,6.83,208358706.93879604,27059573.0,0.0479,-31.36,112460,142760,131474,-0.101
4205,CGBD,Financial Services,Asset Management,NASDAQ,79.9,28,35,44,33,10.1,751263982.8421555,69497128.0,0.0481,-30.3,632270,612496,563586,0.168
4206,PLUG,Industrials,Electrical Equipment & Parts,NASDAQ,79.9,28,81,95,72,2.09,5510522940.422077,1395069082.0,0.2752,-54.37,48540190,52098546,58615046,0.223
4207,OFRM,Consumer Defensive,Packaged Foods,NYSE,79.86,28,67,14,41,15.8,647386370.9578218,41902031.0,0.1842,-41.48,440430,583746,516164,0.437
4208,HITI,Healthcare,Pharmaceutical Retailers,NASDAQ,79.81,28,28,43,27,2.14,215349756.29129648,87897858.0,0.75,-47.23,334750,420146,620148,0.252
4209,FOXF,Consumer Cyclical,Auto Parts,S&P 600,79.79,28,23,20,20,17.81,756527877.7136765,41936133.0,0.1172,-42.88,417410,592446,554468,0.038
4210,MFIC,Financial Services,Asset Management,NASDAQ,79.78,28,29,64,35,9.66,896214202.0667992,82372628.0,0.0383,-28.5,385250,494593,536478,-0.046
4211,GTN,Communication Services,Broadcasting,NYSE,79.78,28,24,82,55,4.06,411981228.0649662,102738455.0,0.0001,-36.96,1051990,1311380,1294800,-0.018
4212,BNTX,Healthcare,Biotechnology,NASDAQ,79.75,28,35,32,40,92.85,24264244071.20848,252884261.0,0.0358,-25.12,793660,814700,922384,-0.354
4213,NN,Technology,Software - Infrastructure,NASDAQ,79.72,28,63,79,52,13.42,2813329796.682436,136436939.0,0.1848,-44.52,2773380,2405226,2498416,-0.353
4214,CHKP,Technology,Software - Infrastructure,NASDAQ,79.72,28,16,10,28,128.23,14048955652.817673,104027807.0,0.048499998,-45.15,1547520,1343510,1375394,0.048
4215,STZ,Consumer Defensive,Beverages - Brewers,S&P 500,79.71,28,30,33,57,130.38,23904592450.15924,172198467.0,0.0452,-26.98,1947390,2442293,2306760,-0.113
4216,SAR,Financial Services,Asset Management,NYSE,79.71,28,51,60,57,18.85,366187011.203392,16267748.0,0.0448,-26.48,148060,178896,142276,-0.006
4217,CMCSA,Communication Services,Telecom Services,S&P 500,79.68,28,21,33,59,23.67,88841327210.52351,3572228557.0,0.0269,-31.11,38777100,42000243,37271120,0.053
4218,CHNR,Basic Materials,Other Industrial Metals & Mining,NASDAQ,79.65,28,31,51,27,3.73,5138627.111709595,1256388.0,0.0683,-54.51,70800,36456,109816,
4219,KYNB,Healthcare,Biotechnology,NASDAQ,79.59,28,40,24,20,6.79,27931973.186058044,4048112.0,0.0287,-46.11,5550,13240,20446,0.365
4220,IBP,Consumer Cyclical,Residential Construction,S&P 600,79.58,28,28,72,90,225.16,5657010170.696869,26940710.0,0.06,-35.48,405100,453650,448308,-0.035
4221,ROOT,Financial Services,Insurance - Property & Casualty,NASDAQ,79.57,28,31,10,12,58.04,823916991.4941101,15826296.0,0.1409,-64.39,172150,242230,246004,0.126
4222,EFOR,Technology,Information Technology Services,S&P 600,79.57,28,4,4,40,27.57,929880012.512207,41000000.0,0.0949,-54.62,1116790,1120496,1078368,0.0
4223,ALEC,Healthcare,Biotechnology,NASDAQ,79.56,28,38,89,85,1.62,239814413.44936824,111025187.0,0.0463,-52.35,406230,759566,746244,-0.715
4224,VST,Utilities,Utilities - Independent Power Producers,S&P 500,79.55,28,27,37,23,148.62,54026745407.04108,337182468.0,0.0461,-32.39,3934330,4245216,4513332,0.434
4225,RDY,Healthcare,Drug Manufacturers - Specialty & Generic,NYSE,79.52,28,38,37,49,11.83,11379633420.606272,834896062.0,0.0471,-26.84,3181600,3199770,2514062,-0.116
4226,HOVR,Industrials,Aerospace & Defense,NASDAQ,79.52,28,72,94,94,1.74,164903558.86172152,56377286.0,0.060900003,-58.37,1459570,1271586,2227822,
4227,CRM,Technology,Software - Application,S&P 500,79.5,28,15,21,17,180.71,156510904998.7793,819000000.0,0.088599995,-34.71,13715690,15386413,15763332,0.133
4228,VUZI,Technology,Consumer Electronics,NASDAQ,79.49,28,37,64,29,2.33,382527983.4694104,83158259.0,0.2015,-58.54,971300,1203290,1866330,-0.12
4229,SANG,Technology,Software - Infrastructure,NASDAQ,79.43,28,18,22,25,4.07,124129887.33474255,33278790.0,14.77,-37.29,16420,8183,6936,-0.122
4230,REFI,Real Estate,REIT - Mortgage,NASDAQ,79.42,28,34,42,34,9.82,241126179.93302536,21207228.0,0.047399998,-34.4,147850,193846,159544,-0.342
4231,IMRX,Healthcare,Biotechnology,NASDAQ,79.42,28,33,93,94,4.23,373304008.305995,64697402.0,0.2015,-58.04,748610,1230623,1710052,
4232,PCOR,Technology,Software - Application,NYSE,79.34,28,11,54,19,53.79,7467557043.104218,150890216.0,0.0925,-34.65,3468220,3417463,2995462,0.157
4233,PXLW,Technology,Semiconductors,NASDAQ,79.33,28,29,23,23,5.87,44351906.92493534,6363258.0,0.0364,-61.93,28960,35276,75394,-0.937
4234,TG,Industrials,Metal Fabrication,NYSE,79.33,28,32,70,73,7.52,272555541.3731046,34898277.0,0.0095999995,-28.58,144960,156790,164966,0.132
4235,PPHC,Industrials,Consulting Services,NASDAQ,79.33,28,12,71,59,10.58,305534297.09153366,29350077.0,0.0061000003,-30.17,103180,128426,122794,0.275
4236,TPB,Consumer Defensive,Tobacco,NYSE,79.33,28,50,29,89,76.01,1644884668.5305023,19367534.0,0.08930001,-48.26,379480,395520,417120,0.168
4237,ROCK,Industrials,Building Products & Equipment,S&P 600,79.31,28,29,11,28,42.87,1146433214.6104965,29661919.0,0.0678,-42.9,315910,352293,357048,0.446
4238,DNUT,Consumer Defensive,Grocery Stores,NASDAQ,79.31,28,50,57,20,3.21,606847996.711731,172400000.0,0.1823,-43.98,2269190,2600653,2638634,-0.022
4239,SHMD,Industrials,Specialty Industrial Machinery,NASDAQ,79.28,28,89,63,98,4.04,385531767.28985596,57800864.0,0.0793,-62.07,435240,689510,909994,-0.375
4240,OCGN,Healthcare,Biotechnology,NASDAQ,79.27,28,50,90,86,1.26,467160159.665802,338521856.0,0.24069999,-53.76,4726770,8265480,7069778,0.035
4241,SLVM,Basic Materials,Paper & Paper Products,S&P 600,79.26,28,21,29,44,37.53,1560438078.9097595,39736136.0,0.0715,-33.93,286620,328590,348242,-0.08
4242,SOWG,Consumer Defensive,Confectioners,NASDAQ,79.26,28,10,1,12,2.99,31588584.745342135,20120117.0,0.0125,-90.6,13830,82146,94976,
4243,TLK,Communication Services,Telecom Services,NYSE,79.25,28,18,29,66,14.56,16208256359.390099,987104524.0,0.0044,-38.1,830020,964146,1052816,0.015
4244,UBER,Technology,Software - Application,S&P 500,79.19,28,25,27,30,70.37,143306173621.2776,2035599013.0,0.0305,-31.0,18455400,19734216,20254962,0.145
4245,NIO,Consumer Cyclical,Auto Manufacturers,NYSE,79.15,28,28,78,32,4.84,14031735084.24097,2505667022.0,0.0721,-39.65,23477360,25206020,32477784,1.122
4246,EPM,Energy,Oil & Gas E&P,NYSE ARCA,79.14,28,26,76,32,3.65,151882770.2011299,35821410.0,0.043899998,-35.96,316200,342586,352072,-0.106
4247,AKTX,Healthcare,Biotechnology,NASDAQ,79.09,28,66,3,2,8.0,18805581.189300537,1144588.0,0.206,-85.92,40810,78530,978926,
4248,CAVA,Consumer Cyclical,Restaurants,S&P 400,79.07,28,62,81,29,66.44,9045360083.5,116473856.0,0.1225,-32.75,3722640,3241633,3398698,0.321
4249,CCLD,Healthcare,Health Information Services,NASDAQ,79.05,28,15,75,25,2.41,99858426.09755659,42492949.0,0.0153,-39.9,180670,200770,278376,0.132
4250,SHEN,Communication Services,Telecom Services,S&P 600,79.05,28,53,80,52,11.82,882385905.3981657,55322001.0,0.061300002,-31.87,595100,531350,435098,0.048
4251,BXC,Industrials,Industrial Distribution,NYSE,79.02,28,32,14,54,53.46,404606729.1124916,7782395.0,0.0596,-39.46,152850,161473,142638,0.031
4252,TELO,Healthcare,Biotechnology,NASDAQ,78.97,28,35,25,12,1.25,89407439.52055454,68774956.0,0.0189,-59.68,161530,132386,116844,
4253,NTSK,Technology,Software - Infrastructure,NASDAQ,78.96,28,26,9,9,12.1,4900523770.688243,403667515.0,3.08,-56.77,4109690,5928240,6241560,0.322
4254,APP,Communication Services,Advertising Agencies,S&P 500,78.96,28,73,64,27,403.87,205961169951.7033,335939521.0,0.040999997,-45.83,5751280,5746086,5429370,0.59
4255,DBVT,Healthcare,Biotechnology,NASDAQ,78.95,27,56,87,98,13.81,1130461332.1778412,59186456.0,0.0305,-47.26,379640,318523,300714,0.125
4256,NCNO,Technology,Software - Application,NASDAQ,78.94,27,18,21,16,18.38,1761611427.6417732,109552950.0,0.1376,-45.81,2328960,3389060,3611984,0.106
4257,AMR,Basic Materials,Coking Coal,S&P 600,78.89,27,33,70,81,143.81,2529828752.8007812,12714624.0,0.1814,-43.34,282590,260826,259860,-0.013
4258,CTSH,Technology,Information Technology Services,S&P 500,78.87,27,9,14,48,53.9,26374479206.085205,473000000.0,0.100200005,-38.07,9762250,13148290,11518238,0.058
4259,VIA,Technology,Software - Application,NYSE,78.87,27,17,7,6,20.09,1238136078.1157036,81295871.0,0.1248,-64.32,831710,1170110,1050218,0.292
4260,RYET,Consumer Defensive,Education & Training Services,NASDAQ,78.86,27,18,18,13,1.01,33157524.742665768,36080004.0,0.0019,-95.19,11240,36850,1251200,-0.911
4261,XBIO,Healthcare,Biotechnology,NASDAQ,78.86,27,49,65,16,2.55,7216826.618492126,2291056.0,0.0027,-81.69,18210,16666,17640,0.36
4262,LUCK,Consumer Cyclical,Leisure,NYSE,78.83,27,24,35,17,7.03,1116969554.7117825,136382126.0,0.32419997,-39.45,84550,126113,120708,0.007
4263,TPG,Financial Services,Asset Management,NASDAQ,78.79,27,22,26,40,42.7,6830782874.721489,160460017.0,0.055,-39.33,1894330,2167766,2212934,-0.568
4264,INR,Energy,Oil & Gas E&P,NYSE,78.78,27,18,72,68,12.53,254084278.4265852,18751607.0,0.090500005,-37.03,304340,355893,396752,0.818
4265,ARVN,Healthcare,Biotechnology,NASDAQ,78.78,27,21,61,89,8.3,579400328.5045395,64521198.0,0.0912,-42.8,575170,717753,743958,-0.917
4266,STKS,Consumer Cyclical,Restaurants,NASDAQ,78.77,27,27,17,21,1.79,63286427.11724758,31564301.0,0.0545,-65.97,12150,17736,22382,0.008
4267,DJT,Communication Services,Internet Content & Information,NASDAQ,78.71,27,11,9,12,10.38,2578440254.894451,276953828.0,0.0683,-53.66,4965730,5159190,4863788,0.061
4268,TW,Financial Services,Capital Markets,NASDAQ,78.7,27,23,39,31,97.8,21857108605.25,218026021.0,0.026800001,-33.69,1731090,1742333,1878374,0.212
4269,GUTS,Healthcare,Biotechnology,NASDAQ,78.69,27,30,33,4,0.69,127871063.27020335,158648963.0,0.0209,-77.23,1878350,1719436,1771078,
4270,COTY,Consumer Defensive,Household & Personal Products,S&P 600,78.68,27,18,10,17,2.69,1875393613.7013874,880466438.0,0.1172,-49.63,9440170,15222423,12506958,-0.013
4271,IDAI,Technology,Software - Application,NASDAQ,78.68,27,13,26,30,2.59,13159914.865945816,5599964.0,0.0345,-50.95,29950,86136,77466,0.387
4272,KLXE,Energy,Oil & Gas Equipment & Services,NASDAQ,78.67,27,74,95,58,2.16,54558219.84989333,19911759.0,0.0686,-52.0,208770,226703,281666,-0.06
4273,WKEY,Technology,Semiconductors,NASDAQ,78.67,27,51,44,29,6.41,103884190.72214699,11378334.0,0.061300002,-67.63,45520,72206,101622,1.089
4274,SVC,Real Estate,REIT - Hotel & Motel,NASDAQ,78.66,27,45,14,34,8.06,1158500435.5010138,647206961.0,0.0185,161.69,1687720,2111316,1858750,-0.163
4275,IBM,Technology,Information Technology Services,S&P 500,78.62,27,55,24,56,221.74,279897824910.791,939885280.0,0.0317,-31.75,11524210,12605033,12520454,0.095
4276,NB,Basic Materials,Other Industrial Metals & Mining,NASDAQ,78.62,27,69,84,91,4.3,840037264.1831474,145587048.0,0.0539,-65.82,2530580,3044943,3320928,
4277,LRE,Real Estate,Real Estate - Development,NASDAQ,78.59,27,30,31,23,1.27,18280147.79534757,13641901.0,0.024,-57.24,4630,8373,42840,0.122
4278,BFAM,Consumer Cyclical,Personal Services,S&P 600,78.58,27,16,18,22,77.95,3294229932.310009,52606675.0,0.0614,-40.39,881520,973983,1028804,0.07
4279,EQS,Financial Services,Asset Management,NYSE,78.58,27,15,24,31,1.16,19693040.893811226,13966696.0,0.0011,-53.41,8890,10980,17066,-0.068
4280,OKYO,Healthcare,Biotechnology,NASDAQ,78.57,27,18,20,39,1.66,90001927.50668418,52479257.0,0.0038,-50.43,152120,141980,107330,
4281,HNRG,Energy,Thermal Coal,NASDAQ,78.55,27,36,26,66,14.61,907731360.7072906,47130392.0,0.075100005,-40.85,759530,806216,769196,-0.135
4282,PSEC,Financial Services,Asset Management,NASDAQ,78.53,27,30,54,36,2.15,1207428486.7318318,501007653.0,0.0876,-38.57,4450250,5249433,5242916,-0.121
4283,GPK,Consumer Cyclical,Packaging & Containers,S&P 400,78.52,27,19,10,15,10.96,3331692045.3432484,295887387.0,0.1739,-53.87,5283150,5023883,5853670,0.017
4284,MOS,Basic Materials,Agricultural Inputs,S&P 500,78.52,27,16,19,39,22.77,7596534670.351128,317846644.0,0.081499994,-40.44,6774270,8644940,8785646,0.144
4285,ALG,Industrials,Farm & Heavy Construction Machinery,S&P 600,78.5,27,28,26,61,157.84,1833891055.2266388,12168343.0,0.051799998,-32.34,99280,164406,164102,0.067
4286,BBOT,Healthcare,Biotechnology,NASDAQ,78.5,27,16,18,31,8.5,718560744.2709045,80107104.0,0.115,-42.84,270530,480136,428144,
4287,NOG,Energy,Oil & Gas E&P,S&P 600,78.5,27,14,68,52,20.84,2303072796.137333,105791123.0,0.19299999,-36.11,2711670,3549160,3211788,-0.071
4288,CNVS,Communication Services,Entertainment,NASDAQ,78.48,27,47,35,11,2.39,51746525.801585674,21294866.0,0.0269,-67.66,85430,465920,329734,-0.6
4289,SGI,Consumer Cyclical,"Furnishings, Fixtures & Appliances",S&P 400,78.48,27,38,33,83,66.87,14894219071.913086,210340624.0,0.095,-32.15,2296780,2557483,2815234,0.123
4290,MSN,Technology,Consumer Electronics,NYSE ARCA,78.44,27,30,56,22,0.37,8837913.564067245,21042652.0,0.0069,-56.47,60760,150616,191292,-0.528
4291,LAZ,Financial Services,Capital Markets,S&P 600,78.42,27,27,30,65,41.95,4659055811.294785,98437685.0,0.054899998,-28.6,2071450,2636303,2303598,0.154
4292,AMSF,Financial Services,Insurance - Specialty,S&P 600,78.38,27,31,17,34,29.35,573270574.0150776,18703771.0,0.026700001,-38.68,248850,248546,238048,0.103
4293,SQFTP,Real Estate,REIT - Diversified,NASDAQ,78.35,27,7,28,4,6.15,,,0.11,-61.54,2450,2930,2642,-0.085
4294,CGTX,Healthcare,Biotechnology,NASDAQ,78.33,27,89,89,86,0.92,105607653.0056423,89498015.0,0.094,-75.98,394760,1867936,1563696,
4295,VFS,Consumer Cyclical,Auto Manufacturers,NASDAQ,78.31,27,22,78,30,3.1,8164980697.211554,2339536010.0,0.0403,-41.34,418350,435543,491620,1.374
4296,TMUS,Communication Services,Telecom Services,S&P 500,78.29,27,19,29,29,173.34,202945849257.95932,1082204717.0,0.038399998,-33.73,5639830,5833136,5466020,0.106
4297,TSLX,Financial Services,Asset Management,NYSE,78.26,27,25,35,36,17.24,1637187664.503479,95019600.0,0.0851,-31.51,457560,640153,644516,-0.197
4298,ADBE,Technology,Software - Application,S&P 500,78.21,27,13,21,19,247.9,104772678546.14258,404200000.0,0.052399997,-41.18,6128930,6679883,6908418,0.12
4299,TPVG,Financial Services,Asset Management,NYSE,78.21,27,34,51,42,4.55,224106374.3456359,40598981.0,0.0571,-39.58,189260,275460,270852,0.014
4300,PTC,Technology,Software - Application,S&P 500,78.2,27,15,21,24,136.3,16024117891.93602,115505791.0,0.0577,-37.96,1856540,1918583,1904674,0.217
4301,CCI,Real Estate,REIT - Specialty,S&P 500,78.19,27,24,39,25,76.51,39935356444.5,436451983.0,0.0375,-33.91,4757310,4600440,4414506,-0.048
4302,DUOL,Technology,Software - Application,S&P 400,78.14,27,17,8,4,133.6,5188609537.558182,46593117.0,0.2226,-75.27,1037900,1227440,1295930,0.265
4303,PACB,Healthcare,Medical Devices,NASDAQ,78.14,27,75,33,66,1.48,462796518.0821285,310601688.0,0.2218,-45.79,7287050,6450416,6138178,0.001
4304,CE,Basic Materials,Chemicals,S&P 600,78.13,27,23,88,66,44.81,5826370814.202229,109662539.0,0.0892,-36.62,1907660,1824900,1767652,-0.022
4305,TGLS,Basic Materials,Building Materials,NYSE,78.11,27,24,14,21,43.59,1911679928.2095337,44364816.0,0.1114,-51.75,246630,281506,269120,0.12
4306,CRMD,Healthcare,Biotechnology,NASDAQ,78.1,27,27,22,15,7.49,662133927.1202765,78451891.0,0.2007,-57.03,1005120,1287993,1261142,2.261
4307,CLPR,Real Estate,REIT - Residential,NYSE,78.1,27,23,35,34,2.8,50734758.93499613,16157566.0,0.0395,-39.26,35590,126780,114120,-0.033
4308,BOOM,Industrials,Conglomerates,NASDAQ,78.07,27,31,36,71,6.26,139392574.49876547,20468807.0,0.042,-31.96,265750,386590,324540,-0.149
4309,FIG,Technology,Software - Application,NYSE,78.05,27,9,7,4,23.76,13473602611.5,528376573.0,0.3689,-83.38,19021670,21659573,20412716,0.461
4310,LOPE,Consumer Defensive,Education & Training Services,S&P 400,78.05,27,20,35,31,150.13,3973167417.43042,26514296.0,0.052199997,-32.69,384330,402420,358816,0.067
4311,TOON,Communication Services,Entertainment,NYSE ARCA,78.03,27,46,27,59,0.59,41991197.8709389,59142534.0,0.0156,-34.44,270970,1580133,1968692,-0.238
4312,GAU,Basic Materials,Gold,NYSE ARCA,78.02,27,27,73,88,1.79,606015915.0421,261213764.0,0.0095999995,-50.55,3100460,3577476,3287926,0.888
4313,WLTH,Technology,Software - Application,NASDAQ,78.0,27,19,47,12,9.46,1826919600.1014528,149502419.0,0.050100002,-35.86,809140,1450833,1699008,0.163
4314,CRNC,Technology,Software - Application,NASDAQ,77.98,26,80,55,20,8.29,581115208.225997,45187809.0,0.1358,-39.66,858550,804226,968664,-0.177
4315,BLRX,Healthcare,Biotechnology,NASDAQ,77.98,26,60,30,25,2.7,17007773.45127082,4499411.0,0.0321,-59.03,10200,20086,56168,0.871
4316,ALTG,Industrials,Rental & Leasing Services,NYSE,77.98,26,54,78,61,6.07,200418921.43547058,32535540.0,0.032899998,-32.48,126460,190273,236976,-0.03
4317,TZOO,Communication Services,Internet Content & Information,NASDAQ,77.97,26,90,74,9,7.13,110095683.78213978,10279709.0,0.0753,-49.5,146170,143963,120698,0.049
4318,KBR,Industrials,Engineering & Construction,S&P 400,77.95,26,21,26,28,34.37,4431309093.88306,126789957.0,0.060399998,-36.8,1885160,1907880,1860832,-0.047
4319,COCH,Healthcare,Medical Devices,NASDAQ,77.94,26,36,24,9,0.67,54278062.09309423,76881111.0,0.0274,-64.55,234480,676800,455122,-0.152
4320,PKX,Basic Materials,Steel,NYSE,77.93,26,29,88,78,54.49,21446053385.952606,302483116.0,0.003,-41.03,359200,442830,422318,0.025
4321,IBTA,Technology,Software - Application,NYSE,77.89,26,74,77,9,26.39,797167688.25,23274969.0,0.2902,-47.74,179900,165726,175094,-0.025
4322,XTIA,Industrials,Aerospace & Defense,NASDAQ,77.89,26,49,69,31,1.53,69644795.88828325,38477789.0,0.123500004,-79.41,491700,749336,1459692,56.223
4323,CRH,Basic Materials,Building Materials,S&P 500,77.88,26,33,43,68,96.0,72693502110.39557,668200216.0,0.0224,-27.02,4209180,4427200,4630578,0.091
4324,WINA,Consumer Cyclical,Specialty Retail,S&P 600,77.88,26,37,33,64,331.35,1354398936.673645,3577671.0,0.12550001,-37.17,47570,48286,46090,-0.049
4325,BWXT,Industrials,Aerospace & Defense,S&P 400,77.87,26,52,79,78,165.59,17945477893.457153,91614649.0,0.0402,-31.52,885480,1009723,969920,0.261
4326,RAIL,Industrials,Railroads,NASDAQ,77.86,26,52,24,83,7.97,145442778.97493362,19137208.0,0.0128,-46.51,171020,292240,240618,-0.332
4327,DLHC,Industrials,Specialty Business Services,NASDAQ,77.86,26,29,57,52,4.9,81305928.28502893,14493035.0,0.0069,-39.51,14450,97816,62450,-0.336
4328,PPIH,Industrials,Building Products & Equipment,NASDAQ,77.85,26,32,84,89,24.26,249303252.70829582,8123273.0,0.013300001,-33.93,70020,120080,130358,0.225
4329,BULL,Technology,Software - Application,NASDAQ,77.82,26,37,17,8,7.15,3403639506.71818,531818665.0,0.0425,-60.97,9225670,9835743,12129772,0.363
4330,SKYX,Industrials,Electrical Equipment & Parts,NASDAQ,77.82,26,27,10,87,1.11,151967016.5387299,134484086.0,0.0548,-66.26,1163160,1662276,1579030,0.098
4331,BXMT,Real Estate,REIT - Mortgage,S&P 600,77.78,26,31,53,62,14.97,3083534861.4257812,168683520.0,0.0691,-27.58,1835440,1842816,1621352,0.349
4332,OSIS,Technology,Electronic Components,S&P 600,77.73,26,22,69,58,219.92,3572666407.5,16482890.0,0.1663,-29.45,170900,212540,241914,0.02
4333,APTV,Consumer Cyclical,Auto Parts,S&P 500,77.69,26,22,23,67,58.09,14377499121.031677,211620527.0,0.0555,-34.68,2120350,2574513,3166098,0.054
4334,SERA,Healthcare,Medical Devices,NASDAQ,77.69,26,20,12,20,2.1,84582849.36102033,39158725.0,0.0091,-48.66,39500,37633,52384,-0.632
4335,FORTY,Technology,Information Technology Services,NASDAQ,77.68,26,24,54,71,106.14,2032456661.2250824,15334667.0,0.11,-44.3,610,480,470,0.024
4336,MBAI,Healthcare,Diagnostics & Research,NASDAQ,77.68,26,23,84,91,1.07,12368574.58430612,7730359.0,0.031,-72.7,27940,61100,64050,
4337,ARQQ,Technology,Software - Infrastructure,NASDAQ,77.66,26,85,10,15,17.71,287313809.5930958,17402411.0,0.129,-71.44,331220,973320,977120,8.299
4338,GROV,Consumer Defensive,Household & Personal Products,NYSE,77.66,26,40,21,59,1.08,49172845.94635069,42028075.0,0.0941,-41.3,17390,37446,49446,-0.143
4339,XZO,Financial Services,Insurance - Diversified,NYSE,77.65,26,37,21,24,15.79,1259220290.1826286,90918430.0,0.0388,-35.81,129840,192986,212410,0.099
4340,IIIV,Technology,Software - Infrastructure,NASDAQ,77.61,26,22,34,17,21.02,398034611.8122711,19549833.0,0.42540002,-38.12,265740,395220,406440,0.062
4341,FTRK,Communication Services,Entertainment,NASDAQ,77.57,26,17,7,25,0.38,10469999.765977263,21812500.0,0.028399998,-96.08,377390,6581580,3983028,37.448
4342,NRG,Utilities,Utilities - Independent Power Producers,S&P 500,77.57,26,27,52,53,133.97,28289066283.927765,210986470.0,0.0257,-29.47,2518070,2652813,2583142,0.195
4343,PMVP,Healthcare,Biotechnology,NASDAQ,77.56,26,36,73,24,1.13,63998121.743056774,53331766.0,0.0598,-39.89,240430,330000,307500,
4344,VS,Technology,Software - Application,NASDAQ,77.52,26,29,25,11,1.28,7254482.053492069,4901677.0,0.0070999996,-54.77,24200,54766,52970,-0.913
4345,TIMB,Communication Services,Telecom Services,NYSE,77.52,26,31,78,82,19.12,10519695499.969116,477733664.0,0.0092,-32.25,573160,471966,394248,0.065
4346,MED,Consumer Cyclical,Personal Services,NYSE,77.52,26,32,27,24,9.91,139322507.98087597,11119115.0,0.2037,-35.9,171210,254736,222258,-0.343
4347,MNDY,Technology,Software - Application,NASDAQ,77.51,26,12,6,6,88.16,4310733477.650322,51551463.0,0.17639999,-72.19,2057730,1354080,1599206,0.245
4348,AIRI,Industrials,Aerospace & Defense,NYSE ARCA,77.49,26,31,29,36,2.74,14794506.668702602,4850658.0,0.0064,-34.29,16340,42816,45614,-0.044
4349,GSIT,Technology,Semiconductors,NASDAQ,77.49,26,90,86,85,5.84,359329006.8331528,36186203.0,0.065799996,-67.82,637480,1029913,1330558,0.074
4350,AAUC,Basic Materials,Gold,NYSE,77.39,26,62,91,98,17.84,3294311772.5339756,125881229.0,0.0293,-44.6,970890,659086,667122,0.138
4351,LVO,Communication Services,Internet Content & Information,NASDAQ,77.38,26,71,35,14,4.52,89179627.11833858,13471243.0,0.0171,-50.87,61820,65973,73652,-0.312
4352,IZEA,Communication Services,Internet Content & Information,NASDAQ,77.35,26,49,77,49,3.38,64624266.19212198,17513351.0,0.0052,-42.31,37620,44360,45056,-0.175
4353,NICE,Technology,Software - Application,NASDAQ,77.33,26,16,35,20,98.88,5429615654.669312,58597188.0,0.070300005,-45.25,737760,587530,654542,0.098
4354,RAND,Financial Services,Asset Management,NASDAQ,77.32,26,21,24,16,10.01,31480029.532894135,2969814.0,0.01,-49.95,2400,1796,2846,-0.383
4355,STRD,Technology,Software - Application,NASDAQ,77.32,26,20,57,28,60.15,824823124.180603,11764700.0,14.29,-37.87,107680,167386,163406,0.119
4356,RDW,Industrials,Aerospace & Defense,NYSE,77.31,26,74,19,30,8.47,4887433086.254822,198918728.0,0.17959999,-68.21,14847020,20740756,36640202,0.579
4357,VNT,Technology,Scientific & Technical Instruments,S&P 400,77.3,26,16,31,55,31.89,3995903881.8359375,140800000.0,0.0766,-33.84,1238780,1602873,1756048,0.013
4358,BUDA,Consumer Defensive,Beverages - Non-Alcoholic,NYSE ARCA,77.24,26,36,62,67,7.51,112232890.97796631,12566666.0,0.0066000004,-37.42,17500,20903,17590,0.072
4359,ECC,Financial Services,Asset Management,NYSE,77.21,26,20,22,23,3.84,544700109.0299072,132208768.0,0.0001,-51.97,783680,982830,962444,-0.191
4360,ONMD,Healthcare,Health Information Services,NASDAQ,77.2,26,24,89,56,0.73,41968158.302440524,54433407.0,0.020399999,-82.7,4630520,1739686,1178216,-0.299
4361,CHA,Consumer Cyclical,Restaurants,NASDAQ,77.13,26,35,16,10,11.19,2434140083.4222603,190763326.0,0.027,-68.41,385150,589226,727352,0.045
4362,GPOR,Energy,Oil & Gas E&P,S&P 600,77.1,26,20,54,61,156.92,3029501710.383209,17969641.0,0.0494,-30.5,247460,472540,396078,0.323
4363,EUDA,Real Estate,Real Estate Services,NASDAQ,77.08,26,16,5,4,19.56,54077507.900857925,2994325.0,0.013099999,-77.26,6340,4610,5598,0.789
4364,BGS,Consumer Defensive,Packaged Foods,NYSE,77.07,26,32,79,73,3.61,331973046.4751015,81167001.0,0.1842,-43.42,2201730,2051543,2072230,-0.039
4365,IONR,Basic Materials,Other Industrial Metals & Mining,NASDAQ,77.05,26,65,35,61,3.33,326405165.58686924,80197826.0,0.0052,-59.39,80550,139196,114316,
4366,FBRT,Real Estate,REIT - Mortgage,S&P 600,77.03,26,25,29,41,7.74,667269293.9018116,76963009.0,0.081999995,-34.63,1330010,1312603,1189640,0.061
4367,PICS,Technology,Software - Infrastructure,NASDAQ,77.03,26,16,11,22,12.9,1372332100.1434898,129587543.0,0.0387,-35.34,244750,273880,369858,0.687
4368,TMDE,Energy,Oil & Gas Midstream,NYSE ARCA,77.0,26,47,91,9,0.75,18616350.505650043,23565000.0,0.0435,-84.28,346530,358743,1093744,-0.227
4369,CALC,Healthcare,Biotechnology,NASDAQ,77.0,26,31,7,2,0.84,12906990.882547796,15798031.0,0.027999999,-88.33,242950,2396270,1567606,
4370,QFIN,Financial Services,Credit Services,NASDAQ,76.94,26,28,11,9,13.85,1957770285.4310684,121751884.0,0.0201,-70.01,838120,1206620,1578750,-0.167
4371,WIT,Technology,Information Technology Services,NYSE,76.94,26,16,17,30,1.95,24757260080.036926,10490364907.0,0.0309,-37.7,8943050,13082013,12373658,0.077
4372,BHM,Real Estate,REIT - Residential,NYSE ARCA,76.92,26,18,58,28,8.61,40929126.15675926,4109350.0,0.0023,-41.87,15240,9230,8280,0.009
4373,FSK,Financial Services,Asset Management,NYSE,76.89,25,24,21,22,10.56,3044322094.6589403,280066433.0,0.0464,-53.44,2204780,2612423,2721712,-0.24
4374,QBTS,Technology,Computer Hardware,NASDAQ,76.89,25,83,79,89,17.98,11165217197.698212,370445170.0,0.1548,-61.54,20265630,22101776,31507498,-0.809
4375,TRI,Industrials,Specialty Business Services,NASDAQ,76.89,25,14,18,10,98.83,37764975721.417564,436538837.0,6.12,-54.75,2379540,2263676,2042162,0.098
4376,MNRO,Consumer Cyclical,Auto Parts,NASDAQ,76.88,25,45,57,79,13.45,493915648.60746,30025266.0,0.27879998,-43.75,1010670,1077966,1199214,-0.072
4377,VNDA,Healthcare,Biotechnology,NASDAQ,76.88,25,42,85,92,5.18,387874363.4300518,60135562.0,0.1112,-47.89,832000,874896,896936,0.034
4378,OXSQ,Financial Services,Asset Management,NASDAQ,76.87,25,21,58,32,1.44,126261569.67985952,93527087.0,0.0641,-40.5,1002790,1441220,1921326,-0.12
4379,MDBH,Financial Services,Capital Markets,NASDAQ,76.84,25,35,37,20,3.06,36535212.0,10438632.0,0.00029999999,-44.36,1640,2963,3872,-0.947
4380,GEVO,Basic Materials,Specialty Chemicals,NASDAQ,76.81,25,16,83,64,1.53,452745075.422027,243411329.0,0.1088,-48.48,3943500,3819440,3481556,0.475
4381,PEPG,Healthcare,Biotechnology,NASDAQ,76.81,25,25,14,98,1.78,103753822.5,69169215.0,0.070700005,-77.18,687450,981806,841126,
4382,CJMB,Industrials,Integrated Freight & Logistics,NASDAQ,76.8,25,5,3,6,1.48,4121666.2476911545,5646118.0,0.039,-74.83,10978250,4151573,2780750,-0.141
4383,JJSF,Consumer Defensive,Packaged Foods,S&P 600,76.79,25,22,30,26,76.86,1427510077.4277954,18753416.0,0.1022,-40.53,217730,247863,234726,-0.032
4384,CNDT,Technology,Information Technology Services,NASDAQ,76.76,25,19,32,11,1.58,268317491.17823696,155096814.0,0.035,-46.98,746360,1117143,1219432,-0.037
4385,NAVI,Financial Services,Credit Services,S&P 600,76.76,25,21,21,24,8.45,804549448.9595289,93989417.0,0.2288,-47.42,765900,1003123,1101570,-0.008
4386,SPSC,Technology,Software - Application,S&P 600,76.76,25,15,10,19,65.83,2083445838.5,36712702.0,0.0892,-55.4,538270,725456,670334,0.058
4387,FIS,Technology,Information Technology Services,S&P 500,76.74,25,14,19,18,46.0,22220635569.054493,516879151.0,0.0394,-44.4,5538680,5830163,6267630,0.301
4388,SAM,Consumer Defensive,Beverages - Brewers,S&P 400,76.72,25,21,33,55,185.31,1846094985.0482788,10413442.0,0.19510001,-29.93,384160,358393,324324,-0.044
4389,AHT,Real Estate,REIT - Hotel & Motel,NYSE,76.71,25,22,10,13,3.22,19947591.78588295,6476491.0,0.0005,-57.35,13380,43766,36794,-0.033
4390,CG,Financial Services,Asset Management,S&P 400,76.67,25,19,35,62,45.36,16353638328.465477,359974427.0,0.0653,-35.06,2733100,3405963,3328844,-0.941
4391,MRKR,Healthcare,Biotechnology,NASDAQ,76.65,25,65,69,88,1.12,26176810.264540315,16673127.0,0.0182,-72.48,40490,57613,61200,
4392,BR,Technology,Information Technology Services,S&P 500,76.62,25,14,16,24,154.77,17778993556.024445,115658297.0,0.0313,-43.08,914930,1364130,1380366,0.078
4393,TARA,Healthcare,Biotechnology,NASDAQ,76.59,25,31,72,92,4.03,261349707.41005373,56204237.0,0.0677,-48.47,409970,648326,704198,
4394,WVVI,Consumer Defensive,Beverages - Wineries & Distilleries,NASDAQ,76.58,25,21,18,16,2.67,13444731.237442493,4979530.0,0.00059999997,-62.81,3080,11916,8622,0.095
4395,THO,Consumer Cyclical,Recreational Vehicles,S&P 400,76.57,25,22,17,78,75.84,4159286477.9460297,52595933.0,0.1078,-38.26,614450,728373,785742,0.053
4396,IRTC,Healthcare,Medical Devices,NASDAQ,76.56,25,24,17,39,119.08,3743028321.344055,32862408.0,0.0953,-43.83,497000,605263,563542,0.257
4397,ALZN,Healthcare,Biotechnology,NASDAQ,76.54,25,14,5,11,1.35,4527642.007709026,3804741.0,0.052800003,-68.6,42410,236610,171666,
4398,SHOE,Consumer Cyclical,Apparel Retail,NASDAQ,76.52,25,23,29,52,15.48,,,,,873270,734393,682408,
4399,MYND,Consumer Defensive,Education & Training Services,NYSE ARCA,76.52,25,18,8,10,0.39,28899641.718504727,47144605.0,0.0036000002,-66.06,6510,15750,726304,-0.392
4400,BLND,Technology,Software - Application,NYSE,76.51,25,13,8,11,1.75,433388805.00398254,242116656.0,0.0638,-61.02,2007430,2414970,2858964,0.149
4401,DSY,Consumer Defensive,Household & Personal Products,NASDAQ,76.5,25,10,2,2,3.21,8886002.532658696,4751873.0,0.0173,-97.81,22090,952870,3481696,-0.173
4402,CLNE,Energy,Oil & Gas Refining & Marketing,NASDAQ,76.48,25,27,69,65,1.93,449258244.9590969,220224634.0,0.037100002,-37.94,1273900,1824296,1574344,0.133
4403,CTM,Technology,Information Technology Services,NYSE ARCA,76.43,25,26,12,21,0.71,80304699.32372457,94698939.0,0.0512,-54.49,1248010,1746923,4996892,0.219
4404,NTLA,Healthcare,Biotechnology,NASDAQ,76.41,25,86,72,50,11.09,1965892394.750145,139722277.0,0.4678,-60.74,3560740,4909436,5390106,-0.095
4405,GRAN,Financial Services,Capital Markets,NASDAQ,76.37,25,21,3,17,1.48,26151561.312377453,24906250.0,0.0022,-77.91,5340,13713,605408,-0.832
4406,CCAP,Financial Services,Asset Management,NASDAQ,76.36,25,26,51,39,10.85,420412306.6977539,36845952.0,0.0155,-32.34,254900,259506,243760,-0.1
4407,TII,Basic Materials,Other Industrial Metals & Mining,NYSE ARCA,76.35,25,79,90,99,2.04,229994154.92386436,98288104.0,1.49,-63.89,229250,1853070,1208826,0.224
4408,HUHU,Industrials,Specialty Industrial Machinery,NASDAQ,76.34,25,76,92,36,6.22,219061117.52776814,25893749.0,0.00059999997,-49.02,39500,43593,69152,0.249
4409,RTO,Industrials,Specialty Business Services,NYSE,76.32,25,48,77,78,24.25,15152796894.62819,503247977.0,0.0066000004,-30.05,1517810,1031680,979314,0.058
4410,SEAT,Communication Services,Internet Content & Information,NASDAQ,76.27,25,14,8,5,7.57,95260854.20827293,10987411.0,0.2468,-81.63,72670,108610,93494,-0.233
4411,AMTM,Industrials,Specialty Business Services,S&P 600,76.24,25,18,35,91,21.73,5670218579.384308,244090344.0,0.090299994,-42.98,1813290,1988800,1956340,-0.004
4412,PATK,Consumer Cyclical,Recreational Vehicles,S&P 600,76.22,25,19,21,88,84.0,2977494435.5396347,32893223.0,0.0951,-43.43,580560,839670,656506,-0.006
4413,JVA,Consumer Defensive,Packaged Foods,NASDAQ,76.2,25,21,84,19,3.39,24546981.08882904,5708600.0,0.0045,-39.79,40720,52360,60846,0.2
4414,UONEK,Communication Services,Broadcasting,NASDAQ,76.19,25,15,25,87,4.89,23716586.25,4517445.0,0.65,-65.07,19840,88833,56330,-0.158
4415,SWIM,Industrials,Building Products & Equipment,NASDAQ,76.19,25,52,28,32,5.38,619933214.5539317,117411589.0,0.058000002,-40.0,578940,754326,763484,0.053
4416,AGI,Basic Materials,Gold,NYSE,76.16,25,20,79,86,28.4,17134588448.391819,419965411.0,2.42,-48.75,4588020,5129310,4526654,0.792
4417,COYA,Healthcare,Biotechnology,NASDAQ,76.16,25,65,17,19,4.08,113063626.08669233,23457183.0,0.0352,-47.35,199010,255430,207634,-0.026
4418,GECC,Financial Services,Asset Management,NASDAQ,76.11,25,22,17,21,5.19,84880396.80478811,13892045.0,0.0397,-54.69,53320,65356,86036,-0.236
4419,JBGS,Real Estate,REIT - Diversified,S&P 600,76.11,25,29,24,37,14.08,854613984.0945721,58255895.0,0.22530001,-42.06,462300,569370,519980,0.059
4420,OCUL,Healthcare,Biotechnology,NASDAQ,76.09,25,35,44,34,8.47,1972832875.6960487,218960358.0,0.1336,-48.48,1918920,2732486,2630698,0.008
4421,BABA,Consumer Cyclical,Internet Retail,NYSE,76.06,25,15,31,74,116.32,298020427787.5304,2399133995.0,0.0197,-39.63,9037900,12975030,12085146,0.029
4422,BRID,Consumer Defensive,Packaged Foods,NASDAQ,76.02,25,23,36,46,6.39,71434666.80123901,9076832.0,0.0046,-26.89,4970,5256,5424,0.114
4423,BRN,Energy,Oil & Gas E&P,NYSE ARCA,75.99,25,26,37,20,0.96,14971381.850852966,14395560.0,0.0179,-57.89,88200,62980,69286,-0.29
4424,POLA,Industrials,Electrical Equipment & Parts,NASDAQ,75.99,25,27,36,9,1.69,7498727.331708431,3640159.0,0.0592,-70.61,5049110,1726133,1091086,0.003
4425,RKT,Financial Services,Mortgage Finance,NYSE,75.98,25,35,23,83,13.26,41055025913.82507,2829429722.0,0.074200004,-45.57,30516850,34475640,30759296,1.671
4426,FUN,Consumer Cyclical,Leisure,S&P 600,75.98,25,49,18,15,17.7,2147304844.812626,102203942.0,0.2048,-47.62,1991880,2330956,2190724,0.117
4427,BTDR,Technology,Software - Application,NASDAQ,75.95,25,84,28,17,11.1,4255555735.2799244,243313653.0,0.34759998,-60.07,9547200,9748610,10614902,1.694
4428,AENT,Communication Services,Entertainment,NASDAQ,75.92,25,31,89,86,5.53,308906254.8832083,50974630.0,0.1122,-37.16,11850,16033,19112,0.212
4429,ATEC,Healthcare,Medical Devices,NASDAQ,75.92,25,12,14,30,9.66,1191867113.75,153789305.0,0.1065,-58.52,1930990,2830540,2672110,0.136
4430,SPAI,Industrials,Aerospace & Defense,NASDAQ,75.91,25,58,56,59,3.9,126805726.51636362,20618817.0,0.0301,-57.42,90560,117600,199686,5.602
4431,HTFL,Healthcare,Health Information Services,NASDAQ,75.9,25,57,34,23,25.83,2671740811.962082,86240828.0,0.0586,-37.34,1104750,1818736,1587806,0.413
4432,ELUT,Healthcare,Medical Devices,NASDAQ,75.87,24,33,23,15,0.9,51281552.28439093,44208236.0,0.0033000002,-65.91,67590,89303,96704,0.162
4433,DKNG,Consumer Cyclical,Gambling,NASDAQ,75.84,24,24,17,19,23.72,12150194614.775126,496128817.0,0.0805,-51.37,11216520,11266253,12191176,0.168
4434,SEED,Basic Materials,Agricultural Inputs,NASDAQ,75.82,24,31,38,22,1.0,13706447.94216156,12129600.0,0.0047,-59.84,4410,10660,18138,-0.319
4435,INFY,Technology,Information Technology Services,NYSE,75.75,24,13,15,37,11.95,51203519582.921486,4047709180.0,0.041100003,-60.17,29581610,27716740,24013098,0.066
4436,SRAD,Technology,Software - Application,NASDAQ,75.75,24,14,9,18,14.7,3909521466.30966,295951662.0,0.064,-54.38,1877990,1944570,2371268,0.113
4437,OGG,Basic Materials,Gold,NYSE,75.73,24,20,66,89,2.38,,,,,1784080,2321253,3741552,
4438,DTI,Energy,Oil & Gas Equipment & Services,NASDAQ,75.73,24,12,80,92,2.32,97686680.31466246,35139094.0,0.0063,-50.53,170080,302576,277688,-0.115
4439,OWL,Financial Services,Asset Management,NYSE,75.73,24,15,14,15,10.16,6947248625.181287,675802413.0,0.2376,-51.8,17338800,19385633,21119942,0.103
4440,IPWR,Technology,Semiconductors,NASDAQ,75.72,24,89,30,20,3.71,119099922.6759882,16008054.0,0.0159,-60.11,115840,223163,691982,
4441,YMAT,Basic Materials,Specialty Chemicals,NASDAQ,75.7,24,55,2,3,1.78,27469207.01560831,20050516.0,0.0427,-72.4,98640,1654443,1828936,
4442,VFF,Consumer Defensive,Farm Products,NASDAQ,75.66,24,24,91,98,1.99,289150372.31017447,114288686.0,0.0479,-60.12,657190,872586,934528,0.266
4443,GDTC,Healthcare,Biotechnology,NASDAQ,75.65,24,14,17,8,0.99,13844416.442189813,11832835.0,0.020299999,-73.1,393580,138900,92024,0.469
4444,BLKB,Technology,Software - Application,S&P 600,75.59,24,9,12,18,40.08,1409656357.670391,45932106.0,0.1224,-46.47,880160,972750,865388,0.042
4445,ITP,Basic Materials,Paper & Paper Products,NYSE ARCA,75.58,24,24,22,19,0.17,3223429.7595512867,16965420.0,0.010199999,-56.41,493580,370790,759276,0.021
4446,DMRC,Technology,Software - Application,NASDAQ,75.53,24,70,49,6,6.52,326957028.25767994,22241975.0,0.286,-57.22,134010,180530,226346,-0.191
4447,RUM,Communication Services,Internet Content & Information,NASDAQ,75.52,24,38,56,17,5.9,1988688265.6762085,216396992.0,0.2214,-46.31,1949930,3076506,3275316,0.074
4448,MMS,Industrials,Specialty Business Services,S&P 400,75.51,24,15,21,47,60.64,3253824696.6240463,52540363.0,0.1167,-39.36,624370,764896,695720,-0.041
4449,BENF,Financial Services,Asset Management,NASDAQ,75.47,24,36,37,78,3.05,53145446.48491144,14363634.0,0.16469999,-75.56,10400,16430,17274,0.734
4450,ASTL,Basic Materials,Steel,NASDAQ,75.43,24,25,42,29,3.84,592284026.7192297,105388619.0,0.023599999,-47.0,1083170,915710,1015754,-0.426
4451,SBC,Industrials,Consulting Services,NASDAQ,75.43,24,14,25,76,3.04,329271990.94299984,102576943.0,0.014400001,-47.13,69710,122716,121220,-0.09
4452,YSG,Consumer Defensive,Household & Personal Products,NYSE,75.41,24,15,9,19,3.48,295487233.14598656,93805468.0,0.0019,-69.92,75060,108346,167170,0.201
4453,NMFC,Financial Services,Asset Management,NASDAQ,75.36,24,24,41,25,6.91,755619120.0,94452390.0,0.045700002,-37.41,498530,707493,626222,-0.197
4454,LUCD,Healthcare,Medical Devices,NASDAQ,75.28,24,32,30,59,0.9,196479874.49239373,190757165.0,0.043,-44.75,1388880,1881733,1519308,0.517
4455,LVWR,Consumer Cyclical,Auto Manufacturers,NYSE,75.28,24,4,14,31,2.06,288714173.46533656,204761830.0,0.0752,-77.21,23061760,8208996,4975500,0.865
4456,SNDL,Consumer Defensive,Beverages - Wineries & Distilleries,NASDAQ,75.27,24,27,26,27,1.25,385244004.9648285,260300000.0,0.0088,-56.75,1905040,1877030,1981354,-0.044
4457,MOB,Industrials,Aerospace & Defense,NASDAQ,75.25,24,52,92,95,4.7,90833938.21288729,12633371.0,0.0499,-57.35,68060,90303,145516,0.39
4458,DAAQ,Financial Services,Shell Companies,NASDAQ,75.24,24,41,41,38,8.4,236209120.41370392,22910680.0,0.00059999997,-25.27,28180,53560,50270,
4459,HWKN,Basic Materials,Specialty Chemicals,S&P 600,75.23,24,25,75,43,129.22,3229767688.678467,20868176.0,0.059699997,-30.58,191880,197333,166442,-0.016
4460,NRDY,Technology,Software - Application,NYSE,75.22,24,29,17,20,0.85,104009271.04659301,126378213.0,0.128,-55.26,270940,707436,702134,0.024
4461,MH,Consumer Defensive,Education & Training Services,NYSE,75.2,24,14,23,31,10.82,2299658281.4738703,191001519.0,0.13,-39.89,555460,941113,802524,0.042
4462,MAIA,Healthcare,Biotechnology,NYSE ARCA,75.2,24,34,21,81,1.25,84513052.75023818,60800758.0,0.0506,-60.82,420380,595703,758500,
4463,CHDN,Consumer Cyclical,Gambling,S&P 400,75.16,24,28,34,32,82.69,6078267282.870575,69696908.0,0.0622,-30.2,1107000,1067140,996052,0.031
4464,RZLV,Technology,Software - Infrastructure,NASDAQ,75.15,24,33,31,20,2.38,1188506216.8670325,398827587.0,0.19440001,-71.83,7938440,13103540,14061298,48.884
4465,CSBR,Healthcare,Biotechnology,NASDAQ,75.13,24,31,28,34,5.26,81099065.95896149,13886826.0,0.0125,-45.38,9760,8580,8902,-0.028
4466,MBOT,Healthcare,Medical Instruments & Supplies,NASDAQ,75.11,24,18,40,17,1.74,136344544.10839963,67164801.0,0.1146,-62.74,515210,692926,997934,
4467,PAX,Financial Services,Asset Management,NASDAQ,75.11,24,19,38,56,10.97,1848931317.6120644,159528153.0,0.1148,-38.37,1059860,919583,888348,0.22
4468,CGC,Healthcare,Drug Manufacturers - Specialty & Generic,NASDAQ,75.11,24,22,31,25,0.92,460872751.36310756,422819025.0,0.0544,-61.34,2299880,3389243,5160916,-0.003
4469,VHC,Technology,Software - Infrastructure,NASDAQ,75.1,24,21,24,84,13.06,73043120.59355164,4185852.0,0.044499997,-54.97,13570,23390,22234,
4470,OTF,Financial Services,Asset Management,NYSE,75.06,24,23,27,23,9.87,5139954727.604404,462642204.0,0.0164,-54.35,2136550,2213253,2304936,0.783
4471,WGS,Healthcare,Diagnostics & Research,NASDAQ,75.05,24,21,15,35,68.96,1543480573.5603676,29688027.0,0.3193,-59.64,649730,793033,979684,0.174
4472,VRME,Industrials,Security & Protection Services,NASDAQ,75.05,24,18,21,55,0.7,8431623.934645772,13119066.0,0.009,-53.64,43320,50200,63420,-0.602
4473,AIFU,Financial Services,Insurance Brokers,NASDAQ,75.04,24,31,5,5,35.2,270212167.4092841,118514110.0,0.0005,274.47,7830,16623,10814,-0.398
4474,CEG,Utilities,Utilities - Independent Power Producers,S&P 500,75.0,24,17,61,20,263.56,103932440628.25,361190063.0,0.0325,-36.14,2776070,3365633,3693690,0.638
4475,FTLF,Consumer Defensive,Packaged Foods,NASDAQ,74.99,24,17,10,32,9.89,95976758.34768677,9391072.0,0.0482,-52.86,16730,33653,31934,0.589
4476,CCJ,Energy,Uranium,NYSE,74.95,24,53,86,92,88.23,49084565291.45883,435532978.0,1.84,-34.76,4008080,3553136,3467606,0.071
4477,FEBO,Technology,Consumer Electronics,NASDAQ,74.91,24,30,75,68,0.83,9325687.441974878,11062500.0,0.0191,-43.15,7080,9313,98244,-0.359
4478,VNET,Technology,Information Technology Services,NASDAQ,74.89,24,51,32,74,7.32,2869691739.7197514,284691643.0,0.24120001,-49.45,4127890,4425100,5814234,0.198
4479,LEN,Consumer Cyclical,Residential Construction,S&P 500,74.88,24,24,16,37,83.75,22112660714.2229,246298296.0,0.0028,-41.94,2654150,2665076,2725922,-0.133
4480,WD,Financial Services,Mortgage Finance,S&P 600,74.82,24,35,17,22,49.07,1723084938.6432152,34331241.0,0.040900003,-45.48,253290,303420,313920,0.32
4481,HTT,Financial Services,Credit Services,NYSE,74.76,24,23,16,20,2.44,464297678.4408989,155283504.0,0.0037,-51.97,244990,316360,354252,-0.939
4482,CATX,Healthcare,Medical Devices,NYSE ARCA,74.76,24,34,64,93,2.99,449342022.70577574,114046197.0,0.1321,-51.46,867060,2110966,1796546,-0.778
4483,BPRE,Financial Services,Asset Management,NYSE,74.71,24,24,62,63,12.24,,,0.67,-32.99,960390,909520,832566,
4484,DNA,Healthcare,Biotechnology,NYSE,74.7,24,67,51,19,8.09,612090473.1942053,65324491.0,0.0877,-53.98,768980,1050543,1117764,-0.491
4485,JBDI,Consumer Cyclical,Specialty Retail,NASDAQ,74.68,24,18,9,59,1.15,9210066.926094294,19029064.0,0.0017,-61.67,90910,97586,165333,-0.081
4486,FINW,Financial Services,Banks - Regional,NASDAQ,74.68,24,25,21,37,13.71,197092842.38853168,13706039.0,0.01,-39.04,29130,40016,32562,0.714
4487,LMRI,Healthcare,Medical Devices,NASDAQ,74.64,24,24,13,10,10.25,747508138.4585404,96080735.0,0.1347,-47.3,332860,554560,703048,0.031
4488,VYGR,Healthcare,Biotechnology,NASDAQ,74.63,24,29,47,29,3.13,233830373.77533245,60421287.0,0.0675,-43.6,644900,744656,661000,-0.599
4489,SNTG,Financial Services,Credit Services,NASDAQ,74.62,24,37,34,51,1.66,5610650.0,2805325.0,0.0067000003,-86.93,921110,310920,217332,-0.359
4490,CVNA,Consumer Cyclical,Auto & Truck Dealerships,S&P 500,74.61,24,34,64,81,61.44,52289052105.0,716288385.0,0.1374,-36.91,12442660,11655456,11140580,0.52
4491,LCID,Consumer Cyclical,Auto Manufacturers,NASDAQ,74.6,23,6,5,7,8.12,2556182166.835579,390256808.0,0.379,-75.91,19641030,23030456,19608372,0.202
4492,CLLS,Healthcare,Biotechnology,NASDAQ,74.6,23,51,83,91,2.85,354152411.2009883,100611481.0,0.0061000003,-47.99,10420,22773,33760,-0.372
4493,HSCS,Healthcare,Medical Devices,NASDAQ,74.59,23,42,10,28,2.08,5318448.863327503,3184700.0,0.0121,-67.85,45250,4715436,2847950,
4494,PMT,Real Estate,REIT - Mortgage,S&P 600,74.59,23,34,57,53,9.31,912136709.8465061,87202362.0,0.0682,-32.59,1596450,1850450,1473240,-0.241
4495,SMID,Basic Materials,Building Materials,NASDAQ,74.57,23,30,35,40,28.46,170075051.6514206,5306554.0,0.0515,-34.81,17660,16843,14760,0.247
4496,CNM,Industrials,Industrial Distribution,S&P 400,74.54,23,22,26,50,43.53,9303658587.091518,188142739.0,0.0482,-35.2,1914950,2423656,2455220,-0.069
4497,RSSS,Technology,Software - Application,NASDAQ,74.52,23,24,34,26,2.22,72915621.99286366,33447532.0,0.0007,-46.12,31720,36390,53402,-0.043
4498,ARTW,Industrials,Farm & Heavy Construction Machinery,NASDAQ,74.5,23,66,46,48,2.17,13367975.48469162,5181386.0,0.0005,-53.93,59590,30613,24280,0.292
4499,PNBK,Financial Services,Banks - Regional,NASDAQ,74.49,23,23,11,31,1.09,131707420.880741,117595911.0,0.0276,-45.5,184090,703653,569792,0.766
4500,EP,Energy,Oil & Gas E&P,NYSE ARCA,74.48,23,18,21,21,2.57,101072196.64204788,39792204.0,0.0001,-59.27,23290,130333,110590,-0.145
4501,WW,Healthcare,Medical Care Facilities,NASDAQ,74.45,23,18,4,13,13.9,166179399.59129333,9998760.0,0.18879999,-70.39,159910,152240,206000,-0.098
4502,IQ,Communication Services,Entertainment,NASDAQ,74.44,23,10,10,34,1.28,1100128184.0952106,965024735.0,0.1522,-54.93,6693720,7117176,6750428,-0.134
4503,TU,Communication Services,Telecom Services,NYSE,74.35,23,17,27,36,10.77,19594928792.003666,1561348884.0,13.17,-35.66,7533690,6810666,6424416,-0.006
4504,PBH,Healthcare,Drug Manufacturers - Specialty & Generic,S&P 600,74.35,23,16,21,36,49.95,2251598992.152649,47372166.0,0.08,-42.67,482980,613356,636062,-0.05
4505,FLL,Consumer Cyclical,Resorts & Casinos,NASDAQ,74.29,23,40,27,16,2.19,90662957.5,36265183.0,0.015800001,-55.76,98000,114453,173932,-0.008
4506,ACIU,Healthcare,Biotechnology,NASDAQ,74.28,23,26,72,72,2.37,270717712.91529584,101773573.0,0.0661,-40.75,190900,242033,262330,0.13
4507,WLK,Basic Materials,Specialty Chemicals,S&P 400,74.28,23,20,86,72,71.72,11124915462.120117,128122944.0,0.1096,-42.27,992550,1153026,1045920,-0.068
4508,CLRB,Healthcare,Biotechnology,NASDAQ,74.26,23,24,15,13,2.53,25094290.518374443,7991812.0,0.09770001,-87.78,38310,99146,137492,
4509,BAH,Industrials,Consulting Services,S&P 400,74.25,23,12,23,23,68.31,9481498609.943619,119746130.0,0.0739,-43.1,2911780,2784983,2408704,-0.065
4510,HUYA,Communication Services,Entertainment,NYSE,74.22,23,22,39,93,2.48,574477980.0,229791192.0,0.0647,-49.7,361340,565670,952152,0.162
4511,GHI,Financial Services,Mortgage Finance,NYSE,74.22,23,28,11,24,5.46,125116926.75174236,23562510.0,0.0107,-56.21,59840,64110,60326,-0.156
4512,LPA,Real Estate,Real Estate - Development,NYSE ARCA,74.21,23,50,25,12,2.93,93904914.42459297,31617816.0,0.0234,-64.87,32610,856366,520586,0.216
4513,OXLC,Financial Services,Asset Management,NASDAQ,74.18,23,17,23,17,8.97,974543442.3395386,97649648.0,0.041100003,-60.48,959660,1020293,1051754,-0.102
4514,OZ,Real Estate,Real Estate - Development,NYSE ARCA,74.13,23,16,25,22,45.06,187108992.0,3898104.0,0.034,-34.7,4430,8483,8730,1.435
4515,SACH,Real Estate,REIT - Mortgage,NYSE ARCA,74.13,23,32,61,50,0.81,57546778.68670344,47955647.0,0.0031,-44.14,114380,146186,244288,
4516,TOUR,Consumer Cyclical,Travel Services,NASDAQ,74.13,23,13,42,17,4.99,64204802.212322235,10863757.0,1.41,-50.59,4720,10616,13326,0.203
4517,IONS,Healthcare,Biotechnology,NASDAQ,74.12,23,75,84,95,53.28,12642585534.0,165262556.0,0.1291,-38.58,3486890,3889266,3006980,0.87
4518,PFLT,Financial Services,Asset Management,NYSE,74.12,23,28,50,43,7.01,814578929.9448624,99217896.0,0.045,-35.57,1233680,1269220,1185742,0.065
4519,RDIB,Communication Services,Entertainment,NASDAQ,74.11,23,20,22,75,8.45,210361832.79956818,22717260.0,0.0164,-51.44,4244,1592,1792,0.123
4520,MRT,Technology,Software - Application,NYSE ARCA,74.08,23,12,26,19,1.75,166730961.39774323,85943792.0,0.0023999999,-44.44,52040,74436,60650,1.561
4521,MDWD,Healthcare,Biotechnology,NASDAQ,74.08,23,22,35,32,14.1,184172813.16945076,12852255.0,0.1347,-37.35,63710,81403,94230,-0.627
4522,PDD,Consumer Cyclical,Internet Retail,NASDAQ,74.06,23,16,27,25,87.44,120191600726.36902,1423396462.0,0.0369,-37.28,6321470,7570826,9438916,0.11
4523,SGA,Communication Services,Broadcasting,NASDAQ,74.05,23,19,38,36,9.02,60410415.44294357,6372407.0,0.0027,-36.79,17250,16196,17112,-0.056
4524,SANA,Healthcare,Biotechnology,NASDAQ,74.04,23,57,36,74,3.25,918362233.7300229,278291590.0,0.24620001,-50.38,2518130,3336396,3487414,
4525,AZO,Consumer Cyclical,Auto Parts,S&P 500,74.02,23,25,32,37,3006.57,48046124150.87891,16369000.0,0.0256,-31.48,143910,384130,381314,0.084
4526,STIM,Healthcare,Medical Devices,NASDAQ,73.98,23,15,18,7,1.97,107165270.94543457,69587840.0,0.28059998,-59.38,1974940,1949016,1940496,0.078
4527,PULM,Healthcare,Biotechnology,NASDAQ,73.9,23,19,3,7,1.7,5076676.097753644,3652285.0,0.0094,-81.58,12690,77750,57574,
4528,LAW,Technology,Software - Application,NYSE,73.89,23,19,41,28,3.96,255896280.55163336,64134406.0,0.041300002,-56.53,240750,250863,254156,0.143
4529,GDS,Technology,Information Technology Services,NASDAQ,73.85,23,23,72,85,31.97,7103386533.7259865,200377613.0,0.0795,-34.23,1533780,2103483,2502534,0.236
4530,TSLA,Consumer Cyclical,Auto Manufacturers,S&P 500,73.85,23,59,58,59,308.85,1636706937835.457,3755723871.0,0.0225,-38.09,46909820,43992300,44973812,0.158
4531,BLIV,Technology,Software - Application,NASDAQ,73.8,23,12,15,33,2.2,26618765.41807413,10864802.0,0.0002,-52.17,30,1340,1520,-0.625
4532,QTRX,Healthcare,Medical Devices,NASDAQ,73.8,23,29,8,48,3.52,144144299.16457415,47105981.0,0.123100005,-59.86,458010,877146,944950,0.201
4533,SOFI,Financial Services,Credit Services,NASDAQ,73.79,23,32,21,38,16.47,23371543783.211517,1282741200.0,0.1368,-49.68,94074010,88815350,83699346,0.425
4534,MTRX,Industrials,Engineering & Construction,NASDAQ,73.77,23,55,35,21,11.38,369397453.7196636,28133850.0,0.0175,-29.36,180550,233166,239344,0.033
4535,ARKR,Consumer Cyclical,Restaurants,NASDAQ,73.76,23,22,60,22,5.65,22826973.534872055,3606157.0,0.0075,-50.13,1290,2303,2320,-0.079
4536,GBR,Real Estate,Real Estate Services,NYSE ARCA,73.74,23,19,34,20,0.69,3900269.7910580635,5131934.0,0.0252,-61.24,142090,90516,85118,0.026
4537,META,Communication Services,Internet Content & Information,S&P 500,73.73,23,31,29,45,539.03,1605578148802.33,2538423304.0,0.0146,-32.3,16738830,19460096,18809630,0.331
4538,NG,Basic Materials,Gold,NYSE ARCA,73.71,23,20,75,92,6.07,3760349728.0747833,438780614.0,0.052399997,-57.85,6785620,5418846,4470414,
4539,INKT,Healthcare,Biotechnology,NASDAQ,73.64,23,60,57,45,10.59,60779166.849778175,4981899.0,0.0505,-86.07,10700,14176,27450,
4540,WLDN,Industrials,Engineering & Construction,NASDAQ,73.61,23,30,30,95,70.35,1372647393.703308,15110606.0,0.0747,-48.65,193150,316356,300040,0.018
4541,HDSN,Basic Materials,Specialty Chemicals,NASDAQ,73.59,23,19,19,35,5.8,223805959.38158607,42068788.0,0.0369,-44.87,383900,526900,525072,0.087
4542,NRDS,Communication Services,Internet Content & Information,NASDAQ,73.59,23,21,45,27,9.0,565869558.9002438,65798783.0,0.1442,-44.58,527390,650243,741870,0.062
4543,PHAT,Healthcare,Biotechnology,NASDAQ,73.57,23,28,93,96,9.03,764859601.4397926,79755953.0,0.1359,-50.68,1484710,1286686,1203122,1.044
4544,PDCC,Financial Services,Asset Management,NYSE,73.56,23,19,17,26,9.18,69713316.49639606,6834639.0,0.0128,-50.11,9190,6623,10536,
4545,ARBB,Technology,Information Technology Services,NASDAQ,73.55,23,29,30,23,4.11,9108720.69064331,1765256.0,0.048499998,-70.41,2560,2890,5520,3.317
4546,PLTR,Technology,Software - Infrastructure,S&P 500,73.48,23,19,32,31,122.26,375275200784.34576,2397311977.0,0.033099998,-41.09,31032590,40442840,39775896,0.847
4547,ZS,Technology,Software - Infrastructure,NASDAQ,73.46,23,16,10,14,148.39,22595671237.35237,161709525.0,0.1058,-55.97,2022330,3026336,4757602,0.254
4548,AXG,Financial Services,Capital Markets,NASDAQ,73.45,23,33,79,89,3.04,655669785.0960124,188953827.0,0.0036000002,-40.28,168050,175250,154446,2.958
4549,INV,Financial Services,Asset Management,NASDAQ,73.45,23,57,93,11,3.31,447958500.4278946,84044748.0,0.1178,-57.89,2059220,1915823,2180852,5.442
4550,CRBU,Healthcare,Biotechnology,NASDAQ,73.41,23,39,78,48,1.51,234066146.59554362,99180575.0,0.0749,-57.28,1190360,2239333,2087522,0.019
4551,GRO,Basic Materials,Other Industrial Metals & Mining,NYSE ARCA,73.38,22,40,69,40,2.05,152624338.93455386,61294915.0,0.0116,-48.62,162630,215263,288262,
4552,SRG,Real Estate,Real Estate Services,NYSE,73.36,22,21,22,29,2.43,144754238.79992676,56324608.0,0.1116,-46.71,279660,198410,311798,-0.984
4553,SSII,Healthcare,Medical Devices,NASDAQ,73.35,22,15,16,7,3.99,788518263.2916183,200131536.0,0.0011,-66.39,100900,76663,72744,1.168
4554,PPTA,Basic Materials,Other Precious Metals & Mining,NASDAQ,73.31,22,41,79,91,18.91,3386308158.0341873,125094503.0,0.121800005,-49.4,1145770,1407040,1645138,
4555,XYF,Financial Services,Credit Services,NYSE,73.26,22,20,11,7,5.02,185262789.9260869,38516173.0,0.0107,-75.34,47780,53226,83732,-0.141
4556,SFHG,Industrials,Specialty Business Services,NASDAQ,73.26,22,12,18,28,2.4,10190599.961280823,4060000.0,0.0002,-51.52,2580,7886,13834,0.225
4557,GPI,Consumer Cyclical,Auto & Truck Dealerships,S&P 600,73.26,22,16,26,24,296.71,3763874330.047516,11898193.0,0.1122,-39.25,214250,222823,203810,-0.018
4558,JZXN,Consumer Cyclical,Auto & Truck Dealerships,NASDAQ,73.25,22,11,3,0,1.33,1541455.5156451464,1328841.0,0.1711,-99.29,5432350,6883683,5746024,
4559,OMSE,Energy,Oil & Gas Equipment & Services,NASDAQ,73.22,22,21,24,15,4.22,199508900.70355225,42448704.0,0.00090000004,-54.38,12680,23903,19460,-0.359
4560,TYL,Technology,Software - Application,S&P 500,73.18,22,14,18,14,323.31,12883164547.14798,41140555.0,0.0655,-47.97,940030,865583,851040,0.086
4561,FBGL,Industrials,Engineering & Construction,NASDAQ,73.15,22,18,27,77,0.51,7829999.774694443,13500000.0,0.0515,-63.57,134130,666306,478918,2.267
4562,SSYS,Technology,Computer Hardware,NASDAQ,73.15,22,29,22,37,8.03,915019556.6883087,86814000.0,0.0438,-37.31,368860,691796,883288,-0.025
4563,DIT,Consumer Defensive,Food Distribution,NYSE ARCA,73.13,22,27,73,34,62.6,79139189.82722473,976063.0,0.0034999999,-34.51,7300,2586,1682,0.171
4564,JMIA,Consumer Cyclical,Internet Retail,NYSE,73.1,22,33,69,97,5.97,899170013.2476139,123852615.0,0.0494,-59.44,1782060,1679703,1808586,0.394
4565,GROY,Basic Materials,Gold,NYSE ARCA,73.09,22,20,74,94,2.69,750129903.25,230809201.0,0.038399998,-50.69,2045580,1940966,1895314,1.287
4566,FSI,Basic Materials,Specialty Chemicals,NYSE ARCA,73.08,22,56,68,34,5.03,84704362.91474247,12737498.0,0.0072000003,-56.18,28380,18786,19784,0.11
4567,MTEX,Consumer Defensive,Food Distribution,NASDAQ,73.06,22,11,8,22,4.88,10999118.631944656,1929670.0,0.0392,-60.8,11210,12620,18844,-0.062
4568,SCWO,Industrials,Pollution & Treatment Controls,NASDAQ,73.03,22,21,22,24,2.24,43213895.380550385,17495504.0,0.0186,-79.45,51000,60686,63622,0.015
4569,UI,Technology,Communication Equipment,NYSE,73.0,22,24,95,66,533.23,35336423661.54602,60522085.0,0.1024,-51.52,85310,101373,114214,0.187
4570,TDS,Communication Services,Telecom Services,S&P 600,72.98,22,28,66,75,33.58,4452673569.488525,113850000.0,0.0005,-31.64,804150,1104766,1113214,0.065
4571,BCIC,Financial Services,Asset Management,NASDAQ,72.97,22,20,16,47,7.24,93078656.88391829,12377481.0,0.0061000003,-46.37,40160,55146,59032,0.452
4572,GILT,Technology,Communication Equipment,NASDAQ,72.94,22,61,92,97,11.0,1295836182.9179764,75470948.0,0.020399999,-47.44,582460,645573,801396,0.2
4573,HTLM,Consumer Cyclical,Specialty Retail,NASDAQ,72.93,22,19,9,13,1.9,179375000.0,89687500.0,0.0076,-54.65,12510,9970,9924,0.07
4574,ILAG,Industrials,Building Products & Equipment,NASDAQ,72.92,22,34,58,6,3.33,7809324.46019268,2076948.0,0.0087,-65.17,6070,66383,92546,-0.279
4575,BETA,Industrials,Aerospace & Defense,NYSE,72.88,22,17,10,7,17.57,4232065423.670574,230756019.0,0.0398,-55.52,1365600,1380773,1480944,0.056
4576,DLB,Industrials,Specialty Business Services,S&P 400,72.88,22,19,27,30,51.78,5279520928.060741,94598115.0,0.1017,-32.75,910100,993050,911972,0.071
4577,SBSW,Basic Materials,Other Precious Metals & Mining,NYSE,72.85,22,18,80,97,9.09,8629808293.445107,723370333.0,0.0164,-57.3,4537860,5300596,5265698,0.316
4578,KVYO,Technology,Software - Application,NYSE,72.78,22,11,29,12,18.35,4740592283.586475,299279813.0,0.15609999,-50.08,4008670,5136660,5713342,0.279
4579,IONQ,Technology,Computer Hardware,NYSE,72.69,22,84,68,18,35.77,26901565038.447052,373269948.0,0.1974,-57.74,20224940,21378323,25315588,7.547
4580,LII,Industrials,Building Products & Equipment,S&P 500,72.68,22,62,36,35,417.45,17475152058.32129,34799968.0,0.0842,-39.45,628530,512543,455238,0.058
4581,FTEK,Industrials,Pollution & Treatment Controls,NASDAQ,72.68,22,73,56,25,1.44,46124569.11442995,31165249.0,0.0038,-60.55,95650,506963,374522,-0.047
4582,LAB,Healthcare,Medical Devices,NASDAQ,72.67,22,18,16,50,0.9,448923327.5428988,390368119.0,0.0548,-47.67,2081290,4035573,3947520,0.046
4583,KOSS,Technology,Consumer Electronics,NASDAQ,72.67,22,27,26,29,3.68,38623066.3177681,9466438.0,0.0442,-57.16,16270,19823,21426,0.016
4584,YHGJ,Consumer Cyclical,Packaging & Containers,NASDAQ,72.66,22,20,11,11,2.97,9341093.320930481,2609244.0,0.0038,-71.14,10240,6766,6630,0.282
4585,HDB,Financial Services,Banks - Regional,NYSE,72.65,22,21,14,37,24.14,122051183186.35759,5132513863.0,0.0039,-39.35,11938500,9034673,9683056,-0.018
4586,NAII,Consumer Defensive,Packaged Foods,NASDAQ,72.65,22,19,20,35,2.43,15939081.42061901,6275229.0,0.00029999999,-51.01,13730,23233,22428,0.233
4587,HLNE,Financial Services,Asset Management,S&P 400,72.62,22,12,12,32,88.95,3807351205.301605,43697364.0,0.1112,-44.8,721660,890226,947732,-0.022
4588,SMCI,Technology,Computer Hardware,S&P 500,72.6,22,27,17,23,27.73,27719377927.149178,601418482.0,0.18049999,-55.53,55942220,51061266,57443328,1.227
4589,EGAN,Technology,Software - Application,NASDAQ,72.58,22,19,45,74,6.68,203954097.1178813,27450081.0,0.059,-58.12,138840,210910,245002,0.071
4590,GPGI,Industrials,Metal Fabrication,NYSE,72.55,22,32,33,89,13.47,3524715126.9706535,289861445.0,0.2384,-49.7,1359030,1545140,1779886,
4591,ZLAB,Healthcare,Biotechnology,NASDAQ,72.53,22,20,32,13,18.21,1987557498.0239677,112354858.0,0.0471,-58.93,630820,851296,870664,-0.065
4592,EIKN,Healthcare,Biotechnology,NASDAQ,72.47,22,34,13,41,9.62,586862735.780899,54138628.0,0.088599995,-44.71,240920,418336,362580,
4593,GOTU,Consumer Defensive,Education & Training Services,NYSE,72.39,22,14,14,18,1.84,424447693.0977831,238453764.0,0.0176,-55.45,312710,386800,516880,0.214
4594,THCH,Consumer Cyclical,Restaurants,NASDAQ,72.38,22,19,31,15,1.8,64073058.0,32036529.0,0.0046,-44.62,8780,7453,6838,-0.073
4595,ANVS,Healthcare,Biotechnology,NYSE,72.36,22,20,49,64,1.77,81680384.73430109,42541868.0,0.1515,-67.82,576330,848173,1056864,
4596,ORLA,Basic Materials,Gold,NYSE ARCA,72.31,22,16,61,91,9.44,4639752626.975811,345991997.0,1.86,-57.05,3498170,3252463,3451644,1.693
4597,AMBO,Consumer Defensive,Education & Training Services,NYSE ARCA,72.31,22,30,16,23,2.12,6836169.880059719,2860322.0,0.0704,-68.59,5740,182763,122060,0.21
4598,STRK,Technology,Software - Application,NASDAQ,72.29,22,17,32,24,63.02,,,0.06,-51.33,61420,138326,148008,0.119
4599,ESRT,Real Estate,REIT - Diversified,NYSE,72.25,22,26,19,27,5.0,988025089.3988452,172430207.0,0.078,-42.92,1923340,1931773,2221554,0.049
4600,AMS,Healthcare,Medical Care Facilities,NYSE ARCA,72.24,22,20,20,29,1.46,9672500.252723694,6625000.0,0.0239,-53.05,17170,152946,146374,0.159
4601,PHR,Healthcare,Health Information Services,NYSE,72.22,22,19,7,9,10.61,609465204.318572,61811889.0,0.0685,-67.61,713430,945360,1241426,0.129
4602,ESBA,Real Estate,REIT - Office,NYSE ARCA,72.21,22,22,20,27,4.95,1542376328.5393124,279923097.0,0.26,-43.43,8490,5583,6104,0.049
4603,TRMB,Technology,Scientific & Technical Instruments,S&P 500,72.18,22,14,37,25,57.06,13149820751.220005,233111519.0,0.0343,-34.79,2747790,3049473,3046818,0.118
4604,LGVN,Healthcare,Biotechnology,NASDAQ,72.14,22,23,53,8,0.68,24393619.411079407,31597952.0,0.080299996,-62.22,186240,261756,268884,0.045
4605,RGTI,Technology,Computer Hardware,NASDAQ,72.05,22,67,50,29,14.86,8489465835.100197,332398807.0,0.1487,-74.45,21718970,25233423,40955576,1.989
4606,CIGI,Real Estate,Real Estate Services,NASDAQ,72.03,22,16,17,32,99.38,4822156580.751297,51103821.0,2.16,-42.06,249320,243780,222288,0.151
4607,CMMB,Healthcare,Biotechnology,NASDAQ,72.01,22,21,11,5,1.53,14400756.0,7200378.0,0.0057,-72.28,75590,216180,150032,
4608,VTS,Energy,Oil & Gas E&P,NYSE,72.0,22,21,32,38,15.25,720790715.3616486,41712424.0,0.1539,-43.83,407510,521083,533824,0.022
4609,LCTX,Healthcare,Biotechnology,NYSE ARCA,71.96,22,29,82,96,1.11,331566743.04872215,249298295.0,0.1741,-46.89,1143460,1778440,1502314,0.148
4610,PZZA,Consumer Cyclical,Restaurants,S&P 600,71.9,21,30,32,29,30.23,1125577868.8173065,32902014.0,0.2476,-45.77,1014280,938840,974710,-0.077
4611,CPRI,Consumer Cyclical,Luxury Goods,S&P 400,71.87,21,32,40,37,15.89,2131894237.0415268,115175268.0,0.1035,-43.79,3003520,3127386,3456544,-0.037
4612,ASTS,Technology,Communication Equipment,NASDAQ,71.81,21,83,73,97,58.44,33880828390.07193,298746383.0,0.176,-56.34,14881770,18747050,22182230,19.522
4613,TRUP,Financial Services,Insurance - Property & Casualty,S&P 600,71.81,21,17,14,19,24.48,951798685.7280884,43620472.0,0.1033,-57.71,329420,362870,374066,0.123
4614,MGPI,Consumer Defensive,Beverages - Wineries & Distilleries,NASDAQ,71.8,21,18,15,32,17.74,377202324.89752007,21371237.0,0.0678,-46.85,161700,214006,197300,-0.125
4615,DOYU,Communication Services,Internet Content & Information,NASDAQ,71.78,21,18,15,24,4.72,158137214.25260735,30178859.0,0.009,-49.46,15720,19760,23856,-0.132
4616,PLRX,Healthcare,Biotechnology,NASDAQ,71.76,21,23,21,11,1.06,78019513.14948249,61920249.0,0.056900002,-45.64,508350,582846,556448,
4617,VERU,Healthcare,Biotechnology,NASDAQ,71.75,21,61,13,14,2.22,38039256.563186646,16050320.0,0.040900003,-70.0,214240,292573,2437718,
4618,LRN,Consumer Defensive,Education & Training Services,S&P 600,71.71,21,28,35,24,83.07,3928444602.4020386,42524840.0,0.2227,-51.47,822800,789570,822170,0.027
4619,HIMS,Healthcare,Drug Manufacturers - Specialty & Generic,S&P 400,71.7,21,76,18,9,27.04,6052618635.955896,231457695.0,0.32959998,-61.61,17286370,16375793,17287924,0.038
4620,EVLV,Industrials,Security & Protection Services,NASDAQ,71.69,21,35,75,35,5.48,1160170560.1922512,179871410.0,0.047199998,-38.5,1911550,2209976,2331482,0.447
4621,GIFT,Communication Services,Internet Content & Information,NASDAQ,71.6,21,28,25,28,0.87,30528135.204410076,34109649.0,0.0014,-51.67,29690,39686,84802,-0.041
4622,CMCL,Basic Materials,Gold,NYSE ARCA,71.58,21,17,40,91,18.87,458877549.7004013,19313028.0,0.0881,-51.3,183330,268163,251320,0.139
4623,VOYG,Industrials,Aerospace & Defense,NYSE,71.55,21,72,15,16,23.97,2935254068.568512,59262147.0,0.16700001,-67.59,1165440,1909930,2374880,0.021
4624,AARD,Healthcare,Biotechnology,NASDAQ,71.55,21,19,5,39,6.4,89665345.26280165,21816385.0,0.070300005,-64.33,153230,385700,289356,
4625,DXYZ,Financial Services,Asset Management,NYSE,71.5,21,24,73,33,23.5,1599447360.0,30465664.0,0.0496,-67.75,1091730,1412186,3754068,
4626,FENG,Communication Services,Internet Content & Information,NYSE,71.48,21,17,25,24,1.48,19937887.7590971,12010776.0,0.0004,-59.45,2130,6693,20730,0.216
4627,TASK,Technology,Information Technology Services,NASDAQ,71.48,21,9,19,19,5.91,579690030.6631374,91578205.0,0.1276,-67.86,1147760,819286,695940,0.103
4628,BIVI,Healthcare,Biotechnology,NASDAQ,71.47,21,78,25,5,1.43,10709411.056339383,7541839.0,0.0252,-88.18,191240,224110,178548,
4629,WSO,Industrials,Industrial Distribution,S&P 400,71.46,21,54,52,43,310.73,14925380979.553894,40657534.0,0.0,-37.22,640530,450910,414062,0.001
4630,LYEL,Healthcare,Biotechnology,NASDAQ,71.43,21,17,84,95,13.72,404379725.92975044,23334087.0,0.067600004,-69.51,145540,227506,184458,-0.714
4631,PPC,Consumer Defensive,Packaged Foods,S&P 400,71.37,21,14,15,54,29.34,6735570022.645975,237921941.0,0.0228,-41.97,1621110,1664266,1578974,0.016
4632,PAR,Technology,Software - Application,NYSE,71.35,21,20,5,7,16.85,636841295.2524061,41246199.0,0.33099997,-76.65,775850,1032093,1151758,0.194
4633,BBW,Consumer Cyclical,Specialty Retail,NYSE,71.34,21,11,15,75,35.27,468119612.0722275,12580479.0,0.2481,-53.5,232510,358716,384502,-0.024
4634,WAY,Healthcare,Health Information Services,S&P 600,71.31,21,14,13,14,20.94,3818994630.5416756,191812891.0,0.0775,-49.53,2956280,3028196,2692818,0.224
4635,HUBS,Technology,Software - Application,NYSE,71.28,21,7,13,6,233.1,11294206155.994629,51190708.0,0.1409,-61.85,1783750,1639570,1805064,0.234
4636,ICU,Healthcare,Biotechnology,NASDAQ,71.28,21,81,55,4,3.18,14828877.572473526,3997002.0,0.039,-75.54,55910,95513,92772,0.689
4637,TCOM,Consumer Cyclical,Travel Services,NASDAQ,71.28,21,13,24,27,46.48,29866918871.630783,629705222.0,0.0231,-41.16,3747930,3815036,3510976,0.208
4638,POOL,Industrials,Industrial Distribution,S&P 600,71.27,21,27,17,31,190.68,6610760521.769562,36443003.0,0.1216,-44.73,1118870,1124746,1023770,0.062
4639,UAMY,Basic Materials,Other Industrial Metals & Mining,NYSE,71.25,21,92,96,96,5.22,1330706817.7260056,148185622.0,0.21290001,-73.52,4942120,6244016,7717326,-0.031
4640,WPRT,Consumer Cyclical,Auto Parts,NASDAQ,71.24,21,46,25,17,1.72,34617510.82589865,17395734.0,0.0434,-58.55,55390,2121400,1282326,-0.742
4641,CHWY,Consumer Cyclical,Internet Retail,S&P 400,71.2,21,10,19,19,22.82,9218492025.755722,408983658.0,0.1159,-53.06,8024410,9492893,9928080,0.005
4642,RXST,Healthcare,Medical Devices,NASDAQ,71.19,21,10,20,18,6.08,220643922.81168938,41396609.0,0.1238,-62.84,933320,1369733,1190626,-0.185
4643,HGBL,Financial Services,Capital Markets,NASDAQ,71.18,21,18,21,21,1.16,42384696.87396383,34741554.0,0.0022,-50.0,82260,87316,74116,-0.055
4644,TTEC,Technology,Information Technology Services,NASDAQ,71.15,21,11,24,29,2.58,132350797.71212745,48658381.0,0.3204,-53.85,377200,597386,556954,-0.071
4645,ARX,Financial Services,Insurance Brokers,NYSE,71.09,21,20,25,14,11.2,3480311331.3813972,218201340.0,0.0696,-64.08,2633710,2403950,2047798,0.597
4646,AESI,Energy,Oil & Gas Equipment & Services,S&P 600,71.08,21,81,85,29,10.3,2084674263.6667786,124905584.0,0.1898,-48.83,4020890,3181363,3026398,-0.108
4647,DMC,Consumer Defensive,Farm Products,S&P 600,71.04,21,17,65,69,29.56,,,,,349920,498530,522132,
4648,MBC,Consumer Cyclical,"Furnishings, Fixtures & Appliances",S&P 600,71.02,21,36,12,63,8.15,1110906280.2577972,127984590.0,0.221,-42.69,2028410,2448250,3199200,-0.064
4649,FIEE,Technology,Communication Equipment,NASDAQ,71.01,21,63,98,99,3.04,48527723.10801029,8528598.0,0.0023999999,-61.76,1506340,504663,306960,16974.912
4650,LASE,Industrials,Specialty Industrial Machinery,NASDAQ,71.0,21,27,4,3,0.98,35215886.30488253,38319788.0,0.0535,-85.52,6145540,3876746,18168452,0.902
4651,VLN,Technology,Semiconductors,NYSE,70.96,21,88,70,17,1.56,373200114.8652575,105722413.0,0.0001,-57.95,906300,1448690,2297262,0.002
4652,CNXC,Technology,Information Technology Services,S&P 600,70.91,21,13,9,27,24.9,1725826583.3915863,61004826.0,0.2027,-59.93,1245660,2316403,1837328,0.054
4653,IMA,Healthcare,Biotechnology,NASDAQ,70.85,21,21,9,13,5.91,66321285.69079399,11279130.0,0.0401,-67.17,11930,11083,13168,
4654,SMRT,Technology,Software - Application,NYSE,70.83,21,20,60,84,1.02,242975965.10095286,192838069.0,0.01,-53.64,1652730,2520656,2109648,-0.064
4655,USAR,Basic Materials,Other Industrial Metals & Mining,NASDAQ,70.8,21,87,88,89,14.65,6247220652.708744,223035366.0,0.1174,-66.69,10780210,11672820,13858294,
4656,CPRT,Industrials,Specialty Business Services,S&P 500,70.74,21,15,17,23,29.57,30338842688.942863,925811482.0,0.0437,-42.47,13068900,13906276,12938380,0.021
4657,IT,Technology,Information Technology Services,S&P 500,70.71,21,10,11,9,152.92,10859596191.47905,66951889.0,0.2425,-64.77,1315810,1463130,1536192,-0.015
4658,PRME,Healthcare,Biotechnology,NASDAQ,70.71,21,60,59,69,3.02,641191942.4374888,180617451.0,0.2163,-56.48,2752220,3939896,3472246,-0.411
4659,MSB,Basic Materials,Steel,NYSE,70.71,21,23,26,70,22.98,346105852.7892494,13120010.0,0.0126,-45.78,47190,44230,50942,-0.476
4660,MBLY,Consumer Cyclical,Auto Parts,NASDAQ,70.66,21,31,18,12,7.9,8708204826.447407,842186141.0,0.1765,-60.85,9866410,8187103,7104358,0.274
4661,ESAB,Industrials,Metal Fabrication,S&P 400,70.51,21,22,19,60,85.59,5627296658.739624,60881712.0,0.0531,-37.72,602870,718810,733990,0.099
4662,NKE,Consumer Cyclical,Footwear & Accessories,S&P 500,70.51,21,17,13,36,42.29,68461406857.69371,1480887033.0,0.056999996,-47.25,17550480,25356680,23617226,0.001
4663,KULR,Technology,Electronic Components,NYSE ARCA,70.5,21,80,11,9,2.59,221109258.40513945,46257165.0,0.2308,-75.47,1016850,1656126,2168862,0.979
4664,GSIW,Financial Services,Capital Markets,NASDAQ,70.47,21,55,31,18,23.01,40395441.33879852,1412428.0,0.0134000005,-93.57,16680,12490,9428,4.146
4665,URG,Energy,Uranium,NYSE ARCA,70.37,21,35,82,87,1.25,643677603.7546259,397331853.0,0.081099994,-46.81,6907930,11560270,11645832,
4666,DRIO,Healthcare,Health Information Services,NASDAQ,70.31,21,10,10,21,7.2,56671084.5,7312398.0,0.0094,-59.42,26750,18970,14124,-0.312
4667,ALMU,Technology,Semiconductors,NASDAQ,70.31,21,83,86,63,15.33,395029127.9034138,18305335.0,0.2379,-51.78,512100,573636,853698,-0.026
4668,ORGO,Healthcare,Drug Manufacturers - Specialty & Generic,NASDAQ,70.3,21,16,9,29,2.45,330693579.7700472,128674548.0,0.1983,-65.38,584170,751096,804036,-0.571
4669,TUYA,Technology,Software - Infrastructure,NYSE,70.28,20,18,64,28,1.7,1299781849.3157377,613104679.0,0.0081,-42.28,711350,830250,1041558,0.083
4670,YALA,Technology,Software - Application,NYSE,70.27,20,21,31,53,5.38,886681307.2472649,151828987.0,0.0339,-42.09,235610,277010,329242,-0.058
4671,BON,Basic Materials,Specialty Chemicals,NASDAQ,70.21,20,22,19,24,1.11,10299201.944406033,8128810.0,0.0046,-67.35,10490,9786,16208,
4672,KEP,Utilities,Utilities - Regulated Electric,NYSE,70.18,20,21,53,95,12.11,16896494310.728111,1283928154.0,0.001,-48.27,1095430,1177020,1197210,0.007
4673,MNTN,Technology,Software - Application,NYSE,70.15,20,25,19,6,9.23,697104153.5398407,73924086.0,0.0214,-71.16,905970,1341423,1207680,0.142
4674,GMHS,Communication Services,Electronic Gaming & Multimedia,NASDAQ,70.08,20,22,22,22,0.84,56746021.41663861,57319213.0,0.0032,-68.42,21690,61003,1296484,-0.078
4675,SRPT,Healthcare,Biotechnology,S&P 600,70.08,20,26,34,16,15.56,1886647175.7430916,105576222.0,0.2841,-64.57,3145740,3805406,3353094,-0.019
4676,AMPY,Energy,Oil & Gas E&P,NYSE,70.07,20,21,90,76,3.75,191160838.0349722,41287437.0,0.080299996,-44.77,624840,845220,769702,-0.48
4677,JRVR,Financial Services,Insurance - Specialty,NASDAQ,70.05,20,15,60,82,4.47,180786110.92854118,46236856.0,0.031600002,-37.92,232920,354746,356530,-0.121
4678,ANNA,Energy,Oil & Gas E&P,NASDAQ,70.0,20,8,52,10,2.8,123638799.21913147,40940000.0,0.1447,-73.68,269290,281093,344230,10.839
4679,NWTG,Consumer Cyclical,Leisure,NASDAQ,69.98,20,8,16,22,1.05,4847513.189353943,4752464.0,0.0139,-52.87,14870,66036,58250,1.124
4680,NIU,Consumer Cyclical,Auto Manufacturers,NASDAQ,69.97,20,10,30,38,2.59,184324799.31975174,78436088.0,0.031400003,-54.32,270630,316063,423802,0.334
4681,XELB,Consumer Cyclical,Apparel Manufacturing,NASDAQ,69.97,20,76,88,60,1.22,13172062.886221647,6056121.0,0.012200001,-57.93,41380,60270,434498,-0.034
4682,BCARU,Financial Services,Shell Companies,NASDAQ,69.93,20,66,50,60,8.0,,,327.78,-32.55,980,1786,1292,
4683,KROS,Healthcare,Biotechnology,NASDAQ,69.92,20,18,15,77,10.22,222658166.25,19791837.0,0.0991,-54.68,161450,276710,271272,-0.998
4684,GRCE,Healthcare,Biotechnology,NASDAQ,69.88,20,10,15,65,2.07,39768248.35699725,15474027.0,0.1596,-60.04,294190,272940,274650,
4685,ONCY,Healthcare,Biotechnology,NASDAQ,69.87,20,32,66,55,0.75,124128225.12700367,119354067.0,0.0639,-50.33,1261240,1393510,1509712,
4686,JBI,Industrials,Building Products & Equipment,NYSE,69.8,20,20,11,22,5.09,728335751.8718376,136392459.0,0.0377,-52.87,1013550,1502240,1629600,0.058
4687,PETS,Healthcare,Pharmaceutical Retailers,NASDAQ,69.77,20,15,16,34,1.98,46439075.782728195,21400495.0,0.0367,-54.17,103120,1222873,817628,-0.217
4688,AMRC,Industrials,Engineering & Construction,NYSE,69.76,20,58,86,75,20.66,1905191959.420765,52951417.0,0.1453,-54.02,534400,536070,589890,0.138
4689,OM,Healthcare,Medical Devices,NASDAQ,69.76,20,30,7,5,4.75,90647106.01501131,18537241.0,0.1507,-78.39,106930,249783,224636,-0.063
4690,NEUP,Healthcare,Biotechnology,NASDAQ,69.73,20,13,63,21,3.92,28698165.50074911,5404551.0,0.0036000002,-81.68,868380,351873,240270,
4691,MDAI,Healthcare,Medical Devices,NASDAQ,69.72,20,48,79,25,1.58,65875646.8255198,31823985.0,0.0726,-50.78,143410,231130,546486,-0.405
4692,ACCS,Communication Services,Advertising Agencies,NYSE ARCA,69.71,20,13,31,22,6.79,25078650.38809204,3882144.0,0.0058,-49.14,13080,18560,17138,-0.027
4693,MNSO,Consumer Cyclical,Specialty Retail,NYSE,69.69,20,12,19,33,13.09,4040618566.139016,311535735.0,0.0182,-51.05,666100,703933,712446,0.285
4694,TTGT,Technology,Information Technology Services,NASDAQ,69.69,20,20,38,19,4.49,331854454.4020195,72299443.0,0.1409,-50.11,507480,426693,408000,0.021
4695,DCGO,Healthcare,Medical Care Facilities,NASDAQ,69.66,20,11,12,7,0.67,64996195.000380516,98778413.0,0.048600003,-62.36,466440,1031123,860700,-0.213
4696,GYRE,Healthcare,Biotechnology,NASDAQ,69.64,20,26,42,30,5.81,573437368.214653,97028322.0,0.0808,-38.32,50780,95896,95580,0.021
4697,FGI,Consumer Cyclical,"Furnishings, Fixtures & Appliances",NASDAQ,69.61,20,29,92,87,4.2,12282883.817852497,1931271.0,0.1396,-66.72,37370,26860,33022,-0.144
4698,ZONE,Industrials,Pollution & Treatment Controls,NYSE ARCA,69.58,20,92,6,1,0.35,6364752.0948421955,7955940.0,1.52,-95.52,5973280,3573553,3349276,-0.025
4699,PPSI,Industrials,Electrical Equipment & Parts,NASDAQ,69.57,20,53,55,63,2.97,60141762.56657791,11096266.0,0.0062,-52.78,53110,75323,155740,-0.367
4700,GOOS,Consumer Cyclical,Apparel Manufacturing,NYSE,69.45,20,19,38,34,9.26,986967195.8972397,97142442.0,0.0883,-39.97,788100,621733,655982,0.179
4701,DOX,Technology,Software - Infrastructure,NASDAQ,69.45,20,12,22,24,55.28,6685147209.594727,106164000.0,0.0739,-42.06,1278440,1613996,1449560,0.039
4702,KPLT,Technology,Software - Infrastructure,NASDAQ,69.44,20,29,25,13,6.33,28923902.877976418,4765058.0,0.111999996,-73.99,9000,10956,13392,0.098
4703,IGC,Healthcare,Biotechnology,NYSE ARCA,69.43,20,26,51,19,0.25,29026481.094772965,100091317.0,0.0227,-50.0,323200,437130,571950,-0.039
4704,THRY,Technology,Software - Application,NASDAQ,69.43,20,23,7,5,4.05,172077174.75543022,44349786.0,0.0926,-71.64,473940,554533,637650,-0.075
4705,HLI,Financial Services,Capital Markets,S&P 400,69.39,20,21,27,34,128.34,9782953015.323029,69059387.0,0.034,-39.4,1039060,965090,842430,-0.046
4706,GRAB,Technology,Software - Application,NASDAQ,69.37,20,23,17,23,3.4,14478599843.978882,4090000000.0,0.0661,-48.64,49298230,47899013,49169746,0.235
4707,RDACU,Financial Services,Shell Companies,NASDAQ,69.37,20,53,41,23,7.6,,,0.61,-61.67,0,0,14,
4708,CTEV,Healthcare,Health Information Services,NYSE,69.35,20,68,22,19,23.58,428240473.9870739,17047789.0,0.1155,-68.17,100540,120876,125160,0.058
4709,ACN,Technology,Information Technology Services,S&P 500,69.32,20,7,14,25,163.29,115129459701.71173,615435159.0,0.043899998,-49.25,8306500,11948713,9153686,0.083
4710,OWLT,Healthcare,Medical Devices,NYSE,69.31,20,22,10,94,5.25,160376465.1246872,29001168.0,0.0318,-69.01,108100,187080,212240,0.064
4711,LEGN,Healthcare,Biotechnology,NASDAQ,69.28,20,75,62,8,19.05,5044692722.378357,185739792.0,0.19639999,-57.94,3065680,2780966,2778436,0.565
4712,FRMI,Real Estate,REIT - Specialty,NASDAQ,69.26,20,31,3,2,6.73,4450268200.380764,637574239.0,0.0986,-81.81,17817370,19940920,18778458,
4713,GRRR,Technology,Software - Infrastructure,NASDAQ,69.22,20,88,53,17,11.47,566351019.661068,27653859.0,0.1305,-58.89,991100,1493323,1671460,0.048
4714,CUPR,Healthcare,Medical Instruments & Supplies,NASDAQ,69.22,20,87,3,2,2.66,6435000.255703926,2681250.0,0.0378,-96.5,14040,1828123,3870244,2.674
4715,STEP,Financial Services,Asset Management,S&P 600,69.21,20,16,30,41,43.63,3979645909.913742,80706668.0,0.0664,-43.92,1121650,1489833,1479242,0.558
4716,AMPX,Industrials,Electrical Equipment & Parts,NYSE,69.14,20,91,98,97,9.47,2872199104.84766,141627170.0,0.1627,-58.46,5398920,6833776,7660248,1.529
4717,STUB,Communication Services,Internet Content & Information,NYSE,69.08,20,78,6,9,8.52,3701811658.963832,375437301.0,0.085200004,-69.45,4628400,7652023,7016256,0.122
4718,TULP,Communication Services,Advertising Agencies,NASDAQ,69.06,20,22,29,34,3.27,18374343.994853497,4772557.0,0.0041,-47.17,3450,3753,3980,0.16
4719,CSPI,Technology,Information Technology Services,NASDAQ,68.97,20,19,17,22,7.86,99610570.28789425,10071847.0,0.033099998,-49.22,11950,52503,40214,0.218
4720,PDYN,Technology,Software - Infrastructure,NASDAQ,68.91,20,33,24,26,5.18,398268831.1677933,47244225.0,0.16219999,-60.15,781030,1857536,1979040,1.069
4721,BL,Technology,Software - Application,S&P 600,68.85,20,10,13,20,30.66,1724630937.422636,58660917.0,0.17950001,-48.53,963220,1070766,1241602,0.097
4722,BWMN,Industrials,Engineering & Construction,NASDAQ,68.84,20,26,45,50,25.85,552018865.0416069,17507734.0,0.0468,-43.6,166470,162980,139196,0.12
4723,NFLX,Communication Services,Entertainment,S&P 500,68.79,20,13,32,19,73.17,362212875243.18896,4210798528.0,0.0234,-45.44,57094130,52636616,45686654,0.162
4724,SYNX,Technology,Communication Equipment,NYSE ARCA,68.65,20,28,33,10,1.02,7629605.841822624,6634440.0,0.069299996,-55.26,28420,30120,42180,-0.053
4725,AORT,Healthcare,Medical Devices,S&P 600,68.65,20,11,49,61,27.67,1077176962.4249458,48543350.0,0.0481,-42.65,532400,712990,729150,0.175
4726,GHG,Consumer Cyclical,Lodging,NYSE,68.64,20,14,13,16,1.15,129148573.11330438,100897325.0,0.0025,-58.57,5580,7790,13392,-0.295
4727,FABC,Consumer Cyclical,Auto Manufacturers,NASDAQ,68.6,20,68,15,7,2.56,25980022.186888218,4856079.0,0.2216,-75.76,173090,445016,672042,
4728,BRBI,Financial Services,Capital Markets,NASDAQ,68.58,19,16,25,29,11.45,364335095.8839512,26248926.0,0.22,-82.91,50,586,796,0.057
4729,INSM,Healthcare,Biotechnology,NASDAQ,68.54,19,16,68,87,101.49,23173005330.181183,216752451.0,0.0916,-52.3,2130240,3469693,3581082,2.296
4730,SNPS,Technology,Software - Infrastructure,S&P 500,68.53,19,39,57,27,372.33,91071395621.54236,191479325.0,0.027,-42.87,2527570,2115873,2117632,0.419
4731,ECX,Consumer Cyclical,Auto Parts,NASDAQ,68.47,19,24,10,31,1.09,449650761.1326084,381059984.0,0.0317,-59.63,709470,2059870,1834330,-0.258
4732,CHPT,Consumer Cyclical,Specialty Retail,NYSE,68.46,19,24,18,8,5.49,196563023.2416649,25897631.0,0.1548,-69.12,404380,748853,709700,0.073
4733,CION,Financial Services,Asset Management,NYSE,68.4,19,23,31,36,5.91,336077167.5,49789210.0,0.024,-45.93,449410,559373,512818,-0.117
4734,CSAN,Energy,Oil & Gas Refining & Marketing,NYSE,68.36,19,11,26,30,3.16,2956774197.0,985591399.0,0.0023999999,-49.44,910950,1209403,1873158,0.265
4735,FISK,Real Estate,REIT - Office,NYSE ARCA,68.35,19,29,19,28,4.7,1514383912.057125,279923097.0,3.77,-47.95,240,240,166,0.049
4736,HHS,Industrials,Conglomerates,NASDAQ,68.33,19,16,22,23,2.27,18548675.0,7419470.0,0.0068,-57.88,3050,3620,3624,-0.103
4737,AZ,Technology,Software - Application,NASDAQ,68.33,19,20,37,23,5.62,313061122.26321983,44532164.0,0.0996,-54.53,164390,246386,270640,0.68
4738,GLE,Technology,Information Technology Services,NASDAQ,68.31,19,25,12,3,0.32,7978799.80802536,18300000.0,0.0427,-91.77,216300,861426,4249454,-0.853
4739,WETH,Technology,Electronic Components,NASDAQ,68.29,19,33,85,54,1.19,16584832.089318037,11931534.0,0.00029999999,-67.66,124420,144180,146250,0.067
4740,AKBA,Healthcare,Drug Manufacturers - Specialty & Generic,NASDAQ,68.21,19,11,18,12,1.35,273623402.74338007,268258243.0,0.0998,-66.9,2111710,4452906,5064586,-0.066
4741,SKIL,Consumer Defensive,Education & Training Services,NYSE,68.2,19,32,12,8,7.31,65282510.98839092,8955077.0,0.1469,-65.6,50510,124396,107928,-0.023
4742,PED,Energy,Oil & Gas E&P,NYSE ARCA,68.19,19,33,83,34,10.36,170923033.62408257,13301403.0,0.014099999,-45.16,27760,61930,45404,3.604
4743,GLDG,Basic Materials,Gold,NYSE ARCA,68.18,19,19,56,88,0.86,250379892.53611994,213999916.0,0.0276,-62.11,628810,697290,1295674,
4744,LKQ,Consumer Cyclical,Auto Parts,S&P 600,68.17,19,22,25,54,22.6,6909927659.028978,254790835.0,0.078,-44.24,3308900,2972263,2943408,0.043
4745,MLGO,Technology,Software - Infrastructure,NASDAQ,68.15,19,15,8,3,4.05,65867944.17130709,10941519.0,0.1611,-90.69,34750,41920,319758,-0.068
4746,SRL,Financial Services,Capital Markets,NYSE,68.14,19,24,34,84,5.05,93337533.37251759,15226351.0,0.00029999999,-51.4,20020,20083,12050,0.026
4747,NSRX,Healthcare,Drug Manufacturers - General,NYSE ARCA,68.12,19,21,4,18,3.18,39348317.011487246,11710809.0,0.023699999,-68.17,11370,15960,28326,
4748,NKLR,Utilities,Utilities - Regulated Electric,NASDAQ,68.06,19,18,25,6,5.23,433053828.95292664,70300948.0,2.72,-76.12,385500,305836,312982,
4749,BRSL,Consumer Cyclical,Gambling,NYSE,68.04,19,20,26,35,10.17,2076729541.3871613,184926948.0,0.030199999,-45.23,1660550,1609786,1558250,0.007
4750,HSAI,Consumer Cyclical,Auto Parts,NASDAQ,67.98,19,20,40,77,16.55,2969987727.9550037,157142211.0,0.0416,-46.35,1523870,1858046,1902856,0.296
4751,CNCK,Financial Services,Capital Markets,NASDAQ,67.97,19,28,6,9,1.84,252824448.86445308,135927122.0,0.0452,-80.24,44840,64853,91154,0.045
4752,ISPR,Consumer Defensive,Tobacco,NASDAQ,67.94,19,6,6,77,1.44,103892903.47558022,57399396.0,0.0454,-62.79,35520,170163,162170,-0.287
4753,SYPR,Consumer Cyclical,Auto Parts,NASDAQ,67.9,19,37,91,90,1.92,76166838.98329258,23011130.0,0.0038,-59.49,38070,46100,92554,-0.125
4754,SPRU,Technology,Solar,NYSE,67.88,19,20,83,98,1.95,52903586.102199554,18369300.0,0.0495,-71.11,30330,30453,39132,-0.017
4755,YTRA,Consumer Cyclical,Travel Services,NASDAQ,67.87,19,16,33,84,0.84,59028540.90928942,62135307.0,0.0002,-58.0,18810,28906,100966,-0.137
4756,DOMH,Financial Services,Capital Markets,NASDAQ,67.84,19,22,15,25,2.43,83670990.7783091,22613781.0,0.044699997,-71.07,69140,87650,141150,3.414
4757,LULU,Consumer Cyclical,Apparel Retail,S&P 500,67.79,19,10,13,22,119.48,15682686973.463013,119550906.0,0.0581,-64.88,2515650,3093936,3607456,0.008
4758,AI,Technology,Software - Infrastructure,NYSE,67.78,19,17,10,8,9.07,1564786527.4490433,145291222.0,0.3548,-69.88,5350380,5564930,6650100,-0.461
4759,PHAR,Healthcare,Biotechnology,NASDAQ,67.72,19,29,78,89,10.75,917421721.5351677,70625230.0,0.0001,-49.63,9240,7446,8646,-0.084
4760,KRUS,Consumer Cyclical,Restaurants,NASDAQ,67.69,19,25,20,64,46.73,682589472.8974228,12147882.0,0.2575,-51.31,248220,352050,395076,0.233
4761,CCIF,Financial Services,Asset Management,NYSE,67.65,19,14,19,21,2.75,66351689.28598976,21198622.0,0.0252,-58.27,117230,116966,110956,
4762,GLMD,Healthcare,Biotechnology,NASDAQ,67.64,19,21,9,6,0.6,4976139.169498324,6599654.0,0.009,-74.36,463250,703366,922150,
4763,ULBI,Industrials,Electrical Equipment & Parts,NASDAQ,67.63,19,29,55,40,5.16,120760850.25,16656669.0,0.027999999,-45.8,27560,26086,39016,-0.065
4764,TRAK,Technology,Software - Application,NYSE,67.57,19,26,16,12,8.64,187732925.06346703,18173565.0,0.1306,-61.03,63560,69490,71560,-0.005
4765,OLED,Technology,Electronic Components,S&P 400,67.56,19,15,16,22,80.36,4306692207.325157,46750891.0,0.0713,-50.76,735660,778433,734242,-0.145
4766,SYM,Industrials,Specialty Industrial Machinery,NASDAQ,67.54,19,24,77,80,42.94,5905975358.617344,127215411.0,0.2746,-51.14,1388860,1800430,2169644,0.231
4767,MITQ,Technology,Communication Equipment,NYSE ARCA,67.54,19,22,23,32,0.53,6073995.006220818,9941072.0,0.0066000004,-68.07,19880,58500,63804,-0.049
4768,BILI,Communication Services,Internet Content & Information,NASDAQ,67.53,19,15,24,85,18.7,7216008038.895027,416628647.0,0.0523,-48.63,2006500,2257823,2997746,0.067
4769,KMPR,Financial Services,Insurance - Property & Casualty,S&P 600,67.51,19,14,16,15,29.11,1452427307.9317474,58874232.0,0.0716,-55.43,809020,1196390,1183044,-0.071
4770,VALN,Healthcare,Biotechnology,NASDAQ,67.48,19,13,11,72,5.09,592646612.5,94823458.0,0.0017,-58.45,14450,23440,27796,-0.372
4771,COUR,Consumer Defensive,Education & Training Services,NYSE,67.44,19,19,18,16,5.27,1543472988.2469978,286358632.0,0.1004,-61.14,8035510,7661446,7447054,0.091
4772,RAY,Consumer Defensive,Household & Personal Products,NASDAQ,67.42,19,14,6,15,2.66,10058265.180555344,2975818.0,0.02,-95.48,7500,6893,12024,-0.131
4773,ACM,Industrials,Engineering & Construction,S&P 400,67.41,19,12,20,26,71.76,8915635313.398743,128522920.0,0.0685,-47.05,1594050,1817810,2158392,0.008
4774,SITC,Real Estate,REIT - Retail,NYSE,67.4,19,15,27,37,4.33,264998123.70878792,52474874.0,0.0719,-66.93,510571,1032971,882172,-0.698
4775,QUBT,Technology,Computer Hardware,NASDAQ,67.38,19,31,26,17,8.02,2697398453.123477,225534987.0,0.29479998,-68.96,8550060,11550953,16665744,93.641
4776,GPMT,Real Estate,REIT - Mortgage,NYSE,67.32,19,21,12,23,1.35,69962654.32798862,47919625.0,0.0033000002,-56.66,71110,162666,152188,0.928
4777,DFH,Consumer Cyclical,Residential Construction,S&P 600,67.26,19,27,13,28,13.34,1415137782.2117996,91535432.0,0.4202,-57.64,573890,661973,649512,-0.103
4778,PODD,Healthcare,Medical Devices,S&P 500,67.24,19,10,11,24,165.68,10039222018.663208,69264674.0,0.049099997,-53.31,1261210,1463396,1472168,0.339
4779,ALVO,Healthcare,Drug Manufacturers - Specialty & Generic,NASDAQ,67.13,19,13,7,19,3.57,1048482228.3848314,312048292.0,0.0219,-69.87,920320,784006,874826,-0.202
4780,RENT,Consumer Cyclical,Apparel Retail,NASDAQ,67.13,19,9,34,84,3.55,132509087.39962673,33546604.0,0.0322,-64.96,56690,96113,95326,0.2
4781,HCM,Healthcare,Drug Manufacturers - Specialty & Generic,NASDAQ,67.06,19,14,27,36,10.77,1968831635.0030708,171950364.0,0.0021,-44.77,50390,51640,55986,-0.165
4782,KLRS,Healthcare,Biotechnology,NASDAQ,67.02,19,28,60,94,3.48,125385304.60619831,23792278.0,0.096599996,-70.71,1259510,466963,309050,
4783,STG,Consumer Defensive,Education & Training Services,NYSE,66.97,19,20,7,21,3.39,82433157.64748955,13425596.0,0.0004,-77.4,5460,29043,562894,-0.027
4784,SPRC,Healthcare,Biotechnology,NASDAQ,66.94,19,12,7,1,8.7,5623514.0705423355,573243.0,0.0126,-89.14,889330,326813,1126998,-0.345
4785,RMTI,Healthcare,Drug Manufacturers - Specialty & Generic,NASDAQ,66.92,19,7,20,27,7.1,29208021.636418104,39470299.0,0.0127,238.1,37750,40294,37977,-0.083
4786,PDSB,Healthcare,Biotechnology,NASDAQ,66.91,19,60,57,14,0.7,60280907.63534796,55815653.0,0.0342,-63.45,180810,321606,625986,
4787,BGSI,Consumer Cyclical,Auto & Truck Dealerships,NYSE,66.87,18,12,17,61,103.36,3061863547.8563232,27830064.0,4.07,-43.55,46360,39343,46756,0.281
4788,PLBY,Consumer Cyclical,Leisure,NASDAQ,66.87,18,18,77,50,1.15,158874874.12297404,115967061.0,0.0341,-58.18,601600,955690,861890,0.047
4789,WBTN,Communication Services,Internet Content & Information,NASDAQ,66.84,18,38,71,26,9.01,1662034826.5412045,135234730.0,0.24370001,-59.9,348460,354093,336694,-0.015
4790,AMTD,Financial Services,Asset Management,NYSE,66.83,18,30,36,37,0.75,91588156.19588596,94910009.0,0.0007,-54.55,13970,17503,19214,-0.826
4791,AACG,Consumer Defensive,Education & Training Services,NASDAQ,66.77,18,64,55,26,0.92,50985733.91363704,43208251.0,0.0011999999,-64.34,3000,18196,15500,-0.117
4792,LANV,Consumer Cyclical,Luxury Goods,NYSE,66.74,18,15,24,18,1.26,209663707.5,139775805.0,0.0015,-51.91,9810,14176,13120,
4793,ZKIN,Basic Materials,Steel,NASDAQ,66.66,18,20,28,24,1.29,81154228.61991549,57312308.0,0.001,-62.17,12420,40710,31456,-0.435
4794,GLXY,Financial Services,Capital Markets,NASDAQ,66.64,18,71,69,14,21.52,5664328109.730333,191491823.0,0.1409,-53.14,6141790,6845503,6898142,-0.206
4795,SITE,Industrials,Industrial Distribution,NYSE,66.64,18,23,31,68,94.96,4811873601.791008,44308229.0,0.071100004,-43.66,1086100,904746,886540,0.001
4796,YB,Technology,Software - Application,NASDAQ,66.63,18,20,18,36,13.25,684291002.4282017,46080201.0,0.0038,-57.26,25930,39603,45210,0.322
4797,CMPX,Healthcare,Biotechnology,NASDAQ,66.59,18,7,8,97,1.94,428609258.3094263,180087915.0,0.2059,-71.8,2293520,2981266,3446380,
4798,RWAY,Financial Services,Asset Management,NASDAQ,66.58,18,15,20,34,5.52,274745603.7105837,42464546.0,0.1181,-51.6,388290,599220,583744,-0.168
4799,MZTI,Consumer Defensive,Packaged Foods,S&P 400,66.58,18,16,15,30,107.61,3069661396.0891724,27422381.0,0.199,-43.65,278000,336243,338198,-0.01
4800,LUNR,Industrials,Aerospace & Defense,NASDAQ,66.54,18,85,94,83,12.25,7032624997.2669525,160452309.0,0.2331,-73.8,8367190,10434700,13290334,1.987
4801,PFSI,Financial Services,Mortgage Finance,NYSE,66.51,18,20,29,30,75.87,4354939408.865929,51924875.0,0.0686,-52.69,651110,590646,572274,-0.166
4802,DLPN,Communication Services,Advertising Agencies,NASDAQ,66.49,18,21,52,71,1.06,16011243.57828474,13017271.0,0.0038,-43.62,8670,19150,22966,0.052
4803,BETR,Financial Services,Mortgage Finance,NASDAQ,66.48,18,61,94,84,21.28,550432738.3496532,18869823.0,0.20989999,-77.38,192080,281056,312748,0.516
4804,PHIO,Healthcare,Biotechnology,NASDAQ,66.47,18,11,20,8,1.03,12895148.776186109,11617251.0,0.0287,-75.42,260620,1113663,723122,
4805,UEC,Energy,Uranium,NYSE ARCA,66.37,18,34,85,93,9.74,6750340406.315266,490220783.0,0.1379,-52.11,8375860,8920510,10211406,-0.594
4806,SER,Healthcare,Biotechnology,NYSE ARCA,66.36,18,12,6,9,2.04,27595409.700595737,14997505.0,0.028099999,-74.24,27160,51000,89302,
4807,LBRDA,Communication Services,Telecom Services,NASDAQ,66.35,18,8,13,25,33.33,4859633085.848114,143861257.0,0.0221,-64.79,240280,256260,225544,
4808,BOLT,Healthcare,Biotechnology,NASDAQ,66.35,18,18,24,30,3.89,10088226.75,1921567.0,0.0063,-47.07,12090,23200,24504,-0.979
4809,SAMG,Financial Services,Asset Management,NASDAQ,66.35,18,15,29,38,9.9,87035031.34392357,7681821.0,0.0202,-41.73,61090,69740,59086,0.0
4810,CNTN,Healthcare,Biotechnology,NASDAQ,66.34,18,58,82,95,1.85,216395121.34288788,69804880.0,0.0469,-79.63,801790,1086700,1020296,
4811,EPAM,Technology,Information Technology Services,S&P 600,66.32,18,7,12,48,103.66,5352966401.628777,52244451.0,0.2508,-53.42,1455120,1861173,1954294,0.076
4812,ISRG,Healthcare,Medical Instruments & Supplies,S&P 500,66.31,18,20,29,29,352.97,150391714414.81226,354162842.0,0.019,-41.55,5005190,3647796,3159748,0.23
4813,LFMD,Healthcare,Health Information Services,NASDAQ,66.27,18,33,52,7,3.64,206991552.9468584,48362510.0,0.1447,-77.02,835420,929753,903914,-0.014
4814,LBRDK,Communication Services,Telecom Services,NASDAQ,66.27,18,8,13,25,33.36,4844483123.943825,143497730.0,0.0271,-64.88,1907300,1830203,1950426,
4815,IRIX,Healthcare,Medical Devices,NASDAQ,66.26,18,66,25,71,0.83,18276843.069992542,17406518.0,0.0026,-49.7,38800,45680,57476,-0.008
4816,ADTN,Technology,Communication Equipment,NASDAQ,66.21,18,80,95,56,8.42,1340518493.203354,80998100.0,0.16129999,-57.86,2589810,2117986,2377160,0.155
4817,NVNO,Healthcare,Medical Devices,NASDAQ,66.21,18,12,7,2,10.63,7564689.719060898,667669.0,0.107200004,-94.6,23190,17980,14420,
4818,VERX,Technology,Software - Application,NASDAQ,66.19,18,14,9,10,12.6,2160256090.5782604,161816931.0,0.0919,-70.31,2393830,2027233,1828490,0.111
4819,CDZI,Utilities,Utilities - Regulated Water,NASDAQ,66.17,18,28,61,62,3.14,410341085.30291176,84086286.0,0.13,-54.89,1251590,1220110,1081276,-0.448
4820,ASPS,Real Estate,Real Estate Services,NASDAQ,66.14,18,31,61,15,5.15,73538747.26487112,11278949.0,0.049200002,-67.73,34460,23240,20340,0.095
4821,IE,Basic Materials,Copper,NYSE ARCA,66.13,18,18,57,95,9.35,2130604847.818345,158291593.0,0.0639,-56.61,2145910,2379090,2240026,0.167
4822,BCG,Financial Services,Asset Management,NASDAQ,66.12,18,13,32,79,1.45,26728108.851098657,16810131.0,0.0025,-57.85,20150,23116,28882,-0.004
4823,KWY,Financial Services,Asset Management,NYSE,66.11,18,22,22,67,8.94,285971176.00808716,28625744.0,0.0773,-46.79,71040,79293,71336,0.385
4824,GOGO,Communication Services,Telecom Services,NASDAQ,66.1,18,10,12,7,4.14,618040073.3252311,135238523.0,0.2005,-75.39,1299300,2065570,1954558,-0.017
4825,PTLO,Consumer Cyclical,Restaurants,NASDAQ,66.07,18,20,24,21,4.62,310514307.0588856,72380958.0,0.1497,-62.85,1075500,1210153,1375048,0.035
4826,IBO,Healthcare,Biotechnology,NYSE ARCA,66.05,18,19,64,21,0.43,56067038.063473225,107821231.0,0.066700004,-77.95,15240,50650,57878,
4827,EVAX,Healthcare,Biotechnology,NASDAQ,66.01,18,25,91,39,2.83,33360860.0,8340215.0,0.0047,-76.71,11300,18426,23706,
4828,PLSM,Healthcare,Medical Devices,NASDAQ,66.01,18,32,6,21,3.48,30238225.22015953,6502844.0,0.0076,-66.15,70740,2927493,1761666,5.783
4829,FTHM,Real Estate,Real Estate Services,NASDAQ,65.97,18,75,23,24,0.79,18685947.24552226,32782364.0,0.009,-76.56,124290,3084556,2205748,-0.012
4830,TEM,Healthcare,Health Information Services,NASDAQ,65.96,18,56,30,20,44.29,9062634009.685272,179564767.0,0.3552,-57.54,5700030,5714276,6298780,0.361
4831,NMRA,Healthcare,Biotechnology,NASDAQ,65.96,18,55,87,83,1.65,342775855.8175206,185284244.0,0.0427,-54.79,615710,1647126,2254266,
4832,ELME,Real Estate,REIT - Residential,NYSE,65.94,18,11,32,30,1.62,182158655.91292596,88857883.0,0.0341,-90.84,1210470,2102376,1642420,0.017
4833,XTNT,Healthcare,Medical Devices,NYSE ARCA,65.93,18,12,33,28,0.43,64520962.77044535,140262960.0,0.00029999999,-54.74,52270,80876,101254,-0.365
4834,SPHL,Consumer Cyclical,Residential Construction,NASDAQ,65.9,18,24,9,24,2.5,5496613.981003523,2261981.0,0.0091,-90.04,17970,636246,1259106,0.058
4835,RBBN,Technology,Software - Application,NASDAQ,65.89,18,20,25,22,2.12,542508312.9216557,176139067.0,0.0382,-50.58,876810,840360,963312,-0.103
4836,XPEV,Consumer Cyclical,Auto Manufacturers,NYSE,65.88,18,13,23,27,12.98,15722099579.679909,955750690.0,0.064899996,-54.03,6130480,7078216,7239964,-0.176
4837,EQPT,Industrials,Rental & Leasing Services,NASDAQ,65.88,18,15,8,38,18.81,5259497059.989384,252375097.0,0.11359999,-47.01,4236740,3582336,2878016,0.381
4838,PMCB,Healthcare,Biotechnology,NASDAQ,65.85,18,28,22,17,0.6,8957825.506147206,10735649.0,0.0463,-60.26,159170,111743,138676,
4839,BAK,Basic Materials,Chemicals,NYSE,65.81,18,16,73,63,2.41,1657694236.1561356,398484206.0,0.0388,-55.33,1711520,2217313,2275466,-0.204
4840,KC,Technology,Software - Application,NASDAQ,65.79,18,14,65,31,10.14,3676259406.259675,299369665.0,0.0404,-45.25,1034670,1394680,1468668,0.237
4841,HYPR,Healthcare,Medical Devices,NASDAQ,65.79,18,82,93,36,0.93,154861718.4797058,99270336.0,0.0191,-58.11,673520,1484693,1092974,0.826
4842,VSME,Communication Services,Advertising Agencies,NASDAQ,65.71,18,50,2,0,1.3,2476406.1204578876,2779356.0,0.0421,-97.98,206360,166673,8045392,0.009
4843,CALX,Technology,Software - Infrastructure,S&P 600,65.7,18,14,24,36,35.18,2535346385.25,63782299.0,0.118,-50.6,1768260,1480390,1271940,0.271
4844,HFFG,Consumer Defensive,Food Distribution,NASDAQ,65.65,18,11,21,12,1.5,104277065.69990659,53475417.0,0.024600001,-61.34,139080,317026,230936,0.045
4845,AWRE,Technology,Software - Application,NASDAQ,65.63,18,21,12,29,1.15,32902036.627133846,21646077.0,0.0041,-61.02,54290,44546,44660,-0.062
4846,ADXN,Healthcare,Biotechnology,NASDAQ,65.61,17,16,25,33,5.59,8417862.720720291,1265844.0,0.0046,-53.61,650,2633,2872,9.59
4847,PNR,Industrials,Specialty Industrial Machinery,S&P 500,65.59,17,18,20,34,66.17,11448135932.622833,161605541.0,0.0502,-41.93,3509200,3203560,2844328,0.026
4848,DOUG,Real Estate,Real Estate Services,NYSE,65.51,17,29,22,72,1.71,163630943.26526022,90906082.0,0.0297,-46.39,250180,418386,413210,-0.154
4849,CTGO,Basic Materials,Gold,NYSE ARCA,65.48,17,16,62,92,16.21,618809071.9912567,30771211.0,0.0547,-52.85,390410,604220,547218,
4850,NFGC,Basic Materials,Gold,NYSE ARCA,65.46,17,17,63,92,1.43,798891672.616827,384082549.0,3.01,-60.17,1260450,1450756,1555498,
4851,BTBD,Consumer Cyclical,Restaurants,NASDAQ,65.44,17,11,76,18,1.17,6988738.090508938,6184724.0,0.0138,-79.11,24640,31463,41368,-0.12
4852,INTZ,Technology,Software - Infrastructure,NASDAQ,65.43,17,13,9,11,0.79,16906324.440054536,20369066.0,0.0164,-70.08,238340,4026686,2473794,-0.116
4853,OGCP,Real Estate,REIT - Office,NYSE ARCA,65.41,17,23,16,27,4.51,1525580825.2589064,279923097.0,0.35,-48.46,1380,1570,978,0.049
4854,MGX,Healthcare,Biotechnology,NASDAQ,65.41,17,17,19,16,1.22,51199727.41854262,37646858.0,0.0592,-69.11,148470,175073,174948,-0.698
4855,INTR,Financial Services,Banks - Regional,NASDAQ,65.41,17,12,30,69,5.64,2723983295.09289,441488373.0,0.044899996,-45.56,3923350,4778300,5598286,0.253
4856,BAFN,Financial Services,Banks - Regional,NASDAQ,65.38,17,10,18,11,6.18,33314427.415380478,5368965.0,0.056500003,-61.42,20850,19556,19578,-0.527
4857,WVE,Healthcare,Biotechnology,NASDAQ,65.37,17,16,16,90,5.76,1266006474.480877,192402202.0,0.1146,-73.49,2140210,2861830,3098972,3.169
4858,CHTR,Communication Services,Telecom Services,S&P 500,65.36,17,7,12,23,142.0,20336744629.342194,141178370.0,0.4483,-66.37,4017600,3907073,3477866,-0.01
4859,PRTS,Consumer Cyclical,Auto Parts,NASDAQ,65.26,17,27,87,13,5.23,44640244.932619095,8057806.0,0.0356,-61.54,24170,19350,39431,-0.105
4860,LEU,Energy,Uranium,S&P 600,65.25,17,19,70,93,176.75,3589694745.194641,19672794.0,0.22569999,-61.93,739950,878373,878524,0.049
4861,ATCH,Financial Services,Capital Markets,NYSE ARCA,65.24,17,21,58,17,0.18,35179038.7217235,150337774.0,0.081499994,-90.62,5421860,2629543,2235548,0.652
4862,INDI,Technology,Semiconductors,NASDAQ,65.21,17,80,79,42,3.16,1054330020.7298794,211288591.0,0.2928,-47.77,3883720,5621960,5776070,0.026
4863,PAPL,Financial Services,Mortgage Finance,NYSE ARCA,65.2,17,27,26,2,1.25,27914859.008404255,26088652.0,0.0297,-86.88,1606710,570490,394406,-0.048
4864,UPWK,Communication Services,Internet Content & Information,S&P 600,65.13,17,11,14,66,9.25,1089429930.645256,123518137.0,0.2809,-59.5,3403720,3319820,3272784,0.014
4865,MTEK,Technology,Electronic Components,NASDAQ,65.12,17,11,9,21,1.14,12026296.332493305,9698626.0,0.036199998,-73.3,52270,303893,596838,-0.762
4866,TRDA,Healthcare,Biotechnology,NASDAQ,65.09,17,22,94,84,6.77,274461761.7840004,38820616.0,0.060399998,-58.84,492010,423976,372772,-0.957
4867,TIC,Industrials,Specialty Business Services,NYSE,65.06,17,26,28,23,7.26,1805918091.5442123,221042604.0,0.0987,-51.42,1995720,1925623,1965334,1.084
4868,FRMM,Technology,Software - Application,NASDAQ,65.01,17,68,18,1,5.37,64425394.4735322,14542979.0,0.2463,-96.92,243000,328126,321794,
4869,TME,Communication Services,Internet Content & Information,NYSE,64.99,17,11,7,32,9.48,15095665407.959288,1637273858.0,0.04,-64.49,6086350,6932846,9482166,0.073
4870,ACB,Healthcare,Drug Manufacturers - Specialty & Generic,NASDAQ,64.89,17,13,18,18,2.83,212855768.76124763,59126604.0,4.89,-57.54,1179310,1216030,1081878,0.068
4871,TCRT,Healthcare,Biotechnology,NASDAQ,64.86,17,13,34,43,1.88,6960115.867098808,2442146.0,0.0034999999,-69.68,10580,13370,16772,
4872,PROK,Healthcare,Biotechnology,NASDAQ,64.86,17,85,60,65,1.58,375515483.5962163,205199713.0,0.1269,-77.84,921550,1424916,1240380,-0.017
4873,RDCM,Communication Services,Telecom Services,NASDAQ,64.85,17,55,77,31,10.03,249569198.51592636,16738377.0,0.0145000005,-40.08,218700,180920,221572,0.12
4874,CINT,Technology,Software - Infrastructure,NYSE,64.83,17,17,18,30,3.22,467858320.76359606,128532502.0,0.0054,-47.56,73780,169026,188080,0.232
4875,TKLF,Consumer Cyclical,Specialty Retail,NASDAQ,64.81,17,14,11,26,2.0,8211595.382201672,4232781.0,0.0797,-53.71,9370,126416,263120,0.943
4876,YDKG,Communication Services,Advertising Agencies,NASDAQ,64.77,17,7,5,0,1.0,4589226.777721703,5529189.0,0.026300002,-99.85,28670,27440,125936,
4877,KNDI,Consumer Cyclical,Recreational Vehicles,NASDAQ,64.72,17,19,12,33,0.65,83344751.2741378,100415365.0,0.0163,-63.28,1440050,1888383,1164922,-0.323
4878,CLB,Energy,Oil & Gas Equipment & Services,NYSE,64.7,17,19,33,85,10.35,630141646.4568977,46096682.0,0.2618,-49.17,872620,1167640,925602,-0.014
4879,IH,Consumer Defensive,Education & Training Services,NYSE,64.66,17,14,22,20,1.39,84847349.21392417,51112862.0,0.0004,-61.39,4390,5940,12004,-0.181
4880,CTXR,Healthcare,Biotechnology,NASDAQ,64.63,17,9,16,11,0.63,17981432.564575672,27452570.0,0.1915,-74.6,707300,368613,412336,
4881,RXRX,Healthcare,Biotechnology,NASDAQ,64.61,17,31,15,16,3.04,1905436245.2643151,530762198.0,0.3684,-57.66,17998640,22776600,22219232,-0.561
4882,FLX,Industrials,Integrated Freight & Logistics,NASDAQ,64.58,17,16,28,52,2.14,171123983.12320948,73129910.0,1.04,-51.91,107010,166153,176792,-0.027
4883,RPID,Healthcare,Medical Devices,NASDAQ,64.5,17,11,17,80,2.11,100141835.6148622,49821809.0,0.024400001,-57.29,175460,218943,192378,0.111
4884,CDIO,Healthcare,Biotechnology,NASDAQ,64.5,17,17,21,1,1.57,5593396.367664456,2959469.0,0.0064,-80.15,151020,73140,69912,1.851
4885,PASG,Healthcare,Biotechnology,NASDAQ,64.49,17,7,8,79,4.49,18509069.40881586,3207811.0,0.0633,-77.55,33710,114910,83580,
4886,UUU,Industrials,Building Products & Equipment,NYSE ARCA,64.47,17,37,94,91,3.2,20865413.77567005,3028362.0,0.0108,-61.31,12920,17106,26792,-0.996
4887,PLAY,Communication Services,Entertainment,NASDAQ,64.43,17,14,8,40,10.84,464465840.8743906,34739405.0,0.3439,-69.49,1254010,1496116,1753540,-0.009
4888,RDZN,Technology,Software - Application,NASDAQ,64.4,17,70,86,82,1.16,158674898.5575421,84401542.0,0.012,-54.69,306610,681770,588246,0.188
4889,SENS,Healthcare,Medical Devices,NASDAQ,64.34,17,16,9,19,5.07,354458130.3586149,52202965.0,0.1008,-59.7,421870,742863,664576,0.718
4890,HIND,Healthcare,Biotechnology,NASDAQ,64.3,17,12,7,2,2.01,16423354.91759491,7018528.0,0.0273,-93.94,8580,15716,18704,-0.841
4891,PDC,Technology,Software - Application,NASDAQ,64.28,17,91,96,77,3.67,19737187.259964943,3050570.0,0.0104,-65.05,82990,103400,96652,-0.449
4892,LFCR,Healthcare,Drug Manufacturers - Specialty & Generic,NASDAQ,64.22,17,32,13,62,4.36,188297222.42456484,37509407.0,0.0841,-51.45,141610,209123,201908,
4893,BEEP,Industrials,Infrastructure Operations,NASDAQ,64.21,17,6,7,25,1.76,91035347.0113678,41192464.0,0.0242,-62.31,32800,87440,78354,-0.037
4894,LPL,Technology,Consumer Electronics,NYSE,64.21,17,26,65,42,2.98,5550000190.734863,1000000000.0,0.0033000002,-47.63,3306430,3269276,2758920,-0.088
4895,MNY,Communication Services,Internet Content & Information,NASDAQ,64.21,17,16,66,54,0.95,58850452.90662289,44082735.0,0.0095,-60.42,11880,47386,44962,0.27
4896,TEAD,Communication Services,Internet Content & Information,NASDAQ,64.15,17,21,25,3,0.72,111540142.1875441,96991430.0,0.1191,-77.0,97540,315303,308942,-0.071
4897,PRGO,Healthcare,Drug Manufacturers - Specialty & Generic,S&P 600,64.14,17,14,10,19,10.31,1528963884.8915577,138367770.0,0.1603,-63.75,2763310,3773200,3511616,-0.072
4898,DTST,Technology,Information Technology Services,NASDAQ,64.14,17,20,30,68,2.91,8083424.781334877,2167138.0,0.0127,-46.51,11690,22960,25788,0.109
4899,SCM,Financial Services,Asset Management,NYSE,64.12,17,20,23,35,7.46,259656876.10975075,28947254.0,0.028399998,-51.53,348140,254593,224970,-0.066
4900,OLLI,Consumer Defensive,Discount Stores,S&P 400,64.08,17,13,14,29,72.74,4951781262.60878,60661294.0,0.0856,-48.68,1548560,2300913,2254124,0.168
4901,LXEO,Healthcare,Biotechnology,NASDAQ,64.07,17,16,31,83,4.35,403601188.2762308,78521634.0,0.19780001,-60.42,1078060,1035023,929374,
4902,BNGO,Healthcare,Medical Instruments & Supplies,NASDAQ,64.02,17,16,14,7,1.06,14229000.109434128,11475000.0,0.1067,-80.73,90700,117043,132326,0.036
4903,CPNG,Consumer Cyclical,Internet Retail,NYSE,64.01,17,17,24,13,16.09,29798066421.362648,1795064201.0,0.0308,-52.78,19086720,19644263,23252820,0.075
4904,STN,Industrials,Engineering & Construction,NYSE,63.96,17,13,28,47,69.44,8617761820.354843,114066995.0,4.44,-39.36,450100,506850,477118,0.091
4905,PEW,Industrials,Aerospace & Defense,NYSE,63.93,16,9,12,7,2.51,79968199.40114284,29400073.0,0.0954,-88.27,364980,862170,664218,0.111
4906,NABL,Technology,Information Technology Services,S&P 600,63.92,16,10,22,16,4.36,696999681.9825768,188378290.0,0.0401,-51.77,1709340,2119226,2136868,0.131
4907,LMB,Industrials,Building Products & Equipment,NASDAQ,63.87,16,23,49,26,69.9,923286602.7697906,11921067.0,0.08939999,-54.63,184320,197066,244248,0.043
4908,COIN,Financial Services,Financial Data & Stock Exchanges,S&P 500,63.85,16,13,28,10,163.58,49801988275.37262,263460766.0,0.1166,-63.21,7034010,7467426,7859808,-0.308
4909,APRE,Healthcare,Biotechnology,NASDAQ,63.83,16,18,21,5,0.63,11057819.050663948,12382776.0,0.0127,-71.62,47580,73353,98448,
4910,AIOS,Technology,Information Technology Services,NASDAQ,63.81,16,15,4,2,11.99,51386398.88763428,3240000.0,0.0159,-87.77,24490,52556,60244,
4911,CNTY,Consumer Cyclical,Resorts & Casinos,NASDAQ,63.8,16,17,23,19,1.18,38313724.56300163,28171856.0,0.0034999999,-58.6,30830,78713,72018,0.052
4912,PWP,Financial Services,Capital Markets,NASDAQ,63.8,16,23,38,57,14.91,1251617252.910534,72938069.0,0.13149999,-42.49,1168140,1253023,1309538,-0.297
4913,CANF,Healthcare,Biotechnology,NYSE ARCA,63.79,16,34,6,4,3.28,7177532.245670795,2142547.0,0.0547,-85.98,43220,2934910,1771492,-0.433
4914,FMST,Basic Materials,Other Industrial Metals & Mining,NASDAQ,63.77,16,10,22,57,1.44,28165403.71052742,16280580.0,0.0105,-74.91,201180,155180,127096,
4915,OFS,Financial Services,Asset Management,NASDAQ,63.75,16,20,16,16,3.29,46491334.513322115,13398079.0,0.0308,-64.66,51400,56150,63380,-0.135
4916,GSM,Basic Materials,Other Industrial Metals & Mining,NASDAQ,63.75,16,18,60,73,3.21,809106024.3536739,186860517.0,0.0224,-44.08,1145840,1733910,1674942,0.132
4917,GURE,Basic Materials,Chemicals,NASDAQ,63.69,16,10,11,26,3.02,8005560.906357765,1539531.0,0.0069,-74.47,2320,9800,10820,3.034
4918,INSP,Healthcare,Medical Devices,S&P 600,63.68,16,10,10,14,50.02,1191712025.666153,28813153.0,0.1674,-65.98,782280,1028276,1021000,0.016
4919,LPCN,Healthcare,Biotechnology,NASDAQ,63.66,16,6,8,98,2.11,18549569.25,8244253.0,0.0126,-82.94,31560,51653,74082,0.272
4920,JKS,Technology,Solar,NYSE,63.63,16,15,60,76,14.84,1220749054.3113022,52370188.0,0.043899998,-53.45,636620,679863,747982,-0.115
4921,SRTS,Healthcare,Medical Devices,NASDAQ,63.6,16,17,27,51,2.89,50867760.89705014,16462059.0,0.028499998,-51.18,22090,29103,42116,-0.622
4922,TCPC,Financial Services,Asset Management,NASDAQ,63.6,16,18,23,24,3.25,323025675.74840784,83902775.0,0.0682,-59.68,511650,758436,793136,-0.283
4923,RYM,Consumer Defensive,Tobacco,NASDAQ,63.58,16,28,80,10,18.3,53653005.81293106,2149129.0,0.036199998,-65.89,14290,12356,11728,23.695
4924,BRLT,Consumer Cyclical,Luxury Goods,NASDAQ,63.54,16,17,34,24,1.11,20648779.829886436,16258882.0,0.0089,-64.19,48670,67900,65336,0.06
4925,RADX,Healthcare,Biotechnology,NASDAQ,63.5,16,27,33,51,3.2,36104895.09856224,7883165.0,0.0075,-80.31,232730,91833,64284,1.545
4926,LI,Consumer Cyclical,Auto Manufacturers,NASDAQ,63.48,16,9,26,22,13.49,15240537006.187204,1015358879.0,0.041300002,-57.88,4097210,3947216,4596530,-0.114
4927,AVD,Basic Materials,Agricultural Inputs,NYSE,63.39,16,24,9,49,2.46,73803206.91754341,28605895.0,0.0315,-58.45,175200,366326,371824,0.067
4928,BTBT,Financial Services,Capital Markets,NASDAQ,63.37,16,33,14,10,1.42,705364641.7397213,349190420.0,0.1717,-68.79,25048920,27044200,26565588,0.109
4929,EVH,Healthcare,Health Information Services,NYSE,63.31,16,89,20,5,3.18,444300220.01351523,112481067.0,0.1344,-73.64,4597820,3135160,2882040,0.026
4930,TIL,Healthcare,Biotechnology,NASDAQ,63.29,16,12,14,7,7.14,54730552.32030487,6781977.0,0.0575,-83.31,10840,13473,18552,
4931,XRTX,Healthcare,Biotechnology,NASDAQ,63.26,16,16,34,10,2.02,3980297.117480278,1730564.0,0.0354,-71.35,15970,14370,18972,
4932,LDOS,Technology,Information Technology Services,S&P 500,63.25,16,10,25,61,112.41,16075382938.666779,125785466.0,0.0404,-45.37,1424130,1820060,1618508,0.037
4933,SMSI,Technology,Software - Application,NASDAQ,63.25,16,14,82,12,2.49,22234945.081867218,25557408.0,0.0249,91.54,14350,46743,189734,-0.087
4934,YJ,Consumer Cyclical,Internet Retail,NASDAQ,63.23,16,33,58,28,1.18,7733098.058354855,4925540.0,0.0078,-55.81,21710,10420,14000,-0.183
4935,UUUU,Energy,Uranium,NYSE ARCA,63.22,16,69,94,98,11.71,4552576568.429947,249867000.0,0.1575,-58.03,6343790,8441363,9216700,1.121
4936,TSCO,Consumer Cyclical,Specialty Retail,S&P 500,63.21,16,11,9,44,30.21,16535896752.590973,524449616.0,0.0547,-52.79,11698590,11847460,12319760,0.036
4937,GDEV,Communication Services,Electronic Gaming & Multimedia,NASDAQ,63.19,16,16,41,31,12.0,261548543.72045517,18150489.0,0.00059999997,-71.56,6240,4283,3770,-0.079
4938,AMCI,Technology,Computer Hardware,NASDAQ,63.17,16,10,26,14,5.07,108481746.71067715,22600363.0,0.0804,-87.93,157150,183443,134754,-0.339
4939,PSN,Technology,Information Technology Services,S&P 400,63.06,16,21,14,29,43.17,6322430427.863731,106978521.0,0.1276,-51.77,2442370,1582046,1400416,-0.041
4940,BDMD,Healthcare,Medical Devices,NASDAQ,63.0,16,8,78,7,1.04,47652809.295001745,31981751.0,0.0159,-85.68,34290,89323,99524,-0.39
4941,CURI,Communication Services,Broadcasting,NASDAQ,63.0,16,19,25,27,2.42,169562529.78048325,59287600.0,0.0529,-66.15,316890,351793,411576,0.005
4942,GGR,Consumer Cyclical,Auto Manufacturers,NASDAQ,62.95,16,38,47,12,2.83,80294316.0,20073579.0,0.0041,-65.9,13400,17686,15640,-0.011
4943,CAI,Healthcare,Biotechnology,NASDAQ,62.93,16,18,14,19,16.09,4726421026.298571,282680695.0,0.102,-62.14,3595450,3538323,3112772,0.788
4944,WRD,Technology,Software - Application,NASDAQ,62.9,16,12,35,21,5.95,2504574670.0728073,331731736.0,0.0399,-52.59,1890450,2347153,2608380,0.576
4945,HTOO,Utilities,Utilities - Renewable,NASDAQ,62.9,16,14,15,13,2.6,12184295.534867525,3297509.0,0.0106,-79.41,5440,6326,14398,3.663
4946,BRAG,Consumer Cyclical,Gambling,NASDAQ,62.89,16,15,20,13,1.65,44343289.55889082,25631959.0,6.66,-65.47,28810,39680,40934,0.006
4947,YI,Healthcare,Medical Distribution,NASDAQ,62.89,16,23,31,83,3.85,46447971.7656765,8796964.0,0.0028,-65.53,2180,20800,24406,-0.267
4948,CELH,Consumer Defensive,Beverages - Non-Alcoholic,S&P 400,62.85,16,16,15,73,29.35,8505154894.22287,255640360.0,0.105100006,-56.02,8379430,8076660,8655306,1.377
4949,MRM,Consumer Cyclical,Personal Services,NASDAQ,62.8,16,15,31,64,0.95,9008224.026961684,7901951.0,0.0095999995,-78.65,8600,47123,455490,-0.067
4950,WDH,Financial Services,Insurance - Diversified,NYSE,62.77,16,14,37,73,1.14,549731977.8102887,359301953.0,0.0007,-47.71,131200,173193,180050,1.055
4951,MREO,Healthcare,Biotechnology,NASDAQ,62.75,16,10,3,1,0.31,54908803.360746056,159618609.0,0.0438,-89.84,874330,1277183,3576174,
4952,TOVX,Healthcare,Biotechnology,NYSE ARCA,62.73,16,28,81,7,0.21,12849947.094708323,45892668.0,0.0885,-75.58,495790,1969510,7703174,
4953,BNR,Healthcare,Diagnostics & Research,NASDAQ,62.7,16,54,96,99,8.85,98291913.54151154,10546343.0,0.0064999997,-78.79,5340,19880,21578,0.002
4954,RUN,Technology,Solar,S&P 600,62.67,16,31,44,92,9.52,3988543914.8412037,238549287.0,0.2987,-57.58,9332190,11573723,10165500,0.432
4955,PLNT,Consumer Cyclical,Leisure,S&P 400,62.63,16,8,12,31,55.98,4234066855.178547,79126649.0,0.0958,-51.1,2008920,1802520,1925360,0.197
4956,BARK,Consumer Cyclical,Specialty Retail,NYSE,62.63,16,22,6,24,8.83,87194461.70861435,8641671.0,0.1356,-68.01,41510,80960,86852,-0.221
4957,NAUT,Healthcare,Biotechnology,NASDAQ,62.6,16,81,97,95,1.03,348196063.9119184,127078855.0,0.013200001,-76.1,871610,1121950,840088,
4958,INVE,Industrials,Building Products & Equipment,NASDAQ,62.58,16,17,84,34,2.7,98425466.91058922,24006212.0,0.016900001,-49.06,133650,289810,209416,0.407
4959,FIP,Industrials,Conglomerates,NASDAQ,62.54,16,29,35,41,4.0,527009459.8075819,118163555.0,0.2544,-49.59,1035390,993096,946642,0.959
4960,OPRX,Healthcare,Health Information Services,NASDAQ,62.54,16,10,8,37,6.27,97390740.3237462,18765075.0,0.1125,-71.82,205240,399823,377480,-0.095
4961,PSNY,Consumer Cyclical,Auto Manufacturers,NASDAQ,62.53,16,27,35,9,14.18,2111998170.618515,91507720.0,21.47,-66.71,191690,168886,164946,0.454
4962,ACI,Consumer Defensive,Grocery Stores,S&P 400,62.52,16,18,28,33,11.6,7719688713.834936,494534842.0,0.120799996,-49.08,13658060,9914006,8887298,0.077
4963,CRML,Basic Materials,Other Industrial Metals & Mining,NASDAQ,62.4,15,91,98,98,5.56,1643359071.2137613,146728491.0,0.2523,-82.71,6091600,5487853,6403126,0.578
4964,BYSI,Healthcare,Biotechnology,NASDAQ,62.4,15,39,26,23,1.13,69081295.4431796,41119820.0,0.064,-67.15,19610,27693,26356,
4965,FEDU,Consumer Defensive,Education & Training Services,NYSE,62.34,15,27,56,22,7.77,24659493.407014847,2260058.0,0.0063,-55.09,780,360,306,0.079
4966,STLA,Consumer Cyclical,Auto Manufacturers,NYSE,62.29,15,11,16,34,5.86,23122112019.965576,2897507765.0,0.027,-52.05,21245790,20333593,19786768,0.065
4967,DPRO,Technology,Computer Hardware,NASDAQ,62.28,15,48,58,92,4.16,272624656.6728473,36495939.0,0.1177,-71.11,736660,951563,1558158,0.494
4968,FLO,Consumer Defensive,Packaged Foods,S&P 600,62.24,15,21,12,24,7.14,1619628248.8958502,211993230.0,0.1879,-57.88,4873650,6896723,7439952,0.068
4969,EVI,Industrials,Industrial Distribution,NYSE ARCA,62.13,15,10,23,66,14.64,224694701.19797516,12869113.0,0.026800001,-57.96,71730,85466,67312,0.081
4970,COCP,Healthcare,Biotechnology,NASDAQ,62.13,15,30,60,14,0.87,15441947.4257437,13787453.0,0.0228,-67.42,29560,43676,73838,
4971,ABVC,Healthcare,Biotechnology,NASDAQ,62.1,15,56,8,77,1.08,36660622.35214162,26000442.0,0.0128999995,-80.29,79460,161316,153602,
4972,STFS,Communication Services,Advertising Agencies,NASDAQ,62.09,15,98,6,3,3.97,12391135.51661396,1193751.0,0.0226,-96.18,2218140,809640,555486,-0.027
4973,BFRG,Healthcare,Health Information Services,NASDAQ,62.08,15,6,19,5,0.57,14054571.758605838,18541651.0,0.0435,-72.06,146920,157796,223120,
4974,YQ,Consumer Defensive,Education & Training Services,NASDAQ,62.06,15,28,19,84,1.75,23731379.11187768,9686277.0,0.0005,-72.87,7390,7276,6350,0.064
4975,DXLG,Consumer Cyclical,Apparel Retail,NASDAQ,62.04,15,19,14,11,0.53,40349358.214250565,55273092.0,0.0297,-68.64,35170,62520,106168,-0.06
4976,KD,Technology,Information Technology Services,S&P 400,62.03,15,9,7,18,13.51,2742379962.844494,219918196.0,0.1604,-69.43,4255330,4454953,4223900,-0.008
4977,ROL,Consumer Cyclical,Personal Services,S&P 500,62.01,15,16,30,66,38.35,22917590465.34729,481462000.0,0.0344,-42.02,7944530,5806686,5369344,0.102
4978,NCTY,Financial Services,Capital Markets,NASDAQ,61.99,15,16,12,9,4.55,80336861.9157505,15273167.0,0.0108,-60.78,258730,114636,82534,1.335
4979,PLG,Basic Materials,Other Precious Metals & Mining,NYSE ARCA,61.99,15,13,30,89,1.31,221945288.25,126825879.0,0.0505,-67.57,857030,924793,1178980,
4980,BKYI,Industrials,Security & Protection Services,NASDAQ,61.98,15,15,12,26,4.33,4905158.219301224,1085212.0,0.0188,-78.02,296730,108310,67124,0.335
4981,XTLB,Healthcare,Biotechnology,NASDAQ,61.93,15,18,26,25,2.85,5772083.655361176,2365608.0,0.0784,-72.28,3900,137160,89532,
4982,CVRX,Healthcare,Medical Devices,NASDAQ,61.93,15,14,43,18,5.38,148070565.49546814,26535944.0,0.1007,-52.39,224700,283020,273338,0.196
4983,TMDX,Healthcare,Medical Devices,S&P 600,61.91,15,9,20,77,76.13,2322493113.72847,34560911.0,0.3691,-51.2,854160,1001806,1065136,0.212
4984,LU,Financial Services,Credit Services,NYSE,61.85,15,8,14,36,1.59,1430036651.1365266,866688892.0,3.91,-65.21,584750,942866,1148028,-0.195
4985,CRK,Energy,Oil & Gas E&P,S&P 600,61.85,15,13,29,55,12.7,3914965418.1527863,293695832.0,0.27290002,-59.26,2485520,2630956,2676214,0.142
4986,PRT,Energy,Oil & Gas E&P,NYSE,61.77,15,12,20,30,2.18,24453121.20397854,12165732.0,0.0097,-49.07,29810,41500,57716,-0.273
4987,SID,Basic Materials,Steel,NYSE,61.74,15,11,15,73,1.01,1795174639.8539243,1329758969.0,0.0108,-54.09,3063460,3831113,3904742,-0.028
4988,CRE,Industrials,Specialty Business Services,NASDAQ,61.74,15,7,9,3,2.59,5316920.6112754345,2013985.0,0.0050999997,-97.47,92610,724616,1110516,0.574
4989,MIR,Industrials,Specialty Industrial Machinery,S&P 600,61.7,15,23,28,63,14.84,4472306693.03175,244655718.0,0.1775,-50.99,4755990,4530013,4309084,0.275
4990,TOMZ,Industrials,Pollution & Treatment Controls,NASDAQ,61.62,15,62,22,22,1.6,20181432.60521382,21700465.0,0.0343,33.33,47943,58730,81758,0.049
4991,TOYO,Technology,Solar,NASDAQ,61.58,15,67,95,96,5.17,547883055.1123486,37758997.0,0.016,-68.69,651470,980943,842364,1.77
4992,CRWV,Technology,Software - Infrastructure,NASDAQ,61.56,15,27,87,50,73.9,59756319331.40057,545570346.0,0.1714,-60.48,27967660,28448470,28492890,1.116
4993,HCKT,Technology,Information Technology Services,NASDAQ,61.54,15,11,14,19,10.67,290427860.3838415,25188887.0,0.0659,-59.1,389850,390430,384276,-0.11
4994,DWTX,Healthcare,Biotechnology,NASDAQ,61.51,15,5,3,10,1.58,56833946.49429846,33629553.0,0.0092,-83.37,46170,88096,76686,
4995,NCEL,Healthcare,Biotechnology,NASDAQ,61.49,15,59,17,4,3.36,18951225.81731081,5383871.0,0.016900001,-89.09,10240,28366,42152,
4996,SMMT,Healthcare,Biotechnology,NASDAQ,61.47,15,15,27,15,13.44,13613893503.898125,776162645.0,0.2211,-56.62,4200850,4506720,5400668,
4997,SCNX,Healthcare,Pharmaceutical Retailers,NASDAQ,61.47,15,17,8,5,0.38,16780526.504268646,40630816.0,0.030299999,-85.38,311550,2732610,1805818,4.491
4998,YSXT,Industrials,Specialty Business Services,NASDAQ,61.45,15,10,6,9,0.92,28997798.936367035,27882500.0,0.0004,-90.76,68930,363046,223718,0.202
4999,QXO,Industrials,Industrial Distribution,NYSE,61.43,15,21,46,83,13.46,12510217224.0,725229984.0,0.1846,-51.25,20917390,27986680,23353280,127.163
5000,JG,Technology,Software - Application,NASDAQ,61.39,15,9,26,32,5.28,35462641.463199615,5960108.0,0.0005,-58.75,9330,12966,9318,0.049
5001,AAPG,Healthcare,Biotechnology,NASDAQ,61.39,15,9,20,28,18.07,1867677713.5231934,93337216.0,0.12,-62.7,4940,14413,12462,1.17
5002,FIGR,Financial Services,Capital Markets,NASDAQ,61.38,15,30,36,70,25.81,7815914674.776878,221100849.0,0.0582,-66.91,2762410,3809263,3616468,1.192
5003,CLIR,Industrials,Pollution & Treatment Controls,NASDAQ,61.37,15,16,21,20,3.9,25060491.40942669,5412633.0,0.0058,-65.18,15450,13436,16026,-0.524
5004,HOLO,Technology,Electronic Components,NASDAQ,61.34,15,7,5,5,1.6,49719822.94807434,22912360.0,0.055,-83.98,274960,349786,521904,0.51
5005,WTF,Financial Services,Capital Markets,NASDAQ,61.34,15,13,23,10,2.68,141818170.4401703,48237472.0,0.019199999,-64.25,4090,10433,93476,1.001
5006,RCAT,Industrials,Aerospace & Defense,NASDAQ,61.34,15,62,65,85,7.38,2178899876.5,150268957.0,0.2101,-60.7,7403090,9563843,12925122,8.491
5007,ORCL,Technology,Software - Infrastructure,S&P 500,61.31,15,17,39,16,127.56,649353662369.2017,2876046000.0,0.0212,-63.1,34162000,37138430,32660262,0.217
5008,ULH,Industrials,Trucking,NASDAQ,61.3,15,15,25,27,13.38,419541779.7863045,26369691.0,0.0942,-56.5,42230,48023,53742,-0.039
5009,GLOB,Technology,Information Technology Services,NYSE,61.3,15,7,9,16,36.39,1742726906.5147095,43179556.0,0.2005,-65.48,1660950,2267830,1982966,-0.007
5010,PSKY,Communication Services,Entertainment,S&P 500,61.29,15,23,33,25,7.81,11874425761.142424,1119173058.0,0.1508,-62.56,12022630,10285350,9212122,0.022
5011,BLDR,Industrials,Building Products & Equipment,S&P 500,61.29,15,22,10,39,66.01,8202516373.532684,107559876.0,0.0964,-56.29,2694680,2441830,2553910,-0.101
5012,PTN,Healthcare,Biotechnology,NASDAQ,61.26,15,28,94,96,7.81,24945436.314487457,1779275.0,0.088199995,-74.81,10240,19250,15804,
5013,KRKR,Communication Services,Advertising Agencies,NASDAQ,61.2,15,7,15,29,2.75,6770168.431766033,1973810.0,0.0005,-87.13,14040,10786,25310,0.047
5014,MIST,Healthcare,Biotechnology,NASDAQ,61.09,15,19,66,51,1.15,176787126.25712633,124497980.0,0.065799996,-62.42,1305310,1348816,1289132,
5015,KRMN,Industrials,Aerospace & Defense,S&P 600,61.04,15,19,39,95,47.22,7620262192.5,132526299.0,0.076,-60.11,3464700,3806296,3729710,0.51
5016,BCTX,Healthcare,Biotechnology,NASDAQ,61.04,15,6,9,4,3.63,26391773.440606356,7250487.0,0.064899996,-90.16,60210,136176,181376,
5017,SNAP,Communication Services,Internet Content & Information,NYSE,60.99,15,15,23,14,4.69,9462388996.355673,1657160934.0,0.1144,-54.95,31011250,38249086,39638656,0.121
5018,BRNS,Healthcare,Biotechnology,NASDAQ,60.98,15,27,12,15,0.56,27818095.89926076,40848893.0,0.00029999999,-80.82,29000,36386,83728,
5019,MLEC,Healthcare,Biotechnology,NASDAQ,60.98,15,38,63,4,7.2,5467668.692345619,726118.0,0.013099999,-94.31,21520,14466,19534,
5020,HIT,Technology,Software - Application,NASDAQ,60.94,15,15,79,12,1.04,65017771.06540096,65542109.0,0.0275,-74.13,52610,77923,163942,0.094
5021,PNNT,Financial Services,Asset Management,NYSE,60.93,15,14,24,31,3.33,255307733.1444087,65296094.0,0.041500002,-55.78,600330,768446,822882,-0.187
5022,SIEB,Financial Services,Capital Markets,NASDAQ,60.9,15,11,8,26,1.6,76150141.54566479,40940936.0,0.028800001,-72.27,20520,78830,69206,-0.193
5023,BKKT,Technology,Software - Infrastructure,NYSE,60.88,14,19,16,18,7.44,485964258.7636986,44706924.0,0.2035,-85.06,954530,1179333,1670886,-0.771
5024,PSNYW,Consumer Cyclical,Auto Manufacturers,NASDAQ,60.87,14,4,13,7,2.48,28395357596.866825,9309953456.0,0.71,-82.78,375740,127660,79584,0.454
5025,GLIBA,Communication Services,Telecom Services,NASDAQ,60.84,14,10,34,65,23.42,890280394.828434,39904994.0,0.0551,-44.06,65510,126203,112166,-0.038
5026,CDXS,Healthcare,Biotechnology,NASDAQ,60.76,14,74,82,9,1.48,251783488.85628557,90896567.0,0.041300002,-61.76,2170350,1336083,1099156,1.021
5027,TRON,Consumer Cyclical,Leisure,NASDAQ,60.76,14,14,94,88,1.48,948764128.0,474382064.0,0.028399998,-88.44,474170,813166,735484,0.087
5028,ATNM,Healthcare,Biotechnology,NYSE ARCA,60.71,14,19,26,26,0.84,39532492.14078474,31374994.0,0.0336,-56.81,81160,100073,115342,
5029,OI,Consumer Cyclical,Packaging & Containers,S&P 600,60.65,14,17,12,77,7.35,1341371176.25,153299563.0,0.1149,-56.53,3576840,3675510,3422884,-0.017
5030,LAES,Technology,Semiconductors,NASDAQ,60.65,14,34,18,35,2.36,775253520.7690768,222773999.0,0.085,-72.9,17436720,17394726,18561534,1.182
5031,ALIT,Technology,Software - Application,NYSE,60.62,14,9,3,7,18.27,496289886.49600583,526847029.0,0.109799996,199.02,530680,1134761,1239065,-0.026
5032,OGI,Healthcare,Drug Manufacturers - Specialty & Generic,NASDAQ,60.62,14,12,36,51,0.97,160483523.06619716,140775022.0,4.93,-56.7,230600,388173,475030,-0.089
5033,PEGA,Technology,Software - Application,S&P 400,60.62,14,10,18,17,30.03,5971056425.730343,167116051.0,0.139,-55.9,5681620,3480366,2809114,-0.096
5034,OWLS,Technology,Software - Infrastructure,NASDAQ,60.57,14,10,8,3,5.35,512333800.6482611,88333411.0,1.66,-94.06,22960,21263,27230,0.017
5035,XBP,Technology,Software - Infrastructure,NASDAQ,60.53,14,4,4,57,3.08,28831723.061144352,11768050.0,0.0031,-87.97,41210,23446,21604,-0.008
5036,ATHR,Technology,Software - Application,NASDAQ,60.53,14,77,10,20,3.35,43963921.21014595,12144730.0,0.10569999,-80.35,18230,22590,16866,-0.017
5037,VNTG,Industrials,Marine Shipping,NYSE ARCA,60.5,14,6,11,9,0.66,22438413.044810295,31737500.0,0.0011999999,-91.38,25440,1455306,890402,
5038,BATL,Energy,Oil & Gas E&P,NYSE ARCA,60.48,14,18,97,95,1.37,31927332.09994054,22018849.0,0.8285,-95.39,14918830,16967340,18304524,-0.35
5039,BCYC,Healthcare,Biotechnology,NASDAQ,60.45,14,13,13,17,4.01,327414649.24463034,69811225.0,0.0695,-57.16,303620,417790,456488,-0.911
5040,GYRO,Real Estate,Real Estate Services,NASDAQ,60.45,14,13,21,42,5.5,15505121.81948471,2199308.0,0.0001,-54.17,2230,1023,1610,-0.018
5041,LUD,Basic Materials,Steel,NYSE ARCA,60.44,14,52,53,77,4.12,128198502.16388702,22690000.0,0.0097,-82.98,14930,21776,103844,-0.177
5042,NCT,Industrials,Marine Shipping,NASDAQ,60.39,14,9,2,0,3.4,4587702.957273483,1644338.0,0.0039,-97.33,892280,493023,1284750,-0.06
5043,MINE,Basic Materials,Gold,NYSE ARCA,60.39,14,8,12,24,2.43,208800715.51689148,67138496.0,0.74,-50.2,18450,38473,43472,
5044,GLIBK,Communication Services,Telecom Services,NASDAQ,60.37,14,10,34,68,23.04,892674749.2696037,39904994.0,0.0698,-44.04,450270,805726,877590,-0.038
5045,PCT,Industrials,Pollution & Treatment Controls,NASDAQ,60.37,14,52,17,39,6.35,2240899446.594572,180863550.0,0.39880002,-63.44,3519880,4590916,5446960,1.612
5046,OCCI,Financial Services,Asset Management,NASDAQ,60.32,14,13,15,29,2.41,97445035.07594538,29088071.0,0.0128999995,-62.52,245460,255283,236980,0.092
5047,FLUT,Consumer Cyclical,Gambling,NYSE,60.29,14,11,6,13,102.13,16810456272.748878,173339407.0,0.0837,-67.44,2153040,2490090,2609942,0.174
5048,KG,Financial Services,Insurance - Reinsurance,NASDAQ,60.25,14,11,8,8,8.57,87942095.40922165,7824030.0,0.0475,-75.77,15020,24320,17224,11.12
5049,KBSX,Consumer Cyclical,Leisure,NASDAQ,60.21,14,12,31,12,0.9,59986445.514226556,44766003.0,0.0094,-64.29,13290,19656,14484,0.362
5050,SBET,Financial Services,Capital Markets,NASDAQ,60.19,14,9,39,27,6.41,1204961753.6505642,197211412.0,0.1173,-92.25,8349460,10530910,9371380,15.251
5051,MP,Basic Materials,Other Industrial Metals & Mining,S&P 400,60.17,14,66,83,90,41.66,11518035667.319366,178022198.0,0.16780001,-58.44,6241040,5293413,5690930,1.186
5052,HXHX,Industrials,Integrated Freight & Logistics,NASDAQ,60.15,14,12,17,5,0.46,6875000.0,13750000.0,0.0135,-78.2,35990,632553,2178722,-0.065
5053,NA,Technology,Semiconductors,NASDAQ,60.06,14,5,7,15,1.83,61981622.07109451,23214090.0,0.060599998,-94.19,21320,41156,95176,0.181
5054,BRIA,Consumer Cyclical,Apparel Retail,NYSE ARCA,59.93,14,18,19,28,1.23,40000000.59604645,25000000.0,0.0004,-75.15,252190,90653,89118,-0.103
5055,WKHS,Consumer Cyclical,Auto Manufacturers,NASDAQ,59.86,14,10,4,3,3.17,41721721.168899536,10893400.0,0.0912,-95.29,91590,110600,135344,2.781
5056,MPLT,Healthcare,Biotechnology,NASDAQ,59.8,14,94,91,31,14.03,1329081739.3427963,45345676.0,0.0618,-57.84,2305590,1189216,825056,
5057,FGNX,Financial Services,Asset Management,NASDAQ,59.8,14,7,2,2,7.62,54534024.458841324,6261082.0,0.0553,-96.31,125270,124826,128242,-0.025
5058,KRRO,Healthcare,Biotechnology,NASDAQ,59.8,14,50,18,9,10.45,193406674.9092903,14422571.0,0.093,-81.3,160170,254390,216742,
5059,BMNR,Financial Services,Capital Markets,NYSE,59.78,14,6,77,67,18.08,10975745562.861576,569576819.0,0.0463,-88.77,37804920,38298210,37612902,6.278
5060,SPWH,Consumer Cyclical,Specialty Retail,NASDAQ,59.78,14,16,16,11,1.16,51418424.04318452,38953350.0,0.0161,-73.22,309880,421836,477710,-0.016
5061,NIXX,Industrials,Staffing & Employment Services,NASDAQ,59.76,14,84,12,3,0.56,22623857.874500394,28637794.0,0.051999997,-77.33,1541500,3282253,4372934,19.828
5062,FUTU,Financial Services,Capital Markets,NASDAQ,59.69,14,13,61,64,103.42,14590040323.376038,140194488.0,0.0715,-48.94,1517230,1558053,3928294,0.288
5063,ADMA,Healthcare,Biotechnology,S&P 600,59.55,14,12,8,32,8.67,1849546270.1207137,231772715.0,0.105500005,-61.24,2564890,3126630,3207542,0.159
5064,AEC,Energy,Uranium,NASDAQ,59.55,14,11,29,75,3.96,88378985.78795624,18184976.0,0.0025,-68.29,31910,48226,49212,
5065,LITS,Healthcare,Biotechnology,NASDAQ,59.52,14,11,12,6,0.99,34365451.67551041,34025200.0,0.0026,-89.0,148410,222456,361734,
5066,LNSR,Healthcare,Medical Devices,NASDAQ,59.52,14,12,5,37,5.17,70205104.70871735,12104328.0,0.108100004,-62.18,32240,87306,69980,-0.052
5067,ARCT,Healthcare,Biotechnology,NASDAQ,59.51,14,16,30,15,5.92,225110708.64850807,28423069.0,0.2877,-75.51,430310,528676,466892,-0.93
5068,UPST,Financial Services,Credit Services,NASDAQ,59.49,14,33,12,16,27.04,3234094004.1365585,95711569.0,0.3196,-69.03,3532120,3954983,4263894,0.446
5069,AMSC,Industrials,Specialty Industrial Machinery,NASDAQ,59.39,14,61,88,18,29.45,2429554962.801647,47694445.0,0.08180001,-58.22,886930,849423,1082006,0.296
5070,PRSO,Technology,Semiconductors,NASDAQ,59.37,14,24,53,27,0.64,16364290.650894642,14742604.0,0.0674,-73.0,269410,394616,532086,-0.751
5071,TELA,Healthcare,Medical Devices,NASDAQ,59.34,14,19,45,12,0.71,43423162.90076971,44766146.0,0.0255,-67.73,32540,73063,89500,0.029
5072,GBFH,Financial Services,Banks - Regional,NASDAQ,59.27,14,34,20,31,21.02,431071799.3280029,14470352.0,0.0625,-52.23,105230,86170,78854,0.043
5073,USGO,Basic Materials,Other Industrial Metals & Mining,NASDAQ,59.24,14,18,76,72,7.45,136215081.45284653,13354420.0,0.0921,-58.57,45310,58376,59058,
5074,KTOS,Industrials,Aerospace & Defense,S&P 400,59.13,14,20,32,93,46.17,12025656058.880981,187519984.0,0.080299996,-65.54,3387240,4966173,4778846,0.226
5075,ERII,Industrials,Pollution & Treatment Controls,NASDAQ,59.02,14,15,16,36,8.43,421124769.9625912,51545259.0,0.0417,-53.98,737890,928210,902342,0.203
5076,SNES,Basic Materials,Specialty Chemicals,NASDAQ,59.0,14,9,9,10,1.32,9174927.081154823,5303426.0,0.020499999,-78.85,50610,54313,51260,0.016
5077,CLVT,Technology,Information Technology Services,NYSE,58.98,14,13,38,10,2.01,1617217752.011869,639216510.0,0.1598,-57.86,6014130,8682280,7146726,-0.014
5078,BGMS,Healthcare,Biotechnology,NASDAQ,58.96,14,12,7,2,0.91,6071401.731594086,5519456.0,0.0063,-96.51,30160,112083,2868946,
5079,NOMA,Consumer Cyclical,Leisure,NASDAQ,58.86,14,14,9,4,3.19,60835015.5,17381433.0,0.0052,-77.98,5540,9093,9422,1.16
5080,DOMO,Technology,Software - Application,NASDAQ,58.8,14,11,6,6,3.7,188260483.10439682,45146398.0,0.097799994,-79.99,4890100,3176976,2559476,0.011
5081,ACHR,Industrials,Aerospace & Defense,NYSE,58.77,14,14,12,17,4.74,5195109782.338522,762864879.0,0.1617,-67.58,39031600,35165856,42821096,
5082,ZJK,Industrials,Specialty Industrial Machinery,NASDAQ,58.74,13,19,71,11,1.69,185248084.48109722,64322249.0,0.002,-70.96,9230,17303,21144,0.455
5083,MIRA,Healthcare,Drug Manufacturers - General,NASDAQ,58.65,13,18,19,25,0.82,44543409.815476894,42022087.0,0.0105,-66.53,56950,67166,91836,
5084,CRCL,Financial Services,Capital Markets,NYSE,58.62,13,8,87,8,64.24,28089091390.0,248576030.0,0.080299996,-78.51,10300690,13340610,13214274,0.2
5085,LAC,Basic Materials,Other Industrial Metals & Mining,NYSE,58.59,13,35,86,79,2.89,1829035523.7719707,351062478.0,0.08180001,-72.53,7724490,9406226,10568214,
5086,PLBL,Consumer Cyclical,Department Stores,NASDAQ,58.59,13,27,17,38,5.11,2637989714.117136,366387470.0,0.0036000002,-62.09,145990,350136,239332,0.611
5087,CCTG,Industrials,Electrical Equipment & Parts,NASDAQ,58.56,13,18,4,0,0.69,2097633.9082508087,3913496.0,0.0418,-97.36,1186030,1933750,6877776,-0.082
5088,RBLX,Communication Services,Electronic Gaming & Multimedia,NYSE,58.42,13,15,9,15,48.67,33758398919.246864,715978745.0,0.038900003,-67.68,8631180,9791083,10095810,0.393
5089,LZM,Basic Materials,Other Industrial Metals & Mining,NYSE,58.42,13,27,73,62,3.3,478848835.5,91209302.0,0.0004,-48.44,414800,552096,593590,7.051
5090,INTS,Healthcare,Biotechnology,NASDAQ,58.37,13,10,7,15,4.05,11865379.439134598,2702820.0,0.0292,-90.69,19050,51656,42590,
5091,SOUN,Technology,Software - Application,NASDAQ,58.3,13,15,34,12,6.14,3894926715.0,432769635.0,0.3806,-72.3,40018110,31314896,29591316,0.517
5092,LIVE,Consumer Cyclical,Home Improvement Retail,NASDAQ,58.25,13,11,23,87,9.64,31484474.0,3071656.0,0.0044,-62.08,8120,10166,9434,-0.038
5093,INLX,Technology,Software - Application,NYSE ARCA,58.12,13,14,14,20,5.46,28183612.294264793,4494994.0,0.00029999999,-62.53,1070,3496,3614,-0.08
5094,DTSS,Technology,Software - Infrastructure,NASDAQ,58.11,13,15,10,7,0.77,8806949.924202502,10447153.0,0.0138,-69.2,20220,30220,348826,-0.365
5095,DSS,Consumer Cyclical,Packaging & Containers,NYSE ARCA,58.1,13,9,6,32,0.5,4820408.532255471,10042518.0,0.038399998,-73.61,52400,79266,1796654,-0.126
5096,CMTG,Real Estate,REIT - Mortgage,NYSE,57.96,13,25,29,27,1.82,340731605.8806124,140218764.0,0.0312,-54.39,561850,719230,658874,
5097,BMBL,Communication Services,Internet Content & Information,NASDAQ,57.91,13,17,37,10,2.91,413466812.5111084,130431168.0,0.1336,-66.32,1961540,3316280,3249824,-0.141
5098,TSSI,Technology,Information Technology Services,NASDAQ,57.77,13,26,76,11,9.74,462658782.0287628,28073956.0,0.18200001,-69.51,689260,773390,1103620,-0.441
5099,PONY,Technology,Information Technology Services,NASDAQ,57.76,13,9,18,27,7.94,4348421660.821916,433541553.0,0.074499995,-68.14,3581360,3680016,4433464,1.45
5100,INTU,Technology,Software - Application,S&P 500,57.76,13,5,16,15,315.5,90685721276.09253,273537000.0,0.0462,-61.23,4059840,4996866,5997882,0.104
5101,JFU,Technology,Information Technology Services,NASDAQ,57.7,13,35,76,97,2.01,36026401.366324425,11773334.0,0.00029999999,-78.8,1800,1966,4744,-0.176
5102,EGG,Industrials,Consulting Services,NYSE ARCA,57.66,13,83,83,58,3.6,211484288.15784454,27845200.0,0.002,-74.06,2703730,925680,596886,-0.403
5103,AHMA,Consumer Cyclical,Travel Services,NASDAQ,57.66,13,42,1,89,1.39,35670001.41739845,29725000.0,0.039,-96.48,42100,681563,3743942,0.046
5104,JOBY,Industrials,Airports & Air Services,NYSE,57.62,13,22,19,29,7.24,11705349563.57003,983642852.0,0.1297,-65.44,54102330,49249230,42383434,
5105,EBON,Technology,Computer Hardware,NASDAQ,57.6,13,25,14,10,1.95,13440518.898862839,6280616.0,0.0033000002,-66.95,3380,12763,11506,-0.213
5106,BMRA,Healthcare,Medical Devices,NASDAQ,57.59,13,14,19,19,1.59,7385743.234182119,3090269.0,0.0334,-65.43,6070,9866,13612,-0.118
5107,AMTX,Basic Materials,Specialty Chemicals,NASDAQ,57.57,13,13,95,25,1.56,179434512.9946649,70366477.0,0.0714,-58.95,1112980,1300056,1237478,0.274
5108,AUST,Basic Materials,Gold,NYSE ARCA,57.53,13,15,27,66,1.01,18896341.314706683,13693001.0,0.0397,-74.23,63820,73580,94512,
5109,NCL,Consumer Cyclical,"Furnishings, Fixtures & Appliances",NYSE ARCA,57.53,13,10,4,0,0.16,9027157.82229583,53733083.0,0.003,-99.84,0,59433,312034,0.443
5110,MIND,Technology,Scientific & Technical Instruments,NASDAQ,57.39,13,8,15,22,4.95,61351121.25,9089055.0,0.0644,-65.86,83540,86353,100694,-0.349
5111,AEYE,Technology,Software - Application,NASDAQ,57.35,13,12,16,11,5.83,95949425.05536318,12493415.0,0.0638,-64.43,72190,145256,123312,0.084
5112,GAME,Communication Services,Electronic Gaming & Multimedia,NASDAQ,57.24,13,30,29,6,0.36,38509354.403986216,93696723.0,0.0661,-87.46,615300,812363,1109020,1.424
5113,CFND,Financial Services,Asset Management,NYSE,57.22,13,8,9,8,3.14,23399997.59642172,6666666.0,0.17,-67.89,16130,30700,29718,
5114,NXL,Healthcare,Medical Devices,NASDAQ,57.07,13,15,5,7,0.34,13139804.128141642,21540662.0,0.0297,-83.0,249610,259743,732664,-0.636
5115,ARRY,Technology,Solar,NASDAQ,57.07,13,29,44,93,5.08,1396743500.5039787,153826378.0,0.235,-58.46,7401280,6463283,6312362,-0.261
5116,RDAC,Financial Services,Shell Companies,NASDAQ,57.05,13,13,29,18,6.0,54422172.074165344,5951030.0,0.0028,-74.99,17900,14566,11854,
5117,SHAK,Consumer Cyclical,Restaurants,S&P 600,57.01,13,9,37,30,63.07,2594955476.4074707,40350732.0,0.1557,-56.4,1687130,1813906,2159380,0.143
5118,NEOV,Industrials,Electrical Equipment & Parts,NASDAQ,56.97,13,21,9,37,2.13,107067527.46814227,54906423.0,0.105100006,-70.13,988740,3852006,2864188,0.005
5119,EVEX,Industrials,Aerospace & Defense,NYSE,56.91,13,15,12,18,2.33,1201650831.4084568,348304584.0,0.0923,-69.74,941540,1116996,1091252,
5120,SOS,Financial Services,Capital Markets,NYSE,56.87,13,12,10,10,0.95,17302243.248167038,16170320.0,0.0482,-90.13,28060,27290,26870,-0.621
5121,NTHI,Healthcare,Biotechnology,NASDAQ,56.82,13,17,9,73,3.49,120700947.56687164,26013136.0,0.02,-73.13,46330,79406,82442,
5122,ELOG,Industrials,Integrated Freight & Logistics,NASDAQ,56.77,13,10,6,6,0.86,10907200.30593872,12832000.0,0.0076,-76.11,9120,10803,261904,0.278
5123,UP,Industrials,Airports & Air Services,NYSE,56.72,13,11,2,8,5.98,320382837.4346161,36324586.0,0.1506,-91.46,84270,123353,141374,-0.048
5124,NUS,Consumer Defensive,Household & Personal Products,NYSE,56.69,13,9,21,83,5.23,281107642.11794376,48550543.0,0.064899996,-64.23,470900,733590,718716,-0.12
5125,SILO,Healthcare,Biotechnology,NASDAQ,56.68,13,33,39,6,4.25,6962102.282417357,16266594.0,0.0466,320.79,23730,293646,188179,0.0
5126,GTBP,Healthcare,Biotechnology,NASDAQ,56.67,13,19,6,8,0.31,17238067.578919888,36062904.0,0.057600003,-91.95,471520,1008020,1309032,
5127,BESS,Utilities,Utilities - Renewable,NYSE ARCA,56.67,13,39,3,99,2.63,27041752.723873615,7097573.0,0.005,-84.64,85160,265850,683584,
5128,ACDC,Energy,Oil & Gas Equipment & Services,NASDAQ,56.65,13,55,84,30,3.71,1105425824.9855266,180920753.0,0.0481,-65.33,1516580,1503726,1492996,-0.251
5129,ARQ,Industrials,Pollution & Treatment Controls,NASDAQ,56.63,13,13,8,14,2.06,118476471.6706233,42926258.0,0.047399998,-73.89,239470,389606,340566,0.066
5130,NXTC,Healthcare,Biotechnology,NASDAQ,56.61,13,1,69,92,5.03,22394994.511047363,3612096.0,0.0161,-68.04,595060,4272723,2624364,
5131,JELD,Industrials,Building Products & Equipment,NYSE,56.6,13,17,4,17,1.36,186086860.7544272,86151321.0,0.1466,-80.5,1152740,1819760,1690476,-0.069
5132,DTCX,Financial Services,Financial Data & Stock Exchanges,NASDAQ,56.6,13,8,12,6,1.8,89798073.83563328,38873626.0,0.039,-89.08,87900,197086,232180,12.652
5133,NPWR,Industrials,Specialty Industrial Machinery,NYSE,56.54,13,20,21,14,1.47,177651439.1671064,88383801.0,0.041100003,-71.73,683150,791713,773804,
5134,IDN,Technology,Software - Application,NASDAQ,56.51,13,11,93,82,3.68,89510398.36504555,20251221.0,0.0405,-59.47,195990,292796,356816,0.129
5135,GRNQ,Industrials,Consulting Services,NASDAQ,56.51,13,17,91,84,1.16,25967698.151863575,18033123.0,0.0004,-63.52,6560,31560,22592,0.149
5136,SNOA,Healthcare,Drug Manufacturers - Specialty & Generic,NASDAQ,56.4,13,4,4,35,1.13,3959851.5103104115,3473554.0,0.0078,-83.67,33490,91593,126414,0.22
5137,WING,Consumer Cyclical,Restaurants,S&P 400,56.33,13,24,8,35,134.34,4274421701.715744,27232553.0,0.1919,-65.39,1371440,1224253,1196458,0.074
5138,MAMO,Consumer Cyclical,Recreational Vehicles,NASDAQ,56.31,13,8,7,5,1.02,40433363.105246425,41640950.0,0.039300002,-81.75,88520,111950,336844,-0.147
5139,NXB,Consumer Cyclical,Auto & Truck Dealerships,NYSE ARCA,56.28,13,17,21,16,1.92,66247384.18409157,24999012.0,0.0049,-50.77,32200,42686,40496,0.096
5140,FLY,Industrials,Aerospace & Defense,NASDAQ,56.24,13,28,50,13,20.29,7449335507.279491,160235217.0,0.097799994,-72.51,3473350,4826623,6686810,0.448
5141,VTSI,Technology,Software - Application,NASDAQ,56.22,12,14,25,20,3.16,38782616.30481601,11306885.0,0.008,-57.7,37210,44483,46224,-0.515
5142,GXAI,Communication Services,Electronic Gaming & Multimedia,NASDAQ,56.19,12,26,23,59,0.8,12059521.583943129,10219934.0,0.0168,-72.97,296270,315436,2635022,75.242
5143,FWDI,Consumer Cyclical,Footwear & Accessories,NASDAQ,56.17,12,16,8,9,4.12,350994571.0559778,74679699.0,0.0305,-91.04,938100,1502676,1309132,3.15
5144,FWRD,Industrials,Integrated Freight & Logistics,NASDAQ,56.15,12,11,13,83,14.19,334592984.26720047,31625046.0,0.15,-56.3,887910,1027046,1133786,-0.051
5145,RECT,Consumer Cyclical,Specialty Retail,NASDAQ,56.13,12,12,7,8,1.15,19140000.760555267,14500000.0,0.0119,-77.0,10350,7393,14870,0.108
5146,AIMD,Technology,Scientific & Technical Instruments,NASDAQ,56.12,12,55,13,14,1.36,17527610.802804947,7364542.0,0.0064999997,-69.78,31380,46420,449294,-0.998
5147,ALDX,Healthcare,Biotechnology,NASDAQ,56.04,12,25,4,80,1.6,105561869.0,60321068.0,0.12979999,-74.09,1047980,1782240,1477276,
5148,JFB,Real Estate,Real Estate - Development,NASDAQ,56.0,12,20,60,99,3.63,88610871.21648788,15330600.0,10.7152,-79.32,232970,298426,453242,1.145
5149,TYGO,Technology,Solar,NASDAQ,55.99,12,53,98,98,1.73,308956944.6109514,75910794.0,0.014099999,-67.52,1071030,1553043,1210122,0.337
5150,PRIM,Industrials,Engineering & Construction,S&P 600,55.95,12,17,92,91,85.65,6824185658.070831,54254935.0,0.08939999,-58.32,1473620,2100503,2153474,-0.054
5151,TLSA,Healthcare,Biotechnology,NASDAQ,55.93,12,20,25,34,0.97,179435370.46226823,127259131.0,0.038900003,-62.69,238750,229286,256136,
5152,INAB,Healthcare,Biotechnology,NASDAQ,55.89,12,18,14,20,1.08,18414058.346954584,9847090.0,0.0184,-74.29,50100,49263,55792,
5153,RC,Real Estate,REIT - Mortgage,NYSE,55.86,12,19,12,9,1.45,294089941.65304446,165219071.0,0.1391,-69.47,1076860,1474156,1497770,
5154,TREE,Financial Services,Financial Conglomerates,NASDAQ,55.81,12,33,19,28,31.72,533005298.2453079,13953018.0,0.0817,-58.99,348830,312393,263096,0.365
5155,ZTS,Healthcare,Drug Manufacturers - Specialty & Generic,S&P 500,55.72,12,7,22,30,76.03,32569833510.926147,419228118.0,0.036,-55.86,5400740,6412536,6638076,0.029
5156,KTTA,Healthcare,Biotechnology,NASDAQ,55.71,12,14,37,24,0.44,23891329.443671227,33414448.0,0.009,-78.64,412710,1223620,927782,
5157,OGEN,Healthcare,Biotechnology,NYSE ARCA,55.69,12,17,7,5,0.49,2752293.8345440626,4511957.0,0.1457,-94.9,23260,31316,38920,
5158,MENS,Healthcare,Biotechnology,NASDAQ,55.69,12,6,5,0,2.23,167260873.22528172,76027668.0,0.0058,-96.67,60640,103360,100766,
5159,AIRO,Industrials,Aerospace & Defense,NASDAQ,55.66,12,13,6,8,6.55,282381868.72532654,31445644.0,0.09689999,-83.24,332120,428803,533722,-0.245
5160,EVGO,Consumer Cyclical,Specialty Retail,NASDAQ,55.64,12,15,12,22,1.67,313151794.3357408,141059365.0,0.3364,-67.76,3529760,3587396,3883216,0.455
5161,TIGR,Financial Services,Capital Markets,NASDAQ,55.58,12,8,16,25,4.88,917598789.9648523,178521170.0,0.053400002,-63.99,2055850,2054500,4881976,0.458
5162,SNGX,Healthcare,Biotechnology,NASDAQ,55.57,12,2,1,11,0.38,13489998.728779435,14824174.0,0.0469,-93.9,329460,489883,8694064,
5163,RETO,Basic Materials,Building Materials,NASDAQ,55.56,12,4,3,1,2.75,7813958.320702314,3519801.0,0.0164,-96.28,4120,6693,37560,1.189
5164,NEXM,Basic Materials,Other Industrial Metals & Mining,NASDAQ,55.55,12,12,7,17,2.13,101597264.00032616,35648164.0,3.45,-79.42,35670,30576,31594,
5165,ODD,Consumer Defensive,Household & Personal Products,NASDAQ,55.54,12,13,3,12,14.65,775999187.3767147,57438873.0,0.1889,-81.5,656080,1234686,1540062,0.235
5166,TANH,Consumer Defensive,Household & Personal Products,NASDAQ,55.54,12,7,3,8,0.42,5842939.283778012,13683699.0,0.027,-83.78,207040,417200,372870,-0.045
5167,GORO,Basic Materials,Other Precious Metals & Mining,NYSE ARCA,55.5,12,88,67,97,2.23,225017241.1942464,161882909.0,0.0115,19.25,2663600,953545,600301,-0.282
5168,UFG,Industrials,Marine Shipping,NASDAQ,55.47,12,10,8,10,0.7,22270989.659428596,32465000.0,0.010299999,-93.64,29630,196756,435292,0.843
5169,GELS,Healthcare,Drug Manufacturers - Specialty & Generic,NASDAQ,55.47,12,13,7,12,0.55,5237707.7718348205,10711059.0,0.017,-84.33,173740,163160,4557824,0.594
5170,MBIO,Healthcare,Biotechnology,NASDAQ,55.39,12,12,15,8,0.59,5076928.476463258,7577505.0,0.008,-91.57,30940,39436,154072,
5171,BQ,Consumer Cyclical,Specialty Retail,NYSE ARCA,55.35,12,8,4,6,0.8,3547488.160441816,4379615.0,0.0194,-98.57,70410,422396,1510980,-0.167
5172,REBN,Consumer Cyclical,Restaurants,NASDAQ,55.34,12,17,74,15,1.4,16509044.47167039,8213455.0,0.0177,-59.18,176940,78616,63764,2.078
5173,STXS,Healthcare,Medical Instruments & Supplies,NYSE ARCA,55.32,12,20,23,22,1.33,193518667.8641796,97736700.0,0.0461,-62.95,1626170,1143780,825970,-0.158
5174,BDTX,Healthcare,Biotechnology,NASDAQ,55.32,12,13,57,26,1.72,127209939.9194169,57301774.0,0.13229999,-65.18,665240,1570080,1912684,
5175,FMC,Basic Materials,Agricultural Inputs,S&P 600,55.26,12,7,15,15,11.83,1708118792.5796013,125045301.0,0.1933,-73.58,4023170,4884990,4117820,-0.041
5176,BRFH,Consumer Defensive,Beverages - Non-Alcoholic,NASDAQ,55.17,12,10,26,38,1.71,37130051.530217886,16143501.0,0.002,-71.87,7890,6986,8740,0.945
5177,GWAV,Industrials,Waste Management,NASDAQ,55.17,12,9,6,5,3.24,3028153.2291197777,829631.0,0.0498,-90.59,518830,185890,116012,0.49
5178,ABAT,Industrials,Waste Management,NASDAQ,55.16,12,44,67,93,2.04,492456002.179559,136414409.0,0.1689,-82.25,3038990,3480250,6197742,6.971
5179,ALGS,Healthcare,Biotechnology,NASDAQ,55.09,12,11,28,27,4.32,35272869.91969013,6188223.0,0.1019,-68.44,104700,231860,180880,8.1
5180,BSX,Healthcare,Medical Devices,S&P 500,55.07,12,7,9,20,46.0,71805820738.68822,1486355179.0,0.0212,-57.99,22620940,21186280,21726442,0.116
5181,ELBM,Basic Materials,Other Industrial Metals & Mining,NASDAQ,55.04,12,15,8,19,0.51,68834741.59141076,105413081.0,0.0123000005,-94.14,337810,383903,603622,
5182,TMC,Basic Materials,Other Industrial Metals & Mining,NASDAQ,54.93,12,19,37,91,3.62,2620987967.5303745,433221138.0,0.1129,-68.11,3678560,4379826,5201470,
5183,QCLS,Technology,Computer Hardware,NASDAQ,54.88,12,27,13,11,2.71,34319483.831246376,7853429.0,1.1936,-91.93,198460,228120,308324,
5184,MTR,Energy,Oil & Gas E&P,NYSE,54.85,12,10,33,30,2.94,7063006.028909683,1863590.0,0.0019,-71.79,6130,9600,9688,0.588
5185,VITL,Consumer Defensive,Farm Products,NASDAQ,54.84,12,8,4,17,12.51,428913034.3472328,42848454.0,0.4596,-76.45,1420980,2075393,2231388,0.154
5186,DOCS,Healthcare,Health Information Services,S&P 400,54.82,12,9,7,11,21.24,3913461736.03985,182872047.0,0.12149999,-72.24,3225340,3361316,3440992,0.051
5187,MNTS,Industrials,Aerospace & Defense,NASDAQ,54.78,12,53,4,2,4.52,177726272.07357216,10547553.0,0.0598,-89.63,886250,1780960,6172414,8.984
5188,SMPL,Consumer Defensive,Packaged Foods,S&P 600,54.76,12,13,9,14,10.38,1066466991.4975891,92575256.0,0.1114,-70.47,2780140,2765646,2479132,-0.094
5189,OSRH,Healthcare,Biotechnology,NASDAQ,54.76,12,5,23,13,0.43,15305777.451733947,35104995.0,0.095,-75.98,554650,719580,866268,-0.364
5190,ZG,Communication Services,Internet Content & Information,NASDAQ,54.7,12,9,12,18,34.05,8090432141.249542,228801810.0,0.1578,-62.26,1210600,1274386,1282630,0.184
5191,MTVA,Healthcare,Biotechnology,NASDAQ,54.68,12,8,4,1,1.44,14666810.356738567,5164370.0,0.020399999,-92.43,90870,446226,4810086,
5192,OIO,Financial Services,Asset Management,NASDAQ,54.68,12,1,1,91,2.03,689083780.4779949,348022108.0,0.0023999999,-84.34,181440,85383,70610,
5193,WIX,Technology,Software - Infrastructure,NASDAQ,54.62,12,4,16,8,56.68,2346083644.1315575,41849511.0,0.24239999,-70.31,1408550,1367823,1593056,0.143
5194,SINT,Healthcare,Medical Devices,NASDAQ,54.62,12,9,21,36,1.53,9675185.001191854,4319279.0,0.0539,-77.43,19480,35553,50062,0.03
5195,ALNY,Healthcare,Biotechnology,NASDAQ,54.61,12,21,24,33,205.48,40318128261.352936,133512573.0,0.0539,-58.53,2109150,1788563,1501806,0.964
5196,TAOX,Technology,Software - Infrastructure,NASDAQ,54.59,12,10,78,21,3.38,31382108.774842262,7471931.0,0.0773,-71.79,99460,98003,109754,
5197,AURE,Financial Services,Capital Markets,NASDAQ,54.59,12,9,11,11,1.8,92883197.4029541,36800000.0,0.0007,-87.67,7310,71150,59430,
5198,AAME,Financial Services,Insurance - Life,NASDAQ,54.57,12,12,61,72,1.55,44058014.23070812,20397228.0,0.0011,-58.22,6890,12086,14098,0.208
5199,BCHT,Industrials,Pollution & Treatment Controls,NYSE ARCA,54.57,12,18,6,60,1.38,45246262.272619724,26305966.0,0.002,-71.25,76180,113490,125284,-0.319
5200,PRCT,Healthcare,Medical Devices,NASDAQ,54.54,12,15,13,15,18.0,1498673158.1774368,56918844.0,0.12149999,-73.07,1408680,1608663,1544814,0.202
5201,ATXG,Industrials,Integrated Freight & Logistics,NASDAQ,54.52,11,6,23,14,3.53,3241245.5244841576,781023.0,0.0685,-81.9,5740,5080,9322,0.128
5202,SCYX,Healthcare,Drug Manufacturers - Specialty & Generic,NASDAQ,54.48,11,13,80,26,3.73,55975276.643445015,9930329.0,0.0292,-64.41,63830,83340,76861,
5203,HCWB,Healthcare,Biotechnology,NASDAQ,54.42,11,73,1,2,3.15,14179077.136588097,7161150.0,0.62490004,-59.74,69140,88745,972244,1290.807
5204,HUDI,Basic Materials,Steel,NASDAQ,54.32,11,15,41,30,0.72,14284883.002096295,14299182.0,0.0155,-86.81,27420,29986,201770,-0.099
5205,TGE,Financial Services,Asset Management,NYSE,54.29,11,13,11,8,0.88,49914900.713517666,48461070.0,0.0061000003,-97.62,36110,444203,425714,-0.745
5206,EHGO,Industrials,Business Equipment & Supplies,NASDAQ,54.27,11,8,3,4,2.1,3337304.8017772436,2022609.0,0.010199999,-88.97,8968180,15726486,9481228,0.161
5207,SIGA,Healthcare,Drug Manufacturers - Specialty & Generic,NASDAQ,54.27,11,12,18,35,3.25,335668761.64774275,71724097.0,0.0714,-66.22,1024490,801180,653780,-0.113
5208,UONE,Communication Services,Broadcasting,NASDAQ,54.25,11,9,11,36,5.05,29769963.239307404,4517445.0,0.1694,-73.42,5040,15206,21670,-0.158
5209,AVAV,Industrials,Aerospace & Defense,S&P 400,54.22,11,17,15,42,146.57,10487395192.021957,50605071.0,0.12109999,-64.92,1302670,2068526,1749468,1.434
5210,CISO,Technology,Software - Infrastructure,NASDAQ,54.21,11,9,7,5,0.25,20164434.640893757,45313337.0,0.0033000002,-83.11,124720,1030113,796740,-0.154
5211,NMG,Basic Materials,Other Industrial Metals & Mining,NYSE,54.2,11,12,35,33,1.32,641772959.1933942,329114330.0,8.76,-78.22,581180,605676,855458,
5212,NBP,Healthcare,Biotechnology,NASDAQ,54.2,11,13,54,95,1.64,212793253.0601853,115648505.0,0.095,-75.85,270580,603556,607320,
5213,NTRB,Healthcare,Biotechnology,NASDAQ,54.17,11,10,11,16,2.91,42424380.78592849,12155983.0,0.0354,-75.08,8320,13206,12104,-0.376
5214,BGI,Consumer Cyclical,Luxury Goods,NYSE ARCA,54.14,11,13,20,35,0.47,12344653.346565247,19594688.0,0.0111,-70.06,382270,155103,382528,0.162
5215,SVRE,Technology,Scientific & Technical Instruments,NASDAQ,54.06,11,5,17,0,3.8,4054606.0825538635,934241.0,0.0068,-94.43,60100,1009983,621480,-0.783
5216,FVRR,Communication Services,Internet Content & Information,NYSE,53.95,11,13,9,14,9.18,395098492.4915314,35950728.0,0.1297,-73.06,1062980,849976,846514,-0.016
5217,HUMA,Healthcare,Biotechnology,NASDAQ,53.94,11,14,14,9,0.67,288624829.81330395,222019108.0,0.1868,-77.13,4514350,13310876,11171248,-0.043
5218,SKIN,Consumer Defensive,Household & Personal Products,NASDAQ,53.93,11,7,11,26,0.68,100310429.53864336,129600040.0,0.3482,-74.72,822740,4454526,3080036,-0.067
5219,AMST,Technology,Software - Application,NASDAQ,53.89,11,10,5,15,0.98,8252708.654635549,5852985.0,0.0735,-79.5,120210,104560,3377630,1.715
5220,GIBO,Communication Services,Internet Content & Information,NASDAQ,53.81,11,7,6,4,26.97,86606441.3845452,65117623.0,0.0011999999,-94.99,5510,5878,4067,
5221,AEI,Real Estate,Real Estate - Development,NASDAQ,53.81,11,23,27,96,1.06,60677492.574362755,38895830.0,0.038,-76.7,8580,20223,17732,-0.082
5222,ZJYL,Healthcare,Medical Instruments & Supplies,NASDAQ,53.78,11,7,7,4,1.91,17533275.274647474,7827355.0,0.0083,-88.88,19930,17580,351160,-0.165
5223,IMTE,Technology,Electronic Components,NASDAQ,53.77,11,11,10,14,0.43,1792145.6142644882,3446434.0,0.012999999,-72.08,23080,78530,96472,
5224,CBAT,Industrials,Electrical Equipment & Parts,NASDAQ,53.76,11,12,33,29,0.5,70916669.85674071,88645836.0,0.0026,-60.0,142240,158736,156082,0.993
5225,ASST,Financial Services,Asset Management,NASDAQ,53.68,11,14,30,4,11.94,1338841115.9907284,75769163.0,0.2048,-95.26,2743880,3701626,4355020,0.882
5226,METCB,Basic Materials,Coking Coal,NASDAQ,53.63,11,17,23,63,6.6,750162688.0473423,65174863.0,0.0067000003,-69.79,52680,74483,60706,-0.097
5227,Z,Communication Services,Internet Content & Information,NASDAQ,53.55,11,9,11,17,33.71,8008063350.0,228801810.0,0.093,-64.09,3215420,3731990,4449498,0.184
5228,AFJK,Financial Services,Shell Companies,NASDAQ,53.54,11,85,97,99,12.0,132985944.0,3166332.0,0.0023999999,-90.8,24370,26123,16750,
5229,SWVL,Industrials,Railroads,NASDAQ,53.52,11,14,16,7,1.39,17138671.96508217,9964344.0,0.0031,-71.57,18210,16593,31706,
5230,QS,Consumer Cyclical,Auto Parts,NASDAQ,53.5,11,38,33,54,5.23,5524002500.888931,615145076.0,0.19,-72.57,33271380,29120363,25907762,
5231,TNXP,Healthcare,Biotechnology,NASDAQ,53.44,11,12,11,20,10.09,196547609.11382866,15940601.0,0.1471,-85.58,517670,538866,538706,1.832
5232,AIFF,Technology,Software - Application,NASDAQ,53.4,11,12,89,4,1.01,27562050.302991867,15571780.0,0.0684,-73.21,108020,129540,218934,10.279
5233,BUR,Financial Services,Asset Management,NYSE,53.39,11,10,6,20,4.21,1016481592.3510909,219069315.0,0.0654,-72.12,1854510,2118336,2250316,
5234,TLRY,Healthcare,Drug Manufacturers - Specialty & Generic,NASDAQ,53.38,11,11,24,30,4.2,659019296.1052341,119604223.0,0.1416,-81.9,5197040,4159413,3889194,-0.078
5235,PLCE,Consumer Cyclical,Apparel Manufacturing,NASDAQ,53.29,11,16,11,12,2.44,92845654.5870781,22211880.0,0.33009997,-74.48,277780,290463,532910,-0.194
5236,MLCI,Financial Services,Asset Management,NASDAQ,53.28,11,15,18,85,3.1,35580282.98693085,11188768.0,0.0112,-64.53,10150,26940,27924,-0.664
5237,TGEN,Industrials,Electrical Equipment & Parts,NYSE ARCA,53.2,11,65,61,16,3.2,185790483.0612793,29917952.0,0.0523,-73.49,310930,260696,315098,-0.129
5238,CODX,Healthcare,Medical Devices,NASDAQ,53.18,11,39,3,2,1.56,31435727.435914993,3685314.0,0.0558,-96.65,456580,571423,6941932,1.903
5239,BCDA,Healthcare,Biotechnology,NASDAQ,53.11,11,28,17,17,0.77,10578493.401358366,11374724.0,0.025799999,-68.57,203380,782260,3767024,
5240,DARE,Healthcare,Biotechnology,NASDAQ,53.02,11,48,87,20,1.24,33404289.745711327,14979502.0,0.053200003,-86.51,283520,180693,204530,4.996
5241,ASPI,Basic Materials,Chemicals,NASDAQ,52.96,11,62,15,18,3.98,979528844.0755944,125903447.0,0.2044,-72.53,4259790,4460186,5215616,2.793
5242,MSC,Consumer Cyclical,Resorts & Casinos,NYSE,52.94,11,8,17,20,1.75,460285758.4533036,192588175.0,0.0001,-73.6,2410,3956,10030,0.093
5243,FKWL,Technology,Communication Equipment,NASDAQ,52.92,11,10,23,29,2.32,34999311.937150955,11784280.0,0.0016,-57.66,24530,27650,30648,-0.57
5244,TDTH,Technology,Information Technology Services,NASDAQ,52.85,11,1,1,8,2.54,12127462.17498231,4718857.0,0.0174,-96.84,59630,2685486,1674130,0.436
5245,CSGP,Real Estate,Real Estate Services,S&P 500,52.83,11,6,7,15,29.46,13149054334.550686,408355715.0,0.046,-69.76,8680640,7965746,7444308,0.225
5246,QSI,Healthcare,Medical Devices,NASDAQ,52.78,11,25,16,12,0.72,259134606.43033648,217760163.0,0.1312,-76.77,2599600,4148343,5205310,-0.694
5247,RNTX,Healthcare,Biotechnology,NASDAQ,52.77,11,19,16,19,0.77,94948326.74364567,85539032.0,0.0052,-64.68,490380,517790,527980,
5248,REAX,Real Estate,Real Estate Services,NASDAQ,52.76,11,9,8,18,1.64,386299292.9665632,214610724.0,4.12,-69.66,3870780,4242620,3826282,0.315
5249,GTEC,Consumer Cyclical,Auto Parts,NASDAQ,52.75,11,12,9,11,0.52,16722859.733427286,26544222.0,0.0023,-77.02,62120,63123,95794,0.234
5250,SLI,Basic Materials,Other Industrial Metals & Mining,NYSE ARCA,52.72,11,24,83,95,2.05,980313464.7887573,243859072.0,2.45,-67.97,1693610,1881366,1778060,
5251,EAF,Industrials,Electrical Equipment & Parts,NYSE,52.55,11,11,21,87,6.49,259957381.3762474,26047835.0,0.026099999,-68.06,392500,439276,362914,0.119
5252,SY,Healthcare,Health Information Services,NASDAQ,52.37,11,8,87,94,1.83,195741730.18650913,100380372.0,0.0353,-70.86,277300,377543,609376,0.456
5253,COE,Consumer Defensive,Education & Training Services,NYSE ARCA,52.37,11,8,43,34,17.43,154688361.25,6007315.0,0.0029,-68.95,26170,21176,15646,0.886
5254,SQFT,Real Estate,REIT - Diversified,NASDAQ,52.36,11,16,32,5,2.17,3994943.358886242,1437030.0,0.0427,-90.57,2840,5123,7916,-0.085
5255,WHR,Consumer Cyclical,"Furnishings, Fixtures & Appliances",S&P 400,52.34,11,9,13,60,38.07,2814619795.1253204,64823121.0,0.0013,-66.0,2090260,2417396,2500924,-0.096
5256,SSM,Consumer Cyclical,Auto Manufacturers,NASDAQ,52.33,11,10,19,24,3.87,5572228.390714645,1464834.0,0.028399998,-86.04,10650,8913,6946,
5257,GCL,Communication Services,Electronic Gaming & Multimedia,NASDAQ,52.31,11,4,4,3,0.49,71684873.98519653,128008703.0,0.0014,-89.09,144670,100596,3465614,0.939
5258,GLXG,Industrials,Staffing & Employment Services,NASDAQ,52.29,11,6,3,5,0.98,6021130.093146563,5961515.0,0.0022,-87.45,1117190,587900,4164434,0.022
5259,REKR,Technology,Software - Infrastructure,NASDAQ,52.24,10,13,15,12,0.62,115040387.61768311,137608115.0,0.1559,-81.87,1251340,2168253,2176618,0.116
5260,SPRY,Healthcare,Biotechnology,NASDAQ,52.24,10,18,18,24,5.63,900680556.0350494,99303262.0,0.3765,-70.21,3044190,2391536,2036974,1.845
5261,MGRX,Healthcare,Health Information Services,NASDAQ,52.23,10,13,5,1,0.29,7381991.582790971,17167422.0,0.025,-89.45,7502370,4165853,2655136,-0.379
5262,TVGN,Healthcare,Biotechnology,NASDAQ,52.22,10,10,3,5,6.72,33123163.911037445,4187505.0,0.079,-91.1,15170,19866,26590,
5263,LUCY,Healthcare,Medical Instruments & Supplies,NASDAQ,52.18,10,8,14,9,0.74,6659876.875717163,6403728.0,0.0087,-85.11,262150,9094930,5482964,0.702
5264,SLQT,Financial Services,Insurance Brokers,NYSE,52.18,10,25,5,6,0.73,176347774.0,176347774.0,0.033800002,-73.65,881860,1721033,1650942,0.056
5265,TWAV,Financial Services,Asset Management,NASDAQ,52.1,10,11,22,4,1.18,4700362.689440608,3456149.0,0.0093,-78.55,61740,95913,1389286,0.137
5266,CWH,Consumer Cyclical,Auto & Truck Dealerships,NYSE,52.1,10,18,8,31,6.3,465600011.8738251,63519784.0,0.1975,-67.92,2718470,2491236,2465680,-0.042
5267,AISP,Technology,Software - Infrastructure,NASDAQ,52.09,10,17,13,11,1.76,104007476.58311749,34439562.0,0.18200001,-75.56,366790,535610,628888,0.155
5268,ABR,Real Estate,REIT - Mortgage,S&P 600,52.08,10,11,30,20,4.79,1106076917.25,192361203.0,0.0002,-61.92,3449120,3906046,4106506,-0.103
5269,SOBR,Technology,Scientific & Technical Instruments,NASDAQ,52.05,10,12,6,2,0.56,3199500.0198515654,2806579.0,0.128,-89.41,1302830,16728073,10129998,-0.088
5270,COOT,Consumer Defensive,Packaged Foods,NASDAQ,52.03,10,32,34,15,0.39,17297093.693030596,27898538.0,0.0117999995,-91.33,300950,181676,147536,0.491
5271,SGLY,Industrials,Integrated Freight & Logistics,NASDAQ,52.02,10,7,15,9,4.61,2844461.77566576,7293492.0,0.009,217.93,54266,127634,80868,0.112
5272,BMGL,Healthcare,Medical Care Facilities,NASDAQ,51.95,10,16,6,3,5.95,11158735.159605742,18785750.0,0.0029,-36.7,6830,30388,76711,0.273
5273,HUIZ,Financial Services,Insurance Brokers,NASDAQ,51.89,10,8,14,18,1.19,14350627.48629427,10106076.0,0.0219,-73.73,10490,11433,11556,0.577
5274,LOT,Consumer Cyclical,Auto Manufacturers,NASDAQ,51.86,10,19,23,12,0.84,828546775.720536,647302183.0,0.006,-69.45,82280,99003,92432,-0.398
5275,HOWL,Healthcare,Biotechnology,NASDAQ,51.78,10,3,19,9,0.5,21868567.070680797,48596817.0,0.0166,-78.99,690350,910500,773430,
5276,TCRX,Healthcare,Biotechnology,NASDAQ,51.77,10,25,30,14,0.76,70578885.16455281,65350817.0,0.0196,-70.43,588070,850386,686534,-0.548
5277,QNRX,Healthcare,Biotechnology,NASDAQ,51.76,10,9,24,35,4.4,10162594.9650774,2008418.0,0.0399,-89.47,11760,467306,295768,
5278,PCSA,Healthcare,Biotechnology,NASDAQ,51.68,10,9,13,3,2.04,7040442.722633839,2750173.0,0.048800003,-89.61,1179670,432800,287760,
5279,INSG,Technology,Communication Equipment,NASDAQ,51.67,10,24,95,33,6.81,213550393.9772787,16276707.0,0.1269,-68.9,274610,256480,333812,0.084
5280,SDEV,Financial Services,Asset Management,NYSE ARCA,51.6,10,4,4,86,1.18,34436869.9028101,27115646.0,0.0872,-98.82,87040,1242960,950554,
5281,BBAI,Technology,Information Technology Services,NYSE,51.59,10,17,22,21,2.83,2413905209.7295284,478949450.0,0.26229998,-69.86,23612800,27253400,35579270,-0.009
5282,AIIR,Consumer Defensive,Tobacco,NASDAQ,51.53,10,11,41,36,5.85,1206107243.9808683,160386602.0,,-61.76,14970,13016,12358,
5283,LCFY,Communication Services,Internet Content & Information,NASDAQ,51.5,10,14,74,11,2.35,7340144.262742996,1799055.0,0.0138,-83.19,14650,12646,13898,-0.312
5284,CNF,Financial Services,Mortgage Finance,NYSE,51.46,10,10,5,27,2.2,52766218.009269714,16858216.0,0.0002,-75.0,63400,27736,18108,
5285,NNE,Industrials,Specialty Industrial Machinery,NASDAQ,51.46,10,19,16,20,16.68,1504165487.0099602,52083294.0,0.2177,-72.6,1980180,2576956,2780694,
5286,CNEY,Basic Materials,Specialty Chemicals,NASDAQ,51.38,10,14,5,6,0.56,8203307.0,8203307.0,0.0312,-81.88,390920,3924590,3219070,-0.024
5287,SMTK,Technology,Semiconductor Equipment & Materials,NASDAQ,51.34,10,6,3,4,0.21,6455310.0925472975,21446213.0,0.0269,-94.47,539360,980440,12430042,-0.13
5288,USBC,Technology,Scientific & Technical Instruments,NYSE ARCA,51.23,10,8,11,8,0.32,131969107.58811265,388144430.0,0.047,-94.03,168270,279260,425118,
5289,IMSR,Utilities,Utilities - Regulated Electric,NASDAQ,51.09,10,24,13,13,5.22,971535975.4878168,106411387.0,0.0844,-83.43,1861790,2005540,2553348,
5290,BLNK,Industrials,Engineering & Construction,NASDAQ,51.08,10,25,23,12,0.49,118681542.37132192,143682259.0,0.1174,-81.51,1397860,1790846,1882038,0.001
5291,NCPL,Financial Services,Capital Markets,NASDAQ,51.06,10,23,3,3,0.37,8632689.087108493,7847899.0,0.0121,-95.77,57750,145510,4449994,-0.382
5292,NAGE,Healthcare,Biotechnology,NASDAQ,51.03,10,6,14,17,3.32,307427093.8649776,79644327.0,0.0962,-77.4,619400,726070,757270,0.033
5293,ATPC,Consumer Defensive,Packaged Foods,NASDAQ,51.02,10,9,2,0,2.35,4873048.505487442,1000626.0,0.0052,-97.25,240290,4090516,4989186,-0.053
5294,LTBR,Industrials,Electrical Equipment & Parts,NASDAQ,50.98,10,13,23,41,8.44,377054695.72498703,32844487.0,0.123900004,-73.07,847640,869590,929826,
5295,EPSM,Consumer Defensive,Beverages - Wineries & Distilleries,NASDAQ,50.96,10,6,3,1,1.36,16241871.652048111,13423034.0,0.003,-99.12,15570,48733,1565210,-0.616
5296,BRR,Financial Services,Capital Markets,NASDAQ,50.91,10,5,5,1,1.71,194733085.23776436,90573524.0,0.023599999,-89.48,563820,896660,1256374,
5297,AGMH,Technology,Computer Hardware,NASDAQ,50.83,10,19,4,5,0.76,3241492.6332648993,2298931.0,0.0241,-95.8,83790,70610,183962,4.307
5298,WBUY,Consumer Cyclical,Internet Retail,NASDAQ,50.81,10,7,12,6,1.03,5535914.987728119,5481104.0,0.0252,-89.64,18486460,6378026,3901546,
5299,MCRP,Technology,Computer Hardware,NYSE ARCA,50.68,10,29,75,68,1.33,92803272.01449943,34888447.0,0.0063,-71.18,252810,660960,604170,0.8
5300,AVXL,Healthcare,Biotechnology,NASDAQ,50.63,10,8,7,7,2.7,280795424.08863974,92671758.0,0.216,-80.7,1029020,1337290,1263348,
5301,ANGI,Communication Services,Internet Content & Information,NASDAQ,50.61,10,8,8,21,5.66,237025379.16039276,40448016.0,0.1317,-70.85,550680,770300,950328,-0.032
5302,ARBK,Financial Services,Capital Markets,NASDAQ,50.6,10,15,4,0,2.91,56344352.05430746,14634897.0,0.0034999999,-98.58,12020,14933,16232,
5303,ICON,Industrials,Marine Shipping,NASDAQ,50.58,10,6,3,1,1.06,4499696.523370624,3214069.0,0.045300003,-93.67,51340,443933,405078,1.046
5304,HSDT,Financial Services,Asset Management,NASDAQ,50.55,10,9,7,2,1.7,111226614.20454383,58386675.0,0.023,-99.13,118560,236930,310514,72.898
5305,AMBR,Technology,Software - Infrastructure,NASDAQ,50.53,10,7,22,10,1.42,160267931.19539428,94275251.0,0.0114,-88.94,14380,26050,40166,2.406
5306,UAVS,Technology,Computer Hardware,NYSE ARCA,50.31,10,22,21,13,0.72,68558627.88528442,58597120.0,0.0366,-80.06,629580,794806,1995212,-0.616
5307,UCL,Communication Services,Telecom Services,NASDAQ,50.21,10,7,15,28,0.87,38473172.136723995,38092250.0,0.0008,-79.24,5010,6413,15694,-0.101
5308,IPX,Basic Materials,Other Industrial Metals & Mining,NASDAQ,50.2,10,25,28,84,21.54,1403692534.2343597,33938407.0,0.0233,-64.95,292420,346113,302522,
5309,GEOS,Energy,Oil & Gas Equipment & Services,NASDAQ,50.06,10,5,11,20,7.2,107365507.36727047,12935603.0,0.0546,-75.91,84540,118850,134372,0.095
5310,VIOT,Consumer Cyclical,"Furnishings, Fixtures & Appliances",NASDAQ,50.05,10,9,10,14,0.76,65302080.026090145,67321730.0,0.0005,-82.45,78020,161036,208402,-0.259
5311,HYPD,Healthcare,Biotechnology,NASDAQ,50.01,10,13,88,80,2.66,53052114.5,15157747.0,0.0641,-84.52,230550,471540,536036,15.595
5312,TCX,Technology,Software - Infrastructure,NASDAQ,49.93,10,14,19,68,9.7,169021460.9787712,11149173.0,0.0838,-61.46,96870,70956,53266,0.022
5313,TTD,Communication Services,Advertising Agencies,S&P 500,49.87,10,8,9,6,18.28,10135536012.095049,470108361.0,0.21059999,-80.01,15818820,16715370,18587066,0.118
5314,TOPP,Industrials,Trucking,NYSE ARCA,49.87,10,34,17,11,0.56,50234999.0606308,19700000.0,0.0002,-85.49,101980,121026,325050,0.077
5315,BTAI,Healthcare,Drug Manufacturers - Specialty & Generic,NASDAQ,49.81,10,24,13,13,0.79,36126796.52487695,30877605.0,0.1173,-90.22,401380,1160213,983404,0.226
5316,STKE,Financial Services,Capital Markets,NASDAQ,49.81,10,37,8,2,1.02,52037602.5,34691735.0,0.0058,-94.48,175940,371166,305732,
5317,RNAZ,Healthcare,Biotechnology,NASDAQ,49.8,10,30,15,23,5.25,4884552.153120995,950302.0,0.039,-74.99,15120,25600,73476,
5318,YCBD,Healthcare,Drug Manufacturers - Specialty & Generic,NYSE ARCA,49.75,10,16,26,33,0.47,8314351.802947819,10497919.0,0.0785,-81.64,172730,215803,200220,0.188
5319,AQMS,Industrials,Waste Management,NASDAQ,49.73,9,10,28,12,2.86,14187664.61462307,3362006.0,0.076799996,-92.74,21620,37603,102216,
5320,MFI,Technology,Software - Application,NASDAQ,49.71,9,5,27,89,7.9,508816140.8553753,51656459.0,0.00059999997,-86.99,4580,16776,12638,0.208
5321,RAIN,Industrials,Pollution & Treatment Controls,NASDAQ,49.64,9,6,12,9,1.54,18588653.023810387,8188834.0,0.0017,-81.92,13780,37473,39074,
5322,MATH,Financial Services,Capital Markets,NASDAQ,49.58,9,6,6,16,0.92,45577422.48018956,43407071.0,0.0023,-77.94,36970,38553,66680,-0.39
5323,GEMI,Financial Services,Capital Markets,NASDAQ,49.56,9,8,3,3,4.11,666300800.8884859,126432790.0,0.16239999,-91.04,966530,1381823,1603122,0.423
5324,EVO,Healthcare,Drug Manufacturers - Specialty & Generic,NASDAQ,49.53,9,29,20,32,1.93,1090427314.348639,355188058.0,0.0002,-56.53,51830,57230,46604,-0.217
5325,BMR,Technology,Software - Application,NASDAQ,49.51,9,18,24,12,1.22,28419635.316469073,15529855.0,0.0301,-71.76,62330,69470,82054,-0.018
5326,GDHG,Consumer Cyclical,Leisure,NASDAQ,49.51,9,6,5,2,1.31,34455203.973122835,20032095.0,0.0001,-95.17,9420,175183,473632,-0.162
5327,EMPD,Consumer Cyclical,Auto Manufacturers,NASDAQ,49.5,9,14,22,6,3.08,126495499.5,28110111.0,0.0738,-93.01,381500,504330,370234,
5328,DQ,Technology,Semiconductor Equipment & Materials,NYSE,49.47,9,8,36,65,12.11,1125964478.3798676,67666137.0,0.0685,-66.9,788100,836736,916238,-0.784
5329,BNC,Industrials,Farm & Heavy Construction Machinery,NASDAQ,49.32,9,9,5,13,2.67,125255858.99269295,42895841.0,0.0238,-96.78,149660,414120,421790,0.062
5330,AGRZ,Consumer Defensive,Farm Products,NASDAQ,49.26,9,4,4,0,0.33,7542372.562970817,21673485.0,0.0026,-95.42,12572310,4277836,3125228,3.202
5331,FJET,Industrials,Aerospace & Defense,NYSE ARCA,49.26,9,10,10,12,3.55,329537832.8051033,44173972.0,0.0983,-88.73,668890,1206096,2251246,
5332,MWG,Industrials,Rental & Leasing Services,NYSE ARCA,49.26,9,8,16,24,1.18,6736051.145771027,5142024.0,0.0507,-80.5,3590,9493,36130,0.08
5333,KMRK,Consumer Cyclical,Leisure,NASDAQ,49.24,9,7,91,65,0.96,46420001.006126404,21100000.0,0.0018000001,-82.55,71320,854720,1012652,-0.123
5334,GPUS,Industrials,Aerospace & Defense,NYSE ARCA,49.2,9,11,4,2,0.12,92229138.59267682,485416525.0,0.4926,-97.8,24860170,125070500,117305436,0.762
5335,SKYA,Technology,Software - Infrastructure,NASDAQ,49.16,9,5,12,2,1.34,77449569.25627041,42322168.0,0.0186,-92.65,111550,219626,266714,
5336,NAMM,Basic Materials,Gold,NASDAQ,49.12,9,22,7,49,1.39,82813637.60082579,54482657.0,0.83,-97.47,299740,288103,1319616,0.051
5337,ESLA,Healthcare,Biotechnology,NASDAQ,49.11,9,27,79,40,0.72,46907309.95642233,43034228.0,0.0056,-77.14,54040,44790,42518,
5338,LFT,Real Estate,REIT - Mortgage,NYSE,49.11,9,11,15,16,0.72,55061433.64949155,52439463.0,0.0505,-72.83,240700,373616,291964,2.085
5339,BRBR,Consumer Defensive,Packaged Foods,NYSE,49.1,9,7,8,8,13.15,972082786.0791683,116277850.0,0.1225,-79.3,3727320,5870206,5390144,0.018
5340,SLDP,Consumer Cyclical,Auto Parts,NASDAQ,49.07,9,23,78,90,2.07,744696007.6463299,224983692.0,0.103,-76.64,3883420,4299930,4915298,-0.589
5341,LX,Financial Services,Credit Services,NASDAQ,49.06,9,13,8,8,1.49,362534210.6577172,164788274.0,0.0499,-81.34,2165240,2681376,2371534,-0.168
5342,DRMA,Healthcare,Biotechnology,NASDAQ,48.93,9,12,5,5,1.18,5228785.708209276,4022143.0,0.0364,-85.25,44580,80800,70586,
5343,METC,Basic Materials,Coking Coal,NASDAQ,48.88,9,21,20,67,9.78,1017379589.0539865,65174863.0,0.4756,-83.08,1693020,1595023,1536062,-0.097
5344,LDI,Financial Services,Mortgage Finance,NYSE,48.77,9,16,21,65,1.0,715922689.0882106,542365652.0,0.15,-80.2,2281800,2035553,1916120,0.017
5345,BLSH,Technology,Software - Infrastructure,NYSE,48.75,9,8,39,6,22.59,5294043735.720299,151648346.0,0.2564,-80.86,1518930,1574090,1609200,0.655
5346,AFJKU,Financial Services,Shell Companies,NASDAQ,48.67,9,87,98,99,11.71,,,35.44,-85.36,2810,1213,1044,
5347,NVNI,Technology,Software - Application,NASDAQ,48.66,9,6,6,3,1.05,13445952.671237826,11692133.0,0.0218,-93.6,66900,106740,638374,-0.025
5348,WLDS,Technology,Consumer Electronics,NASDAQ,48.43,9,1,2,7,3.16,6186451.903175712,6546510.0,0.0514,-90.76,8024660,2748053,1843442,1.758
5349,CHR,Communication Services,Advertising Agencies,NASDAQ,48.31,9,4,2,1,1.94,3233511.7057197094,1562083.0,0.0535,-99.38,102570,177230,214160,0.022
5350,ATLX,Basic Materials,Other Industrial Metals & Mining,NASDAQ,48.27,9,24,56,30,2.72,124451536.95256567,29490887.0,0.051599998,-67.03,360440,395503,541068,1.955
5351,ARBE,Technology,Scientific & Technical Instruments,NASDAQ,48.22,9,24,10,14,0.6,134914720.22419775,122649743.0,0.0733,-79.17,1014680,1831750,2855182,3.626
5352,TMS,Financial Services,Financial Conglomerates,NASDAQ,48.13,9,17,47,45,5.39,,,,,78720,65040,280138,
5353,EVMN,Healthcare,Biotechnology,NYSE,48.02,9,10,75,24,11.35,836706788.3020973,36018373.0,0.1278,-65.81,525510,1155150,866590,
5354,HCWC,Consumer Defensive,Packaged Foods,NYSE ARCA,48.02,9,9,16,9,0.17,8841331.265942574,26550544.0,0.0116,-82.65,128650,647256,3049440,-0.099
5355,FNUC,Basic Materials,Other Industrial Metals & Mining,NASDAQ,47.95,9,6,9,14,1.54,63164004.10991192,26318334.0,0.053000003,-79.27,249670,343496,425554,
5356,ZOOZ,Consumer Cyclical,Specialty Retail,NASDAQ,47.87,9,8,4,5,5.19,47375373.55374336,8101124.0,0.0026,-94.87,6250,10036,21096,-1.0
5357,HAIN,Consumer Defensive,Packaged Foods,NASDAQ,47.74,9,8,5,21,0.49,71300253.50662965,90253483.0,0.107700005,-77.42,705580,1345126,1113838,-0.133
5358,WIMI,Communication Services,Advertising Agencies,NASDAQ,47.67,9,9,8,7,1.21,31438443.041334152,18385054.0,0.0381,-78.58,144970,94453,128882,-0.068
5359,CMTL,Technology,Communication Equipment,NASDAQ,47.65,9,11,83,97,1.7,167105745.37720013,29734119.0,0.0104,-72.62,350440,690243,709236,-0.157
5360,LEXX,Healthcare,Biotechnology,NASDAQ,47.54,9,15,17,13,0.4,14922042.444721699,24787446.0,0.016,-74.19,145320,94833,91262,-0.885
5361,ICG,Technology,Semiconductors,NASDAQ,47.51,9,5,15,37,0.81,50390898.396760404,60711927.0,0.0036000002,-75.08,47110,79163,100566,-0.513
5362,REVB,Healthcare,Biotechnology,NASDAQ,47.5,9,5,3,1,1.0,4279720.011820793,3908420.0,0.0092,-92.75,27190,47073,44258,
5363,RR,Industrials,Specialty Industrial Machinery,NASDAQ,47.44,9,22,24,70,1.44,675259834.1952453,223595973.0,0.28440002,-80.62,5932220,7842620,10154166,-0.088
5364,PAVM,Healthcare,Medical Devices,NASDAQ,47.38,9,8,11,21,5.05,44371692.40428543,7159034.0,0.0033000002,-82.24,11110,20666,17822,4.2
5365,FOXX,Technology,Consumer Electronics,NASDAQ,47.35,9,12,31,55,2.57,18518335.765800476,7041192.0,0.0034999999,-71.06,8520,28120,1965078,-0.044
5366,FSP,Real Estate,REIT - Office,NYSE ARCA,47.34,9,8,7,11,0.46,54955877.23339558,103690340.0,0.036,-75.0,371640,808236,725500,-0.033
5367,BBLG,Healthcare,Biotechnology,NASDAQ,47.06,9,22,10,8,0.86,2369743.2941651344,1795260.0,0.0058,-87.26,28360,106330,73922,
5368,MOBX,Technology,Semiconductors,NASDAQ,47.04,9,7,14,4,1.66,38250954.3199563,15937897.0,0.338,-88.47,2738330,1188363,2140288,-0.614
5369,ITOC,Healthcare,Medical Devices,NASDAQ,47.02,9,9,7,5,0.25,5115000.203251839,17050000.0,0.032,-99.22,133400,363926,1041508,0.916
5370,SQNS,Technology,Semiconductors,NYSE,47.02,9,16,7,4,2.48,66650606.393237114,14977665.0,0.0057,-95.75,81400,71296,129944,-0.248
5371,SPRO,Healthcare,Biotechnology,NASDAQ,47.01,9,31,91,95,1.2,163861220.77246666,57901493.0,0.0343,-62.73,2713130,2436766,1812900,-0.956
5372,BTOC,Industrials,Integrated Freight & Logistics,NASDAQ,46.97,9,12,5,9,0.23,15450647.022517115,45443079.0,0.0199,-87.08,143740,106636,216594,-0.091
5373,CELU,Healthcare,Biotechnology,NASDAQ,46.95,9,4,10,11,0.68,29235420.333949804,28945961.0,0.055999998,-84.37,49490,107283,130930,-0.774
5374,LOOP,Basic Materials,Specialty Chemicals,NASDAQ,46.83,9,14,49,33,0.73,67248714.99791324,48380371.0,0.0167,-68.12,81090,87283,89778,0.654
5375,GAIA,Communication Services,Entertainment,NASDAQ,46.75,9,8,18,15,1.85,59235169.667266846,25314176.0,0.0279,-71.05,86540,219283,168692,0.02
5376,EVGN,Healthcare,Biotechnology,NASDAQ,46.74,9,5,12,30,0.49,7393062.216566324,10412764.0,0.015,-79.75,217750,2559830,2116870,-0.863
5377,NTRP,Consumer Cyclical,Travel Services,NASDAQ,46.72,8,11,26,21,1.63,31595761.207543373,14493468.0,0.0058999998,-68.65,95490,285316,192018,15.08
5378,SJT,Energy,Oil & Gas E&P,NYSE,46.72,8,8,19,49,2.57,179909951.5305426,46608797.0,0.0207,-63.29,226620,231733,228008,-0.976
5379,CRVO,Healthcare,Biotechnology,NASDAQ,46.61,8,12,8,26,2.52,28794615.118721724,9258719.0,0.0437,-80.81,296290,4518246,6963218,
5380,KSCP,Industrials,Security & Protection Services,NASDAQ,46.54,8,5,18,10,1.99,50374857.27619743,17251663.0,0.1521,-80.37,3768540,1653843,1233862,1.062
5381,NGEN,Healthcare,Biotechnology,NASDAQ,46.35,8,10,76,92,1.6,219840484.43017578,106203136.0,8.83,-74.6,491200,786353,1134446,
5382,BEEM,Technology,Solar,NASDAQ,46.33,8,18,50,15,1.04,33746410.29653835,22201586.0,0.0655,-74.26,752250,727540,1735694,-0.505
5383,FLNA,Healthcare,Biotechnology,NASDAQ,46.31,8,10,12,23,0.96,74394157.99720001,48307896.0,0.1464,-80.72,304530,351256,359314,
5384,ENVX,Industrials,Electrical Equipment & Parts,NASDAQ,46.3,8,23,25,12,4.18,1740864455.3609467,218153440.0,0.26049998,-74.65,6615810,6010436,6612970,0.491
5385,STEX,Financial Services,Capital Markets,NASDAQ,46.29,8,6,3,86,0.75,157454972.67555785,104274817.0,0.0654,-94.68,870530,1623253,1723232,
5386,SORA,Consumer Cyclical,Luxury Goods,NASDAQ,46.21,8,10,36,7,1.69,70862397.62878418,24864000.0,0.00090000004,-83.54,207110,82753,55138,-0.319
5387,APVO,Healthcare,Biotechnology,NASDAQ,46.13,8,8,4,1,4.13,6118375.359859467,1246105.0,0.0705,-98.25,20620,70873,56312,
5388,RDHL,Healthcare,Drug Manufacturers - Specialty & Generic,NASDAQ,46.08,8,15,21,16,0.63,5191260.0,5191260.0,0.0043,-80.97,53480,92046,237712,
5389,DXF,Financial Services,Credit Services,NYSE ARCA,46.07,8,9,2,3,0.46,2232809.6322848797,3235956.0,0.5221,-93.51,2720810,9083526,6262288,-0.532
5390,ORIO,Technology,Software - Infrastructure,NASDAQ,46.01,8,14,19,21,0.64,22284692.74347782,23707120.0,0.0114,-83.29,36930,34303,35572,0.084
5391,TWG,Consumer Defensive,Food Distribution,NASDAQ,46.0,8,5,10,7,2.22,71002217.5671277,25913218.0,0.0081,-91.58,14480,18716,32976,13.264
5392,BRTX,Healthcare,Biotechnology,NASDAQ,45.99,8,13,1,13,0.23,12178565.361382902,25478171.0,0.0257,-88.75,364650,412370,12527144,-0.547
5393,DXST,Industrials,Waste Management,NASDAQ,45.81,8,2,0,10,2.25,2831562.136138916,1815104.0,0.0194,-96.37,123760,1023290,2674550,-0.2
5394,EHTH,Financial Services,Insurance Brokers,NASDAQ,45.77,8,17,7,7,1.38,49198576.38647032,31741018.0,0.0618,-76.57,188730,416903,391450,-0.222
5395,MMA,Consumer Cyclical,Leisure,NYSE ARCA,45.76,8,14,11,13,0.42,14301112.70827514,26483541.0,0.0238,-86.32,98640,175986,1034344,
5396,CTSO,Healthcare,Medical Devices,NASDAQ,45.76,8,7,19,19,0.35,30832221.058399916,62794748.0,0.033800002,-74.82,51790,104273,170556,0.016
5397,SPRB,Healthcare,Biotechnology,NASDAQ,45.72,8,91,5,90,43.37,141109294.31989288,2752278.0,0.079,-94.83,57540,81406,70390,
5398,CRGO,Industrials,Integrated Freight & Logistics,NASDAQ,45.71,8,12,21,15,1.18,103883830.48710775,51683498.0,0.0057,-72.17,32320,49376,73962,0.124
5399,EPOW,Industrials,Electrical Equipment & Parts,NASDAQ,45.68,8,14,26,18,0.42,26258430.46581745,38729250.0,0.0038,-77.42,33140,214906,188788,-0.568
5400,FUFU,Financial Services,Capital Markets,NASDAQ,45.66,8,7,13,15,1.31,309975694.66399884,166653598.0,0.0054,-75.65,163340,179253,220560,0.043
5401,WWR,Basic Materials,Other Industrial Metals & Mining,NYSE ARCA,45.57,8,13,20,60,0.41,71192073.98309845,127128703.0,0.0106,-89.07,589120,679066,785938,
5402,OKLO,Utilities,Utilities - Independent Power Producers,NYSE,45.52,8,24,69,55,41.09,11636516732.679482,173990987.0,0.2309,-78.8,8998320,9543220,11322634,
5403,SKYE,Healthcare,Biotechnology,NASDAQ,45.36,8,11,10,6,0.58,27236383.712108374,35143722.0,0.0506,-89.91,104980,119233,149596,
5404,HKPD,Healthcare,Medical Distribution,NASDAQ,45.34,8,6,15,16,0.41,12337492.089716673,23499986.0,0.0183,-85.14,2519230,1018773,907878,-0.357
5405,MSTR,Technology,Software - Application,NASDAQ,45.34,8,7,27,4,97.74,55858015432.79846,351109540.0,0.1196,-78.62,15140570,22796893,21093254,0.119
5406,KDK,Technology,Software - Infrastructure,NASDAQ,45.32,8,14,40,61,4.22,1250306914.8250818,177600415.0,0.083100006,-62.82,749970,1162126,1124342,0.244
5407,NHTC,Consumer Cyclical,Internet Retail,NASDAQ,45.24,8,8,19,36,1.68,23589084.75,8577849.0,0.0034999999,-67.06,27420,42026,39992,-0.143
5408,CDT,Healthcare,Biotechnology,NASDAQ,45.16,8,0,0,1,2.68,5052683.814668655,4858350.0,0.0123000005,-99.68,96920,12750303,8741464,
5409,ATGL,Technology,Software - Infrastructure,NASDAQ,45.15,8,10,9,62,8.36,241290855.717659,16462500.0,0.0049,-83.28,12810,5160,4298,-0.314
5410,SMXT,Technology,Solar,NASDAQ,45.04,8,4,9,17,0.38,31355521.117729664,56906572.0,0.0138,-84.8,227700,218793,1178596,1.141
5411,CD,Financial Services,Capital Markets,NASDAQ,45.02,8,17,29,19,2.83,653822437.6335144,79443800.0,0.0332,-92.3,139950,334966,289536,19.249
5412,AGNT,Real Estate,Real Estate Services,S&P 600,44.98,8,16,13,29,3.9,808473718.6169205,164323924.0,0.11310001,-68.1,1779350,1578453,1445370,0.053
5413,BRCB,Consumer Cyclical,Restaurants,NASDAQ,44.93,8,5,8,11,7.97,179486463.17647552,21572893.0,0.056599997,-73.78,241670,368020,559824,0.237
5414,SNT,Industrials,Security & Protection Services,NASDAQ,44.91,8,6,13,34,1.74,64628678.364984035,23331653.0,0.001,-67.42,13560,24290,30580,-0.043
5415,LIDR,Technology,Software - Infrastructure,NASDAQ,44.82,8,24,81,57,1.1,92629640.0,46314820.0,0.1025,-82.92,620270,898856,1014114,0.578
5416,WXM,Industrials,Industrial Distribution,NASDAQ,44.77,8,9,7,3,3.4,4734731.821056485,10248337.0,0.0425,-19.47,26080,155083,124540,-0.517
5417,CTOR,Healthcare,Drug Manufacturers - Specialty & Generic,NASDAQ,44.73,8,11,15,25,0.57,74198998.75250292,92981204.0,0.018,-90.79,74140,52893,58372,
5418,ORBS,Consumer Cyclical,Packaging & Containers,NASDAQ,44.67,8,6,6,13,0.61,359298689.37396336,388011544.0,0.054899998,-99.27,15985280,14698393,19556046,-0.237
5419,MYSZ,Technology,Software - Application,NASDAQ,44.66,8,8,12,8,0.4,2987261.7029747963,4818164.0,0.0176,-75.76,77520,51993,140872,0.619
5420,DAVA,Technology,Software - Infrastructure,NYSE,44.5,8,6,6,6,2.89,170153550.25184226,52842717.0,0.059299998,-83.35,307080,350626,400082,-0.084
5421,BRLS,Consumer Defensive,Packaged Foods,NASDAQ,44.49,8,20,34,2,0.84,31765694.769380093,21463307.0,0.0916,-88.09,37920,37786,26430,-0.076
5422,IVDA,Industrials,Security & Protection Services,NASDAQ,44.43,8,13,3,3,0.26,4637610.869105786,11594027.0,0.0188,-90.37,290090,889010,8448240,-0.641
5423,BCAR,Financial Services,Shell Companies,NASDAQ,44.38,8,49,48,46,4.87,444960126.57110023,40561542.0,0.0014,-56.09,692370,606150,610540,
5424,ABTS,Financial Services,Capital Markets,NASDAQ,44.34,8,5,2,95,1.13,2937755.375987649,2961447.0,0.0394,-89.59,23140,53516,2569672,0.688
5425,GCTK,Healthcare,Medical Instruments & Supplies,NASDAQ,44.32,8,1,2,1,0.78,4131124.3041561246,6259279.0,0.0069999998,-95.09,41413180,18787410,11712028,
5426,TVRD,Healthcare,Biotechnology,NASDAQ,44.29,8,3,8,7,2.1,31708947.173609734,9381345.0,0.0525,-95.19,771230,4737040,2864612,
5427,LGO,Basic Materials,Other Industrial Metals & Mining,NASDAQ,44.23,8,9,27,30,0.59,94243281.45481771,101336861.0,3.4,-78.15,448110,2401093,1740118,-0.025
5428,GWH,Industrials,Electrical Equipment & Parts,NYSE,44.12,8,11,7,8,0.76,29683061.419723034,29389170.0,0.0537,-94.52,707720,821653,717958,
5429,VRAX,Healthcare,Biotechnology,NASDAQ,43.98,8,3,2,3,2.8,1403028.615257144,7423432.0,0.055999998,145.61,138990,3075912,2091559,-0.675
5430,SDA,Consumer Cyclical,Auto & Truck Dealerships,NASDAQ,43.95,8,4,9,19,0.78,83239635.38746071,102009359.0,0.0058999998,-74.68,68970,197080,1114990,0.279
5431,OCS,Healthcare,Biotechnology,NASDAQ,43.93,8,10,81,87,11.21,1371111192.8577557,60388073.0,0.0095999995,-67.48,328490,422746,760600,136.0
5432,DFSC,Industrials,Aerospace & Defense,NASDAQ,43.88,8,26,39,5,1.44,9190616.126177788,1993626.0,0.0584,-90.63,69140,86873,79632,0.677
5433,MASK,Technology,Software - Application,NASDAQ,43.84,8,5,1,3,1.47,4043985.813817978,1129605.0,0.1046,-98.44,332130,349640,5216454,
5434,CMCM,Communication Services,Internet Content & Information,NYSE,43.82,8,8,35,66,2.85,143398453.18791103,31038627.0,0.0033000002,-69.81,5980,14796,20308,0.303
5435,DOGZ,Consumer Cyclical,Leisure,NASDAQ,43.74,8,3,5,0,0.88,14945977.324846745,14510658.0,0.0018000001,-97.2,24090,28020,424440,-0.362
5436,NRSN,Healthcare,Biotechnology,NASDAQ,43.71,8,17,25,22,0.48,29637945.750023246,36099813.0,0.0174,-81.54,258270,212813,180082,
5437,BGIN,Technology,Computer Hardware,NASDAQ,43.61,7,6,31,14,1.75,340539181.3310516,113135941.0,0.0101,-73.08,15090,8490,11778,-0.875
5438,LPSN,Technology,Software - Application,NASDAQ,43.56,7,5,6,4,1.78,27639581.057760715,12176027.0,0.070300005,-91.76,69410,81293,87942,-0.12
5439,ATYR,Healthcare,Biotechnology,NASDAQ,43.41,7,10,10,9,0.48,53241806.43283939,98051212.0,0.2514,-93.42,832250,1938976,2245452,
5440,VHUB,Consumer Defensive,Grocery Stores,NASDAQ,43.28,7,13,0,27,0.67,151402983.0264752,85057857.0,1.05,-98.34,96080,105800,187438,-0.864
5441,SUPX,Technology,Software - Infrastructure,NASDAQ,43.28,7,14,4,74,6.35,409959745.6841469,43244701.0,0.0058,-91.7,194470,194256,239962,1.304
5442,PSTV,Healthcare,Biotechnology,NASDAQ,43.25,7,10,12,5,3.65,40059678.10156345,6883106.0,0.16950001,-84.47,79900,178723,167120,-0.032
5443,UPB,Healthcare,Biotechnology,NASDAQ,43.23,7,8,7,95,6.57,454951072.6363802,54419987.0,0.0963,-80.49,505010,562933,594090,0.827
5444,GPRO,Technology,Consumer Electronics,NASDAQ,43.09,7,17,83,29,0.71,213728725.0,170982980.0,0.1362,-76.72,4042760,5435126,6067210,0.004
5445,LGCL,Technology,Software - Application,NASDAQ,43.05,7,16,7,4,1.2,76166917.89575672,42790404.0,0.0005,-97.64,8418850,7829373,4706936,0.431
5446,MTEN,Industrials,Metal Fabrication,NASDAQ,43.03,7,6,2,0,1.03,5832951.952158809,5028407.0,0.0082,-99.98,3279750,1655186,4488028,0.17
5447,ACXP,Healthcare,Biotechnology,NASDAQ,42.93,7,3,9,4,1.42,8509521.321972847,4297738.0,0.0344,-93.24,74120,90480,90572,
5448,YAAS,Technology,Software - Application,NASDAQ,42.92,7,5,8,2,0.72,19829000.088680506,22791954.0,0.01,-99.87,246100,202873,174174,-0.18
5449,BXBL,Consumer Cyclical,Residential Construction,NASDAQ,42.89,7,40,49,47,4.67,,,,,1076600,421650,397420,
5450,QNCX,Healthcare,Biotechnology,NASDAQ,42.86,7,3,4,0,23.03,22493145.083670974,19559257.0,0.1082,-49.38,35300,35793,38003,
5451,ACON,Healthcare,Health Information Services,NASDAQ,42.85,7,11,17,3,2.02,8076179.929554462,2462250.0,0.0806,-83.21,47760,64260,72310,0.113
5452,BEAT,Healthcare,Health Information Services,NASDAQ,42.85,7,6,9,24,0.52,48568480.625,55506835.0,0.0515,-87.0,332900,912286,789496,
5453,CCOI,Communication Services,Telecom Services,S&P 600,42.82,7,8,6,9,13.24,889379306.3418674,50077663.0,0.1461,-75.65,1136240,1364080,1253672,-0.032
5454,UWMC,Financial Services,Mortgage Finance,NYSE,42.68,7,7,17,55,1.86,1038030071.78936,339225520.0,0.1296,-73.95,15050740,20474263,21421640,0.244
5455,CHOW,Technology,Software - Infrastructure,NYSE ARCA,42.59,7,6,3,0,0.36,12776400.507688522,35490000.0,0.0064999997,-98.36,566500,843853,6947042,-0.126
5456,VGAS,Utilities,Utilities - Renewable,NASDAQ,42.57,7,6,16,7,1.02,69497407.77085018,44549622.0,0.0347,-73.98,33140,51900,40388,
5457,BYRN,Industrials,Aerospace & Defense,NASDAQ,42.53,7,5,3,14,4.56,141558482.00766563,22685655.0,0.1874,-86.71,1142210,1090103,800988,0.109
5458,INO,Healthcare,Biotechnology,NASDAQ,42.53,7,10,11,23,0.66,107777935.76228762,82273237.0,0.2217,-77.85,4851560,2622000,2335100,
5459,BYND,Consumer Defensive,Packaged Foods,NASDAQ,42.47,7,17,17,5,0.56,406605134.2640767,515342392.0,0.2696,-92.72,22772710,29011843,31256490,-0.153
5460,SAGT,Technology,Software - Application,NASDAQ,42.46,7,7,15,10,0.86,19992000.085115433,17850000.0,0.0278,-74.63,159080,3210033,2127666,-0.3
5461,FULC,Healthcare,Biotechnology,NASDAQ,42.38,7,5,27,92,3.72,461102586.40371895,66633321.0,0.1184,-76.37,1151000,2325300,2922754,
5462,GLOO,Technology,Software - Application,NASDAQ,42.37,7,17,56,13,3.15,452416178.91846085,82407322.0,0.99,-68.44,168740,391523,310456,4.177
5463,SLSN,Consumer Defensive,Household & Personal Products,NASDAQ,42.24,7,4,10,7,0.82,86877908.69720697,70632445.0,0.0392,-85.44,50360,174623,120242,-0.114
5464,SXTP,Healthcare,Biotechnology,NASDAQ,42.24,7,11,3,12,1.25,3962339.1453609467,2659288.0,0.0537,-91.49,138170,107410,115126,-0.368
5465,FEAM,Basic Materials,Specialty Chemicals,NASDAQ,42.21,7,12,8,8,1.11,76803163.53980005,41515223.0,0.0121,-85.2,292170,228943,202658,
5466,CYN,Technology,Software - Application,NASDAQ,42.2,7,6,8,3,1.09,21490688.827551126,14423281.0,0.11350001,-97.38,123430,202520,210480,1.218
5467,DFLI,Industrials,Electrical Equipment & Parts,NASDAQ,42.18,7,23,7,6,1.29,27040366.055617332,12815340.0,0.0992,-95.06,224170,280280,361024,0.069
5468,MDCX,Healthcare,Drug Manufacturers - General,NASDAQ,42.17,7,6,1,6,0.26,21473444.615284204,56658164.0,0.040900003,-92.95,1272390,1768670,2009068,
5469,YSS,Industrials,Aerospace & Defense,NYSE,42.15,7,22,56,16,15.26,4233227029.960785,129694458.0,0.086899996,-65.74,1485690,1390386,1629886,0.095
5470,EEIQ,Consumer Defensive,Education & Training Services,NASDAQ,42.06,7,4,9,7,2.04,5246922.426619768,1629479.0,0.023599999,-92.67,13580,53270,160930,-0.105
5471,CENN,Consumer Cyclical,Auto Manufacturers,NASDAQ,42.06,7,3,2,5,3.27,6594534.0,1465452.0,0.045500003,-94.71,5210,11113,11128,-0.083
5472,SERV,Industrials,Specialty Industrial Machinery,NASDAQ,42.03,7,12,32,31,4.81,795593692.3093472,85090231.0,0.2628,-74.2,3070460,3598756,4639028,5.782
5473,WLFC,Industrials,Rental & Leasing Services,NASDAQ,41.95,7,88,78,86,72.52,1410170654.3980713,7966616.0,0.123500004,-69.71,219100,180496,152894,0.246
5474,SLGB,Industrials,Integrated Freight & Logistics,NASDAQ,41.86,7,7,1,7,0.55,20639999.53866005,43000000.0,0.0016,-90.95,20087120,6958676,6190390,-0.221
5475,INDP,Healthcare,Biotechnology,NASDAQ,41.81,7,66,13,4,1.44,199306489.16003704,113242324.0,0.0005,-92.77,94790,131340,1250312,
5476,UPLD,Technology,Software - Application,NASDAQ,41.73,7,4,4,10,4.64,26514970.418991208,29363201.0,0.0279,18.67,16930,28030,26102,-0.235
5477,MB,Consumer Cyclical,Restaurants,NASDAQ,41.7,7,13,88,24,3.8,121800498.36397171,17155000.0,0.0005,-76.83,900,5396,8690,-0.12
5478,UXIN,Consumer Cyclical,Auto & Truck Dealerships,NASDAQ,41.69,7,9,35,26,1.4,494955587.25,219980261.0,0.0083,-73.88,252460,380273,286600,1.007
5479,OCG,Consumer Cyclical,Internet Retail,NASDAQ,41.62,7,4,1,0,1.59,3605260.3477277756,1938312.0,0.0913,-99.99,357670,164630,387236,-0.684
5480,EU,Energy,Uranium,NASDAQ,41.53,7,8,16,57,1.13,310772811.0308757,194233004.0,0.1237,-72.97,2523020,3079650,3114982,0.003
5481,FLYX,Industrials,Airlines,NYSE ARCA,41.44,7,13,17,20,1.15,116643877.6809454,46104300.0,0.0004,-87.05,671300,493796,446290,0.093
5482,OMEX,Basic Materials,Other Industrial Metals & Mining,NASDAQ,41.44,7,15,15,83,0.65,64431527.89651573,58574115.0,0.0851,-85.33,264730,523593,598516,-0.833
5483,DH,Healthcare,Health Information Services,NASDAQ,41.41,7,4,4,13,0.72,98243064.97418547,105524238.0,0.064899996,-84.68,159320,456153,389694,-0.055
5484,AIFA,Technology,Software - Infrastructure,NASDAQ,41.27,7,23,57,4,1.53,20063027.935141742,37016657.0,0.0955,-59.09,13800,50993,126174,0.02
5485,XHLD,Communication Services,Broadcasting,NASDAQ,41.26,7,59,3,5,1.09,6357968.867848992,4477443.0,0.025999999,-91.91,545260,485770,311484,-0.137
5486,CCB,Financial Services,Banks - Regional,NASDAQ,41.24,7,23,21,31,39.91,1085410158.093567,15248808.0,0.1075,-66.76,335510,188393,156328,0.17
5487,CXAI,Technology,Software - Application,NASDAQ,41.23,7,8,3,2,0.12,20138312.479501247,96818808.0,0.0963,-89.57,4421530,6510660,27200590,-0.224
5488,DGNX,Industrials,Consulting Services,NASDAQ,41.18,7,0,0,0,1.8,42196365.837641,29100941.0,0.0444,-99.44,1407890,3347446,2528566,2.927
5489,LHAI,Real Estate,Real Estate Services,NASDAQ,41.17,7,70,6,1,0.81,14850450.348258018,16230000.0,0.0068,-96.37,380030,16696270,10046068,-0.14
5490,MCRB,Healthcare,Biotechnology,NASDAQ,41.01,7,13,8,59,4.78,70886398.54235744,9683934.0,0.069299996,-84.06,50970,108346,94296,
5491,PASW,Consumer Cyclical,Textile Manufacturing,NASDAQ,40.99,7,9,4,1,0.12,19554350.65329075,124550000.0,0.0007,-97.78,2350980,846180,730132,-0.62
5492,CRDF,Healthcare,Biotechnology,NASDAQ,40.97,7,9,19,11,0.85,129902800.76993465,68369896.0,0.2699,-81.36,1263320,1701003,1749762,-0.624
5493,HTCR,Technology,Software - Application,NASDAQ,40.87,7,9,5,5,2.15,5218465.135025978,1441565.0,0.043,-93.56,21320,32926,75634,0.354
5494,SMR,Industrials,Specialty Industrial Machinery,NYSE,40.8,7,11,7,10,8.6,4385160322.355776,346105785.0,0.19629999,-85.02,32418010,31114480,32987338,-0.958
5495,DLXY,Energy,Oil & Gas Refining & Marketing,NASDAQ,40.73,7,7,4,7,0.42,7929750.233888626,16350000.0,0.0115,-94.13,61200,390173,620768,0.202
5496,JSPR,Healthcare,Biotechnology,NASDAQ,40.68,6,3,5,7,0.62,23209362.84420061,27996819.0,0.089700006,-91.38,3830930,2339813,1660688,
5497,EXOZ,Healthcare,Biotechnology,NASDAQ,40.65,6,22,26,26,4.6,83475678.50413513,8478992.0,0.0029,-75.0,8800,13256,10510,
5498,GFAI,Industrials,Security & Protection Services,NASDAQ,40.57,6,11,19,5,0.31,16562720.64591837,31250418.0,0.0241,-79.33,189100,276960,1274104,
5499,IMNN,Healthcare,Biotechnology,NASDAQ,40.56,6,5,9,9,1.6,9160617.52052164,4202118.0,0.0352,-96.12,483510,204076,145140,
5500,IVVD,Healthcare,Biotechnology,NASDAQ,40.53,6,14,83,92,0.58,335852491.0656066,294607452.0,0.1165,-81.11,3308100,4775383,4688040,0.216
5501,SCKT,Technology,Computer Hardware,NASDAQ,40.51,6,12,21,37,0.45,7911319.503168225,8240958.0,0.0056,-66.91,63910,155900,200912,-0.067
5502,BGLC,Basic Materials,Specialty Chemicals,NASDAQ,40.51,6,8,9,8,1.32,5608168.318626881,2417314.0,0.0052,-91.54,14460,13476,123806,-0.989
5503,PMEC,Industrials,Specialty Business Services,NASDAQ,40.45,6,11,8,19,0.41,26892590.442021906,38417987.0,0.0252,-83.2,16590,477436,311800,0.03
5504,IMMP,Healthcare,Biotechnology,NASDAQ,40.37,6,9,2,87,0.38,64843737.28863746,147372131.0,0.0359,-89.24,231500,351490,547042,0.915
5505,EXOD,Technology,Software - Infrastructure,NYSE ARCA,40.37,6,5,5,4,5.34,213691054.24530888,30012789.0,0.0523,-86.63,34290,50906,59444,-0.368
5506,YXT,Technology,Software - Application,NASDAQ,40.35,6,11,18,19,3.05,32483450.694726706,59602660.0,0.01,165.22,5700,9164,32684,0.047
5507,DVLT,Technology,Software - Infrastructure,NASDAQ,40.28,6,8,16,20,0.35,427780997.5,855561995.0,0.1456,-91.46,12148740,17797023,26899182,4.431
5508,NXGL,Healthcare,Medical Instruments & Supplies,NASDAQ,40.25,6,6,3,7,0.44,5478633.217701316,9131055.0,0.045,-84.78,43300,357800,274660,-0.081
5509,PROP,Energy,Oil & Gas E&P,NASDAQ,40.24,6,2,7,12,0.72,87274831.14143264,97732173.0,0.2049,-83.36,1256430,1981320,2146452,5.138
5510,MSAI,Technology,Electronic Components,NASDAQ,40.15,6,3,3,3,4.79,11732911.42444706,2019434.0,1.2843,-95.01,17380,31810,337670,0.379
5511,AEHL,Industrials,Building Products & Equipment,NASDAQ,40.05,6,3,0,4,0.51,22145983.419345617,18152445.0,0.4345,-98.99,20161610,7094236,4591930,-0.057
5512,LNAI,Healthcare,Biotechnology,NASDAQ,39.97,6,7,3,4,2.02,13964380.854091644,4533890.0,0.0787,-94.39,23620,1019046,1048053,
5513,TGL,Technology,Software - Application,NASDAQ,39.94,6,9,5,1,2.75,7456975.930380821,1675725.0,0.0107,-95.26,20720,38616,66622,1.252
5514,ERNA,Healthcare,Biotechnology,NASDAQ,39.75,6,10,0,4,3.47,12328139.454063416,1166333.0,0.22129999,-96.14,86300,945563,591424,
5515,EOSE,Industrials,Electrical Equipment & Parts,NASDAQ,39.74,6,23,14,86,3.61,2862103351.2214584,339514027.0,0.31309998,-81.82,25551570,26477590,25049338,4.447
5516,INVZ,Consumer Cyclical,Auto Parts,NASDAQ,39.69,6,19,10,16,0.42,168901752.3753252,221365334.0,0.0992,-83.46,4051280,3405136,3039964,1.103
5517,HTCO,Industrials,Marine Shipping,NASDAQ,39.68,6,7,14,12,3.38,23745121.842819214,9063024.0,0.048899997,-94.03,103930,177700,506756,0.568
5518,IQST,Communication Services,Telecom Services,NASDAQ,39.66,6,3,4,4,1.06,7948415.926685572,6735946.0,0.1229,-92.67,2157530,9333140,6298452,
5519,NSPR,Healthcare,Medical Devices,NASDAQ,39.35,6,3,8,16,0.67,43091845.82170951,46838962.0,0.0008,-77.13,28670,67326,116576,1.222
5520,RENX,Real Estate,Real Estate - Development,NASDAQ,39.16,6,5,5,1,1.83,4339035.732752442,2613877.0,0.0794,-96.12,62050,82613,167178,216.838
5521,BCAB,Healthcare,Biotechnology,NASDAQ,39.12,6,3,3,5,3.38,6511719.290611744,1656926.0,0.0983,-95.27,25920,51870,54376,
5522,ZEO,Technology,Solar,NASDAQ,38.94,6,12,16,8,0.52,29763505.564536095,35139912.0,0.017,-85.87,33460,51366,65768,0.501
5523,DFDV,Financial Services,Asset Management,NASDAQ,38.86,6,8,9,46,2.66,117159820.60952544,30118205.0,0.2161,-92.12,637110,783606,873112,8.282
5524,SLE,Communication Services,Internet Content & Information,NASDAQ,38.84,6,5,4,1,2.75,5184356.471654892,1502712.0,0.0117999995,-98.0,15280,18113,48248,0.105
5525,SST,Industrials,Specialty Business Services,NYSE,38.79,6,6,20,18,1.77,24369917.337728977,8150474.0,0.111,-88.2,135590,88700,119194,-0.5
5526,AGIG,Utilities,Utilities - Renewable,NYSE ARCA,38.74,6,4,2,6,0.94,51506698.68074548,44022821.0,0.057600003,-96.32,66900,108173,131740,
5527,SUIG,Financial Services,Credit Services,NASDAQ,38.71,6,17,19,8,0.87,129440001.9288063,80900000.0,0.006,-89.95,373640,327770,347828,-0.237
5528,KAPA,Healthcare,Biotechnology,NYSE ARCA,38.7,6,7,14,12,0.3,10898300.362467587,21411199.0,0.0083,-85.78,3869700,4091276,2514782,
5529,GRML,Basic Materials,Other Precious Metals & Mining,NASDAQ,38.63,6,7,89,13,0.2,43160963.711544275,121238660.0,0.0498,-94.88,14584910,7447690,5974114,
5530,ATER,Consumer Cyclical,"Furnishings, Fixtures & Appliances",NASDAQ,38.62,6,90,81,9,0.39,11900801.257942915,10818910.0,0.0476,-79.14,655150,347283,290338,-0.714
5531,SRFM,Industrials,Airlines,NYSE,38.48,6,8,4,11,0.75,124492123.47745919,100396873.0,0.1176,-92.43,1706950,9332520,6854316,0.09
5532,NCNA,Healthcare,Biotechnology,NASDAQ,38.45,6,7,7,3,1.26,9697392.112466812,4161971.0,0.040599998,-96.85,29010,52833,50578,
5533,PRZO,Industrials,Aerospace & Defense,NASDAQ,38.3,6,7,10,19,0.43,24061714.12363243,25928572.0,0.0571,-79.95,400900,464086,3123490,0.06
5534,FUBO,Communication Services,Broadcasting,NYSE,38.29,6,8,5,7,8.59,297005178.22151566,29435597.0,0.25030002,-84.83,1306380,1444423,1410788,0.398
5535,BLNE,Financial Services,Mortgage Finance,NASDAQ,38.2,6,7,24,84,0.91,40844112.24593973,31178713.0,0.0504,-80.43,299960,456350,480812,0.521
5536,RMCF,Consumer Defensive,Confectioners,NASDAQ,38.19,6,9,81,88,0.86,18385659.60701418,9332822.0,0.004,-71.24,35950,130700,95472,-0.241
5537,GTM,Technology,Software - Application,S&P 600,38.18,6,3,18,15,3.32,981411030.7347984,294718034.0,0.158,-73.46,6798870,10442133,11228630,0.015
5538,FLYE,Consumer Cyclical,Auto Manufacturers,NASDAQ,38.08,6,5,1,5,1.63,3281095.844432354,1632386.0,0.0075,-98.99,16470,12890,119326,-0.533
5539,ZDAI,Industrials,Engineering & Construction,NASDAQ,37.98,6,4,2,32,1.64,18902811.73288822,8043750.0,0.0057,-89.95,56280,845883,524868,-0.432
5540,FTCI,Technology,Solar,NASDAQ,37.94,6,33,20,96,2.63,88029117.0,16005294.0,0.0943,-79.37,292120,171353,139872,-0.17
5541,PLUR,Healthcare,Biotechnology,NASDAQ,37.93,6,8,22,29,1.56,25031745.999720097,10789546.0,0.0088,-73.83,22920,36660,28582,-0.609
5542,OLOX,Industrials,Metal Fabrication,NASDAQ,37.89,6,2,2,2,4.75,10523956.699314117,1199995.0,0.1038,-99.51,25360,61963,715130,-0.4
5543,NTZ,Consumer Cyclical,"Furnishings, Fixtures & Appliances",NYSE,37.88,6,12,33,33,1.23,24011848.35530448,11014609.0,0.00029999999,-72.42,3050,2706,2658,0.035
5544,EH,Industrials,Aerospace & Defense,NASDAQ,37.83,6,6,12,15,5.18,770588866.3469162,75845362.0,0.11310001,-74.67,797960,1061856,1241388,0.484
5545,MTNB,Healthcare,Biotechnology,NYSE ARCA,37.82,6,25,30,16,0.32,5189014.72527355,6406191.0,0.0001,-89.64,28024510,10103963,6220686,
5546,BIOX,Basic Materials,Agricultural Inputs,NASDAQ,37.76,6,4,4,1,0.34,28461888.009810656,63815891.0,0.0166,-93.4,87990,174713,215728,-0.359
5547,DEFT,Financial Services,Capital Markets,NASDAQ,37.74,6,6,10,4,0.43,252055196.10467017,387777239.0,0.0464,-88.06,1490700,2331416,3163570,-0.744
5548,NVX,Industrials,Electrical Equipment & Parts,NASDAQ,37.61,6,5,11,16,0.4,154123205.7317943,215556939.0,0.0191,-89.64,139410,286733,312686,-0.101
5549,SVRN,Industrials,Marine Shipping,NASDAQ,37.58,6,9,2,4,6.1,18758160.0,1875816.0,0.0128999995,-99.62,9870,9426,19774,-0.374
5550,IXHL,Healthcare,Drug Manufacturers - Specialty & Generic,NASDAQ,37.52,6,15,9,23,2.93,40081254.758971214,11964554.0,0.0678,-94.12,93560,212540,240088,
5551,OPTU,Communication Services,Telecom Services,NYSE,37.51,6,11,16,16,0.74,313516368.0648327,476468650.0,0.3323,-75.17,4656160,11220120,13015872,-0.04
5552,CNTX,Healthcare,Biotechnology,NASDAQ,37.48,6,6,95,98,0.61,261855645.68771887,91879177.0,0.0115,-83.15,1441360,3250956,2752260,
5553,FRGT,Technology,Software - Application,NASDAQ,37.46,6,9,2,1,2.75,2491604.3859124184,572125.0,0.0147,-96.05,41720,120896,265648,-0.054
5554,ZENA,Technology,Software - Infrastructure,NASDAQ,37.45,5,6,15,18,1.3,139610298.75,85914030.0,0.0429,-81.71,1614080,1956496,3044936,6.708
5555,NXXT,Utilities,Utilities - Renewable,NASDAQ,37.45,5,6,2,7,0.27,107547511.110574,167258958.0,0.1325,-91.67,13673210,6682773,18157552,0.294
5556,XXI,Financial Services,Shell Companies,NYSE,37.36,5,7,14,4,4.45,2538633419.0535107,346807836.0,0.1104,-90.69,2240270,1554640,1492970,
5557,MSGY,Industrials,Engineering & Construction,NASDAQ,37.35,5,6,3,3,0.32,6472375.186532736,14225000.0,0.0117999995,-98.56,234020,186823,786848,-0.191
5558,ALP,Financial Services,Asset Management,NASDAQ,37.29,5,4,1,0,0.2,8919533.242775202,23534388.0,0.4367,-98.55,2370200,3820630,9721232,
5559,OLB,Technology,Software - Infrastructure,NASDAQ,37.23,5,7,11,6,0.29,7216612.058594227,14664930.0,0.0105,-88.4,126480,194346,221076,-0.287
5560,EMAT,Basic Materials,Other Industrial Metals & Mining,NASDAQ,37.23,5,6,23,4,4.42,4005111501.0,593349852.0,0.0077,-81.65,87880,80046,95742,
5561,INUV,Technology,Software - Application,NYSE ARCA,37.21,5,4,14,7,0.97,23713437.153357744,14820898.0,0.0392,-84.53,302090,291516,233968,-0.456
5562,LOCL,Consumer Defensive,Farm Products,NYSE,37.16,5,10,22,28,1.02,39437547.534804344,22796270.0,0.22729999,-74.47,20190,23750,28532,0.149
5563,UPXI,Communication Services,Internet Content & Information,NASDAQ,37.13,5,7,6,2,0.81,83611579.34041405,70261828.0,0.2392,-94.03,885530,1622383,1975116,0.442
5564,RGNT,Healthcare,Medical Instruments & Supplies,NYSE ARCA,37.13,5,36,4,14,1.8,9581849.423485994,5179378.0,0.0050999997,-78.44,141440,427516,6692040,
5565,ARAY,Healthcare,Medical Devices,NASDAQ,37.1,5,4,5,6,0.29,45206203.91273689,118963696.0,0.0636,-86.19,1737980,1838530,2798934,-0.074
5566,KXIN,Consumer Cyclical,Auto & Truck Dealerships,NASDAQ,36.92,5,2,1,0,5.4,9722467.107121468,1653762.0,0.0452,-99.35,47090,50563,118148,
5567,BGM,Healthcare,Drug Manufacturers - Specialty & Generic,NASDAQ,36.78,5,6,0,1,0.27,63597604.82082635,200623358.0,0.00029999999,-98.43,42120,292286,428288,0.139
5568,ILLR,Technology,Software - Application,NASDAQ,36.76,5,63,29,2,1.18,41563487.334579706,176865904.0,0.0075,-31.79,513390,11879859,7347387,0.052
5569,FOFO,Industrials,Consulting Services,NASDAQ,36.75,5,4,3,9,2.01,15899263.077965736,7571078.0,0.003,-97.04,25780,108236,291218,-0.441
5570,ENSC,Healthcare,Biotechnology,NASDAQ,36.64,5,3,4,1,0.26,4129152.0803314447,14694492.0,0.0555,-90.55,229510,1163140,1148556,-0.272
5571,VERI,Technology,Software - Infrastructure,NASDAQ,36.61,5,11,14,33,1.05,197063319.48221302,92954401.0,0.1102,-88.85,2116420,2655900,2710540,-0.098
5572,CLGN,Healthcare,Biotechnology,NASDAQ,36.6,5,3,1,4,0.3,5794881.600347042,14415128.0,0.008,-90.72,19290,31620,51444,-0.634
5573,BTGO,Financial Services,Capital Markets,NYSE,36.58,5,4,19,11,5.05,696916074.6310024,115959409.0,0.0361,-79.39,912690,1132293,1582026,1.126
5574,LENZ,Healthcare,Biotechnology,NASDAQ,36.58,5,3,5,11,5.76,243937191.89841366,31354394.0,0.5829,-88.57,889670,1055763,882622,
5575,CAPS,Basic Materials,Building Materials,NASDAQ,36.52,5,3,5,6,0.24,4040289.50969249,12625905.0,0.0165,-88.41,89800,282406,2956972,0.6
5576,FRSX,Consumer Cyclical,Auto Parts,NASDAQ,36.38,5,6,4,3,1.28,4817519.737142563,2396776.0,0.024600001,-90.17,76620,111963,1245090,-0.218
5577,DRCT,Communication Services,Advertising Agencies,NASDAQ,36.35,5,4,2,0,2.49,1983147.9165363312,700759.0,0.026600001,-98.56,37510,24723,48400,-0.181
5578,AZI,Consumer Cyclical,Auto & Truck Dealerships,NASDAQ,36.34,5,5,0,2,1.17,5232996.691509247,4550432.0,0.005,-99.6,105050,4785883,7643316,-0.44
5579,SES,Consumer Cyclical,Auto Parts,NYSE,36.16,5,22,13,79,0.54,483761185.7094364,369283364.0,0.0715,-85.52,22296100,16347970,13273702,0.158
5580,XCH,Industrials,Specialty Industrial Machinery,NASDAQ,36.08,5,8,28,15,0.45,53808933.57817483,81528684.0,0.0005,-81.99,37170,1013960,637358,-0.426
5581,BHST,Consumer Defensive,Packaged Foods,NASDAQ,36.07,5,7,13,14,2.14,87497867.74204874,22667842.0,0.0033000002,-83.28,78510,47970,37878,0.246
5582,UK,Real Estate,Real Estate Services,NASDAQ,36.06,5,2,6,10,2.09,2223679.2606036663,677951.0,0.0306,-86.52,35070,47400,425156,
5583,COSM,Healthcare,Medical Distribution,NASDAQ,36.02,5,5,11,15,0.2,13443836.946092531,54428491.0,0.0228,-84.85,4450030,11911296,11419082,0.307
5584,LESL,Consumer Cyclical,Specialty Retail,NASDAQ,35.9,5,99,11,2,0.87,35753090.73518944,9359448.0,0.2755,-94.63,1284180,1145243,901576,-0.16
5585,TPET,Energy,Oil & Gas E&P,NYSE ARCA,35.79,5,3,10,6,0.28,12312845.021989167,33826498.0,0.1337,-88.8,2687670,3503003,3890548,10.294
5586,AUID,Technology,Software - Infrastructure,NASDAQ,35.76,5,18,6,10,0.66,20649582.898445845,16132487.0,0.060300004,-89.25,232250,597110,405970,0.621
5587,AZTR,Healthcare,Biotechnology,NYSE ARCA,35.65,5,5,10,3,0.13,3724260.807560116,16192438.0,0.012,-94.58,718200,23488810,14284072,
5588,CABO,Communication Services,Telecom Services,NYSE,35.62,5,5,8,13,39.56,298108420.82195663,5672853.0,0.1732,-78.11,187040,276186,252782,-0.073
5589,BTCS,Financial Services,Capital Markets,NASDAQ,35.56,5,7,24,13,1.05,78147335.08082211,49775371.0,0.056700002,-87.63,491850,846736,831986,2.053
5590,NNOX,Healthcare,Medical Devices,NASDAQ,35.46,5,5,8,10,0.96,133613234.77351141,69590228.0,0.1753,-83.22,942300,3010006,2276718,0.24
5591,QNTM,Healthcare,Biotechnology,NASDAQ,35.43,5,5,19,5,2.84,43894719.27431154,6398647.0,0.0382,-92.58,94530,116550,253278,
5592,STEM,Utilities,Utilities - Renewable,NYSE,35.23,5,19,15,28,5.3,87061585.55176449,8956953.0,0.126,-83.56,116750,107896,135524,-0.108
5593,HYFM,Industrials,Farm & Heavy Construction Machinery,NASDAQ,35.21,5,5,8,6,0.59,4626438.3269741535,4764612.0,0.0104,-87.66,32830,39893,47772,-0.296
5594,HERE,Consumer Cyclical,Leisure,NASDAQ,35.21,5,3,9,30,1.86,114751531.94482684,54384615.0,0.0495,-88.11,37560,101116,133070,-0.756
5595,HRTX,Healthcare,Biotechnology,NASDAQ,35.2,5,3,21,22,0.5,164673051.93255436,189279369.0,0.2672,-78.26,1468900,2897636,3466906,-0.108
5596,VENU,Consumer Cyclical,Restaurants,NYSE ARCA,34.97,5,3,6,8,2.24,221352917.25268364,59825112.0,0.0357,-87.67,333220,798080,646946,0.115
5597,STKH,Consumer Defensive,Packaged Foods,NASDAQ,34.95,5,1,6,5,2.83,2000206.1626315117,1526875.0,0.004,-90.15,6645963,2226426,1355355,
5598,NAKA,Financial Services,Capital Markets,NASDAQ,34.92,5,2,2,1,4.95,108937394.12303352,17402139.0,0.0936,-99.47,209930,241153,334859,1.771
5599,NNNN,Healthcare,Medical Instruments & Supplies,NASDAQ,34.87,5,4,94,96,10.75,1510296185.3027344,43891200.0,0.0021,-80.68,41240,49150,41700,0.739
5600,XCUR,Healthcare,Biotechnology,NASDAQ,34.83,5,4,10,17,1.57,20332789.21471834,6373915.0,0.0106,-85.46,126350,810593,495556,
5601,FMFC,Consumer Cyclical,Footwear & Accessories,NASDAQ,34.77,5,5,6,1,0.22,6588000.2617836,18300000.0,0.0234,-98.6,99720,4747143,2928896,-0.17
5602,EVTL,Industrials,Aerospace & Defense,NYSE,34.7,5,6,6,28,1.3,343785616.87147236,127328004.0,0.118,-82.89,2540890,2241176,2523898,
5603,IBG,Consumer Defensive,Beverages - Wineries & Distilleries,NASDAQ,34.62,5,4,1,3,0.85,1545315.6019152403,1815882.0,0.0089,-97.67,23160,94600,141678,
5604,GOAI,Technology,Software - Infrastructure,NASDAQ,34.61,5,5,17,6,1.9,118740014.25,36535389.0,0.0044,-89.44,1302740,487166,354166,0.06
5605,CIRC,Industrials,Staffing & Employment Services,NASDAQ,34.51,5,3,6,87,0.72,,,,,1164950,25144916,15213066,
5606,OBAI,Technology,Software - Infrastructure,NASDAQ,34.49,5,1,0,11,0.51,12720276.453423023,24462071.0,0.11,-98.68,939990,6679606,14158856,0.044
5607,MRLN,Industrials,Aerospace & Defense,NASDAQ,34.47,5,10,30,45,3.72,777018637.0105019,96524052.0,1.7,-78.12,1475460,1970760,2844758,0.154
5608,ZSQR,Technology,Software - Infrastructure,NASDAQ,34.32,5,51,72,35,5.22,478827221.4115133,51431493.0,2.76,-75.62,433150,777280,588538,
5609,WKSP,Consumer Cyclical,Auto Parts,NASDAQ,34.28,5,7,5,8,0.62,9210682.079265118,12531540.0,0.08189999,-87.34,404010,11336793,7014710,0.479
5610,IZM,Technology,Electronics & Computer Distribution,NASDAQ,34.18,5,2,2,14,0.26,4506791.625,12018111.0,0.0073,-90.51,147240,1196360,1329544,0.072
5611,SDOT,Consumer Defensive,Farm Products,NASDAQ,34.13,5,92,0,5,14.04,2031120.0141906738,744000.0,0.0115,-96.95,3438030,4204950,4145834,
5612,GSUN,Consumer Defensive,Education & Training Services,NASDAQ,33.95,5,3,2,6,0.37,4252240.829787552,10028870.0,0.0299,-89.4,39833650,17771670,10757250,3.046
5613,TAOP,Technology,Software - Infrastructure,NASDAQ,33.94,5,21,8,6,0.64,13060353.497374892,9603201.0,0.0032,-91.98,96170,39463,41958,-0.289
5614,BIRD,Consumer Cyclical,Apparel Retail,NASDAQ,33.79,4,45,67,8,2.3,36280929.11222744,8806051.0,0.1902,-90.54,307970,2914893,1896684,-0.305
5615,RKDA,Consumer Defensive,Packaged Foods,NASDAQ,33.7,4,3,5,6,0.63,1984893.0060560703,2056884.0,0.0044,-90.61,14780,74186,3826364,-0.083
5616,YRD,Financial Services,Credit Services,NYSE,33.65,4,2,4,16,1.12,118984308.21153247,87488461.0,0.0039,-85.42,49560,2088706,1327660,-0.341
5617,CAN,Technology,Computer Hardware,NASDAQ,33.56,4,6,18,10,0.24,307893299.69741106,745504380.0,0.0828,-89.19,6808210,8969863,9755220,-0.243
5618,PBM,Healthcare,Biotechnology,NASDAQ,33.37,4,7,28,0,3.36,9517224.268706799,2293307.0,0.0311,-99.28,95130,78203,83050,
5619,DCOY,Healthcare,Biotechnology,NASDAQ,33.34,4,14,3,0,3.92,4745154.6005859375,531968.0,0.0161,-99.06,134510,499116,306158,
5620,VRM,Financial Services,Credit Services,NASDAQ,33.32,4,5,8,13,6.9,61449999.593276024,5207627.0,0.046,-80.28,3470,43366,29156,-0.106
5621,PMAX,Financial Services,Capital Markets,NASDAQ,33.23,4,3,0,31,1.72,4597092.554510832,1715333.0,0.0493,-96.69,1105460,724330,740738,0.727
5622,EMBC,Healthcare,Medical Instruments & Supplies,NASDAQ,33.2,4,2,23,23,3.66,200527555.04951382,59327677.0,0.1433,-76.46,1083340,1988070,1953008,-0.144
5623,MIMI,Industrials,Engineering & Construction,NASDAQ,33.13,4,6,5,0,1.72,9498295.18127942,2753129.0,0.0179,-98.74,132850,3482206,2179684,-0.262
5624,FUSE,Technology,Software - Application,NASDAQ,33.03,4,9,6,6,0.82,41383111.682076454,28939240.0,0.0756,-96.72,32050,67470,64550,-0.038
5625,PSIX,Industrials,Specialty Industrial Machinery,NASDAQ,32.97,4,7,68,80,27.83,960742763.0344391,23050450.0,0.1296,-77.15,452900,431703,498276,-0.051
5626,CURX,Healthcare,Biotechnology,NASDAQ,32.96,4,5,11,2,0.19,9437490.51762557,28340812.0,0.0067000003,-97.93,60920,72436,75816,
5627,AIXC,Technology,Software - Infrastructure,NASDAQ,32.88,4,10,10,9,0.67,25900790.461072206,20234993.0,0.0038,-92.4,48880,108930,89168,
5628,ADGM,Healthcare,Medical Devices,NASDAQ,32.82,4,7,22,29,0.38,16080371.807642937,22210459.0,0.0034,-85.28,96380,74883,101056,
5629,OPTT,Industrials,Specialty Industrial Machinery,NYSE ARCA,32.74,4,14,17,22,0.16,86648905.73269951,228023439.0,0.066300005,-82.22,6306370,4437323,5136164,-0.378
5630,GRI,Healthcare,Biotechnology,NASDAQ,32.66,4,3,4,0,1.41,3647926.178671837,1770838.0,0.0644,-98.25,25830,82873,70112,
5631,QTI,Healthcare,Medical Devices,NASDAQ,32.64,4,5,22,12,2.7,66212500.0,13242500.0,0.044699997,-94.14,63970,39666,46178,1.333
5632,CWD,Financial Services,Asset Management,NASDAQ,32.45,4,4,5,3,0.51,8840224.0,8840224.0,0.0162,-98.94,238760,11854186,7153260,-0.409
5633,GV,Consumer Defensive,Education & Training Services,NASDAQ,32.44,4,5,1,15,0.14,1861639.465144515,5607348.0,0.0777,-96.65,492310,405033,448290,-0.617
5634,BTCT,Technology,Computer Hardware,NASDAQ,32.15,4,8,13,5,0.56,10849351.36385858,9516975.0,0.0227,-88.31,279370,3053866,1966682,0.004
5635,NMTC,Healthcare,Medical Devices,NASDAQ,32.14,4,11,35,36,1.7,30600559.388972282,8619876.0,0.0054,-75.57,37400,46423,39622,0.725
5636,BZAI,Technology,Software - Application,NASDAQ,32.11,4,9,66,4,0.81,250447050.0029266,142299461.0,0.1161,-88.02,3324890,3697526,4420074,1.719
5637,DUO,Real Estate,Real Estate Services,NASDAQ,32.03,4,5,28,8,0.58,42788738.98143947,38548413.0,0.004,-89.14,601120,236373,305400,-0.24
5638,GNS,Consumer Defensive,Education & Training Services,NYSE ARCA,31.87,4,3,7,18,0.15,49448263.10810655,194678195.0,0.039100002,-92.19,2157500,3931240,12390424,
5639,NYXH,Healthcare,Medical Instruments & Supplies,NASDAQ,31.83,4,4,7,18,1.41,133187304.33246517,44693726.0,0.0104,-83.58,111380,220970,373734,4.989
5640,MERC,Basic Materials,Paper & Paper Products,NASDAQ,31.8,4,3,5,13,0.59,62293731.05909622,66982506.0,0.08939999,-86.8,340220,654686,564984,-0.035
5641,ICMB,Financial Services,Asset Management,NASDAQ,31.78,4,5,12,57,0.78,18617888.329444885,14432472.0,0.033,-75.0,31100,120440,102982,-0.187
5642,AMIX,Healthcare,Medical Devices,NASDAQ,31.75,4,7,7,3,3.59,4563737.66800499,11409344.0,0.0173,35.98,9174260,3169219,1938859,
5643,INBS,Healthcare,Medical Devices,NASDAQ,31.73,4,5,2,11,1.58,6147044.060327053,2391846.0,0.0625,-93.65,93880,66516,75196,0.455
5644,FLUX,Industrials,Electrical Equipment & Parts,NASDAQ,31.43,4,12,24,11,0.54,23070294.556731105,21361383.0,0.034,-92.85,95670,92156,96892,-0.607
5645,XPON,Industrials,Electrical Equipment & Parts,NASDAQ,31.4,4,10,17,15,3.59,6085174.595996261,11438298.0,0.0178,-34.73,37275,18474,16364,0.118
5646,NEON,Technology,Electronic Components,NASDAQ,31.24,4,5,7,4,0.8,28698798.970217705,16782923.0,0.0495,-97.32,99580,218996,237324,0.197
5647,MRNO,Real Estate,Real Estate - Development,NASDAQ,31.05,4,2,1,3,0.21,28061028.711948395,79718832.0,0.42970002,-98.26,217890,674380,813584,-0.149
5648,JFIN,Financial Services,Credit Services,NASDAQ,30.8,4,6,9,13,2.21,226586930.18757248,52329546.0,0.0088,-88.51,47960,95916,89594,-0.224
5649,GETY,Communication Services,Internet Content & Information,NYSE,30.76,4,12,6,12,0.38,435717597.7779732,418959244.0,0.19409999,-88.16,4438440,13660633,9210246,0.011
5650,CLIK,Consumer Cyclical,Personal Services,NASDAQ,30.73,4,4,4,6,1.43,6232392.921084523,3263033.0,0.033299997,-92.19,106140,285610,1326312,0.572
5651,YDDL,Industrials,Waste Management,NASDAQ,30.72,4,2,27,84,1.74,187711660.20624495,56033333.0,0.0021,-89.28,18270,20813,33776,0.083
5652,LSTA,Healthcare,Biotechnology,NASDAQ,30.65,4,59,58,95,1.03,29595770.75,9106391.0,0.0124,-79.68,171200,84140,139498,
5653,PRFX,Healthcare,Drug Manufacturers - Specialty & Generic,NASDAQ,30.61,4,4,4,6,1.03,2606268.0,868756.0,0.0848,-94.26,193760,723920,3182222,
5654,GVH,Industrials,Integrated Freight & Logistics,NASDAQ,30.6,4,95,96,1,1.02,11228280.941059113,2286819.0,0.0231,-99.71,3855000,2031443,1227300,0.207
5655,RIME,Technology,Consumer Electronics,NASDAQ,30.21,4,4,10,4,0.41,12032246.798659801,15425958.0,0.057800002,-91.05,130750,231833,318864,18.512
5656,LHSW,Technology,Software - Infrastructure,NASDAQ,30.15,4,2,1,2,2.49,8164000.2727508545,52000000.0,0.044,-20.7,190430,4014159,2512875,0.569
5657,ANTA,Financial Services,Credit Services,NASDAQ,30.13,4,9,21,18,3.2,178744239.62379074,23992516.0,0.002,-79.55,5790,4093,3772,0.524
5658,HCAI,Industrials,Farm & Heavy Construction Machinery,NASDAQ,30.1,4,65,72,3,4.25,9416250.443458557,1162500.0,0.0228,-97.95,36430,41680,91928,
5659,LIQT,Industrials,Pollution & Treatment Controls,NASDAQ,30.08,4,4,68,23,0.69,10942625.337175012,9947841.0,0.0107,-79.4,127560,231453,403262,-0.104
5660,YOUL,Consumer Defensive,Education & Training Services,NASDAQ,30.03,4,3,6,7,0.42,39545218.549489975,76048500.0,0.0027,-92.36,1442440,617000,1482666,0.177
5661,CAPR,Healthcare,Biotechnology,NASDAQ,30.01,4,89,98,98,4.19,1735040261.2600784,57911893.0,0.2082,-89.62,8675690,4079480,2774932,
5662,AREN,Communication Services,Internet Content & Information,NYSE ARCA,30.0,4,2,9,30,1.17,66643904.865061045,47602790.0,0.0507,-85.1,54360,127386,125990,-0.359
5663,GOVX,Healthcare,Biotechnology,NASDAQ,29.95,4,5,2,1,0.7,10733557.601854801,5210465.0,0.1357,-97.99,186080,298940,2045940,
5664,LSH,Industrials,Integrated Freight & Logistics,NASDAQ,29.91,4,8,13,10,0.26,23066465.10457188,34427559.0,0.0022,-84.52,213940,172270,142128,1.67
5665,KNRX,Technology,Software - Application,NYSE ARCA,29.88,4,1,11,5,0.47,18588522.086520612,30423113.0,0.025899999,-88.25,27880,435993,308390,-0.486
5666,REFR,Technology,Electronic Components,NASDAQ,29.59,4,4,11,20,0.39,26848194.55494976,34867786.0,0.0106,-85.56,66640,62916,49820,-0.756
5667,PLAG,Industrials,Conglomerates,NYSE ARCA,29.53,4,79,69,98,0.64,22060707.571331263,14232715.0,0.0087,-85.75,7460890,2539550,1528178,-0.444
5668,NIPG,Communication Services,Entertainment,NASDAQ,29.51,4,1,6,10,9.4,91537963.55228615,224357758.0,0.0001,241.82,72550,32319,21413,0.423
5669,CDLX,Communication Services,Advertising Agencies,NASDAQ,29.48,4,3,12,8,3.8,38883832.66171318,57605677.0,0.1387,15.85,44900,55966,71657,-0.446
5670,WSHP,Communication Services,Internet Content & Information,NASDAQ,29.31,4,12,2,93,5.28,73566984.34823513,10963783.0,0.6143,-97.89,65660,498870,325586,-0.733
5671,EJH,Consumer Cyclical,Personal Services,NASDAQ,29.12,4,3,0,7,1.15,4928237.037923813,3200154.0,0.0041,-98.94,15630,11770,18128,-0.003
5672,INTJ,Industrials,Consulting Services,NASDAQ,29.07,4,3,57,8,3.29,14606250.0,1537500.0,0.0016,-90.32,10490,68863,43862,0.035
5673,AVX,Technology,Software - Infrastructure,NASDAQ,29.03,3,4,4,1,3.08,47586215.505829096,89616222.0,0.0047999998,-77.17,21340,27523,29508,6.291
5674,ANPA,Industrials,Specialty Business Services,NASDAQ,28.95,3,6,5,99,4.09,92573759.8782587,15101755.0,0.0085,-97.74,41420,19093,14980,
5675,SOC,Energy,Oil & Gas Drilling,NYSE,28.9,3,2,76,17,4.48,2261416572.615223,154362910.0,0.22129999,-86.08,6380710,14478146,10307636,
5676,SLND,Industrials,Engineering & Construction,NYSE ARCA,28.79,3,2,4,8,0.54,66147037.59121466,54218882.0,0.0467,-89.89,23147870,7889500,4766378,-0.28
5677,BJDX,Healthcare,Medical Devices,NASDAQ,28.67,3,4,4,6,0.93,2214290.2085459232,1034715.0,0.0069999998,-94.42,568140,5646850,4997682,
5678,MKZR,Real Estate,REIT - Diversified,NASDAQ,28.57,3,4,6,12,1.19,5322068.803429127,2255114.0,0.0043,-92.96,17540,32506,23342,-0.44
5679,NFE,Energy,Oil & Gas Midstream,NASDAQ,28.25,3,4,5,8,0.33,160241035.65357327,285634650.0,0.21149999,-93.34,2238250,4023766,4273328,-0.508
5680,MVST,Consumer Cyclical,Auto Parts,NASDAQ,28.19,3,7,13,29,0.8,516393929.313818,333157384.0,0.1041,-88.76,4498580,4557046,4479432,-0.48
5681,AKAN,Healthcare,Drug Manufacturers - Specialty & Generic,NASDAQ,27.93,3,95,99,0,6.39,11751851.697681427,534418.0,0.0744,-96.95,656030,238503,443092,
5682,VVOS,Healthcare,Medical Devices,NASDAQ,27.91,3,2,3,9,0.41,9726219.83436346,13894600.0,0.08939999,-94.84,150710,689383,2000430,0.705
5683,ADCT,Healthcare,Biotechnology,NYSE,27.9,3,2,81,94,1.11,432449949.32989407,127191158.0,0.0533,-77.71,828990,1313203,1977556,-0.095
5684,SOAR,Industrials,Airports & Air Services,NYSE ARCA,27.85,3,4,2,3,0.13,5253537.765259162,30903163.0,0.0764,-96.64,1016090,9200293,26278058,-0.961
5685,MEDS,Healthcare,Medical Distribution,NASDAQ,27.79,3,2,1,4,3.16,,,,,91520,46226,353763,
5686,ELTX,Healthcare,Biotechnology,NASDAQ,27.7,3,7,84,36,2.91,218344758.6311617,19086081.0,0.1318,-80.51,321180,2902250,2058688,
5687,MPU,Communication Services,Entertainment,NYSE ARCA,27.59,3,2,12,10,0.24,27199677.605306774,67999193.0,0.0097,-94.59,158670,247736,3947068,-0.492
5688,SSTK,Communication Services,Internet Content & Information,NYSE,27.59,3,8,26,25,5.38,547029041.0729961,36738014.0,0.0529,-81.76,1523260,1251556,1013066,-0.179
5689,DCX,Consumer Cyclical,Auto Manufacturers,NASDAQ,27.58,3,2,3,0,1.24,49360826.43905282,19823625.0,0.0028,-99.96,1859870,1800716,1085820,
5690,SNTI,Healthcare,Biotechnology,NASDAQ,27.57,3,32,11,5,0.36,29649806.491144896,31144754.0,0.0373,-90.73,276050,323100,267092,
5691,ENVB,Healthcare,Biotechnology,NASDAQ,27.47,3,4,13,2,1.43,8468333.02443409,3681884.0,0.0319,-91.89,126070,121963,173936,
5692,XAIR,Healthcare,Medical Devices,NASDAQ,27.18,3,5,3,5,5.42,5838634.745916009,12692684.0,0.0064,-7.19,12450,19045,15884,1.047
5693,AUUD,Technology,Software - Application,NASDAQ,27.12,3,0,1,5,1.05,7563310.320955515,5364050.0,0.0252,-98.14,245880,279356,958302,
5694,FEMY,Healthcare,Medical Instruments & Supplies,NASDAQ,26.93,3,5,8,9,2.91,23371195.150839984,60390686.0,0.0334,162.16,69560,47510,82211,0.399
5695,NEGG,Consumer Cyclical,Internet Retail,NASDAQ,26.92,3,6,96,99,12.87,389469717.79953,20973060.0,0.2054,-90.66,76240,66440,82870,0.213
5696,CELZ,Healthcare,Biotechnology,NASDAQ,26.89,3,8,33,14,0.76,8317503.0,3696668.0,0.0367,-87.84,165950,6802466,4106944,
5697,LICN,Industrials,Specialty Business Services,NASDAQ,26.7,3,2,72,99,1.09,25148341.779738665,16436825.0,0.0011,-88.52,2939540,1793360,1409766,-0.561
5698,SLMT,Communication Services,Entertainment,NASDAQ,26.57,3,3,2,1,4.05,48714828.89896679,8442778.0,0.0756,-99.24,57820,84343,111434,5.008
5699,THH,Industrials,Specialty Business Services,NASDAQ,26.47,3,3,2,0,0.21,17766418.21306199,50046250.0,0.0002,-99.62,96210,873563,779476,0.219
5700,HTZ,Industrials,Rental & Leasing Services,S&P 600,26.44,3,3,56,26,1.65,1705128454.3136516,315764523.0,0.396,-80.45,16970780,26158473,18079220,0.105
5701,RAYA,Industrials,Electrical Equipment & Parts,NASDAQ,26.4,3,2,1,0,2.26,3380037.416223049,982569.0,0.0109,-99.97,10350,43613,46794,-0.231
5702,MVIS,Technology,Scientific & Technical Instruments,NASDAQ,26.4,3,6,16,11,0.24,202285328.5937947,331615285.0,0.2084,-86.13,7718100,10542240,9717030,0.587
5703,IPDN,Industrials,Staffing & Employment Services,NASDAQ,26.04,3,4,6,10,0.33,7577303.341094971,10524032.0,0.0147,-97.34,34570,60303,69992,0.029
5704,CRIS,Healthcare,Biotechnology,NASDAQ,26.03,3,6,5,9,4.96,22217854.731202662,38978693.0,0.0070999996,58.47,81640,354986,217245,
5705,PSQH,Technology,Software - Application,NYSE,25.8,3,7,12,4,4.15,31867066.14125955,48726402.0,0.0002,46.13,239200,106413,72156,0.209
5706,BIAF,Healthcare,Diagnostics & Research,NASDAQ,25.72,3,2,59,1,0.64,7573292.825382948,4534906.0,0.111099996,-95.36,242760,467240,415986,-0.271
5707,PSIG,Industrials,Integrated Freight & Logistics,NASDAQ,25.68,3,2,89,93,1.19,127625550.53284836,15376572.0,0.0023999999,-85.87,64200,1561236,1524962,-0.373
5708,AEON,Healthcare,Biotechnology,NYSE ARCA,25.63,3,17,73,71,0.25,19914559.4921996,26307211.0,0.0166,-82.76,385690,2352276,1426820,
5709,SCNI,Healthcare,Biotechnology,NASDAQ,25.59,3,2,6,9,0.28,1781906.352795601,3959792.0,0.0401,-95.47,129790,461920,478048,0.306
5710,RCON,Energy,Oil & Gas Equipment & Services,NASDAQ,25.57,3,3,7,17,0.36,53470179.55320114,90627427.0,0.00029999999,-94.97,5248940,1780373,1102868,1.022
5711,ATOS,Healthcare,Biotechnology,NASDAQ,25.52,3,2,14,7,2.19,45037773.83424997,8611429.0,0.0397,-88.68,53040,175363,177574,
5712,SNWV,Healthcare,Medical Devices,NASDAQ,25.51,3,5,7,28,6.29,141625128.81555176,8598976.0,0.142,-86.5,191870,298046,225958,0.031
5713,ENGN,Healthcare,Biotechnology,NASDAQ,25.5,3,2,81,94,1.76,123930513.69715333,66989466.0,0.026800001,-85.63,721930,1026116,1060110,
5714,CHGA,Real Estate,Real Estate Services,NASDAQ,25.48,3,2,3,2,0.19,,,,,1473880,2374073,1786062,
5715,LNKS,Industrials,Electrical Equipment & Parts,NASDAQ,25.44,3,1,0,96,1.04,2795506.6353218555,1606613.0,0.53650004,-99.75,36650,2849506,2079956,-0.016
5716,UCAR,Consumer Cyclical,Auto & Truck Dealerships,NASDAQ,25.44,3,20,0,11,1.01,35524861.017249465,25742653.0,0.0099,-97.97,524730,480700,822122,-0.248
5717,ACTU,Healthcare,Biotechnology,NASDAQ,25.41,3,3,5,11,1.17,48330220.58365059,23925852.0,0.084300004,-90.0,153970,358973,279110,
5718,RGC,Healthcare,Drug Manufacturers - Specialty & Generic,NASDAQ,25.39,3,3,99,99,5.94,11818284736.467451,494488909.0,0.014400001,-92.89,220250,475696,325490,
5719,VRRM,Technology,Information Technology Services,S&P 600,25.35,3,1,14,22,5.14,685099039.7986736,151906653.0,0.026300002,-80.1,6465680,5954376,8682118,0.001
5720,VTGN,Healthcare,Biotechnology,NASDAQ,25.33,3,2,9,1,0.24,24960799.521075606,39620317.0,0.0647,-95.33,857550,3270980,2289288,0.295
5721,TPST,Healthcare,Biotechnology,NASDAQ,25.29,3,4,6,3,0.86,22654704.986368418,14806997.0,0.0685,-92.97,209330,206350,163936,
5722,YDES,Healthcare,Biotechnology,NASDAQ,25.23,3,1,4,29,2.2,228076936.14650106,70831346.0,0.001,-91.2,32730,248260,159960,0.956
5723,SLBT,Healthcare,Biotechnology,NASDAQ,25.08,3,8,22,50,2.69,,,,,109620,248200,911924,
5724,AIFC,Technology,Software - Infrastructure,NASDAQ,25.07,3,3,2,7,0.37,118861037.68396223,139836511.0,0.1074,-96.62,1143780,1208210,1275954,-0.028
5725,MODD,Healthcare,Medical Devices,NASDAQ,24.79,3,6,2,14,2.07,26947661.56321001,5411177.0,0.0241,-93.1,157380,169573,112066,
5726,CMCT,Real Estate,REIT - Office,NASDAQ,24.71,3,2,0,6,3.41,11981777.219324112,2639158.0,0.0298,-99.76,22560,26690,33130,-0.1
5727,FBLG,Healthcare,Biotechnology,NASDAQ,24.69,3,3,1,6,0.72,6042341.226133704,5208915.0,0.048600003,-96.36,94730,137436,133058,
5728,BOXL,Technology,Consumer Electronics,NASDAQ,24.33,3,4,4,1,2.83,3521502.140918374,4001707.0,0.021,-95.35,17920,982071,596689,0.001
5729,AIM,Healthcare,Biotechnology,NYSE ARCA,24.32,3,2,2,6,0.24,5971041.097916812,14563515.0,0.0379,-98.78,453530,972263,24780380,-0.533
5730,GAUZ,Technology,Electronic Components,NASDAQ,24.31,3,3,2,1,0.3,13101452.780874848,18743137.0,0.0106,-96.88,182530,129966,111634,-0.178
5731,CGTL,Consumer Cyclical,Specialty Retail,NASDAQ,24.11,3,4,36,99,4.11,12862500.0,25725000.0,0.74230003,-35.78,23490,283435,574459,-0.41
5732,SNYR,Healthcare,Medical Distribution,NASDAQ,24.02,2,0,1,15,0.17,4008068.4346373677,14899883.0,0.028900001,-95.75,196570,304446,2897654,-0.328
5733,SPWR,Technology,Solar,NASDAQ,23.85,2,4,10,31,0.32,154568834.43613195,145819663.0,0.1608,-85.9,7834470,5071973,4480304,-0.072
5734,APUS,Healthcare,Drug Manufacturers - Specialty & Generic,NYSE ARCA,23.84,2,6,48,15,4.92,21278559.066277623,15091177.0,0.0339,-87.79,65156,33943,21742,
5735,TRAW,Healthcare,Biotechnology,NASDAQ,23.81,2,7,22,25,0.44,22119977.317952156,15150669.0,0.1342,-86.54,121670,190253,402106,
5736,CVM,Healthcare,Biotechnology,NYSE ARCA,23.76,2,2,2,13,1.22,22319390.38713169,14493111.0,0.0177,-90.95,205450,379283,370746,
5737,AIRE,Real Estate,Real Estate Services,NASDAQ,23.44,2,1,2,11,1.4,13358230.041162252,5364751.0,0.0979,-96.89,82920,64563,81662,-0.091
5738,CVKD,Healthcare,Biotechnology,NASDAQ,23.4,2,5,17,5,2.09,15268105.237425804,3078247.0,0.0271,-86.93,55930,83126,78340,
5739,LIMN,Healthcare,Biotechnology,NASDAQ,23.26,2,2,0,24,0.1,7359932.015293568,44877633.0,0.0173,-99.7,6143510,49161733,38467720,
5740,VTIX,Technology,Computer Hardware,NASDAQ,23.13,2,2,3,2,1.61,121399565.66453576,32810693.0,0.1062,-98.26,1968050,859366,741350,-0.238
5741,CSAI,Technology,Software - Infrastructure,NASDAQ,22.86,2,5,8,2,6.0,11914668.143070102,24515778.0,0.0254,123.05,38775,36778,27078,3.064
5742,LNZA,Industrials,Waste Management,NASDAQ,22.62,2,4,83,5,5.36,80629242.08275223,13089163.0,0.0375,-92.47,66800,149523,169608,0.268
5743,GOSS,Healthcare,Biotechnology,NASDAQ,22.18,2,1,1,91,0.18,54214842.3658548,234696281.0,0.1863,-95.35,73629980,36886603,28901468,0.715
5744,WNW,Consumer Cyclical,Internet Retail,NASDAQ,22.15,2,2,0,21,2.47,5055789.736558199,1330471.0,0.0093,-99.82,216550,308300,1861128,62.646
5745,UZX,Consumer Cyclical,Internet Retail,NASDAQ,22.11,2,1,3,18,0.23,40481790.939706564,48481188.0,0.00029999999,-92.58,132960,475390,8432818,-0.709
5746,CHAI,Communication Services,Internet Content & Information,NASDAQ,22.1,2,3,6,2,0.43,20918521.150025845,19922402.0,0.0089,-97.92,28778720,9975940,11126624,
5747,IVF,Healthcare,Medical Devices,NASDAQ,22.01,2,3,1,0,0.94,3036987.712297082,1615419.0,0.0762,-99.54,99260,4432953,2979774,0.226
5748,LRHC,Real Estate,Real Estate Services,NASDAQ,21.98,2,0,0,0,1.07,1375499.939918518,1050000.0,0.033099998,-99.94,85970,199086,443884,0.032
5749,TRUG,Consumer Cyclical,Leisure,NASDAQ,21.96,2,1,1,2,1.07,1926661.231241703,1113677.0,0.026800001,-99.2,1664400,696800,468848,-0.042
5750,ZEPP,Technology,Consumer Electronics,NYSE,21.92,2,9,96,98,4.42,119666242.72230148,14664981.0,0.0502,-92.85,40880,65330,121690,0.43
5751,PPBT,Healthcare,Biotechnology,NASDAQ,21.86,2,2,5,7,1.37,2787499.2688908577,932274.0,0.008,-95.28,13190,35133,382018,
5752,BDRX,Healthcare,Biotechnology,NASDAQ,21.82,2,5,1,1,1.48,2589015.601346493,746114.0,0.027999999,-97.77,414960,289243,182808,
5753,VWAV,Industrials,Aerospace & Defense,NASDAQ,21.74,2,13,23,92,1.94,160450438.99809217,25387727.0,0.0504,-87.72,615430,993300,810016,
5754,MBRX,Healthcare,Biotechnology,NASDAQ,21.74,2,16,3,2,1.02,14888419.086434364,5336351.0,0.0998,-95.75,390450,883110,625906,
5755,CTNT,Industrials,Integrated Freight & Logistics,NASDAQ,21.62,2,0,0,20,1.87,4912588.961219668,2959391.0,0.0154,-99.6,522100,1899563,1818700,-0.807
5756,BNKK,Financial Services,Asset Management,NASDAQ,21.57,2,4,4,4,1.0,15441813.780333996,8000940.0,0.106400006,-97.87,61380,188933,281510,102.016
5757,CIGL,Industrials,Security & Protection Services,NASDAQ,21.42,2,2,8,16,0.46,138688121.27270532,226985468.0,0.0023,-98.52,318706,2431961,1762861,0.108
5758,LZMH,Technology,Information Technology Services,NASDAQ,21.42,2,0,0,3,1.13,11492479.743123055,8978500.0,0.0150999995,-99.8,56000,47930,316506,0.912
5759,RDGT,Healthcare,Pharmaceutical Retailers,NASDAQ,21.35,2,0,0,57,0.79,1609043.4957094193,898907.0,0.0138,-99.9,3513390,5087063,3650222,-0.117
5760,VIVS,Healthcare,Biotechnology,NASDAQ,21.05,2,9,9,66,0.39,3791819.7243742943,2894519.0,0.014099999,-92.64,8422660,7158193,4318398,0.083
5761,MF,Communication Services,Advertising Agencies,NASDAQ,20.99,2,0,2,16,8.96,,,,,297890,994853,1494359,
5762,GCDT,Industrials,Specialty Industrial Machinery,NYSE ARCA,20.82,2,2,1,35,0.36,12250000.23841858,12500000.0,0.0023,-93.85,118540,218303,2208864,1.429
5763,RMSG,Technology,Software - Application,NASDAQ,20.81,2,6,77,5,0.34,10238799.067681432,11092957.0,0.0925,-93.77,344400,309796,5496860,
5764,VEEA,Technology,Information Technology Services,NASDAQ,20.8,2,3,12,9,0.15,30496579.60144806,50407568.0,0.01,-93.09,540410,2566346,1714114,11.65
5765,MNDR,Healthcare,Health Information Services,NASDAQ,20.64,2,4,11,3,1.72,5576097.139494419,7167220.0,0.0217,-78.36,91370,181572,123286,-0.077
5766,HPAI,Technology,Software - Infrastructure,NASDAQ,20.64,2,2,4,22,0.49,39529253.70485544,37646910.0,0.0165,-90.61,1107260,460926,591340,0.224
5767,WCT,Technology,Software - Application,NASDAQ,20.62,2,1,2,6,0.82,4212725.738536835,2905328.0,0.0023,-96.72,119780,197446,3842542,-0.879
5768,RVSN,Industrials,Railroads,NASDAQ,20.47,2,1,7,0,4.03,10730946.228186607,2192226.0,0.0343,-99.55,8900,16723,34998,1.319
5769,FGL,Industrials,Engineering & Construction,NASDAQ,20.47,2,2,0,1,0.95,2291320.0,1145660.0,0.0495,-99.34,107960,165546,1253544,0.089
5770,ABTC,Financial Services,Capital Markets,NASDAQ,20.08,2,4,9,6,5.9,1201204916.5811582,1063013205.0,0.024500001,-59.37,1363640,1650466,1281150,4.035
5771,TNMG,Communication Services,Publishing,NASDAQ,20.01,2,1,1,5,0.38,1834967.4702612162,2931258.0,0.0385,-97.96,3720920,13598706,8400336,0.057
5772,HCTI,Healthcare,Health Information Services,NASDAQ,19.96,2,2,0,0,1.14,5231679.985292435,2027783.0,0.187,-99.91,166330,263300,179296,1.661
5773,VSEE,Healthcare,Health Information Services,NASDAQ,19.95,2,2,3,4,0.07,9233889.874129951,48599421.0,0.0208,-97.22,16219260,7683096,6218204,-0.049
5774,TNON,Healthcare,Medical Devices,NASDAQ,19.95,2,3,18,10,0.2,7985665.292406797,11573428.0,0.0167,-91.94,412740,14713700,8859414,0.899
5775,SURG,Communication Services,Telecom Services,NASDAQ,19.52,2,3,3,7,0.22,14872162.031664848,25121895.0,0.0315,-93.62,858190,9335353,5683708,0.511
5776,ZBAO,Financial Services,Insurance Brokers,NASDAQ,19.51,2,7,13,26,0.17,30553338.227498293,34061692.0,0.0378,-87.31,54803630,32115563,19407412,0.407
5777,BAOS,Communication Services,Advertising Agencies,NASDAQ,19.44,2,33,57,38,0.63,4450012.446340084,1534487.0,0.049200002,-88.33,156180,72300,127370,-0.505
5778,AMOD,Technology,Software - Application,NASDAQ,19.42,2,1,1,19,3.74,12158544.89192754,53094082.0,0.022,43.85,13870,30076,34499,
5779,ICCM,Healthcare,Medical Devices,NASDAQ,19.36,2,3,4,13,2.89,17791077.71952389,81237799.0,0.027,106.43,74170,6795910,4120945,0.257
5780,FLD,Financial Services,Capital Markets,NASDAQ,19.26,2,1,5,6,0.45,49056717.1412617,50783350.0,0.0154,-91.51,230460,319480,2830756,-0.211
5781,REED,Consumer Defensive,Beverages - Non-Alcoholic,NYSE ARCA,19.09,2,3,31,3,0.83,20275617.512311935,11857086.0,0.0041,-93.08,8080,22513,26358,-0.288
5782,IMCC,Healthcare,Drug Manufacturers - Specialty & Generic,NASDAQ,19.04,2,2,1,15,0.12,1792316.946844697,6223323.0,0.0052,-98.31,7629450,4048070,6458920,-0.306
5783,BTOG,Financial Services,Financial Data & Stock Exchanges,NASDAQ,18.95,2,2,4,1,0.81,2850303.539285183,1610341.0,0.0307,-98.66,78190,1717896,1110446,
5784,SEGG,Consumer Cyclical,Gambling,NASDAQ,18.92,2,25,6,3,0.43,25534030.034537792,15108893.0,0.108500004,-97.47,752180,788893,1127504,-0.314
5785,NWGL,Basic Materials,Lumber & Wood Production,NASDAQ,18.78,2,2,14,29,0.23,13639807.975786328,16553165.0,0.0081,-96.52,290390,3322680,2795366,-0.119
5786,SDST,Industrials,Electrical Equipment & Parts,NASDAQ,18.7,2,11,9,19,0.74,24121777.257311583,10579727.0,0.0885,-90.35,323370,263353,242886,
5787,SCAG,Industrials,Farm & Heavy Construction Machinery,NASDAQ,18.55,2,1,2,10,0.3,35070468.939394206,72609665.0,0.0008,-98.77,156670,5327153,5790974,0.388
5788,PLYX,Healthcare,Biotechnology,NASDAQ,18.53,2,1,1,7,2.15,162996396.15926313,49845993.0,0.0094,-95.6,101440,102670,216770,
5789,JEM,Consumer Cyclical,Apparel Retail,NASDAQ,18.51,2,24,1,1,5.76,2701902.0,1801268.0,0.1178,-96.35,4504110,2290303,1396453,0.235
5790,PPCB,Healthcare,Biotechnology,NASDAQ,18.51,2,1,1,0,1.04,4146637.1595053673,2278372.0,0.0121,-99.62,82640,2083966,4825432,
5791,NCRA,Consumer Defensive,Packaged Foods,NASDAQ,18.18,1,2,3,6,2.38,4425244.605030298,19933534.0,0.0201,-0.83,13184330,5132952,3579639,-0.12
5792,CCHH,Consumer Cyclical,Restaurants,NASDAQ,18.11,1,6,8,0,1.41,14510399.675667286,30230000.0,0.00090000004,-90.84,351940,844705,862010,0.101
5793,VBIO,Healthcare,Biotechnology,NASDAQ,17.98,1,3,9,3,0.28,2451831.0970025063,3200824.0,0.0794,-95.0,1235000,569750,519936,
5794,ALAR,Technology,Software - Infrastructure,NASDAQ,17.93,1,30,19,11,1.67,68190439.13999367,7340198.0,0.0077,-90.72,135430,343766,252344,0.604
5795,TOPS,Energy,Oil & Gas Midstream,NYSE ARCA,17.82,1,1,4,23,0.67,4987502.867876291,5541670.0,0.4495,-94.16,285470,217423,695446,-0.169
5796,GNLN,Consumer Defensive,Tobacco,NASDAQ,17.8,1,5,2,2,1.77,2194319.964779377,631459.0,0.0238,-98.26,13610,15140,14638,-0.695
5797,CLDI,Healthcare,Biotechnology,NYSE ARCA,17.56,1,2,1,3,1.49,3572650.671042502,19311625.0,0.2039,-92.24,741507,412418,346997,
5798,FNGR,Communication Services,Telecom Services,NASDAQ,17.45,1,2,11,16,0.24,47186605.99115181,61281308.0,0.0234,-92.0,257170,321656,831390,-0.321
5799,NAMI,Communication Services,Internet Content & Information,NASDAQ,17.44,1,1,4,7,2.61,22851638.137189776,79071411.0,0.0008,27.32,7360,71835,55811,-0.019
5800,TC,Communication Services,Advertising Agencies,NASDAQ,17.23,1,5,19,23,2.11,233578837.83182144,26422945.0,0.0001,-90.61,1739600,3539730,2124556,
5801,ISPC,Healthcare,Diagnostics & Research,NASDAQ,17.13,1,2,2,4,1.83,4541416.243352175,1437157.0,0.0785,-98.56,45710,91710,148920,-0.852
5802,SHPH,Healthcare,Drug Manufacturers - Specialty & Generic,NASDAQ,17.05,1,2,3,5,3.09,3071927.110494375,5851290.0,0.0764,-50.16,574210,4221683,2608690,
5803,VNRX,Healthcare,Medical Devices,NYSE ARCA,17.04,1,1,3,8,0.8,22241821.535549164,8330270.0,0.0353,-95.74,331720,265846,311216,1.332
5804,VTAK,Healthcare,Medical Devices,NYSE ARCA,16.99,1,9,4,10,0.28,2369376.2271612883,2692473.0,0.0070999996,-98.22,6243500,18489426,11127098,2.021
5805,NXTS,Basic Materials,Agricultural Inputs,NASDAQ,16.93,1,6,2,1,1.55,4075961.164270401,730459.0,0.037100002,-98.28,100680,2475450,1622632,
5806,DDC,Consumer Defensive,Packaged Foods,NYSE ARCA,16.87,1,3,6,8,0.48,64199440.86121917,44275475.0,0.0067000003,-97.7,161250,129230,110184,0.078
5807,RCT,Technology,Software - Application,NASDAQ,16.74,1,1,6,6,0.19,40366178.1045903,59362026.0,0.0584,-96.46,602250,12224320,8613394,0.005
5808,EZRA,Financial Services,Insurance Brokers,NASDAQ,16.7,1,2,6,1,1.98,2184152.5571012497,555764.0,0.0559,-98.61,160630,117273,143066,-0.097
5809,KUST,Communication Services,Entertainment,NASDAQ,16.65,1,1,2,1,1.18,1987146.2478256226,626860.0,0.063,-97.78,7487800,11400700,7010228,0.381
5810,JYD,Industrials,Integrated Freight & Logistics,NASDAQ,16.63,1,1,62,4,0.93,5784333.521604538,8298900.0,0.0018000001,-92.65,98080,233550,793208,0.086
5811,CANG,Financial Services,Capital Markets,NYSE,16.53,1,2,2,8,1.43,180496654.2619601,410219671.0,0.0401,-50.26,146915,184926,146013,0.879
5812,IPST,Financial Services,Capital Markets,NASDAQ,16.49,1,1,1,0,2.18,3306905.7177734375,686080.0,0.0934,-99.59,8540,35796,48728,0.607
5813,MGN,Industrials,Engineering & Construction,NASDAQ,16.4,1,3,0,16,0.07,5438999.995589256,37000000.0,0.0208,-99.19,5225820,20867570,15595722,1.259
5814,AEMD,Healthcare,Medical Devices,NASDAQ,16.39,1,1,8,2,0.57,3467733.1598567963,1569110.0,0.0185,-98.12,64610,167776,777326,
5815,TRNR,Consumer Cyclical,Personal Services,NASDAQ,16.24,1,1,0,0,2.98,1874072.5906820297,2330936.0,0.024400001,-97.63,21960,201336,310200,2.791
5816,ARAI,Technology,Scientific & Technical Instruments,NASDAQ,16.17,1,2,2,1,0.24,34227170.3800655,51859347.0,0.051799998,-98.47,449030,491416,778172,
5817,VRXA,Healthcare,Biotechnology,NASDAQ,15.98,1,0,77,49,1.96,,,,,347160,863630,535856,
5818,VSA,Consumer Defensive,Education & Training Services,NASDAQ,15.87,1,3,1,0,2.92,2414554.6890728474,621507.0,0.1097,-99.86,27930,204943,584547,
5819,SBEV,Consumer Defensive,Beverages - Wineries & Distilleries,NYSE ARCA,15.86,1,1,2,2,0.34,1874978.7898273468,10964788.0,0.0199,-93.35,250840,4311562,7916189,-0.938
5820,CRMT,Consumer Cyclical,Auto & Truck Dealerships,NASDAQ,15.83,1,0,5,21,3.21,102037110.18328667,8302450.0,0.2481,-94.88,329630,2790096,2085950,-0.12
5821,FCUV,Technology,Scientific & Technical Instruments,NASDAQ,15.82,1,0,0,1,1.88,1670313.228509009,2069781.0,0.3084,-96.42,17960,3615408,2213913,-0.748
5822,KITT,Industrials,Aerospace & Defense,NASDAQ,15.77,1,1,1,3,0.83,9005264.761441946,5002925.0,0.2068,-99.05,174470,254046,293128,-0.034
5823,ZSTK,Financial Services,Asset Management,NASDAQ,15.56,1,3,5,11,1.54,11277385.115497112,2430471.0,0.015800001,-96.72,23000,26493,18132,0.059
5824,NXTT,Technology,Software - Application,NASDAQ,15.34,1,2,1,0,0.51,110583345.93656874,76264374.0,0.001,-99.93,236950,182913,161350,
5825,ELAB,Healthcare,Biotechnology,NASDAQ,15.34,1,0,0,0,0.95,8042439.183334827,4543751.0,0.0848,-99.69,872700,4089786,3531490,
5826,JUNS,Healthcare,Biotechnology,NASDAQ,14.9,1,3,7,13,0.1,11116572.688008845,43424110.0,0.0032,-97.0,39795150,15457300,16881668,
5827,CHSN,Consumer Cyclical,Restaurants,NASDAQ,14.72,1,0,0,8,1.1,2481423.211640954,2319087.0,0.026300002,-99.98,96540,1518363,1378788,-0.103
5828,SLXN,Healthcare,Biotechnology,NASDAQ,14.13,1,0,1,3,1.84,2057265.3860664368,418995.0,0.044899996,-99.18,125090,80966,803288,
5829,MDXH,Healthcare,Diagnostics & Research,NASDAQ,14.11,1,1,15,81,0.41,39037034.710149765,51364520.0,0.0235,-92.31,202000,588326,653602,0.127
5830,SRXH,Consumer Defensive,Packaged Foods,NYSE ARCA,13.9,1,4,5,4,1.48,65518280.20336622,590254769.0,0.0304,89.74,1919990,7534854,4882141,
5831,VCIG,Industrials,Consulting Services,NASDAQ,13.8,1,15,0,1,0.35,46924512.95936203,5540084.0,0.0481,-99.99,6014910,2126216,4507368,0.219
5832,GNPX,Healthcare,Biotechnology,NASDAQ,13.66,1,1,1,2,6.06,8257393.257120609,10586402.0,0.098000005,-88.98,56110,30055,23724,
5833,BYAH,Consumer Defensive,Household & Personal Products,NASDAQ,13.58,1,3,1,1,0.35,3929039.3721399307,3220524.0,0.0126,-99.98,1480860,4214746,5933396,-0.159
5834,FEED,Healthcare,Medical Devices,NASDAQ,13.42,1,1,2,4,0.32,5494839.741001129,6091840.0,0.0317,-98.16,155480,329236,916202,-0.363
5835,SHFS,Financial Services,Banks - Regional,NASDAQ,13.33,1,1,6,4,0.18,3163340.1015672684,6455796.0,0.0752,-98.04,235950,886890,4190768,-0.541
5836,OFAL,Industrials,Engineering & Construction,NASDAQ,13.13,1,1,37,3,1.05,6435377.395250082,26266846.0,0.0156,-81.9,77982,129354,120787,4.05
5837,GIPR,Real Estate,REIT - Diversified,NASDAQ,13.1,1,3,2,10,0.68,1351024.839563638,6558373.0,0.0306,-65.83,1226090,638675,1413471,-0.083
5838,HDRN,Industrials,Specialty Industrial Machinery,NASDAQ,13.08,1,1,48,47,1.51,313516301.7666607,105206812.0,,-87.92,89630,87886,130416,
5839,BNZI,Technology,Software - Application,NASDAQ,13.05,1,0,1,4,1.82,5650762.326669693,1456382.0,0.1104,-99.12,143250,249830,432430,-0.202
5840,ONEG,Industrials,Engineering & Construction,NASDAQ,13.01,1,5,96,51,1.03,14880000.114440918,16000000.0,0.0042,-93.11,45430,141323,550066,-0.034
5841,ARTL,Healthcare,Biotechnology,NASDAQ,12.44,1,0,4,5,0.75,4879755.916898251,3485540.0,0.0162,-99.13,148990,234673,1204576,
5842,FCHL,Consumer Defensive,Education & Training Services,NASDAQ,12.09,1,0,0,2,1.01,1819863.9537117481,1318742.0,0.19379999,-99.97,23900,75160,277498,-0.001
5843,CETX,Technology,Software - Infrastructure,NASDAQ,12.08,1,1,3,1,2.5,10343305.699549556,11121834.0,0.0771,-88.66,107080,991226,640989,-0.337
5844,ENLV,Healthcare,Biotechnology,NASDAQ,11.94,1,8,17,56,1.95,195249467.01470494,241048724.0,0.0017,-7.14,536630,217718,142206,
5845,MSS,Consumer Defensive,Grocery Stores,NASDAQ,11.51,1,2,3,4,1.39,2913452.4833233953,3184101.0,0.0365,-96.49,4809176,1950851,1237662,-0.086
5846,FAMI,Consumer Defensive,Packaged Foods,NASDAQ,10.33,1,1,20,18,0.16,18650532.47938025,13815209.0,0.0128999995,-92.63,535310,937966,589506,-0.573
5847,BGL,Basic Materials,Gold,NASDAQ,10.33,1,0,2,2,0.22,27565497.26182419,40837773.0,0.006,-99.87,290720,1234603,888752,
5848,CMND,Healthcare,Biotechnology,NASDAQ,9.92,1,0,1,0,1.62,3648138.062253952,1019033.0,0.0202,-99.69,139310,797546,2346839,
5849,BIYA,Technology,Software - Application,NASDAQ,9.66,1,1,1,2,3.61,3695632.8849015236,4119992.0,0.2693,-97.59,24136020,10182216,6466556,0.532
5850,OMH,Real Estate,Real Estate Services,NASDAQ,9.63,0,4,15,78,0.12,18919826.421185732,23101131.0,0.0055,-96.31,79948200,26837326,16293814,-0.129
5851,KWM,Communication Services,Entertainment,NASDAQ,9.59,0,1,1,4,0.08,18214706.087586343,68476338.0,0.0073,-99.06,14647090,5920466,3997198,1079.59
5852,CDTG,Industrials,Waste Management,NASDAQ,9.55,0,1,8,7,0.99,755250.0,3021000.0,0.0007,-53.52,370870,253546,355691,-0.361
5853,PHGE,Healthcare,Biotechnology,NYSE ARCA,9.47,0,0,0,8,0.19,12784610.063235283,10146516.0,0.0225,-98.71,1913700,4230013,9908254,
5854,SBFM,Healthcare,Drug Manufacturers - Specialty & Generic,NASDAQ,9.33,0,1,20,16,1.23,4107765.1751623154,1616594.0,0.0991,-94.94,177580,117720,1173512,-0.091
5855,NTCL,Technology,Software - Application,NASDAQ,9.21,0,1,7,2,2.9,59103703.42974901,59942904.0,0.0023,-21.62,70660,76658,172243,-0.029
5856,BNRG,Utilities,Utilities - Renewable,NASDAQ,9.12,0,0,0,1,0.51,897289.7419576645,540536.0,0.3473,-99.63,7278450,3141563,2826916,
5857,PMI,Healthcare,Medical Devices,NYSE ARCA,8.8,0,0,1,6,0.09,13815777.2380507,93349845.0,0.0104,-99.34,5155410,22726086,40225266,0.855
5858,FTFT,Technology,Software - Application,NASDAQ,8.59,0,2,5,2,0.92,7104453.513978004,5871449.0,0.0134000005,-94.29,157290,101350,80237,-0.608
5859,CPOP,Communication Services,Entertainment,NASDAQ,8.24,0,1,7,9,0.38,25319162.477316827,81939041.0,0.0023999999,-85.44,630050,3350694,3406643,1.816
5860,AIXI,Technology,Software - Application,NASDAQ,8.07,0,5,92,1,1.06,11120702.96976471,920588.0,0.26,-93.49,1440450,1759423,1132846,-0.978
5861,SUGP,Industrials,Security & Protection Services,NASDAQ,7.96,0,1,11,26,0.47,1494067.4120616913,1464772.0,0.0791,-97.45,826470,4404650,9500356,-0.065
5862,ZNB,Communication Services,Entertainment,NASDAQ,7.88,0,0,0,2,2.83,3242844.5,1853054.0,0.0735,-99.89,764193,403940,356634,3.93
5863,AMZE,Technology,Software - Application,NYSE ARCA,7.74,0,5,1,3,0.2,6841124.884022683,45007402.0,0.0681,-98.3,5168040,2087895,1868980,6.79
5864,ONFO,Communication Services,Internet Content & Information,NASDAQ,7.33,0,4,82,10,0.08,4377267.790946245,6662508.0,0.0343,-96.77,31678080,16302250,9872782,-0.336
5865,NIVF,Healthcare,Medical Care Facilities,NASDAQ,7.17,0,0,1,0,0.85,517373.23491060734,568542.0,0.11270001,-99.95,165910,1171387,2343674,0.119
5866,NEXR,Consumer Cyclical,Internet Retail,NASDAQ,6.93,0,0,0,0,4.18,1100469.8515752554,809169.0,0.0398,-97.21,560827,1240647,1158437,0.315
5867,RITR,Industrials,Engineering & Construction,NASDAQ,6.9,0,4,3,4,0.06,30472550.342418253,62443750.0,0.0135,-99.28,3008670,1344510,1558804,-0.714
5868,JAGX,Healthcare,Biotechnology,NASDAQ,6.83,0,0,0,2,1.04,2333613.7686548233,657356.0,0.1313,-99.32,122140,99583,101734,8.156
5869,DAIC,Technology,Information Technology Services,NASDAQ,6.73,0,1,2,0,0.68,169453.6207214445,1210383.0,0.014199999,-99.09,679400,353040,1176062,-0.965
5870,LGHL,Financial Services,Capital Markets,NASDAQ,6.57,0,1,2,0,1.03,486281.0846477747,507071.0,0.06,-98.36,8937140,4498896,2832959,
5871,JZ,Technology,Information Technology Services,NASDAQ,6.45,0,0,19,6,2.27,34397547.94156194,47249380.0,0.0008,-48.05,163660,187256,229712,0.581
5872,POM,Healthcare,Pharmaceutical Retailers,NASDAQ,6.07,0,1,14,0,0.58,13956234.631950289,134194561.0,0.0149,-90.98,96190,70963,70884,0.172
5873,TDIC,Communication Services,Advertising Agencies,NASDAQ,6.06,0,1,9,1,2.56,10926069.071596384,27801702.0,0.0496,-93.52,83560,1015533,1610073,0.289
5874,KALA,Healthcare,Biotechnology,NASDAQ,5.99,0,0,1,2,0.73,41455325.71457291,18589832.0,0.0023,-99.93,111630,185160,151410,
5875,NUWE,Healthcare,Medical Devices,NASDAQ,5.69,0,0,2,8,4.45,2064178.9888687134,2680752.0,0.013300001,-88.61,12975390,4456077,2723840,0.262
5876,POAS,Healthcare,Medical Devices,NYSE ARCA,5.67,0,0,7,93,0.18,8585203.743115067,16446750.0,0.0381,-97.57,264700,355723,1226792,0.388
5877,YMT,Technology,Software - Application,NASDAQ,5.42,0,0,0,24,0.33,8616405.903640509,7625138.0,0.015,-99.64,1027350,967363,942752,-0.077
5878,XXII,Consumer Defensive,Tobacco,NASDAQ,5.28,0,0,0,1,3.87,2432784.370996952,4455649.0,0.0224,-98.56,10920,18003,23891,-0.433
5879,RBNE,Energy,Oil & Gas Midstream,NASDAQ,5.14,0,1,2,6,2.44,7229366.25669229,6572151.0,0.024300002,-97.63,244390,160784,131030,2.386
5880,ONCO,Healthcare,Biotechnology,NASDAQ,4.54,0,0,0,3,0.79,1375748.4546673298,1146457.0,0.0049,-99.79,405860,711443,1060958,-0.789
5881,EDBL,Consumer Defensive,Farm Products,NASDAQ,4.25,0,0,0,1,2.5,2285365.4301675856,8722769.0,0.2351,-92.93,3814750,2090584,1289838,0.229
5882,WHLR,Real Estate,REIT - Retail,NASDAQ,3.81,0,0,0,0,0.69,1872481.4513177872,1800463.0,0.1047,-99.92,551510,2113973,1573063,-0.014
5883,WETO,Technology,Software - Infrastructure,NASDAQ,3.75,0,52,6,4,0.03,82819999.21798706,82000000.0,0.0001,-99.28,22819740,7743020,4729434,-0.45
5884,GMM,Technology,Information Technology Services,NASDAQ,3.52,0,0,16,8,2.86,8529414.295597583,62258501.0,0.0039,-13.07,5359150,6849256,5827766,0.362
5885,IPW,Consumer Cyclical,Internet Retail,NASDAQ,3.42,0,0,1,3,0.57,2545773.9369392395,661240.0,0.1821,-99.79,3665460,1842346,1271105,-0.782
5886,VIVK,Energy,Oil & Gas Integrated,NASDAQ,3.35,0,0,12,0,2.03,5799123.552416205,4295647.0,0.0341,-99.19,34178340,11788194,7127000,-0.479
5887,GMEX,Technology,Consumer Electronics,NASDAQ,3.03,0,0,0,0,1.46,2092711.1507298946,1423613.0,0.0661,-99.86,3458540,2173866,1599295,0.032
5888,PFSA,Healthcare,Medical Devices,NASDAQ,2.79,0,0,0,1,1.06,1649734.8819998503,4660268.0,0.0581,-99.74,979400,616830,375961,
5889,AVAT,Financial Services,Asset Management,NASDAQ,2.74,0,0,48,47,0.31,,,,,360420,630483,598512,
5890,VMAR,Consumer Cyclical,Recreational Vehicles,NASDAQ,2.7,0,0,1,0,0.81,934849.6802787781,1560684.0,0.0877,-99.77,3026510,6639413,4072798,192.73
5891,KIDZ,Consumer Defensive,Education & Training Services,NASDAQ,2.56,0,0,0,1,0.61,3193512.199548483,7944060.0,0.0215,-99.8,63316370,28616760,17978388,-0.364
5892,HUBC,Technology,Software - Infrastructure,NASDAQ,2.31,0,0,0,0,1.03,334615.5814756155,1282052.0,0.9486,-99.97,289570,618703,5232323,-0.038
5893,ELPW,Industrials,Electrical Equipment & Parts,NASDAQ,1.94,0,1,0,0,0.2,2436217.636302471,3045272.0,0.5697,-100.0,4577350,12711956,10781134,
5894,HKIT,Technology,Information Technology Services,NASDAQ,1.94,0,0,0,78,3.19,5117989.2537231445,3505472.0,0.2143,-99.49,94380,333751,890819,4.409
5895,YHC,Consumer Defensive,Beverages - Wineries & Distilleries,NASDAQ,1.85,0,0,25,14,1.93,19272321.63395226,21366210.0,0.0106,-82.68,521520,770681,464183,-0.642
5896,CISS,Industrials,Marine Shipping,NASDAQ,1.73,0,0,1,0,0.14,1233680.6245193481,541088.0,0.1925,-99.98,58893120,19712850,12049230,0.335
5897,YYGH,Consumer Cyclical,Personal Services,NASDAQ,1.68,0,0,0,4,1.25,830564.4695777893,4371392.0,0.015800001,-99.28,524360,1449736,1930557,0.442
5898,PAVS,Consumer Defensive,Packaged Foods,NASDAQ,1.6,0,0,0,0,4.87,1216410.7649981976,1048630.0,0.0098,-99.67,2099890,1058873,877578,180.334
5899,SXTC,Healthcare,Drug Manufacturers - Specialty & Generic,NASDAQ,1.5,0,7,1,0,0.07,7444993.408679962,4458080.0,0.0014,-99.99,141286610,47123790,28328366,-0.245
5900,RPGL,Technology,Software - Application,NASDAQ,1.03,0,0,0,1,1.98,10848803.862957,1094733.0,0.0271,-99.95,126100,1141406,937347,48.927
5901,RUBI,Industrials,Marine Shipping,NASDAQ,0.96,0,0,0,0,2.27,1490207.800818801,2512998.0,1.96,-99.99,492550,1209018,1193245,-0.051
5902,WOK,Healthcare,Medical Devices,NASDAQ,0.8,0,0,4,0,1.94,121818.35582882166,1295940.0,0.3796,-99.98,158460,1229604,1305559,-0.144
5903,LBGJ,Industrials,Specialty Industrial Machinery,NASDAQ,0.76,0,5,0,21,0.02,3331534.7295520306,3358402.0,0.060900003,-99.99,121945610,40942036,24654794,-0.096
5904,INLF,Industrials,Specialty Industrial Machinery,NASDAQ,0.45,0,0,2,8,5.18,52463749.3416667,13806250.0,0.0032,-81.5,9319320,4287842,2572982,-0.102
5905,ZCMD,Healthcare,Health Information Services,NASDAQ,0.37,0,0,5,3,1.28,643741.2294572592,3854738.0,0.0254,-89.49,19262280,9676799,6099515,-0.232
5906,YYAI,Technology,Software - Infrastructure,NASDAQ,0.3,0,0,3,3,0.17,12368805.898859024,1053561.0,0.061100002,-100.0,8226690,2750723,1659226,1.131
5907,EZGO,Consumer Cyclical,Recreational Vehicles,NASDAQ,0.26,0,0,5,3,0.94,3574143.3400461674,2305899.0,0.0084,-99.96,173930,801550,1051640,0.219
5908,GDC,Communication Services,Electronic Gaming & Multimedia,NASDAQ,0.14,0,0,85,82,1.57,6683568.17378439,60759711.0,0.1372,-84.17,427910,1491840,1038168,
5909,HAO,Communication Services,Advertising Agencies,NASDAQ,0.11,0,0,8,33,0.15,2333625.944022894,2222501.0,0.012999999,-99.95,3954040,9302890,6147995,0.412
