Rank,Ticker,Sector,Industry,Exchange,Relative Strength,Percentile,1M_RS_Percentile,3M_RS_Percentile,6M_RS_Percentile,Price,MarketCap,Float,ShortFloatPct,PctFrom52WkHigh,AvgVol10,AvgVol30,AvgVol50,RevenueGrowth
1,DFNS,Industrials,Aerospace & Defense,NASDAQ,2134.41,99,0,0,2,24.0,26820383.193911612,60270525.0,0.1344,38.89,34407907,26041869,25015831,
2,MGRT,Technology,Information Technology Services,NASDAQ,1543.52,99,99,99,84,101.99,1140975046.157837,13750000.0,0.0149,-40.01,12554,13231,13740,3.088
3,TRIB,Healthcare,Medical Devices,NASDAQ,1535.88,99,5,19,35,12.45,14175608.05859083,20250869.0,0.0123000005,261.92,215200,2601216,1617758,
4,MI,Consumer Cyclical,Internet Retail,NYSE ARCA,1431.2,99,99,0,81,9.17,3614915.161886215,230985.0,0.0023999999,-53.78,15945,13641,17819,0.182
5,CCG,Communication Services,Internet Content & Information,NASDAQ,1387.79,99,6,20,26,12.04,51473368.21587765,83021561.0,0.0028,681.82,47006,140562,150459,-0.156
6,ASBP,Healthcare,Biotechnology,NASDAQ,1374.46,99,98,0,0,7.24,7110834.363544464,1295234.0,0.0591,-79.31,61205,106238,475751,
7,PRPL,Consumer Cyclical,"Furnishings, Fixtures & Appliances",NASDAQ,1025.64,99,6,12,22,8.21,43639079.28356445,108825636.0,0.0374,551.59,198661,234167,265946,-0.081
8,QMMM,Communication Services,Advertising Agencies,NASDAQ,1016.03,99,99,99,99,119.4,6830437441.489952,57206343.0,0.103,-60.59,0,0,0,-0.401
9,DUKR,Industrials,Aerospace & Defense,NASDAQ,1007.34,99,99,99,89,5.34,25559827.5,3407977.0,0.02,-62.39,21041,33877,49458,
10,INHD,Basic Materials,Steel,NASDAQ,936.71,99,70,0,0,39.49,5741286.3737745285,4520698.0,0.061100002,-99.48,0,0,5608842,0.949
11,BANL,Energy,Oil & Gas Midstream,NASDAQ,931.6,99,6,40,8,4.82,10155816.370882988,27448152.0,0.0403,367.96,214018,195339,211225,-0.133
12,SNDK,Technology,Computer Hardware,S&P 500,671.62,99,99,99,99,1096.1,251009175122.4619,148089758.0,0.0963,-35.86,16766110,13586986,12727474,2.51
13,DKI,Communication Services,Electronic Gaming & Multimedia,NASDAQ,651.89,99,99,23,9,4.18,12256978.798121452,2077454.0,0.028299998,-72.13,11894,14928,78738,-0.025
14,FFAI,Consumer Cyclical,Auto Manufacturers,NASDAQ,632.61,99,5,3,19,4.63,110621106.89785177,303904146.0,0.1693,28.25,45471960,26648076,21709880,0.62
15,AXTI,Technology,Semiconductor Equipment & Materials,NASDAQ,520.69,99,99,99,99,42.76,6749055901.026855,65423184.0,0.1319,-70.13,6963172,9031287,9030984,0.391
16,BVC,Technology,Software - Application,NASDAQ,484.59,99,99,99,99,10.64,1631280006.4086914,168000000.0,0.0005,-29.08,20486,15335,25043,
17,DBGI,Consumer Cyclical,Apparel Retail,NASDAQ,438.22,99,1,1,92,14.53,11125010.011717975,22985558.0,0.054899998,-19.28,625680,1673440,6402202,-0.297
18,ERAS,Healthcare,Biotechnology,NASDAQ,436.07,99,99,99,99,18.16,3993041566.7324753,310984542.0,0.113299996,-25.21,4862093,5636041,5394584,
19,ANL,Healthcare,Biotechnology,NASDAQ,409.4,99,99,99,99,12.69,768911352.6975498,64397938.0,0.052800003,-26.43,253175,216035,184995,1.781
20,QTTB,Healthcare,Biotechnology,NASDAQ,400.28,99,99,96,94,15.71,187368388.9841795,16956415.0,0.0777,19.47,1509206,1873468,1775821,
21,FBRX,Healthcare,Biotechnology,NASDAQ,384.15,99,61,95,98,76.65,390531033.940361,20478817.0,0.0592,114.11,2547040,1422710,959502,
22,EVC,Communication Services,Advertising Agencies,NYSE,363.84,99,99,92,89,10.93,835715747.3779678,92039180.0,0.056900002,8.0,1325860,1818213,2175352,1.144
23,CLYM,Healthcare,Biotechnology,NASDAQ,347.82,99,99,99,98,12.29,627575334.2643156,57260523.0,0.051599998,-1.52,1026439,1390706,1287825,
24,AGL,Healthcare,Medical Care Facilities,NYSE,327.94,99,99,37,13,99.14,1539579751.7140503,16683786.0,0.0614,4.68,350833,337844,317626,-0.073
25,OPAD,Real Estate,Real Estate Services,NYSE,318.27,99,99,12,13,4.08,36245474.1119141,47317853.0,0.1342,-35.75,39353,54907,250180,-0.502
26,SLS,Healthcare,Biotechnology,NASDAQ,315.73,99,99,96,97,10.09,1731963342.0023746,186032574.0,0.3081,6.1,7646140,10138246,10162786,
27,SIF,Industrials,Aerospace & Defense,NYSE ARCA,307.18,99,98,98,83,26.65,126771177.4229126,6254128.0,0.0167,18.44,103630,129433,109712,0.39
28,MU,Technology,Semiconductors,S&P 500,301.5,99,99,98,98,820.53,1095029763521.0,1127734051.0,0.0313,-16.36,47057316,50331082,52333795,1.963
29,ATEX,Communication Services,Telecom Services,NASDAQ,297.74,99,99,95,65,91.37,1199279490.8949356,18732889.0,0.1478,37.83,351261,489097,482284,0.004
30,SYRE,Healthcare,Biotechnology,NASDAQ,295.61,99,99,99,92,99.96,6382832095.5,86841253.0,0.1531,26.85,973490,1607443,1389582,
31,ALMS,Healthcare,Biotechnology,NASDAQ,293.79,99,99,99,99,27.03,2753826816.6343307,127491980.0,0.1585,-11.67,975888,1564266,1407591,-0.9
32,STAK,Energy,Oil & Gas Equipment & Services,NASDAQ,287.48,99,99,73,3,2.19,18441934.62779063,19210349.0,1.2866,-44.84,18079560,6260846,5527934,0.134
33,BUUU,Industrials,Specialty Business Services,NASDAQ,282.89,99,97,97,93,24.86,320377058.9160919,16695000.0,0.0027,-4.38,71562,55467,41322,0.123
34,STTK,Healthcare,Biotechnology,NASDAQ,282.62,99,98,99,98,6.82,456249061.5243521,76680517.0,0.018,-18.13,1578970,1669940,1405632,
35,ANRO,Healthcare,Biotechnology,NYSE,280.26,99,99,99,99,27.42,704335365.0901794,35093940.0,0.054899998,-3.59,460821,656190,533532,
36,RXT,Technology,Software - Infrastructure,NASDAQ,278.93,99,99,90,3,3.81,1288480338.8441677,249222499.0,0.203,-50.2,9154790,19777393,20189144,0.019
37,MAAS,Financial Services,Asset Management,NASDAQ,276.09,99,98,94,79,17.1,5257467774.228937,442175578.0,0.0008,-18.14,129352,151410,108482,
38,LQDA,Healthcare,Drug Manufacturers - Specialty & Generic,S&P 600,274.32,99,98,92,97,86.82,5501092258.417404,88928099.0,0.1426,36.81,1467757,2077279,1989013,41.585
39,DMRA,Healthcare,Biotechnology,NASDAQ,273.53,99,98,99,99,29.42,1531443415.0625038,61553194.0,0.024500001,-23.24,474867,815372,634119,
40,ORKA,Healthcare,Biotechnology,NASDAQ,272.41,99,99,99,96,90.45,3530067197.90683,60312101.0,0.158,-0.6,954967,1529732,1413189,
41,WDC,Technology,Computer Hardware,S&P 500,267.24,99,99,99,99,463.51,183098602382.09198,344682131.0,0.097399995,-16.26,7560170,9534850,8354364,0.455
42,CHRN,Technology,Information Technology Services,NASDAQ,266.65,99,99,95,92,20.23,2627194562.4972687,143093381.0,0.84,-2.27,392143,386161,380720,
43,BAND,Technology,Software - Infrastructure,NASDAQ,265.01,99,99,97,29,52.25,2080164474.8736267,32017307.0,0.0315,-19.76,1069375,1490731,1341097,0.198
44,ANTX,Healthcare,Biotechnology,NASDAQ,262.87,99,98,99,34,4.7,155949974.38218498,36016161.0,0.0278,-31.98,128020,360733,303902,
45,RLYB,Healthcare,Biotechnology,NASDAQ,260.13,99,98,96,64,16.16,76611061.22210789,5298137.0,0.1314,1.0,37836,47892,56663,0.0
46,DFTX,Healthcare,Biotechnology,NASDAQ,258.76,99,99,95,95,41.96,2638325539.0179462,109066783.0,0.0855,59.85,1574221,3727830,3101828,
47,BBGI,Communication Services,Broadcasting,NASDAQ,257.92,99,99,99,30,20.77,26913973.610948563,1806307.0,0.0908,-21.24,25870,33443,32952,-0.129
48,PIII,Healthcare,Medical Care Facilities,NASDAQ,257.6,99,98,19,2,10.52,40508951.45497131,3325858.0,0.1117,-37.71,19173,28431,1548638,0.038
49,MBX,Healthcare,Biotechnology,NASDAQ,247.59,99,97,91,98,60.06,1497894425.2373657,47597536.0,0.1263,30.99,671296,919792,857393,
50,RLMD,Healthcare,Biotechnology,NASDAQ,246.12,99,99,99,99,5.23,756258511.8312445,104890223.0,0.0556,-34.62,1823232,2368460,1868704,
51,TXG,Healthcare,Health Information Services,NASDAQ,242.95,99,96,90,89,47.05,3593494968.388954,126956189.0,0.2591,63.03,3003920,3328640,3246566,-0.026
52,LITE,Technology,Communication Equipment,S&P 500,241.39,99,99,99,99,651.93,66515889709.47266,77800000.0,0.1302,-39.95,4298850,4791043,5322278,0.901
53,BW,Industrials,Specialty Industrial Machinery,NYSE,240.68,99,99,99,99,8.83,2746089460.5055504,148839531.0,0.0955,-59.92,3106452,4009960,3873778,0.443
54,NUAI,Technology,Software - Infrastructure,NASDAQ,239.35,99,99,98,99,4.39,483157724.62802887,101290928.0,0.073699996,-53.52,8568342,9198260,8611958,1.458
55,RTB,Technology,Software - Application,NASDAQ,235.69,99,95,13,4,18.78,25177740.7310071,5774711.0,1.98,-76.97,89775,226115,151875,
56,STX,Technology,Computer Hardware,S&P 500,235.67,99,99,99,98,747.3,199056608894.93335,226252116.0,0.0476,-17.46,5735190,5389666,4521540,0.441
57,SLGL,Healthcare,Biotechnology,NASDAQ,235.36,99,98,99,99,83.07,241447677.25523376,3268991.0,0.024300002,-15.21,50790,36026,37940,1.504
58,ALOT,Technology,Computer Hardware,NASDAQ,234.45,99,98,86,30,28.79,120162159.91962433,7692840.0,0.0018000001,80.05,136509,238333,169933,0.005
59,DELL,Technology,Computer Hardware,S&P 500,233.77,99,98,93,34,392.1,273409790059.9601,649568287.0,0.0708,-8.63,6776497,7497799,9346645,0.875
60,RVMD,Healthcare,Biotechnology,NASDAQ,233.39,99,98,97,95,183.86,33479689927.44992,212596462.0,0.055,16.27,1815269,2777396,2814195,
61,MXL,Technology,Semiconductors,S&P 600,233.37,98,99,99,67,58.94,8321505997.197258,89545959.0,0.047,-44.54,5418563,4196247,4429924,0.43
62,NVCT,Healthcare,Biotechnology,NASDAQ,232.31,98,99,59,71,19.82,258623946.75,26525533.0,0.0915,48.58,249620,484263,329242,
63,PRLD,Healthcare,Biotechnology,NASDAQ,231.96,98,98,99,92,4.64,312209609.5164547,79645307.0,0.0736,-16.25,390945,523281,437563,
64,ETON,Healthcare,Drug Manufacturers - Specialty & Generic,NASDAQ,231.68,98,94,88,30,46.66,834097321.9987106,27392358.0,0.0795,30.85,651974,506168,467922,0.404
65,RLAY,Healthcare,Biotechnology,NASDAQ,231.15,98,98,97,94,18.29,3062061706.1688194,217940332.0,0.17940001,5.6,2260345,3847848,4295823,-0.609
66,LVLU,Consumer Cyclical,Apparel Retail,NASDAQ,228.99,98,76,89,98,17.56,26954050.612926483,2864405.0,0.015700001,-45.67,42287,40832,30927,-0.103
67,FCEL,Industrials,Electrical Equipment & Parts,NASDAQ,224.54,98,99,96,80,19.66,1147500569.4762192,52977866.0,0.1035,-29.0,9588581,13471260,12763274,0.607
68,DNTH,Healthcare,Biotechnology,NASDAQ,222.45,98,97,98,95,101.61,5084506448.109673,54666233.0,0.1354,5.3,853205,1225045,1119605,-0.602
69,VSXY,Consumer Cyclical,Apparel Retail,S&P 600,221.38,98,97,93,96,89.31,,,,,1868550,1877983,2386608,
70,TNGX,Healthcare,Biotechnology,NASDAQ,219.23,98,98,99,99,26.65,3179362578.1454086,144647982.0,0.2228,-6.2,2536000,3991200,4367274,
71,PACS,Healthcare,Medical Care Facilities,NYSE,218.9,98,94,96,98,46.96,5800682821.90448,158272376.0,0.0888,9.01,847126,954368,900767,0.112
72,FTH,Healthcare,Biotechnology,NASDAQ,217.97,98,94,98,51,29.13,,,,,339829,219446,150467,
73,BDSX,Healthcare,Diagnostics & Research,NASDAQ,216.49,98,98,79,79,21.03,169006799.7196579,10355809.0,0.024300002,4.06,63668,88976,70991,0.423
74,FOCL,Healthcare,Medical Distribution,NASDAQ,214.55,98,94,84,96,6.06,,,,,55317,49595,45455,
75,NBTX,Healthcare,Biotechnology,NASDAQ,213.78,98,97,99,99,37.82,2048844828.9833908,50713979.0,0.0023,-33.81,134973,109681,90368,
76,HUT,Financial Services,Capital Markets,NASDAQ,212.19,98,99,98,97,101.14,14055123207.125977,112594112.0,0.1532,-20.14,4604828,4349116,4296221,2.255
77,TOP,Financial Services,Capital Markets,NASDAQ,212.06,98,90,16,25,2.26,35293932.37277722,37112443.0,0.031,-32.13,674950,440813,329004,0.557
78,ROMA,Industrials,Consulting Services,NASDAQ,211.87,98,96,98,85,9.85,413378126.1483121,59564571.0,0.0171,-16.31,24030,48786,46768,0.176
79,BLZE,Technology,Software - Infrastructure,NASDAQ,210.33,98,98,23,13,12.07,496921956.6543379,60014731.0,0.0295,11.16,2005755,4275965,3155855,0.117
80,BIOA,Healthcare,Drug Manufacturers - Specialty & Generic,NASDAQ,208.84,98,98,97,99,21.92,768587811.5576935,44452734.0,0.0434,-8.67,557657,689832,579639,0.91
81,DRTS,Healthcare,Biotechnology,NASDAQ,208.24,98,96,95,96,11.55,978229230.1886826,90325876.0,0.0239,-0.6,691663,771787,897080,
82,BFLY,Healthcare,Medical Devices,NYSE,207.91,98,98,94,91,7.17,1190466172.2040424,261640906.0,0.122200005,25.35,7606941,10859800,8392184,0.25
83,ALTO,Basic Materials,Specialty Chemicals,NASDAQ,207.87,98,97,99,97,4.45,422298952.27070904,77486049.0,0.0196,-25.83,2655677,2741149,2555247,-0.008
84,ARWR,Healthcare,Biotechnology,S&P 400,207.47,98,96,98,98,85.78,10974171021.943817,140857021.0,0.1278,4.28,2767523,2851724,2314302,-0.864
85,MCTA,Healthcare,Medical Care Facilities,NASDAQ,205.16,98,96,97,98,29.35,504260182.13653564,17178000.0,0.1433,-7.41,0,0,0,-0.27
86,VSAT,Technology,Communication Equipment,S&P 600,204.75,98,97,98,98,74.13,10950727921.692085,135831401.0,0.0967,-17.44,1923850,2755143,2888110,0.021
87,MANE,Healthcare,Biotechnology,NYSE,202.81,98,97,98,39,111.54,4215887458.1681213,41778687.0,0.0754,-5.24,747186,758882,638889,
88,VPG,Technology,Scientific & Technical Instruments,NYSE,202.76,98,99,92,93,91.88,1666748277.5268555,13301000.0,0.0748,-30.22,442750,541770,596708,0.176
89,DOCN,Technology,Software - Infrastructure,S&P 400,201.63,98,98,97,89,112.51,16275593708.455795,104364181.0,0.1557,-32.22,3557493,3719621,3419418,0.224
90,ENTX,Healthcare,Biotechnology,NASDAQ,200.91,98,69,13,8,3.26,66454184.52362311,49225321.0,0.0043,1.24,9073899,4975119,3011125,
91,APGE,Healthcare,Biotechnology,NASDAQ,200.39,98,96,91,89,134.17,6192483216.485977,75389375.0,0.19590001,40.76,971567,4379685,3062313,
92,EQ,Healthcare,Biotechnology,NASDAQ,199.53,98,98,98,95,2.32,183357018.42975426,63226556.0,0.052600004,-25.16,458502,818380,954228,
93,CRNX,Healthcare,Biotechnology,NASDAQ,198.5,98,36,40,82,83.86,3748399313.9555054,105440208.0,0.1463,44.61,3792557,6340842,4192199,28.734
94,VSTS,Industrials,Rental & Leasing Services,S&P 600,198.29,98,96,87,43,15.36,1706797669.518818,132105082.0,0.1001,18.61,1381350,1403270,1449998,-0.009
95,NCEW,Industrials,Integrated Freight & Logistics,NASDAQ,197.11,98,96,97,65,16.8,60576000.9765625,3200000.0,0.015800001,-19.36,3500,2263,2562,-0.156
96,VNCE,Consumer Cyclical,Apparel Manufacturing,NASDAQ,195.49,98,98,97,68,6.04,56656564.57965851,12847294.0,0.0034999999,2.37,86500,257120,204972,0.047
97,MAMK,Industrials,Conglomerates,NASDAQ,195.24,98,96,98,98,13.0,216125000.0,16625000.0,0.0291,-9.09,0,0,0,0.437
98,BTSG,Healthcare,Health Information Services,S&P 400,195.06,98,95,93,89,72.46,11960886847.819199,193918398.0,0.082600005,16.66,6133026,4270628,3926609,0.256
99,TSEM,Technology,Semiconductors,NASDAQ,193.84,98,98,98,97,202.99,30268033000.703705,118591206.0,0.0295,-32.98,1637700,1808343,1907172,0.155
100,KOD,Healthcare,Biotechnology,NASDAQ,192.4,98,98,99,98,40.29,2297254511.817726,62578441.0,0.2587,-15.78,510134,769138,749376,
101,ICHR,Technology,Semiconductor Equipment & Materials,S&P 600,192.12,98,99,98,87,68.1,2493691513.5136185,34867053.0,0.053000003,-12.69,908643,1198834,1186546,0.047
102,INTC,Technology,Semiconductors,S&P 500,191.9,98,99,98,95,86.3,576381681533.8135,5026000000.0,0.028099999,-34.99,123276525,119764598,123927675,0.072
103,BTSGU,Healthcare,Health Information Services,NASDAQ,191.11,98,95,92,89,238.29,,,0.29,16.09,29693,18744,24240,0.256
104,AEHR,Technology,Semiconductor Equipment & Materials,NASDAQ,190.75,98,99,99,93,70.0,2904078999.412628,31453254.0,0.1608,-37.5,4356740,2704333,2494298,-0.437
105,INNV,Healthcare,Medical Care Facilities,NASDAQ,189.37,98,95,94,88,11.81,1030239243.5817299,135736393.0,0.0467,10.48,291414,412451,369284,0.155
106,AIIO,Consumer Cyclical,Auto Manufacturers,NASDAQ,189.3,98,87,0,4,3.05,46886961.46595478,19783529.0,0.1725,-94.58,1202334,2418418,5308210,-0.982
107,MRVI,Healthcare,Biotechnology,NASDAQ,188.69,98,96,82,67,6.86,708029615.334568,147506164.0,0.0685,37.34,2909698,3230652,3050245,0.405
108,TVTX,Healthcare,Biotechnology,NASDAQ,187.95,98,96,93,84,55.91,4387405286.279182,92992905.0,0.19700001,15.02,1199150,1795420,1853844,0.556
109,HYMC,Basic Materials,Gold,NASDAQ,187.3,98,97,99,99,20.12,3019467793.347393,91360601.0,0.1612,-65.74,1545648,2095972,2129787,
110,CDNA,Healthcare,Diagnostics & Research,NASDAQ,187.29,98,91,78,80,35.75,1178869340.6547775,51659481.0,0.1283,53.83,1295204,1097058,955940,0.39
111,SIMO,Technology,Semiconductors,NASDAQ,186.22,98,99,98,92,221.42,9388062110.8844,33907835.0,0.0214,-24.94,855410,853803,944638,1.055
112,TWST,Healthcare,Diagnostics & Research,NASDAQ,185.62,98,97,89,82,88.55,4164082938.213272,62271314.0,0.3416,24.65,1202930,1797896,1792212,0.193
113,NWPX,Basic Materials,Steel,NASDAQ,185.05,98,97,94,85,126.25,1136781454.8570557,9637008.0,0.0382,2.51,199448,220216,191823,0.191
114,SAIH,Technology,Information Technology Services,NASDAQ,185.01,98,85,88,26,18.91,20449137.320404053,1832360.0,0.0067000003,22.71,6392,3804,3146,-0.705
115,OCC,Technology,Communication Equipment,NASDAQ,184.8,98,99,96,29,13.66,123201048.11888695,8863385.0,0.0427,-15.78,184863,349257,855746,0.044
116,LIND,Consumer Cyclical,Travel Services,NASDAQ,184.77,98,94,87,88,29.74,1505520050.0488281,65600000.0,0.1008,25.06,785181,987700,884248,0.157
117,PLSE,Healthcare,Medical Instruments & Supplies,NASDAQ,184.3,98,91,83,23,35.47,1730242800.0,69209712.0,0.1675,26.77,378228,361299,347033,
118,ELA,Consumer Cyclical,Luxury Goods,NYSE ARCA,183.93,98,97,96,93,21.39,661030075.1897278,25963476.0,0.0194,-25.99,123760,134873,123844,1.039
119,MKDW,Consumer Cyclical,Auto Parts,NASDAQ,183.86,98,93,87,5,11.42,36400492.460315704,4198442.0,0.0062,-33.33,3644,16018,16972,-0.613
120,ARTV,Healthcare,Biotechnology,NASDAQ,183.85,97,98,98,75,10.53,385304401.799283,48588198.0,0.014099999,-27.53,404457,546329,565175,
121,CUE,Healthcare,Biotechnology,NASDAQ,183.0,97,98,39,5,30.25,88600850.35668755,4045701.0,0.069,-26.97,155125,133358,117827,12.506
122,GH,Healthcare,Diagnostics & Research,NASDAQ,182.9,97,95,82,94,143.62,17196885115.740295,132599929.0,0.1017,7.2,1735915,2965268,2777505,0.483
123,MEI,Technology,Electronic Components,NYSE,182.58,97,98,67,72,14.81,408867056.9884367,35430421.0,0.0512,-4.76,527169,884279,789757,-0.026
124,PENG,Technology,Information Technology Services,S&P 600,182.58,97,98,88,26,48.13,2934433661.550522,52560157.0,0.2675,-20.93,4227600,4513723,3976374,-0.062
125,FTRE,Healthcare,Biotechnology,S&P 600,182.1,97,95,77,94,20.7,1455659027.17309,94584730.0,0.1179,10.87,1468833,1456551,1369690,-0.023
126,FRD,Basic Materials,Steel,NASDAQ,181.66,97,92,64,65,37.19,166282832.5712185,7112183.0,0.0256,50.63,75421,100910,78894,0.786
127,ASX,Technology,Semiconductors,NYSE,181.5,97,98,97,92,33.93,84137817660.4544,2193945789.0,0.0098,-17.45,8750492,11290447,11290808,0.172
128,CVGI,Consumer Cyclical,Auto Parts,NASDAQ,181.02,97,96,98,38,4.48,173452621.21198654,33680120.0,0.0149,-22.63,297784,549378,485452,0.01
129,MTC,Technology,Software - Application,NASDAQ,180.78,97,85,99,99,3.29,658275444.0064073,99587811.0,0.0085,-63.83,26749,32916,68529,-1.0
130,OTLK,Healthcare,Biotechnology,NASDAQ,180.6,97,99,3,3,0.9,108468599.70407438,148587119.0,0.0752,-73.45,18461150,14991556,25646132,
131,DK,Energy,Oil & Gas Refining & Marketing,NYSE,180.5,97,90,95,86,62.8,2727908391.5508957,61287542.0,0.1295,26.87,1214929,1247479,1178627,0.004
132,PRAX,Healthcare,Biotechnology,NASDAQ,180.11,97,99,99,99,295.81,9756734570.811707,27878774.0,0.1333,-19.29,291922,505814,499120,
133,ZNTL,Healthcare,Biotechnology,NASDAQ,179.65,97,98,97,94,4.62,284745392.0,71186348.0,0.0866,-33.53,1434140,1440303,1234258,
134,ELVN,Healthcare,Biotechnology,NASDAQ,179.61,97,95,94,82,53.76,2410008694.6332855,60904946.0,0.1331,10.78,701171,1550187,1460834,
135,CDNL,Industrials,Engineering & Construction,NASDAQ,179.57,97,98,96,49,60.25,793552930.4259033,15292984.0,0.0933,-4.64,688023,836004,704544,1.048
136,SILC,Technology,Communication Equipment,NASDAQ,179.25,97,96,96,77,38.02,229957518.24655914,5706142.0,0.0068,-27.69,159500,175040,171800,0.328
137,AAOI,Technology,Communication Equipment,NASDAQ,178.91,97,99,99,95,88.14,12711257014.32779,80242767.0,0.120699994,-62.28,8418642,10245314,11412530,0.514
138,KNSA,Healthcare,Drug Manufacturers - Specialty & Generic,NASDAQ,178.55,97,90,88,89,79.44,3722261296.258667,76938016.0,0.0836,32.69,751255,966035,791435,0.555
139,APUS,Healthcare,Drug Manufacturers - Specialty & Generic,NYSE ARCA,178.12,97,0,0,33,8.0,21278559.066277623,15091177.0,0.0339,-80.15,115805,134458,96591,
140,TRT,Technology,Semiconductor Equipment & Materials,NYSE ARCA,177.56,97,97,99,93,9.85,128531133.67576504,10112599.0,0.118599996,-53.93,538550,689730,907384,1.236
141,HPE,Technology,Communication Equipment,S&P 500,176.58,97,94,85,54,45.59,57107801205.3312,1326854089.0,0.0581,2.28,15826717,21185332,28310331,0.184
142,IRWD,Healthcare,Drug Manufacturers - Specialty & Generic,NASDAQ,176.33,97,97,98,99,3.8,587669848.4308696,164613406.0,0.115100004,-34.26,1513856,2406845,2334041,1.589
143,URGN,Healthcare,Biotechnology,NASDAQ,176.16,97,95,83,79,40.88,1370541408.2411213,48721701.0,0.1417,26.29,742620,746170,712074,1.516
144,ACRS,Healthcare,Biotechnology,NASDAQ,175.73,97,95,95,93,5.33,635469770.6387329,139663680.0,0.060100004,3.5,2063700,2093253,1700720,0.372
145,PVLA,Healthcare,Biotechnology,NASDAQ,174.87,97,97,98,98,142.84,1699053287.1087341,14342844.0,0.16950001,-5.52,242056,288842,274825,
146,AMPG,Technology,Communication Equipment,NASDAQ,174.76,97,98,15,75,4.9,111997493.51319695,25338799.0,0.0794,-13.21,2365481,3312343,5612098,0.486
147,EWTX,Healthcare,Biotechnology,NASDAQ,174.09,97,94,90,91,40.35,3675377068.54261,107593006.0,0.1361,0.98,831438,1403462,1412963,
148,WYY,Technology,Information Technology Services,NYSE ARCA,173.97,97,99,79,77,10.07,111626273.11283398,9887181.0,0.0094,-11.98,154750,473190,353180,0.211
149,ENLT,Utilities,Utilities - Renewable,NASDAQ,173.8,97,96,98,98,86.83,14965842014.455963,139320818.0,0.0041,-20.08,167634,255394,252120,0.426
150,FBIOP,Healthcare,Biotechnology,NASDAQ,173.77,97,94,92,92,18.76,,,0.0,-4.53,6966,14178,25957,0.063
151,MNPR,Healthcare,Biotechnology,NASDAQ,173.02,97,92,36,76,109.09,435706998.61317444,6699062.0,0.3431,3.9,284006,230125,198695,
152,ABSI,Healthcare,Biotechnology,NASDAQ,172.83,97,99,89,28,7.13,1052359128.0,155905056.0,0.2572,-2.86,3291297,6465042,5725663,-0.818
153,LCUT,Consumer Cyclical,"Furnishings, Fixtures & Appliances",NASDAQ,172.77,97,95,94,28,8.73,195410322.75924683,22855008.0,0.024500001,-10.92,128179,250219,225405,0.024
154,UCTT,Technology,Semiconductor Equipment & Materials,S&P 600,172.77,97,99,98,92,77.5,3835962066.9594727,44828352.0,0.0879,-16.03,1340290,1526833,1391352,0.029
155,IPSC,Healthcare,Biotechnology,NASDAQ,172.75,97,97,98,98,2.05,441869290.64998746,180354809.0,0.0682,-32.57,741266,1708238,1403619,
156,LFST,Healthcare,Medical Care Facilities,S&P 600,172.34,97,92,82,81,11.24,2943943485.2858276,381834432.0,0.0466,26.43,2889384,3783344,3381056,0.212
157,OSCR,Healthcare,Healthcare Plans,NYSE,172.13,97,95,77,28,31.4,6702189251.987457,301493000.0,0.075,22.75,4228156,5397212,6440039,0.526
158,COGT,Healthcare,Biotechnology,NASDAQ,171.89,97,96,98,99,40.67,5973545263.40567,170868004.0,0.0657,-7.0,1833717,2871579,2677595,
159,CLDT,Real Estate,REIT - Hotel & Motel,NYSE,171.86,97,93,79,52,13.67,506491254.8074722,46681220.0,0.0148,22.82,331831,399017,424852,-0.016
160,VIAV,Technology,Communication Equipment,S&P 400,171.39,97,97,99,95,35.1,11979055357.091183,246685647.0,0.0834,-41.92,4427320,7522763,7178088,0.428
161,FATN,Technology,Software - Infrastructure,NASDAQ,171.04,97,95,41,6,5.1,111634765.814991,14024468.0,0.0223,-53.21,66134,105598,316516,0.904
162,SEZL,Financial Services,Credit Services,S&P 600,170.87,97,95,65,48,156.99,3973032346.160759,33627019.0,0.2881,-15.93,607388,683382,630321,0.292
163,GLBS,Industrials,Marine Shipping,NASDAQ,170.55,97,95,92,79,2.82,43812070.412525415,21582301.0,0.013200001,15.57,108999,190963,171657,0.548
164,DWSN,Energy,Oil & Gas Equipment & Services,NASDAQ,170.49,97,98,95,86,4.4,120795550.85757256,31052840.0,0.0188,-20.58,208407,250039,197611,1.283
165,NDLS,Consumer Cyclical,Restaurants,NASDAQ,170.45,97,96,95,17,14.78,74239819.64763832,5892049.0,0.0254,5.95,78996,51028,45589,-0.0
166,APPS,Technology,Software - Application,NASDAQ,170.45,97,98,17,71,8.46,1059412143.3997755,120661979.0,0.105500005,-8.64,2440320,4212596,6763830,0.196
167,HYLN,Consumer Cyclical,Auto Parts,NYSE ARCA,170.44,97,97,53,64,3.54,1246507366.784134,178327240.0,0.093,-52.1,2794678,4106366,5471265,4.791
168,BJRI,Consumer Cyclical,Restaurants,S&P 600,169.99,97,90,56,74,68.95,988846258.1653595,21016924.0,0.100600004,43.68,525858,553942,482881,0.029
169,UMC,Technology,Semiconductors,NYSE,169.97,97,98,91,85,17.36,55655981413.09355,2509286774.0,0.0115,-26.72,16499740,17678660,17955778,0.055
170,PARR,Energy,Oil & Gas Refining & Marketing,S&P 600,169.75,97,83,97,90,79.09,2816102588.6685905,50144277.0,0.1141,12.36,967416,968078,978841,0.045
171,GLUE,Healthcare,Biotechnology,NASDAQ,169.61,97,97,96,98,22.04,1665089251.4367828,84479418.0,0.17989999,-14.47,954999,1499376,1285431,-0.95
172,RYOJ,Industrials,Consulting Services,NASDAQ,169.36,97,42,54,26,4.99,45160500.99134445,11550000.0,0.00029999999,-56.34,55321,448173,1461126,-0.343
173,AMWL,Healthcare,Health Information Services,NYSE,169.23,97,90,65,13,11.09,164244386.6152439,16708483.0,0.0166,12.82,162459,127139,120115,-0.179
174,PBF,Energy,Oil & Gas Refining & Marketing,S&P 400,169.21,97,86,92,81,61.0,4815154371.562191,118308459.0,0.1458,16.9,2957485,2960541,2747337,0.119
175,AIP,Technology,Semiconductors,NASDAQ,168.64,97,99,98,83,28.96,1659882788.1264267,46171982.0,0.0448,-24.72,603502,931724,1006656,0.387
176,BOLD,Healthcare,Biotechnology,NASDAQ,168.07,97,96,63,18,2.47,32572962.021172285,22464111.0,0.0019,47.02,168744,2485108,1521552,
177,NGL,Energy,Oil & Gas Midstream,NYSE,168.02,97,95,98,97,15.01,2134324389.5128727,124814289.0,0.0394,-20.16,108805,194255,269207,-0.133
178,STRZ,Communication Services,Entertainment,NASDAQ,167.95,97,96,91,23,25.69,392535339.60980415,16789365.0,0.044299997,4.22,173480,160093,158130,-0.072
179,FLXS,Consumer Cyclical,"Furnishings, Fixtures & Appliances",NASDAQ,167.84,96,92,88,72,77.88,234839582.4667244,4075661.0,0.0375,27.73,38969,51379,51745,0.01
180,CLMT,Basic Materials,Specialty Chemicals,NASDAQ,167.81,96,89,94,87,41.48,3091109410.4707947,87147147.0,0.073699996,12.29,1268337,1058935,959477,0.036
181,AGCC,Consumer Defensive,Beverages - Wineries & Distilleries,NASDAQ,167.02,96,91,97,90,15.11,409929129.78458405,22786500.0,0.002,-41.26,72154,52508,42492,2.741
182,BB,Technology,Software - Infrastructure,NYSE,167.02,96,98,85,22,8.09,5274552663.0,586061407.0,0.0584,-13.1,19438711,28952520,35328110,0.101
183,FSLY,Technology,Software - Application,NASDAQ,166.81,96,89,98,68,20.8,2780222404.4799805,156500000.0,0.1584,-40.26,5039483,5091487,5894324,0.198
184,MGNX,Healthcare,Biotechnology,NASDAQ,166.41,96,97,93,37,3.85,264422581.98103714,63563123.0,0.0795,-17.03,899307,1234539,1067085,0.575
185,XMTR,Industrials,Industrial Distribution,NASDAQ,166.28,96,95,78,90,82.99,5012139509.575638,52598798.0,0.090500005,-15.0,984500,856443,896786,0.359
186,MYE,Consumer Cyclical,Packaging & Containers,NYSE,166.22,96,91,81,87,33.47,856306912.9460373,37557322.0,0.028900001,38.02,379997,545882,443649,0.018
187,AMD,Technology,Semiconductors,S&P 500,166.11,96,98,95,89,454.62,841552949978.3141,1630600639.0,0.0275,-13.77,28628229,29151479,30261883,0.378
188,NESR,Energy,Oil & Gas Equipment & Services,NASDAQ,165.9,96,96,97,97,25.55,2455630697.720175,100847255.0,0.0424,-6.24,1786406,2412008,2198141,0.335
189,VICR,Technology,Electronic Components,S&P 400,165.88,96,99,99,98,192.12,15262478152.955902,45581407.0,0.0759,-46.91,1064930,959630,890480,0.202
190,MOV,Consumer Cyclical,Luxury Goods,NYSE,165.81,96,95,90,88,38.05,850858452.1071472,22227233.0,0.0435,-1.86,181570,249003,274090,0.081
191,RNG,Technology,Software - Application,S&P 600,165.39,96,72,88,26,56.93,3631916254.4022675,83858604.0,0.2201,17.21,3120823,2108371,1872352,0.053
192,IRDM,Communication Services,Telecom Services,S&P 600,165.12,96,96,94,27,45.44,5474582455.2578125,105727744.0,0.0627,-13.03,1648366,2774912,2682211,0.019
193,OVID,Healthcare,Biotechnology,NASDAQ,164.96,96,98,99,97,2.36,509527482.01987743,186640102.0,0.0623,-23.99,1585206,3091718,2465151,
194,SKK,Industrials,Engineering & Construction,NASDAQ,164.95,96,89,6,11,4.76,9733498.791475773,2448679.0,0.045700002,-73.48,18500,14806,185090,-0.046
195,DVA,Healthcare,Medical Care Facilities,S&P 500,164.79,96,89,77,37,239.46,12474996639.175415,64185000.0,0.173,18.14,568639,771323,785521,0.06
196,DHC,Real Estate,REIT - Healthcare Facilities,NASDAQ,164.74,96,94,95,94,9.23,2014329550.4348297,242106926.0,0.043,0.98,1327847,1643412,1759099,-0.053
197,PN,Technology,Solar,NASDAQ,164.24,96,3,1,6,9.12,52125093.75,13900025.0,0.008,-89.57,1504737,520879,580907,0.429
198,INSW,Energy,Oil & Gas Midstream,S&P 600,164.13,96,90,94,87,93.6,3821267605.101074,49504696.0,0.052800003,1.01,490843,600707,569228,0.785
199,TRVG,Communication Services,Internet Content & Information,NASDAQ,164.12,96,92,25,22,5.48,259472932.29406357,70701070.0,0.0008,9.6,75080,106513,95966,0.151
200,CBL,Real Estate,REIT - Retail,NYSE,164.1,96,90,89,81,60.05,1488133416.9417953,30944758.0,0.0402,22.1,298936,345175,303983,0.03
201,SPHR,Communication Services,Entertainment,S&P 600,164.06,96,96,98,96,141.3,4956504118.519211,35792203.0,0.36580002,-5.17,565290,695133,671186,0.377
202,CPIX,Healthcare,Drug Manufacturers - Specialty & Generic,NASDAQ,163.89,96,95,63,77,6.81,92146109.47890043,14983107.0,0.0519,3.03,159580,98126,106858,-0.22
203,NBIS,Communication Services,Internet Content & Information,NASDAQ,163.72,96,98,97,94,169.69,58673332721.65704,253898194.0,0.2068,-27.4,21759617,19109312,18446275,6.839
204,DDOG,Technology,Software - Application,S&P 500,163.62,96,94,48,25,250.88,88046754921.75858,355960189.0,0.0544,0.43,3370677,4290012,5042451,0.322
205,AMBQ,Technology,Semiconductors,NYSE,163.56,96,98,61,28,60.32,1702792641.9203491,21375754.0,0.048600003,-29.63,522457,691419,703915,0.593
206,BE,Industrials,Electrical Equipment & Parts,NYSE,163.27,96,99,99,99,166.84,81066502380.0,284443868.0,0.1166,-48.32,15079039,15091419,13276777,1.304
207,TLPH,Healthcare,Drug Manufacturers - Specialty & Generic,NASDAQ,163.22,96,84,81,80,1.3,42557710.98878479,51899648.0,0.0223,-17.2,237890,408403,305152,
208,AP,Industrials,Metal Fabrication,NYSE,163.18,96,96,99,97,8.23,230094717.27687836,20326389.0,0.0374,-33.09,130985,246795,206691,0.039
209,IMOS,Technology,Semiconductors,NASDAQ,162.74,96,96,95,93,49.64,2443003929.838669,34770906.0,0.0014,-30.07,138359,128526,122613,0.254
210,ENVA,Financial Services,Credit Services,S&P 600,162.64,96,93,83,86,249.04,4019159416.2631836,24884896.0,0.09770001,40.96,418825,450911,363619,0.258
211,WHLRP,Real Estate,REIT - Retail,NASDAQ,162.6,96,94,89,86,9.4,,,0.85,14.08,600,9473,7176,-0.014
212,IMMX,Healthcare,Biotechnology,NASDAQ,162.29,96,97,97,97,8.44,640709559.0,71189951.0,0.0765,-27.3,1872134,2233371,1955806,
213,DHX,Technology,Software - Application,NYSE,162.21,96,88,80,24,4.11,152490728.4740808,43198507.0,0.0075,0.24,125216,152038,173001,-0.102
214,HCHL,Consumer Cyclical,Restaurants,NASDAQ,162.04,96,90,51,3,3.96,121168266.35228968,29844401.0,0.010299999,-45.38,0,0,468532,-0.457
215,TLYS,Consumer Cyclical,Apparel Retail,NYSE,161.91,96,93,98,24,3.86,135978354.36304092,30488420.0,0.044299997,-30.32,127960,199516,310670,0.053
216,SLN,Healthcare,Biotechnology,NASDAQ,161.72,96,94,85,29,11.55,325918834.2046437,47234613.0,0.0556,37.5,568620,608953,456300,1.972
217,TER,Technology,Semiconductor Equipment & Materials,S&P 500,161.54,96,97,97,97,320.65,58595296276.03699,156542162.0,0.0452,-24.04,3432440,4772563,4352364,0.87
218,ROIV,Healthcare,Biotechnology,S&P 400,161.44,96,94,93,90,33.84,21570918681.52207,719270385.0,0.0502,3.19,4148383,5699984,6068098,-0.667
219,ENGS,Industrials,Waste Management,NASDAQ,161.33,96,94,12,1,2.82,48755327.17166519,31253416.0,0.0004,-77.4,1038994,973018,776320,-0.432
220,MRVL,Technology,Semiconductors,S&P 500,161.17,96,98,96,29,174.47,179334000000.0,874800000.0,0.0431,-20.06,24170273,39384147,45701408,0.276
221,XMAX,Consumer Cyclical,"Furnishings, Fixtures & Appliances",NASDAQ,161.14,96,96,98,99,8.43,543799899.431181,63602326.0,0.041300002,-4.53,611560,1301763,1347536,-0.324
222,TIGO,Communication Services,Telecom Services,NASDAQ,160.95,96,93,95,93,95.64,14301337762.099182,167541444.0,0.04,9.87,1310350,1568560,1848370,0.451
223,DAVE,Technology,Software - Application,S&P 600,160.92,96,93,91,62,406.45,3592537601.279358,12714247.0,0.1742,41.28,467534,562281,591390,0.467
224,CORT,Healthcare,Biotechnology,S&P 600,160.73,96,89,26,10,94.19,7459862037.732254,107351594.0,0.111999996,3.51,1178492,1105797,1063392,0.049
225,CIEN,Technology,Communication Equipment,S&P 500,160.45,96,97,99,97,350.51,82043606536.52197,141398427.0,0.0505,-42.12,2215611,2725387,2922526,0.331
226,IMVT,Healthcare,Biotechnology,NASDAQ,160.14,96,94,82,81,38.9,6836786779.461727,205308917.0,0.2244,7.21,869195,1370898,1851893,
227,GTX,Consumer Cyclical,Auto Parts,NASDAQ,160.03,96,96,94,85,29.92,6132295044.090313,187188503.0,0.0365,-12.87,2127675,2596521,2770361,0.122
228,PGEN,Healthcare,Biotechnology,NASDAQ,159.96,96,95,90,97,5.53,1547257707.5992584,356510980.0,0.2059,1.1,3495135,4721028,4842825,16.339
229,PKOH,Industrials,Specialty Industrial Machinery,NASDAQ,159.84,96,93,86,71,39.15,468804402.4128761,14398169.0,0.0107,11.83,64640,87276,80340,0.038
230,NHC,Healthcare,Medical Care Facilities,S&P 600,159.52,96,88,88,85,231.0,2880574164.619583,15619641.0,0.0502,12.65,101193,146654,133958,0.022
231,EXTR,Technology,Communication Equipment,S&P 600,159.38,96,94,85,28,29.99,3466927142.812729,130778088.0,0.0947,9.93,1627621,2066873,2069394,0.114
232,ECPG,Financial Services,Credit Services,S&P 600,159.21,96,92,94,82,95.9,1713732137.7030945,21440412.0,0.0833,3.52,373179,365053,334481,0.21
233,KLIC,Technology,Semiconductor Equipment & Materials,S&P 600,158.8,96,97,96,89,90.93,5332196805.588547,52332877.0,0.036,-17.25,870487,1232145,1069317,0.498
234,PSNL,Healthcare,Diagnostics & Research,NASDAQ,158.72,96,95,24,89,11.88,1193820477.2520714,104721098.0,0.20709999,0.25,6149774,4978664,4208154,-0.249
235,IBRX,Healthcare,Biotechnology,NASDAQ,158.65,96,97,96,97,6.97,7876101887.063309,1047353977.0,0.3418,-43.93,8513375,11806458,12803039,1.676
236,QURE,Healthcare,Biotechnology,NASDAQ,158.43,96,97,36,85,36.66,1799315390.3550053,63067485.0,0.1657,-48.73,1276477,2478239,2041553,1.273
237,EDRY,Industrials,Marine Shipping,NASDAQ,158.39,96,90,91,74,24.35,66453674.868406296,2890547.0,0.0034,-0.53,149241,77153,54970,0.389
238,PTGX,Healthcare,Biotechnology,S&P 600,158.37,95,88,88,90,136.84,6402840138.869812,64311373.0,0.1319,26.89,559683,828004,726390,0.99
239,MAGH,Industrials,Engineering & Construction,NASDAQ,158.08,95,94,94,98,6.76,225446007.63320923,33350000.0,0.0419,-2.59,0,0,0,-0.045
240,DYN,Healthcare,Biotechnology,NASDAQ,157.85,95,86,72,77,25.9,3195515664.0675583,165313796.0,0.1684,3.6,3288259,2742146,2270869,
241,AXGN,Healthcare,Medical Devices,NASDAQ,157.84,95,95,95,94,41.15,2099460467.177124,53177824.0,0.069699995,-10.21,1080820,1475376,1268042,0.266
242,ATAI,Healthcare,Biotechnology,NASDAQ,157.39,95,89,82,85,7.18,1667795110.4644423,368166674.0,0.0748,6.37,30876074,17482104,12561242,-0.387
243,MAN,Industrials,Staffing & Employment Services,S&P 600,157.39,95,60,23,34,55.4,1471027188.4294853,46507342.0,0.1593,17.03,2061449,1617403,1313875,0.103
244,AMAT,Technology,Semiconductor Equipment & Materials,S&P 500,157.31,95,97,93,91,476.46,357329379127.4225,793959430.0,0.0231,3.04,7586123,10988171,10037322,0.114
245,ANDG,Consumer Cyclical,Personal Services,NYSE,157.31,95,88,88,26,46.55,4178498134.0,112932382.0,0.2766,16.06,376278,408552,351153,0.157
246,LASR,Technology,Semiconductors,NASDAQ,157.21,95,94,99,98,63.3,4181013666.0111465,56408709.0,0.0494,-27.2,894206,1270685,1202605,0.552
247,SMX,Industrials,Specialty Business Services,NASDAQ,157.21,95,3,0,96,15.67,10484997.003040314,656455.0,0.1164,-100.0,58070,53903,75499,
248,FATE,Healthcare,Biotechnology,NASDAQ,156.89,95,96,49,34,2.32,331028078.2356448,116559186.0,0.0946,-19.44,1800368,3911509,4067947,-0.203
249,XNCR,Healthcare,Biotechnology,S&P 600,156.82,95,83,55,41,19.97,880802168.9648323,74141596.0,0.2052,6.85,1201090,1075336,922902,-0.862
250,FTNT,Technology,Software - Infrastructure,S&P 500,156.65,95,93,33,23,149.98,101083499400.61618,732648391.0,0.0324,8.59,4699881,5695863,5989080,0.201
251,CGEM,Healthcare,Biotechnology,NASDAQ,156.64,95,94,85,90,17.47,1010370309.0621376,61458046.0,0.20040001,4.36,512523,984024,1064886,
252,TRVI,Healthcare,Biotechnology,NASDAQ,156.52,95,95,89,90,18.43,2007593119.8648643,141979708.0,0.1039,14.33,2739460,2965033,2185560,
253,ZBIO,Healthcare,Biotechnology,NASDAQ,156.49,95,86,65,83,32.29,1161654112.716528,63133377.0,0.2523,-27.6,884180,1045216,866818,
254,VCYT,Healthcare,Diagnostics & Research,S&P 600,155.72,95,93,49,62,55.65,3697591274.1553917,79792647.0,0.1274,9.74,977070,1273940,1253492,0.215
255,TTRX,Healthcare,Biotechnology,NASDAQ,155.5,95,92,15,16,7.7,154897802.31838226,29788040.0,2.83,-70.94,99720,103476,89794,
256,RLJ,Real Estate,REIT - Hotel & Motel,NYSE,155.1,95,90,72,51,12.43,1478276164.4320908,151929726.0,0.13,23.07,1627831,1949903,1947096,0.036
257,NAT,Energy,Oil & Gas Midstream,NYSE,155.01,95,90,92,85,6.39,1090515934.6441169,211750663.0,0.0916,0.79,3105420,4510430,4080492,1.09
258,DINO,Energy,Oil & Gas Refining & Marketing,S&P 400,154.95,95,83,89,81,89.3,12599450181.898605,180275437.0,0.0452,19.5,3223750,2732823,2488300,0.118
259,PYXS,Healthcare,Biotechnology,NASDAQ,154.75,95,95,71,27,2.91,114039864.5789752,63355482.0,0.0387,-47.57,1022007,1330472,1007885,
260,GHRS,Healthcare,Biotechnology,NASDAQ,154.72,95,95,88,68,27.96,1645927951.1066647,68608919.0,0.078,13.38,355212,281127,278948,
261,ATLC,Financial Services,Credit Services,NASDAQ,154.62,95,93,87,34,104.82,1303473719.7945862,15117997.0,0.2321,12.46,181460,195990,166524,0.608
262,HNGE,Healthcare,Health Information Services,NYSE,154.57,95,94,64,18,75.25,4349536980.246376,77380129.0,0.078200005,21.02,1560107,2083355,1924999,0.472
263,CTRN,Consumer Cyclical,Apparel Retail,NASDAQ,154.15,95,87,86,89,67.12,384692080.5062485,8361054.0,0.14819999,18.21,137639,214706,190545,0.091
264,AMN,Healthcare,Medical Care Facilities,S&P 600,154.09,95,92,43,44,34.69,1123631899.8077316,38786052.0,0.0791,9.61,612127,900682,961191,0.999
265,JDZG,Consumer Defensive,Education & Training Services,NASDAQ,154.07,95,72,0,10,50.0,90240000.0,1880000.0,0.0046,-95.69,0,0,69525,0.662
266,AMRX,Healthcare,Drug Manufacturers - Specialty & Generic,S&P 600,154.06,95,89,79,90,18.76,4201530194.9795074,319022792.0,0.038399998,21.66,1762909,2124006,2005283,0.039
267,CNC,Healthcare,Healthcare Plans,S&P 500,153.98,95,92,83,59,63.91,29430300446.525574,493797000.0,0.035099998,5.18,5201960,5169173,4989974,0.051
268,TDAY,Communication Services,Publishing,NYSE,153.85,95,91,91,81,8.63,1148909191.702444,147107452.0,0.1273,8.15,1553010,1508050,1537550,-0.04
269,LTH,Consumer Cyclical,Leisure,S&P 600,153.78,95,87,33,56,45.63,7363698980.637787,222602738.0,0.060900003,29.15,2414381,2937623,2733808,0.117
270,KRYS,Healthcare,Biotechnology,S&P 400,153.7,95,94,80,91,364.23,9110128960.69397,29479756.0,0.17729999,14.01,854079,549146,429905,0.319
271,NNBR,Industrials,Conglomerates,NASDAQ,153.63,95,96,81,18,3.39,156737332.1498623,52773512.0,0.0585,7.28,1594022,5257904,3471484,0.121
272,HSHP,Industrials,Marine Shipping,NYSE,153.63,95,88,93,92,15.28,695388750.0,47145000.0,0.0352,-8.45,276540,315866,314626,0.527
273,CMPS,Healthcare,Medical Care Facilities,NASDAQ,153.58,95,98,92,83,10.85,1762438175.8269882,134949320.0,0.057800002,-17.18,4368823,4195464,4168334,
274,FLEX,Technology,Electronic Components,S&P 500,153.48,95,97,93,82,113.28,55242462782.701324,366377923.0,0.0184,-26.56,4998751,7921237,7045200,0.169
275,OOMA,Technology,Software - Application,NYSE,153.29,95,87,84,31,22.14,484930615.4691868,27474823.0,0.0341,0.82,361156,354728,359279,0.248
276,HUM,Healthcare,Healthcare Plans,S&P 500,153.21,95,93,48,16,388.71,36669184942.15393,120061500.0,0.056700002,23.14,1390677,1484705,1399819,0.235
277,CARE,Financial Services,Banks - Regional,NASDAQ,153.19,95,90,84,79,34.54,606660856.0459518,22222010.0,0.0505,23.98,399746,444772,381813,2.6
278,SUNE,Technology,Solar,NASDAQ,153.18,95,85,36,5,2.15,5607424.218981504,4123106.0,0.0506,-37.86,336000,4375760,9705684,-0.431
279,AVTX,Healthcare,Biotechnology,NASDAQ,153.17,95,94,83,93,19.52,838420863.3739128,52565572.0,0.1192,-19.57,892725,1682798,1587305,
280,ANAB,Healthcare,Biotechnology,NASDAQ,152.95,95,97,98,96,52.11,1620047161.054657,29100902.0,0.2377,-27.99,872185,757528,665793,-0.08
281,KELYB,Industrials,Staffing & Employment Services,NASDAQ,152.84,95,91,78,74,23.18,723892658.1044579,34669190.0,0.0033000002,-81.46,895,1341,2105,-0.107
282,ESTA,Healthcare,Medical Devices,NASDAQ,152.73,95,92,85,93,91.9,2080434340.951538,29430390.0,0.15560001,10.31,438649,690169,608731,0.447
283,PANW,Technology,Software - Infrastructure,S&P 500,152.51,95,93,36,25,319.0,228450591979.98047,811000000.0,0.0348,12.44,6169210,7064443,8109974,0.149
284,ASTC,Technology,Scientific & Technical Instruments,NASDAQ,152.47,95,97,19,13,6.41,87595907.8580246,1758954.0,0.024500001,-90.69,73393,249434,5289594,-0.358
285,MSBI,Financial Services,Banks - Regional,NASDAQ,152.42,95,89,86,86,34.1,576288396.3844185,20729799.0,0.0332,18.4,211784,205111,174272,0.143
286,NRIX,Healthcare,Biotechnology,NASDAQ,152.17,95,93,78,79,24.15,1836487262.5477123,103405813.0,0.1822,7.33,1028659,1938499,2285605,-0.661
287,CABR,Healthcare,Drug Manufacturers - Specialty & Generic,NASDAQ,152.04,95,81,82,76,1.51,10091571.790055037,9091506.0,0.0013,-8.48,59211,71097,80802,
288,BVS,Healthcare,Medical Devices,NASDAQ,151.67,95,76,82,67,13.21,576535903.9862976,67748048.0,0.034,17.43,608243,697177,710974,0.066
289,ECO,Industrials,Marine Shipping,NYSE,151.65,95,88,94,87,58.35,1843298126.8035507,39044655.0,0.0086,-0.17,419826,460368,463271,1.123
290,EDSA,Healthcare,Biotechnology,NASDAQ,151.64,95,98,99,10,4.97,64199884.354394436,8891951.0,0.062800005,-75.54,63476,94758,198115,
291,AVR,Healthcare,Medical Instruments & Supplies,NASDAQ,151.62,95,95,81,81,8.17,839089778.7200689,97342203.0,0.0615,-16.55,996531,1333537,1351940,-0.112
292,CURV,Consumer Cyclical,Apparel Retail,NYSE,151.54,95,52,52,10,2.72,159197562.3722285,99498475.0,0.16549999,-50.86,308604,302934,517050,-0.143
293,OII,Energy,Oil & Gas Equipment & Services,S&P 600,151.41,95,86,90,84,47.99,3813260823.6102486,99745249.0,0.0622,19.62,1526618,1340746,1135085,0.027
294,SMWB,Technology,Software - Application,NYSE,151.4,95,86,5,9,7.19,363542253.5042386,87600541.0,0.0049,-33.12,1039890,1068753,961184,0.109
295,VISN,Technology,Communication Equipment,NASDAQ,151.28,95,93,98,96,11.82,2815108891.6224174,225569631.0,0.0854,-42.48,5178210,5776356,5732296,0.216
296,NVEC,Technology,Semiconductors,NASDAQ,151.24,95,88,80,52,116.61,473752147.78948975,4837167.0,0.083900005,5.98,343912,286430,253602,0.053
297,ACMR,Technology,Semiconductor Equipment & Materials,S&P 600,151.2,94,98,86,96,72.02,5982117025.9956665,69109487.0,0.052199997,-23.56,993867,1519095,1651349,0.342
298,SHIP,Industrials,Marine Shipping,NASDAQ,151.18,94,87,94,88,16.07,335857069.0,21668198.0,0.014400001,-4.4,226460,212486,226014,0.186
299,KYMR,Healthcare,Biotechnology,NASDAQ,151.14,94,91,89,92,106.16,6697412664.341858,82257588.0,0.157,3.07,566684,1068908,873004,0.555
300,RRGB,Consumer Cyclical,Restaurants,NASDAQ,151.13,94,95,26,23,7.52,93608233.00144148,18499651.0,0.1441,-4.69,111393,285664,415334,-0.036
301,YARW,Healthcare,Biotechnology,NASDAQ,150.79,94,62,77,61,28.05,,,,,47214,31392,19850,
302,CERS,Healthcare,Medical Devices,NASDAQ,150.67,94,93,77,90,2.92,609121673.3165302,200368974.0,0.0952,-7.3,2058711,2613153,2555704,0.241
303,IART,Healthcare,Medical Devices,S&P 600,150.61,94,91,21,20,19.76,1247862395.345192,77796903.0,0.16309999,18.32,900096,972098,948525,0.024
304,UFI,Consumer Cyclical,Textile Manufacturing,NYSE,150.54,94,72,24,25,6.51,73791398.9117856,18587254.0,0.0087,21.91,110060,113126,88450,-0.113
305,MKSI,Technology,Scientific & Technical Instruments,S&P 400,150.47,94,97,96,96,285.31,21901859929.150635,67544129.0,0.0729,-15.84,1209231,1436853,1295324,0.152
306,ELMD,Healthcare,Medical Devices,NYSE ARCA,150.46,94,91,55,76,39.48,312324024.1875,8280064.0,0.018099999,-1.3,111115,120188,100029,0.184
307,FIRY,Communication Services,Electronic Gaming & Multimedia,NYSE,150.42,94,97,91,10,9.84,,,,,2237332,846987,697246,
308,NTAP,Technology,Software - Infrastructure,S&P 500,150.29,94,86,64,27,174.53,34519936723.16913,198060348.0,0.1402,-9.49,2125073,2878934,3438732,0.125
309,VSH,Technology,Semiconductors,S&P 600,150.17,94,99,92,81,32.72,7084308191.509495,136105827.0,0.10560001,-40.77,5355020,7071533,7770102,0.173
310,SEPN,Healthcare,Biotechnology,NASDAQ,149.99,94,94,91,95,33.97,1361281130.9899025,45075533.0,0.1047,4.11,271575,487498,424451,120.11
311,ADVB,Healthcare,Diagnostics & Research,NASDAQ,149.95,94,14,11,6,10.88,8189025.734115601,1634536.0,0.0037,-50.09,10443647,3495392,2111191,
312,RAPP,Healthcare,Biotechnology,NASDAQ,149.79,94,93,93,90,41.96,1889163695.5,47826929.0,0.0801,-0.73,311127,417985,371419,
313,NUVB,Healthcare,Biotechnology,NYSE,149.51,94,89,78,94,6.69,1664405494.4356809,348201971.0,0.2448,-31.38,6064861,8227840,6804150,25.987
314,GSAT,Communication Services,Telecom Services,NASDAQ,149.41,94,94,97,96,79.04,10845315761.600212,128788931.0,0.0651,-6.68,1044500,1336876,1321840,0.167
315,GEO,Industrials,Security & Protection Services,S&P 600,149.08,94,89,33,16,30.74,3029126508.474266,133618284.0,0.103599995,10.18,1464441,2035283,1931294,0.166
316,AGEN,Healthcare,Biotechnology,NASDAQ,148.89,94,24,69,19,6.6,145748508.5,41642431.0,0.1293,-10.08,2276829,7503679,4752757,0.402
317,KRT,Consumer Cyclical,Packaging & Containers,NASDAQ,148.85,94,79,70,44,41.68,541416401.4742298,19963731.0,0.0209,29.72,133221,141643,126454,0.129
318,JAZZ,Healthcare,Biotechnology,S&P 400,148.84,94,89,87,81,256.92,14838049846.456604,62742820.0,0.088999994,5.59,633475,793081,849207,0.191
319,ALKS,Healthcare,Drug Manufacturers - Specialty & Generic,S&P 600,148.8,94,93,61,66,50.5,7032052068.435612,166675807.0,0.1523,17.91,1607055,2324908,2184011,0.282
320,TWIN,Industrials,Specialty Industrial Machinery,NASDAQ,148.66,94,92,85,93,23.11,240572758.7614975,14422827.0,0.0062,17.49,86710,165643,134924,0.19
321,FEIM,Technology,Communication Equipment,NASDAQ,148.42,94,92,89,96,66.46,746805393.7283401,9841927.0,0.1174,-12.94,470884,311108,253786,-0.108
322,ALXO,Healthcare,Biotechnology,NASDAQ,148.41,94,95,93,95,1.99,255669539.09177005,134562917.0,0.0114,-25.19,615687,1646955,1419553,
323,OSS,Technology,Computer Hardware,NASDAQ,148.3,94,97,94,97,11.75,450300736.6189041,24769017.0,0.1534,-36.45,1131280,1254870,1318208,0.55
324,CVLG,Industrials,Trucking,NYSE,148.27,94,93,89,76,43.4,999288282.5039406,25170989.0,0.0432,8.5,197977,181529,192283,0.14
325,TORO,Energy,Oil & Gas Midstream,NASDAQ,148.13,94,95,98,94,5.09,144548952.4537182,28852085.0,0.03,-40.12,22070,30763,41182,0.077
326,VLO,Energy,Oil & Gas Refining & Marketing,S&P 500,147.99,94,86,91,82,298.88,72695085864.04065,296932782.0,0.033,13.32,2820780,3169016,3041152,0.066
327,TH,Industrials,Specialty Business Services,NASDAQ,147.96,94,96,95,29,14.78,1728803750.5421448,99585466.0,0.1058,-21.92,810660,1255146,1324300,0.041
328,CRS,Industrials,Metal Fabrication,S&P 400,147.93,94,94,90,83,560.43,23301558861.622437,49685612.0,0.034,17.81,669575,823505,751161,0.116
329,IOVA,Healthcare,Biotechnology,NASDAQ,147.87,94,91,80,36,4.7,1830659781.0182133,446502396.0,0.2556,-16.52,19200147,15814339,14615055,0.448
330,ALAB,Technology,Semiconductors,NASDAQ,147.81,94,99,90,80,260.23,58767212932.341034,171407939.0,0.0954,-26.6,4117199,5453313,5815025,0.934
331,OPTX,Technology,Electronic Components,NASDAQ,147.76,94,99,98,99,6.38,400784778.417223,40279878.0,0.0731,-47.7,453830,739906,998848,-0.079
332,LPRO,Financial Services,Credit Services,NASDAQ,147.75,94,94,49,26,3.15,269534943.57778215,118217082.0,0.0232,16.67,1853071,4487717,3208176,-0.16
333,ICCC,Healthcare,Biotechnology,NASDAQ,147.66,94,88,85,45,11.24,92639219.68935204,9046799.0,0.0014,4.56,22266,31408,31813,0.284
334,ATI,Industrials,Metal Fabrication,S&P 400,147.57,94,93,93,91,186.99,23904160493.08963,136470427.0,0.042,5.48,1435642,1629470,1686838,0.006
335,ODC,Basic Materials,Specialty Chemicals,NYSE,147.46,94,92,82,76,101.98,1110037389.6473694,14480007.0,0.0319,28.16,114960,121523,118252,0.007
336,PEB,Real Estate,REIT - Hotel & Motel,S&P 600,147.42,94,91,82,59,19.37,1728880833.75,113369235.0,0.17899999,23.14,2207626,2858742,2565801,0.079
337,TGTX,Healthcare,Biotechnology,S&P 600,147.41,94,91,37,25,54.87,5807990814.971695,153083580.0,0.26540002,22.89,1982300,2607500,2324740,0.696
338,CGON,Healthcare,Biotechnology,NASDAQ,147.22,94,92,93,90,72.62,5494132123.921776,88202473.0,0.105900005,-3.81,977455,1183755,1094081,19.827
339,TLIH,Industrials,Industrial Distribution,NASDAQ,147.09,94,72,5,8,5.75,11085439.893915653,2940435.0,0.067,-91.79,9240,8680,14432,0.399
340,ILMN,Healthcare,Diagnostics & Research,S&P 400,147.01,94,90,72,78,192.98,24655849015.808105,151300000.0,0.081099994,16.7,1496064,1879568,1876836,0.048
341,CHEF,Consumer Defensive,Food Distribution,S&P 600,146.89,94,88,76,54,100.18,3121119760.9930344,40777629.0,0.137,20.98,735774,593704,527198,0.114
342,OKTA,Technology,Software - Infrastructure,S&P 400,146.87,94,88,21,24,136.21,21425233300.090218,173807365.0,0.0558,9.15,2683132,3240364,3945958,0.112
343,LBRX,Healthcare,Biotechnology,NASDAQ,146.86,94,90,92,79,34.94,802085936.7493057,28676652.0,0.16860001,4.39,305358,346939,281425,
344,DSGN,Healthcare,Biotechnology,NASDAQ,146.83,94,95,96,95,11.87,654549058.9294662,62456974.0,0.0616,-31.19,468151,845120,1039730,
345,LXRX,Healthcare,Biotechnology,NASDAQ,146.8,94,95,88,80,2.34,968348159.8533082,444196390.0,0.111099996,-7.51,2843950,4110166,3260730,15.721
346,FROG,Technology,Software - Application,NASDAQ,146.71,94,93,47,76,76.43,9626596070.11087,121119724.0,0.041500002,-4.31,2110867,3133815,2821505,0.258
347,BRKRP,Healthcare,Medical Devices,NASDAQ,146.65,94,89,46,75,463.98,,,0.07,6.35,7015,5848,14163,0.027
348,RSI,Consumer Cyclical,Gambling,S&P 600,146.41,94,90,91,61,30.69,2608843555.5294685,102953573.0,0.0912,4.96,2425801,3106270,2609484,0.411
349,MRX,Financial Services,Capital Markets,NASDAQ,146.33,94,87,85,62,64.16,3808020159.0179825,71930870.0,0.0373,9.45,702098,899596,885757,0.551
350,PCLA,Communication Services,Telecom Services,NASDAQ,146.28,94,84,1,5,5.85,85851281.58390045,9613805.0,0.0013,-94.79,148934,498511,2077544,-0.423
351,TENX,Healthcare,Biotechnology,NASDAQ,146.07,94,84,91,95,15.8,314853634.29443645,26525159.0,0.0296,-14.04,1238220,1420300,1143808,
352,AXSM,Healthcare,Biotechnology,NASDAQ,145.62,94,92,88,90,234.2,12066285711.82016,51459766.0,0.0845,-1.83,690322,1043257,889518,0.574
353,CADL,Healthcare,Biotechnology,NASDAQ,145.53,94,95,59,51,9.68,608142997.675189,73270239.0,0.2564,4.42,1235211,1817183,1866396,
354,GRPN,Communication Services,Internet Content & Information,NASDAQ,145.37,94,86,20,19,28.1,768415898.0123138,37983980.0,0.5812,-34.77,1510319,1669509,1715783,0.0
355,BCAX,Healthcare,Biotechnology,NASDAQ,145.28,94,95,86,74,26.88,1429059085.5,65703866.0,0.2094,10.85,393349,847903,708745,
356,CYRX,Industrials,Integrated Freight & Logistics,NASDAQ,144.92,93,94,79,77,15.17,790812269.8203478,50402313.0,0.0454,-4.29,728071,738930,849948,0.165
357,ZURA,Healthcare,Biotechnology,NASDAQ,144.8,93,95,95,98,5.54,407987071.09705925,94880710.0,0.088199995,-25.54,583300,1324833,1162720,
358,BRKR,Healthcare,Medical Devices,S&P 400,144.43,93,89,29,54,62.91,8964566904.448853,152225624.0,0.17,6.66,1910460,2086666,2431436,0.027
359,STRO,Healthcare,Biotechnology,NASDAQ,144.33,93,97,98,81,23.73,484353924.384655,16570439.0,0.0722,-45.88,327960,424453,387752,-0.214
360,LGND,Healthcare,Biotechnology,S&P 600,144.31,93,94,87,85,296.28,4648724644.113022,20041061.0,0.09,19.77,291304,496381,378432,0.141
361,ARCB,Industrials,Trucking,S&P 600,144.14,93,93,92,85,149.48,3043236142.5549316,22263780.0,0.0683,8.32,333469,425933,395399,0.033
362,LILA,Communication Services,Telecom Services,NASDAQ,144.06,93,87,68,69,8.31,1623463732.585907,221290000.0,0.0219,1.12,560775,988421,868996,-0.001
363,LRCX,Technology,Semiconductor Equipment & Materials,S&P 500,143.7,93,97,95,96,269.61,397896489860.7788,1250539000.0,0.0294,-19.12,10756886,13038658,11845655,0.238
364,KFRC,Industrials,Staffing & Employment Services,NYSE,143.67,93,89,84,62,58.49,837925709.9304199,17832000.0,0.0907,23.14,323271,246357,220528,0.001
365,ADPT,Healthcare,Diagnostics & Research,NASDAQ,143.62,93,89,64,90,22.52,2424672477.7479095,160044392.0,0.070199996,8.48,2736712,3490920,2966348,0.351
366,FNKO,Consumer Cyclical,Leisure,NASDAQ,143.59,93,90,69,48,6.35,317168827.5345001,55839584.0,0.1094,4.27,650804,671034,657124,0.053
367,MPC,Energy,Oil & Gas Refining & Marketing,S&P 500,143.55,93,79,87,64,306.05,72625077936.23787,291936635.0,0.0235,15.87,2078822,2340554,2307020,0.088
368,DCO,Industrials,Aerospace & Defense,NYSE,143.49,93,93,90,89,177.66,2296323809.394989,15085559.0,0.0437,13.65,337840,330083,278790,0.086
369,TCMD,Healthcare,Medical Devices,NASDAQ,143.1,93,91,84,94,27.74,555109572.3672485,22556260.0,0.1039,-26.56,199010,248550,249002,0.228
370,UFCS,Financial Services,Insurance - Property & Casualty,S&P 600,143.02,93,89,81,80,52.76,1137337885.757843,25656166.0,0.017,5.65,169010,173970,155904,0.116
371,CXW,Industrials,Security & Protection Services,S&P 600,142.95,93,87,52,31,30.63,2084568729.2554092,98888460.0,0.0292,32.08,944112,1349060,1247216,0.258
372,ACHV,Healthcare,Biotechnology,NASDAQ,142.87,93,95,78,72,6.18,537933435.1832066,102659057.0,0.0713,0.49,1142641,2316827,1938932,
373,INM,Healthcare,Drug Manufacturers - Specialty & Generic,NASDAQ,142.8,93,87,6,7,1.67,5203079.083829522,3314063.0,0.0081,-79.07,5435173,1837014,3128224,
374,BOTJ,Financial Services,Banks - Regional,NASDAQ,142.79,93,85,86,82,27.75,104178764.65651703,4543339.0,0.0019,-6.85,28746,26455,22567,0.182
375,CIFR,Technology,Information Technology Services,NASDAQ,142.69,93,97,97,97,20.42,9674013353.010115,409049197.0,0.16350001,-20.11,27745461,25433593,24969284,-0.288
376,AAMI,Financial Services,Asset Management,S&P 600,142.6,93,88,90,87,82.5,2576332035.295166,35628988.0,0.0337,8.37,337015,562695,498129,0.393
377,KEEL,Technology,Information Technology Services,NASDAQ,142.52,93,99,93,84,3.73,3429746634.0259423,603828651.0,0.11270001,-43.48,27812954,43855698,46636516,-0.224
378,NAVN,Technology,Software - Application,NASDAQ,142.29,93,88,65,9,26.35,5397048611.480551,252552569.0,0.1504,15.82,3517445,4906238,4711179,0.348
379,FRO,Energy,Oil & Gas Midstream,NYSE,142.28,93,88,91,85,38.78,7718335188.665314,222622890.0,0.0431,-2.78,1635382,2850980,2952064,0.669
380,MTRN,Basic Materials,Other Industrial Metals & Mining,S&P 600,142.23,93,97,91,86,209.7,4577158619.741592,20801485.0,0.0277,-7.72,310281,392147,365124,0.308
381,PNTG,Healthcare,Medical Care Facilities,NASDAQ,142.07,93,74,75,67,42.02,1190788827.25,34767557.0,0.019199999,11.93,226018,318192,288669,0.36
382,RELL,Technology,Electronic Components,NASDAQ,142.06,93,93,83,61,18.76,247176528.89636993,14556922.0,0.0359,-5.54,415044,244371,290478,0.031
383,NKTR,Healthcare,Biotechnology,NASDAQ,141.97,93,84,99,95,70.77,2192037663.3638916,33786032.0,0.1427,-35.07,737696,1099502,1053589,0.038
384,SKYT,Technology,Semiconductors,NASDAQ,141.92,93,95,97,98,31.18,1917995363.4359207,49204602.0,0.0757,-20.63,674500,756716,821280,1.621
385,PAMT,Industrials,Trucking,NASDAQ,141.62,93,84,28,51,17.18,283361991.0175524,20943237.0,0.0219,16.71,21065,21221,20841,-0.087
386,NUE,Basic Materials,Steel,S&P 500,141.62,93,87,87,83,265.62,56935237500.0,227740950.0,0.0278,5.66,1376342,1694837,1585928,0.213
387,CLOV,Healthcare,Healthcare Plans,NASDAQ,141.62,93,96,40,12,4.34,2096203619.5657063,526684324.0,0.09,2.6,4107510,6097176,7446808,0.62
388,CBRL,Consumer Cyclical,Restaurants,S&P 600,141.61,93,90,25,20,53.81,755911591.0390091,22351023.0,0.4365,-25.19,943739,1085999,1338769,-0.079
389,MATX,Industrials,Marine Shipping,S&P 600,141.6,93,88,85,88,203.1,5486732937.656204,30263281.0,0.0435,6.89,328538,335176,294539,-0.031
390,BMHL,Financial Services,Capital Markets,NASDAQ,141.55,93,91,41,38,5.62,102080588.0,25520147.0,0.0018000001,25.17,2594,3631,8888,1.657
391,TYRA,Healthcare,Biotechnology,NASDAQ,141.51,93,93,96,97,30.88,1986905420.13554,59470381.0,0.2507,-24.03,462200,818680,859832,
392,AVAH,Healthcare,Medical Care Facilities,NASDAQ,141.46,93,76,54,88,9.89,1561304822.1234035,217755203.0,0.0452,-4.17,2038857,2339029,2128155,0.159
393,SAH,Consumer Cyclical,Auto & Truck Dealerships,S&P 600,141.43,93,71,78,30,104.69,2611131076.6632614,31604103.0,0.23120001,16.82,230588,262159,268417,0.01
394,PBT,Energy,Oil & Gas Midstream,NYSE,141.4,93,85,89,82,28.0,1304580189.3720932,46608796.0,0.008,-13.18,67929,96113,125975,0.162
395,NEWP,Basic Materials,Silver,NYSE ARCA,141.35,93,88,98,97,4.53,914245094.289782,185069855.0,0.0306,-28.21,572605,761715,948553,
396,TKR,Industrials,Tools & Accessories,S&P 400,141.18,93,91,84,79,139.92,8893907623.088455,69494510.0,0.032,8.79,712540,888463,1009068,0.08
397,ATRO,Industrials,Aerospace & Defense,NASDAQ,141.13,93,95,91,97,68.33,3118110885.0,35840355.0,0.0866,-24.62,468738,730899,739309,0.12
398,RCUS,Healthcare,Biotechnology,S&P 600,141.0,93,95,94,92,27.05,3187091944.2714615,125773162.0,0.1424,-5.81,1117019,1426706,1286859,-0.393
399,DGII,Technology,Communication Equipment,S&P 600,140.95,93,92,89,84,67.02,2518507008.2579803,37702199.0,0.0684,-4.0,310993,420271,387150,0.251
400,STM,Technology,Semiconductors,NYSE,140.94,93,97,96,70,50.16,61602318980.392456,888794130.0,0.0216,-29.42,14545020,12425773,12895208,0.23
401,XHR,Real Estate,REIT - Hotel & Motel,S&P 600,140.91,93,86,79,71,21.82,1602310231.3657856,92245835.0,0.082200006,22.93,535870,848703,823130,0.022
402,VIK,Consumer Cyclical,Travel Services,NYSE,140.72,93,90,84,83,104.54,41095532963.9527,446157124.0,0.0374,11.57,1993120,2481420,2825676,0.175
403,PTRN,Technology,Software - Application,NASDAQ,140.58,93,94,28,23,23.14,3321441400.324501,176766431.0,0.0399,15.12,1926872,2591834,2151516,0.432
404,MCS,Communication Services,Entertainment,NYSE,140.57,93,86,70,33,24.94,581072772.3412285,30728333.0,0.0256,24.58,219330,277750,233956,0.037
405,CON,Healthcare,Medical Care Facilities,S&P 600,140.56,93,85,56,60,32.69,3182409575.9897995,127961780.0,0.031,22.64,818237,998282,926307,0.137
406,CRWD,Technology,Software - Infrastructure,S&P 500,140.53,93,91,36,28,181.8,186066196851.0,254536521.0,0.03,-75.15,8281360,10155233,12295716,0.233
407,BHE,Technology,Electronic Components,S&P 600,140.49,93,95,95,84,76.93,3030174427.7135925,35877036.0,0.0469,-13.95,438150,546423,490886,0.072
408,ARKO,Consumer Cyclical,Specialty Retail,NASDAQ,140.43,93,90,86,83,8.03,870561220.6372738,112185721.0,0.0511,1.01,538956,821078,821791,-0.031
409,ACHC,Healthcare,Medical Care Facilities,S&P 600,140.4,93,80,86,10,32.69,2133635096.5652733,91967027.0,0.3806,8.25,2961428,3400896,2994455,0.076
410,CRSR,Technology,Computer Hardware,S&P 600,140.35,93,83,51,11,10.74,1297550078.235095,106882211.0,0.122,-18.02,1530177,1775482,2863589,-0.041
411,SITM,Technology,Semiconductors,S&P 400,140.31,93,96,97,90,491.1,18747027567.826904,26396828.0,0.0551,-45.54,424140,582236,589728,0.883
412,VAC,Consumer Cyclical,Resorts & Casinos,S&P 600,140.03,93,89,76,20,102.57,2915039177.9939575,34343064.0,0.1108,17.26,402280,425703,481860,0.0
413,QXL,Technology,Information Technology Services,NASDAQ,140.01,93,97,57,6,4.62,65214955.09939957,13336392.0,0.0007,-52.86,63905,158275,128115,-0.871
414,VMD,Healthcare,Medical Devices,NASDAQ,139.92,93,86,85,65,11.92,377234137.52973175,38336802.0,0.0124,17.09,270800,342263,289004,0.275
415,XENE,Healthcare,Biotechnology,NASDAQ,139.84,92,82,86,58,64.94,5290505507.250023,96665550.0,0.0397,1.55,776680,1592590,1505924,
416,VIP,Financial Services,Capital Markets,NASDAQ,139.78,92,82,24,24,2.1,,,,,2054600,894160,660472,
417,USEA,Industrials,Marine Shipping,NASDAQ,139.75,92,89,87,73,2.51,24703779.191334963,9538139.0,0.0793,-4.56,42240,63823,63696,0.025
418,IMUX,Healthcare,Biotechnology,NASDAQ,139.75,92,94,77,18,13.34,203778029.47961998,13621526.0,0.1161,-15.41,152342,173537,203034,
419,LITB,Consumer Cyclical,Internet Retail,NYSE,139.71,92,90,66,92,3.01,61230691.906891346,18277819.0,0.0017,-27.82,4975,6715,9959,0.105
420,RFL,Real Estate,Real Estate Services,NYSE,139.69,92,96,33,19,2.1,71256632.04801321,52012140.0,0.0025,-34.17,100026,247955,225879,1.74
421,INDV,Healthcare,Drug Manufacturers - Specialty & Generic,S&P 600,139.6,92,92,92,95,40.99,4257729205.809765,118204585.0,0.138,-0.02,1540333,1775387,1749270,0.192
422,VTRS,Healthcare,Drug Manufacturers - Specialty & Generic,S&P 500,139.57,92,87,86,85,17.86,18935626420.58495,1164552654.0,0.0328,1.88,9263380,9936656,9833868,0.081
423,PAYS,Technology,Software - Infrastructure,NASDAQ,139.54,92,84,90,40,9.12,406434968.643682,55905773.0,0.0336,2.7,519223,564084,586376,0.508
424,LILAK,Communication Services,Telecom Services,NASDAQ,139.53,92,85,70,69,8.18,1649616267.709732,221290000.0,0.0304,-1.45,1268550,2044419,1733870,-0.001
425,COCO,Consumer Defensive,Beverages - Non-Alcoholic,S&P 600,139.43,92,91,89,89,69.58,4290872711.725441,57112643.0,0.1041,-12.7,1371834,1287874,1153138,0.373
426,ASYS,Technology,Semiconductor Equipment & Materials,NASDAQ,139.39,92,96,97,98,14.68,308395608.39715576,14499088.0,0.0374,-38.83,354977,474829,456695,0.314
427,WKC,Energy,Oil & Gas Refining & Marketing,S&P 600,139.22,92,82,51,51,40.05,1479550515.8832302,51355451.0,0.1792,34.17,1836620,1405043,1144128,0.025
428,ADAG,Healthcare,Biotechnology,NASDAQ,139.21,92,92,93,91,3.73,262308200.07035208,66072594.0,0.0145000005,-21.47,179079,301953,255049,73.328
429,LPG,Energy,Oil & Gas Midstream,S&P 600,139.09,92,77,87,71,44.47,1720719482.0449524,42782681.0,0.0591,-7.59,625925,763055,759515,1.052
430,DAO,Consumer Defensive,Education & Training Services,NYSE,139.07,92,75,73,56,15.98,1441583817.4407701,120634631.0,0.0313,21.98,38383,73234,87652,0.038
431,GRC,Industrials,Specialty Industrial Machinery,NYSE,139.02,92,93,92,84,82.43,1979447632.2523346,26410243.0,0.0209,3.63,200705,221828,182499,0.077
432,BWAY,Healthcare,Medical Devices,NASDAQ,138.98,92,90,96,94,15.49,636991993.6529856,40087601.0,0.0043,-10.73,173368,116742,120993,0.346
433,RDVT,Technology,Software - Application,NASDAQ,138.98,92,85,24,27,66.46,801951071.7928505,14108921.0,0.0587,3.63,152262,173454,180716,0.174
434,CCSI,Technology,Software - Infrastructure,NASDAQ,138.87,92,88,72,26,37.13,631969554.4269562,18397950.0,0.0678,-0.46,129520,150530,158682,0.015
435,CSCO,Technology,Communication Equipment,S&P 500,138.87,92,89,81,76,115.58,474627555142.31757,3941434665.0,0.015,-4.82,20153404,23708861,24716212,0.12
436,CYCN,Healthcare,Biotechnology,NASDAQ,138.78,92,94,93,7,3.5,13640489.512970924,4330314.0,0.0074,-58.73,20512,24934,28088,
437,PODC,Communication Services,Internet Content & Information,NASDAQ,138.58,92,96,89,85,3.8,135790543.73287392,27487964.0,0.0155,-26.92,58968,92939,121817,0.248
438,RILYP,Financial Services,Financial Conglomerates,NASDAQ,138.46,92,97,97,96,12.45,,,0.68,-28.73,9854,15381,14784,1.134
439,PGNY,Healthcare,Healthcare Plans,S&P 600,138.29,92,85,23,59,30.76,2002175335.3660011,78332370.0,0.096999995,6.99,1025207,1276075,1368883,0.014
440,ARM,Technology,Semiconductors,NASDAQ,138.25,92,97,92,16,244.74,375919583513.3468,1064053821.0,0.1329,-31.34,5416675,8045975,10006587,0.201
441,CVS,Healthcare,Healthcare Plans,S&P 500,138.22,92,85,72,67,109.34,116083870674.06323,1275927307.0,0.0154,11.08,7561727,7815742,7939853,0.061
442,STLD,Basic Materials,Steel,S&P 500,138.14,92,87,87,84,259.74,37516954096.94504,144212781.0,0.0323,-1.27,1275240,1375470,1256208,0.191
443,MSGS,Communication Services,Entertainment,S&P 600,138.04,92,88,86,83,398.09,9011446294.758453,24076107.0,0.0625,5.81,171414,249461,248302,0.019
444,BWEN,Industrials,Specialty Industrial Machinery,NASDAQ,138.04,92,96,64,90,3.97,82148446.93680096,23404116.0,0.025799999,-18.98,490317,490352,565789,-0.075
445,CIB,Financial Services,Banks - Regional,NYSE,137.88,92,82,76,93,89.07,18420536961.403503,268560110.0,0.0107,3.2,287570,334766,384862,0.108
446,FTK,Energy,Oil & Gas Equipment & Services,NYSE,137.83,92,83,82,91,23.66,721740813.4512291,36177483.0,0.1505,6.38,360033,312987,323402,0.265
447,LSCC,Technology,Semiconductors,S&P 400,137.78,92,95,94,82,120.06,20151115858.42888,137007857.0,0.077,-21.05,1856553,1925664,2029454,0.422
448,MITK,Technology,Software - Application,NASDAQ,137.72,92,92,87,52,16.78,775829073.9613876,45158851.0,0.083100006,-4.77,719827,972999,1028213,0.056
449,AMLX,Healthcare,Drug Manufacturers - Specialty & Generic,NASDAQ,137.7,92,92,92,96,19.55,1595523691.364214,111186317.0,0.1689,5.08,1682420,1764846,1548684,
450,UMAC,Technology,Computer Hardware,NYSE ARCA,137.68,92,92,85,90,19.92,1518890905.7574825,47793923.0,0.14060001,-38.44,3362810,4169326,6367828,2.964
451,ABX,Financial Services,Insurance - Life,NYSE,137.6,92,90,86,73,10.59,861382811.7502251,95922367.0,0.2229,0.52,601934,706928,616814,0.346
452,RHLD,Industrials,Specialty Business Services,NYSE,137.57,92,91,97,99,133.11,982470476.8796844,8257442.0,0.1089,-43.64,132338,158429,172157,2.925
453,KELYA,Industrials,Staffing & Employment Services,NASDAQ,137.49,92,78,27,29,16.15,402855983.8324261,34669190.0,0.0403,8.1,368894,418111,453242,-0.107
454,AMTB,Financial Services,Banks - Regional,NYSE,137.43,92,74,74,72,30.58,894141915.0571766,39354839.0,0.0397,25.43,558704,425728,340754,0.033
455,NVRI,Industrials,Waste Management,NYSE,137.39,92,88,92,95,22.16,1716141241.5,82705602.0,0.1518,3.45,371852,417577,1072792,0.003
456,CVU,Industrials,Aerospace & Defense,NYSE ARCA,137.26,92,89,61,78,5.0,69086569.12195444,13209669.0,0.0069999998,-7.41,90950,73816,104820,0.127
457,SMTC,Technology,Semiconductors,S&P 400,137.11,92,96,94,91,111.3,14209278541.31543,93151168.0,0.068,-35.43,2207990,3770073,3799604,0.159
458,HLP,Basic Materials,Steel,NASDAQ,137.05,92,8,23,27,1.28,45814851.93245113,74738750.0,0.0041,-25.58,141141,3163547,2058438,0.402
459,MAMA,Consumer Defensive,Packaged Foods,NASDAQ,137.05,92,92,84,93,17.84,561756607.7642441,40707000.0,0.0732,-0.06,481943,756494,652926,0.607
460,ARW,Technology,Electronics & Computer Distribution,S&P 400,136.97,92,91,89,69,211.39,10974879079.65747,51133946.0,0.030199999,-5.98,458836,572365,618817,0.39
461,WEST,Consumer Defensive,Packaged Foods,NASDAQ,136.97,92,93,62,27,8.23,783390408.8092136,97557962.0,0.1571,-8.31,424020,702026,695354,0.444
462,ALM,Basic Materials,Other Industrial Metals & Mining,NASDAQ,136.94,92,93,99,99,12.23,5578364708.04443,283741849.0,0.94,-49.9,5487504,5870861,5571220,2.212
463,BLLN,Healthcare,Diagnostics & Research,NASDAQ,136.68,92,83,19,19,133.64,4553092862.903046,45995484.0,0.0588,-3.65,592730,703566,722652,0.838
464,ATEN,Technology,Software - Infrastructure,S&P 600,136.64,92,93,88,35,31.32,2170024950.5558014,71998175.0,0.1373,2.96,1147508,1276049,1194945,0.134
465,BFH,Financial Services,Credit Services,S&P 600,136.64,92,90,83,78,107.78,3599057267.2187424,40407065.0,0.0,8.73,699993,744444,729112,0.061
466,PGC,Financial Services,Banks - Regional,NASDAQ,136.59,92,88,87,75,47.72,766319848.5,17718378.0,0.0335,7.72,243059,241656,191199,0.255
467,GKOS,Healthcare,Medical Devices,S&P 600,136.57,92,84,87,73,151.33,6070149612.229164,58733911.0,0.0682,2.17,571074,777584,1007520,0.412
468,LINC,Consumer Defensive,Education & Training Services,NASDAQ,136.57,92,91,94,86,42.06,1469304111.279602,31720728.0,0.0767,-21.38,749973,575127,553356,0.225
469,NRXS,Healthcare,Biotechnology,NYSE ARCA,136.57,92,93,97,92,6.53,91768439.16028976,12384405.0,0.0417,-30.01,66503,77214,96136,0.795
470,COHU,Technology,Semiconductor Equipment & Materials,S&P 600,136.56,92,98,96,86,42.47,2488499554.25,47175347.0,0.16430001,-23.06,766563,1247087,1408830,0.293
471,DRH,Real Estate,REIT - Hotel & Motel,S&P 600,136.55,92,85,78,70,13.07,2247351548.285818,204490591.0,0.093100004,15.97,2520095,2486808,2279371,0.013
472,ULCC,Industrials,Airlines,NASDAQ,136.52,92,94,30,80,6.23,1390225520.5788374,229789335.0,0.39880002,-6.46,4001490,4182560,4340774,0.088
473,CAKE,Consumer Cyclical,Restaurants,S&P 600,136.4,92,85,66,66,89.01,3281221418.0083084,49685363.0,0.3434,27.7,1559158,1450822,1330083,0.056
474,NRC,Healthcare,Health Information Services,NASDAQ,136.37,91,80,66,79,22.34,440141688.35472107,22536696.0,0.1617,-1.97,67900,98546,123012,0.037
475,DLTH,Consumer Cyclical,Apparel Retail,NASDAQ,136.36,91,93,86,39,4.3,127731134.663764,38128698.0,0.0228,-7.73,56966,123475,150677,-0.105
476,ILPT,Real Estate,REIT - Industrial,NASDAQ,136.21,91,92,92,75,9.05,597989292.6716013,66665471.0,0.0101,-1.09,453740,530776,579288,0.04
477,EC,Energy,Oil & Gas Integrated,NYSE,136.2,91,83,88,85,15.83,30035744772.535156,2055834735.0,0.0477,1.34,2212997,2940102,3005075,-0.087
478,APLM,Healthcare,Biotechnology,NASDAQ,136.19,91,89,80,96,18.22,31074134.962272644,2196052.0,0.0029,-56.74,19684,26904,20554,
479,RDNW,Consumer Cyclical,Auto & Truck Dealerships,NASDAQ,136.17,91,91,96,94,6.5,311398498.5441284,38587176.0,0.0698,-23.44,56106,141218,124173,0.064
480,CYTK,Healthcare,Biotechnology,S&P 400,136.13,91,91,76,84,79.45,10421751008.717278,135770593.0,0.1875,-0.94,1500631,2258007,2056186,11.258
481,MEC,Industrials,Metal Fabrication,NYSE,136.1,91,96,83,72,27.81,684514070.8251915,25494006.0,0.0537,-1.19,580995,548215,624559,0.068
482,PRG,Industrials,Rental & Leasing Services,S&P 600,136.04,91,88,72,55,45.08,1473210806.6205597,40065564.0,0.1205,9.58,386160,577820,515104,0.111
483,FOSL,Consumer Cyclical,Footwear & Accessories,NASDAQ,135.97,91,88,97,96,4.44,258865006.00364113,59101598.0,0.059699997,-22.78,680371,942427,870086,-0.036
484,VVX,Industrials,Aerospace & Defense,S&P 600,135.94,91,72,72,73,90.06,2602840448.9231873,31310484.0,0.0355,7.96,943580,727586,650576,0.234
485,TWLO,Technology,Software - Infrastructure,S&P 400,135.91,91,90,79,25,194.33,28934168577.764587,151773860.0,0.0519,-4.6,1607810,1912676,2312994,0.2
486,WNC,Industrials,Farm & Heavy Construction Machinery,NYSE,135.86,91,87,41,74,13.31,322544551.3278508,40673967.0,0.0845,2.86,2113370,1375586,1123578,-0.204
487,KOP,Basic Materials,Specialty Chemicals,S&P 600,135.78,91,84,85,55,50.2,784658486.1272812,19231826.0,0.057600003,8.19,158579,172843,172043,-0.003
488,AIR,Industrials,Aerospace & Defense,S&P 600,135.78,91,89,83,88,140.8,4478251971.375824,39764268.0,0.0298,10.68,598267,542655,469185,0.246
489,FSTR,Industrials,Railroads,NASDAQ,135.78,91,91,73,77,42.02,430270088.8165283,10458680.0,0.0136,-2.42,73408,90566,94787,0.239
490,UNF,Industrials,Specialty Business Services,S&P 600,135.76,91,77,84,68,300.5,4799830307.925873,18083905.0,0.0587,5.9,178430,174420,209586,0.034
491,CCXIU,Financial Services,Shell Companies,NASDAQ,135.68,91,90,42,42,15.14,,,0.12,34.46,31999,70116,42973,
492,NEXA,Basic Materials,Other Industrial Metals & Mining,NYSE,135.66,91,92,96,97,12.36,2005120616.0091887,132438611.0,0.007900001,-26.82,500965,682225,786341,0.417
493,NEO,Healthcare,Diagnostics & Research,S&P 600,135.65,91,92,68,86,13.4,1369827985.2062225,130211780.0,0.078,-2.47,3157650,3612520,2742306,0.111
494,WLY,Communication Services,Publishing,S&P 600,135.58,91,75,69,18,54.3,2159671765.6552124,51322996.0,0.12189999,18.97,440239,653830,533883,0.013
495,RILYL,Financial Services,Financial Conglomerates,NASDAQ,135.47,91,97,97,97,12.74,,,0.89,-29.54,5674,6854,8512,1.134
496,EFXT,Energy,Oil & Gas Equipment & Services,NYSE,135.41,91,94,97,95,21.67,3041908502.9929695,122066954.0,1.27,-25.66,432088,416616,475361,0.058
497,WULF,Financial Services,Capital Markets,NASDAQ,135.3,91,98,98,97,17.09,12665814141.557016,495532645.0,0.262,-37.31,31480680,34696790,31537992,-0.011
498,FA,Industrials,Specialty Business Services,S&P 600,135.27,91,79,29,25,20.88,2744592752.0,171537047.0,0.16790001,9.84,2112340,2319966,1723180,0.086
499,SNOW,Technology,Software - Application,NYSE,135.14,91,79,14,22,270.36,88574375985.99815,346602915.0,0.057600003,-3.67,3954610,5624993,7996396,0.335
500,MT,Basic Materials,Steel,NYSE,135.12,91,86,86,93,67.3,52781297701.559845,760427819.0,0.0084,-4.19,1532194,1678854,1986476,0.045
501,LIVN,Healthcare,Medical Devices,S&P 400,135.06,91,86,73,86,82.09,4054095272.0438538,54933538.0,0.07,8.28,541667,688729,697809,0.143
502,RAL,Technology,Electronic Components,S&P 600,135.01,91,90,33,71,67.74,6925303747.202499,111933148.0,0.105100006,7.61,1460513,1601211,1570162,0.11
503,PRSU,Consumer Cyclical,Travel Services,S&P 600,134.88,91,89,79,50,53.98,1223048809.8054123,27318490.0,0.0696,17.99,245676,315958,283095,0.374
504,BBCP,Industrials,Engineering & Construction,NASDAQ,134.85,91,92,79,27,10.17,394992165.590703,50510506.0,0.042600002,25.09,154169,259583,365495,0.048
505,MRNA,Healthcare,Biotechnology,S&P 500,134.77,91,95,85,88,55.81,18724343017.306995,396786259.0,0.17899999,-6.28,4639273,8472911,7209660,2.602
506,CLBK,Financial Services,Banks - Regional,NASDAQ,134.75,91,78,79,68,10.99,2094475463.649889,104047469.0,0.0987,-46.88,16068963,6055180,3978961,0.185
507,GCTS,Technology,Semiconductors,NYSE,134.65,91,95,58,21,1.88,279984055.7420969,83081325.0,0.0714,-52.16,1649376,2534928,6432879,2.871
508,CMTV,Financial Services,Banks - Regional,NASDAQ,134.63,91,88,92,89,40.67,201788321.6231575,5591253.0,0.0162,-5.24,28227,50499,38287,0.151
509,CCCC,Healthcare,Biotechnology,NASDAQ,134.59,91,95,85,28,3.55,483178747.4865856,110567222.0,0.1935,-22.4,2985936,3723015,3184383,-0.15
510,ZGN,Consumer Cyclical,Apparel Manufacturing,NYSE,134.59,91,81,84,53,14.97,3943134269.8371983,268240430.0,0.0531,-0.07,1339170,1347683,1314642,0.003
511,TEN,Energy,Oil & Gas Midstream,NYSE,134.48,91,83,93,82,39.24,1132195375.9052887,30127603.0,0.0146,-14.42,219480,274220,294986,0.284
512,ALGT,Industrials,Airlines,S&P 600,134.42,91,90,73,88,101.58,2462012170.4831543,26874928.0,0.0717,-13.92,429422,593120,604360,0.048
513,FIX,Industrials,Engineering & Construction,S&P 500,134.38,91,96,97,94,1626.32,64323678934.69629,35183967.0,0.0295,-21.58,598240,549990,513462,0.01
514,MIRM,Healthcare,Biotechnology,NASDAQ,134.27,91,91,86,94,112.23,6189594540.5,60981227.0,0.17629999,-2.4,538716,929905,862951,0.433
515,OPHC,Financial Services,Banks - Regional,NYSE ARCA,134.25,91,75,75,62,7.05,67475996.5,12268363.0,0.00090000004,25.0,79405,52011,39413,0.312
516,BWLP,Energy,Oil & Gas Midstream,NYSE,134.22,91,77,89,77,21.45,2975566296.3126755,151814604.0,0.0041,-6.42,301207,397745,471543,-0.132
517,HST,Real Estate,REIT - Hotel & Motel,S&P 500,134.21,91,85,81,74,25.47,15738525563.867146,684879281.0,0.0732,8.2,9016042,9820207,9459746,0.028
518,MD,Healthcare,Medical Care Facilities,S&P 600,134.15,91,81,83,81,26.86,1768906038.124855,82121911.0,0.059899997,7.48,709073,814127,780702,0.039
519,UGP,Energy,Oil & Gas Refining & Marketing,NYSE,134.12,91,69,87,87,6.31,5593497862.675603,1079825878.0,0.005,1.77,5741300,3944906,3920020,0.103
520,MPTI,Technology,Electronic Components,NYSE ARCA,134.03,91,93,72,74,82.24,393251313.0,4321443.0,0.0424,-9.91,324960,247223,184308,0.153
521,SLNHP,Financial Services,Capital Markets,NASDAQ,133.96,91,94,79,91,10.5,,,0.41,-16.0,14570,15736,13486,0.583
522,MSGE,Communication Services,Entertainment,NYSE,133.9,91,90,87,89,77.19,3336438096.274353,47305234.0,0.0484,7.54,362713,524811,483386,0.016
523,QMCO,Technology,Computer Hardware,NASDAQ,133.84,91,93,24,11,11.28,142135262.1483965,14638029.0,0.1058,-26.42,813383,1010151,1178724,0.086
524,THC,Healthcare,Medical Care Facilities,S&P 400,133.78,91,35,44,65,262.63,15101539470.88623,86137000.0,0.0337,6.24,1705090,1445856,1462034,0.028
525,MRDN,Communication Services,Electronic Gaming & Multimedia,NASDAQ,133.74,91,83,22,9,14.1,147147611.15795422,12652417.0,0.056399997,-40.66,73841,75023,63510,0.173
526,BNAI,Technology,Software - Infrastructure,NASDAQ,133.59,91,99,99,99,12.3,96574076.07299423,6507687.0,0.1104,-85.74,191687,278729,530187,9.431
527,ACU,Consumer Defensive,Household & Personal Products,NYSE ARCA,133.56,91,64,48,64,59.55,160797152.7070732,3810359.0,0.0287,25.87,26868,21296,20611,0.138
528,CALY,Consumer Cyclical,Leisure,S&P 600,133.46,91,92,88,92,18.25,2768266401.6279316,179757563.0,0.047,1.39,1844015,2173821,2361983,0.092
529,OUT,Real Estate,REIT - Specialty,S&P 600,133.35,91,89,91,88,32.48,5676287857.916756,176063510.0,0.0454,-7.09,1309309,1805106,1799021,0.1
530,CMBT,Energy,Oil & Gas Midstream,NYSE,133.34,91,83,81,80,15.4,4488926403.913688,290169769.0,0.0113,-13.09,662535,1039675,1387143,1.211
531,AMAL,Financial Services,Banks - Regional,NASDAQ,133.19,91,84,80,85,49.89,1238897539.8878136,29867347.0,0.0555,13.36,179202,180994,156394,0.047
532,PRM,Basic Materials,Specialty Chemicals,NYSE,133.14,91,89,92,92,34.91,5265741394.510284,163127063.0,0.0275,0.06,1303655,1732935,1571333,0.736
533,HG,Financial Services,Insurance - Reinsurance,NYSE,133.13,90,81,87,81,37.28,2938970190.971054,99255999.0,0.020299999,10.57,390207,506205,488901,-0.022
534,PBYI,Healthcare,Biotechnology,NASDAQ,133.1,90,90,92,94,7.97,364949103.4033203,50899456.0,0.0967,0.89,312823,368681,300774,-0.026
535,ZONE,Industrials,Pollution & Treatment Controls,NYSE ARCA,133.06,90,91,5,2,0.7,6364752.0948421955,7955940.0,1.52,-91.05,1569060,2317400,2518574,-0.025
536,PSX,Energy,Oil & Gas Refining & Marketing,S&P 500,133.03,90,70,85,73,205.85,70516453275.29053,400935020.0,0.0247,8.0,2390824,2840718,2552150,0.069
537,JBIO,Healthcare,Biotechnology,NASDAQ,132.95,90,94,97,87,19.7,1038531815.1903152,49359875.0,0.090100005,-29.64,832012,1218527,1180868,
538,ALNT,Technology,Electronic Components,NASDAQ,132.82,90,95,94,94,83.26,1345443952.163086,16996512.0,0.056999996,3.57,263357,303422,284543,0.046
539,CTOS,Industrials,Rental & Leasing Services,NYSE,132.78,90,94,93,75,10.35,2178806407.828253,227432821.0,0.0342,1.27,772328,1035069,954553,0.093
540,TALK,Healthcare,Health Information Services,NASDAQ,132.73,90,85,91,82,5.21,871065311.2495136,167512566.0,0.0394,0.19,1151960,2252153,1995480,0.182
541,LNTH,Healthcare,Drug Manufacturers - Specialty & Generic,S&P 400,132.73,90,90,73,30,102.64,6465034141.287994,65106082.0,0.13159999,-1.2,825966,946492,986141,0.012
542,VCTR,Financial Services,Asset Management,S&P 600,132.72,90,77,74,60,100.47,5287005203.129791,62531106.0,0.072399996,13.23,482650,491053,504788,0.767
543,PKE,Industrials,Aerospace & Defense,NYSE,132.7,90,93,93,88,34.36,635035198.9823952,19925798.0,0.0591,-10.05,357671,405210,366192,0.428
544,KZIA,Healthcare,Biotechnology,NASDAQ,132.7,90,94,97,33,12.69,146035766.16868877,11426899.0,0.0318,-27.07,186036,175362,191003,3.124
545,PLXS,Technology,Electronic Components,S&P 600,132.69,90,92,91,88,250.08,7180352747.620239,26756421.0,0.0557,-9.34,264700,313546,302854,0.187
546,FNRN,Financial Services,Banks - Regional,NASDAQ,132.52,90,83,86,75,18.8,282200515.7175522,16407006.0,0.0011,4.5,150207,303525,220903,0.127
547,RPRX,Healthcare,Biotechnology,NASDAQ,132.51,90,85,82,74,59.97,24716963295.019135,443274104.0,0.029000001,6.96,2728670,3222713,3655868,0.11
548,LPTH,Technology,Electronic Components,NASDAQ,132.5,90,96,98,98,10.37,1066164102.1172905,62789407.0,0.0706,-45.25,2965966,3145862,3768921,1.202
549,CMPR,Industrials,Specialty Business Services,NASDAQ,132.47,90,88,86,82,100.12,2388314731.239624,24232090.0,0.1313,-5.66,122069,222116,217731,0.123
550,LOCO,Consumer Cyclical,Restaurants,NASDAQ,132.42,90,84,83,39,16.31,452870277.77466774,30455298.0,0.0709,2.58,175027,275905,303151,0.059
551,GCBC,Financial Services,Banks - Regional,NASDAQ,132.39,90,86,54,50,33.84,446748722.50317574,17025485.0,0.0075,26.32,36772,62820,45350,0.234
552,AVT,Technology,Electronics & Computer Distribution,S&P 400,132.34,90,90,89,78,86.22,7130353386.361763,82024081.0,0.090299994,-4.41,966624,1191761,1281282,0.339
553,CROX,Consumer Cyclical,Footwear & Accessories,S&P 400,132.33,90,85,66,32,135.94,5896670437.175537,49689648.0,0.1353,12.11,846035,1039065,1143369,-0.017
554,SB,Industrials,Marine Shipping,NYSE,132.33,90,78,88,87,7.47,636416125.0,101826580.0,0.0481,1.22,914606,1009218,875727,0.015
555,INCY,Healthcare,Biotechnology,S&P 500,132.23,90,80,67,75,129.93,19326925247.919273,199782155.0,0.0952,15.71,2005549,1999196,1898171,0.209
556,STRL,Industrials,Engineering & Construction,S&P 400,132.18,90,97,94,91,538.09,26415697465.44568,30685954.0,0.066,-39.75,827610,877023,797262,0.916
557,EZPW,Financial Services,Credit Services,S&P 600,132.09,90,91,94,86,30.04,1922383938.6355324,61535978.0,0.23290001,-19.1,801471,1073460,970098,0.459
558,RHP,Real Estate,REIT - Hotel & Motel,S&P 600,132.05,90,85,70,50,135.99,7265770312.0252075,63109272.0,0.0387,16.05,490049,640216,609443,0.132
559,AYA,Basic Materials,Silver,NASDAQ,132.04,90,88,91,94,19.4,3010344729.0,143349749.0,27.3,-11.82,546114,580361,522190,2.466
560,USIO,Technology,Software - Infrastructure,NASDAQ,132.01,90,91,19,26,1.95,44429550.73476386,27595994.0,0.0032,-3.47,170740,168236,143202,0.157
561,FSEA,Financial Services,Banks - Regional,NASDAQ,131.99,90,82,38,67,17.0,78444786.05848312,4691674.0,0.0021,1.19,10914,13521,17990,0.114
562,SAFT,Financial Services,Insurance - Property & Casualty,S&P 600,131.99,90,44,51,62,103.03,1030336536.8938293,14683434.0,0.0212,25.19,491947,257945,196429,0.044
563,BZH,Consumer Cyclical,Residential Construction,NYSE,131.96,90,83,39,49,33.4,694005800.0667572,27333825.0,0.103999995,17.9,316075,421885,467887,-0.275
564,TBI,Industrials,Staffing & Employment Services,NYSE,131.93,90,86,50,51,7.73,188809406.26982403,30404091.0,0.05,-0.64,227150,325646,315324,0.076
565,WTTR,Energy,Oil & Gas Equipment & Services,NYSE,131.88,90,91,90,68,18.0,2229666379.379814,124353951.0,0.0344,-12.11,1831750,1948643,1820770,-0.023
566,GPCR,Healthcare,Biotechnology,NASDAQ,131.86,90,87,76,98,47.89,2796071470.2851105,71074516.0,0.109,-49.54,586925,766368,753495,
567,REPL,Healthcare,Biotechnology,NASDAQ,131.85,90,90,3,21,5.35,717556024.4611502,82572619.0,0.5135,-59.59,5829518,4064176,5222809,
568,IMAX,Communication Services,Entertainment,NYSE,131.76,90,67,78,79,47.29,2183030571.6695175,55015891.0,0.1715,9.57,1924386,1341632,1262277,-0.061
569,ORMP,Healthcare,Biotechnology,NASDAQ,131.74,90,92,89,90,4.17,162476542.74090457,40926081.0,0.0184,-16.77,147359,402079,323727,
570,BWFG,Financial Services,Banks - Regional,NASDAQ,131.7,90,81,76,81,66.86,417156775.16677856,7973180.0,0.0324,24.14,93535,94891,74791,0.353
571,PSMT,Consumer Defensive,Discount Stores,S&P 600,131.69,90,88,80,84,191.34,5251990640.926132,30895879.0,0.0805,11.41,242917,334405,296601,0.097
572,PACK,Consumer Cyclical,Packaging & Containers,NYSE,131.68,90,92,62,41,6.43,590259645.658195,85544875.0,0.055999998,-10.2,496672,546714,525486,0.11
573,YOU,Technology,Software - Application,S&P 600,131.62,90,87,93,64,53.84,5587378016.627026,100764255.0,0.1229,-14.17,903130,1362660,1343958,0.197
574,BKD,Healthcare,Medical Care Facilities,NYSE,131.61,90,89,88,96,15.37,3073596963.419366,238818725.0,0.16370001,-10.06,5102634,5327461,4782144,-0.067
575,EAT,Consumer Cyclical,Restaurants,S&P 600,131.48,90,63,56,75,198.24,6106363749.613037,42887790.0,0.1975,5.94,1128489,1034593,989015,0.032
576,VIRT,Financial Services,Capital Markets,S&P 600,131.47,90,87,77,41,58.67,4364275347.438744,87024431.0,0.042,3.88,1142650,1306720,1290980,0.303
577,M,Consumer Cyclical,Department Stores,S&P 400,131.46,90,87,78,86,25.15,5739450278.610216,263761499.0,0.1415,3.03,4557032,5377070,6362042,-0.011
578,PK,Real Estate,REIT - Hotel & Motel,S&P 400,131.45,90,84,64,57,15.19,2442519081.5940332,201361835.0,0.28260002,22.2,3922727,5097379,5122021,-0.011
579,NTCT,Technology,Software - Infrastructure,S&P 600,131.39,90,87,83,69,39.69,2975630771.9348717,71495215.0,0.0505,-6.33,539662,651477,647070,-0.01
580,DAL,Industrials,Airlines,S&P 500,131.36,90,88,75,77,89.37,54188895368.68637,656994340.0,0.039100002,6.61,6318152,8036624,7732540,0.129
581,GBTG,Consumer Cyclical,Travel Services,NYSE,131.3,90,86,25,23,9.42,4870398652.567863,521455950.0,0.0238,-1.26,1339491,2187870,2709454,0.353
582,JBHT,Industrials,Integrated Freight & Logistics,S&P 500,131.23,90,90,87,83,277.62,26067127994.62201,94299203.0,0.060500003,-0.08,1238190,1081103,1056636,0.046
583,NMM,Industrials,Marine Shipping,NYSE,131.2,90,81,89,84,79.24,1974187561.7077484,28499894.0,0.023,-1.8,119636,107608,122305,0.174
584,TRST,Financial Services,Banks - Regional,S&P 600,131.03,90,83,80,82,57.78,905369981.908001,17474811.0,0.0513,10.71,131030,128616,125188,0.079
585,ONDS,Technology,Communication Equipment,NASDAQ,131.03,90,91,99,99,7.86,6674654408.840346,504890641.0,0.3105,-48.56,141788752,95580004,90443264,10.799
586,IRD,Healthcare,Biotechnology,NASDAQ,131.02,90,95,98,93,3.41,354884560.9074769,81395539.0,0.0402,-41.31,877057,1099209,992463,-0.506
587,GRDN,Healthcare,Medical Care Facilities,NYSE,130.97,90,82,84,78,41.86,2453041467.4415817,63320634.0,0.0746,1.21,294154,425838,413638,0.022
588,STT,Financial Services,Asset Management,S&P 500,130.95,90,85,83,75,182.57,43076020847.19481,276767033.0,0.0002,14.6,2704350,2690386,2378748,-0.028
589,FVR,Real Estate,REIT - Diversified,NYSE,130.94,90,86,81,76,21.16,401846971.53536224,22652028.0,0.0111,14.44,167719,199696,172873,0.107
590,PBI,Industrials,Integrated Freight & Logistics,S&P 600,130.93,90,91,88,60,17.83,2180606994.1668034,135441425.0,0.0001,7.67,1276780,2456133,2537256,-0.032
591,AOUT,Consumer Cyclical,Leisure,NASDAQ,130.88,90,87,53,47,12.74,127658030.48294067,12595760.0,0.0686,-5.33,83309,161826,113753,-0.033
592,CTNM,Healthcare,Biotechnology,NASDAQ,130.85,89,91,91,96,14.16,504342217.1729374,37386377.0,0.0436,-13.29,174262,423750,325988,
593,ASML,Technology,Semiconductor Equipment & Materials,NASDAQ,130.83,89,93,88,92,1582.95,621586197169.2444,385417665.0,0.0026,-4.31,2195298,2126596,2022919,0.132
594,SENEA,Consumer Defensive,Packaged Foods,NASDAQ,130.62,89,85,80,78,170.33,989425989.5115509,6881049.0,0.0272,1.68,115569,134226,149305,0.011
595,SNEX,Financial Services,Capital Markets,S&P 600,130.57,89,91,90,79,74.28,8983156950.671814,79251496.0,0.0512,-40.77,1131110,1554821,1318276,0.238
596,UTZ,Consumer Defensive,Packaged Foods,NYSE,130.54,89,20,14,27,14.08,648091301.7183938,88537061.0,0.1153,-4.02,11225720,4985033,3719844,0.026
597,XWEL,Healthcare,Diagnostics & Research,NASDAQ,130.46,89,59,96,4,1.05,10555332.5,8444266.0,0.066,-52.27,42320,158130,146942,-0.055
598,BLTE,Healthcare,Biotechnology,NASDAQ,130.4,89,89,92,97,155.95,5779468126.788025,40085091.0,0.0572,-22.03,151728,201666,218167,
599,AGX,Industrials,Engineering & Construction,S&P 600,130.35,89,96,98,93,522.7,9311909636.965332,13960465.0,0.0473,-30.17,370306,351878,351991,0.127
600,POWL,Industrials,Electrical Equipment & Parts,S&P 600,130.34,89,97,98,92,201.0,10361890097.774506,36431649.0,0.12529999,-38.72,773528,840006,745251,0.065
601,SN,Consumer Cyclical,"Furnishings, Fixtures & Appliances",S&P 400,130.19,89,85,63,77,159.84,17249918909.932816,141520379.0,0.11229999,19.29,1473830,1565173,2029938,0.156
602,EFTY,Industrials,Consulting Services,NASDAQ,130.17,89,84,93,96,15.02,302052209.20562744,20110000.0,0.107200004,-17.47,0,0,0,-0.259
603,SNX,Technology,Electronics & Computer Distribution,S&P 400,130.16,89,92,90,67,247.18,21066063080.779114,80626390.0,0.0179,-6.66,728410,959626,882682,0.181
604,FORM,Technology,Semiconductor Equipment & Materials,S&P 600,130.16,89,97,98,94,88.23,9712384758.001099,77954772.0,0.0514,-44.54,1253380,1816293,1742862,0.32
605,ELSE,Technology,Scientific & Technical Instruments,NASDAQ,130.04,89,92,93,34,7.74,27129008.033619404,3532423.0,0.00029999999,0.65,15326,9105,9259,0.152
606,SYNA,Technology,Semiconductors,S&P 400,130.03,89,92,82,72,110.87,5304181349.634857,38637685.0,0.2211,-25.65,651580,1164863,1073140,0.104
607,FBIO,Healthcare,Biotechnology,NASDAQ,130.01,89,52,38,88,3.39,93013400.01599121,33219072.0,0.18129998,-25.17,513390,587550,544244,0.063
608,KN,Technology,Electronic Components,S&P 600,130.01,89,93,86,73,35.91,3200824277.5444794,85560660.0,0.0586,-6.87,1138426,1212578,1116827,0.158
609,TRV,Financial Services,Insurance - Property & Casualty,S&P 500,130.0,89,67,64,60,397.22,62068862554.682495,212644693.0,0.0306,26.86,2445950,2249810,1947114,0.01
610,CPHI,Healthcare,Drug Manufacturers - Specialty & Generic,NYSE ARCA,129.98,89,11,4,8,1.3,32012382.449507833,40522002.0,0.00029999999,-36.59,21946217,8554199,5174363,0.081
611,PFIS,Financial Services,Banks - Regional,NASDAQ,129.98,89,80,73,69,71.93,594746438.6824608,10010881.0,0.0137,18.42,53458,74982,67011,0.061
612,MAC,Real Estate,REIT - Retail,S&P 600,129.96,89,86,79,61,26.51,6383546060.998234,283461187.0,0.0614,15.61,2123728,3688042,3306871,-0.067
613,HURA,Healthcare,Biotechnology,NASDAQ,129.96,89,87,96,1,2.13,143922512.6726761,63682528.0,0.1626,-45.38,214982,573914,548548,
614,TMCI,Healthcare,Medical Devices,NASDAQ,129.82,89,95,7,3,4.01,224460499.43470764,64872976.0,0.0699,-48.46,319290,868296,786298,-0.102
615,PLGO,Financial Services,Insurance - Diversified,NYSE,129.82,89,82,75,65,25.98,1845020009.537115,85496757.0,0.0249,7.98,288762,387060,418206,-0.073
616,UVE,Financial Services,Insurance - Property & Casualty,NYSE,129.65,89,82,86,75,44.22,1033269601.1366959,27911118.0,0.0216,5.39,254060,240040,211620,-0.003
617,FET,Energy,Oil & Gas Equipment & Services,NYSE,129.62,89,86,97,97,52.45,567701256.7191772,11304286.0,0.044499997,-19.84,137135,179011,164007,0.08
618,ONTO,Technology,Semiconductor Equipment & Materials,S&P 400,129.56,89,96,96,89,241.89,12845778256.302979,49743567.0,0.0279,-23.45,972726,1312028,1344363,0.095
619,HXL,Industrials,Aerospace & Defense,S&P 400,129.48,89,85,85,80,110.03,6772606920.415649,75427184.0,0.0572,11.98,1204276,1129048,1028171,0.099
620,PRLB,Industrials,Metal Fabrication,S&P 600,129.44,89,89,84,68,74.88,1802636900.029564,23794045.0,0.0372,-1.99,148144,232718,222214,0.104
621,FTI,Energy,Oil & Gas Equipment & Services,S&P 400,129.38,89,82,94,91,72.39,27279183062.695023,398701897.0,0.026300002,-6.93,2802040,4294843,4949288,0.116
622,CURR,Technology,Software - Application,NASDAQ,129.37,89,93,96,19,3.08,352565130.6788385,112281885.0,0.0179,-34.81,121640,121403,139524,-0.218
623,CIIT,Industrials,Integrated Freight & Logistics,NASDAQ,129.33,89,2,2,11,3.76,4632200.85646224,3618907.0,0.0374,-79.12,435294,11689971,9265882,0.868
624,ALRS,Financial Services,Banks - Regional,NASDAQ,129.14,89,82,76,74,33.13,718176700.7628365,25128646.0,0.0321,14.24,227570,275950,235214,0.187
625,SNDA,Healthcare,Medical Care Facilities,NYSE,129.1,89,81,84,80,43.07,1673690112.7053452,47346257.0,0.0405,8.6,438100,748966,701262,0.385
626,OPLN,Consumer Cyclical,Auto & Truck Dealerships,S&P 600,129.09,89,87,77,77,40.34,4036546476.9390717,105946106.0,0.0184,4.72,836154,1035694,1005258,0.147
627,AMG,Financial Services,Asset Management,S&P 400,129.04,89,82,77,87,370.12,7998900103.4565735,26412085.0,0.0416,10.56,277278,293196,320285,0.097
628,COMP,Real Estate,Real Estate Services,NYSE,128.96,89,89,23,89,11.88,6149069218.330479,747153045.0,0.053000003,-14.87,11986937,14965739,13862295,0.994
629,APLE,Real Estate,REIT - Hotel & Motel,S&P 600,128.95,89,87,74,45,16.82,3467832269.202112,236067554.0,0.1014,11.58,2552193,2979747,2878358,0.031
630,CHMG,Financial Services,Banks - Regional,NASDAQ,128.84,89,84,78,75,81.99,331025239.07089233,4819820.0,0.0072000003,15.76,80708,61569,56303,0.191
631,BAP,Financial Services,Banks - Regional,NYSE,128.8,89,85,75,92,388.95,27221377241.641235,79448317.0,0.023699999,2.3,275726,344898,475603,0.256
632,SUNC,Energy,Oil & Gas Midstream,NYSE,128.79,89,77,81,56,75.98,3366133528.658386,51517198.0,0.0297,3.74,359550,404406,437908,1.064
633,RBCAA,Financial Services,Banks - Regional,NASDAQ,128.77,89,76,61,61,100.64,1588055183.6314392,19617730.0,0.0222,23.45,114389,128209,107569,-0.113
634,IX,Financial Services,Financial Conglomerates,NYSE,128.76,89,84,82,83,39.2,42866858219.29314,1098586820.0,0.0007,-2.0,198264,241311,285610,0.28
635,ROST,Consumer Cyclical,Apparel Retail,S&P 500,128.67,89,72,85,77,251.03,74951891783.53418,323444928.0,0.0271,5.74,2187978,2941726,3202227,0.206
636,KLAC,Technology,Semiconductor Equipment & Materials,S&P 500,128.66,89,96,91,88,190.8,251028208278.27246,130627521.0,0.028900001,-90.74,11677378,14287986,13033003,0.115
637,HFBL,Financial Services,Banks - Regional,NASDAQ,128.65,89,82,77,80,22.99,59703527.6200676,3053889.0,0.002,13.25,7019,3513,2791,0.106
638,SIRI,Communication Services,Entertainment,S&P 400,128.61,89,80,81,32,31.68,9937020664.812378,336619936.0,0.1453,5.21,3238120,4141740,5034314,0.011
639,SHBI,Financial Services,Banks - Regional,NASDAQ,128.5,89,80,73,79,24.44,691199529.3550301,33455931.0,0.0219,17.61,216320,235420,220702,0.148
640,VECO,Technology,Semiconductor Equipment & Materials,S&P 600,128.48,89,96,95,75,45.68,3517970038.148117,61033485.0,0.16399999,-30.18,962440,1435920,1434110,-0.054
641,LLY,Healthcare,Drug Manufacturers - General,S&P 500,128.43,89,85,54,71,1220.66,985374253630.0,891741406.0,0.0095,6.23,2225285,2812898,2982409,0.555
642,CPAC,Basic Materials,Building Materials,NYSE,128.41,89,86,84,91,12.11,900736841.0743523,85621369.0,0.00059999997,5.3,53296,100075,65997,0.113
643,BBY,Consumer Cyclical,Specialty Retail,S&P 500,128.39,89,66,30,28,89.47,16423689183.659317,210695187.0,0.1017,5.27,3005502,3658714,4330750,0.019
644,CRVS,Healthcare,Biotechnology,NASDAQ,128.37,89,94,96,99,13.31,1043562149.0088196,84090424.0,0.2556,-50.61,839842,1272237,1481780,
645,BBIO,Healthcare,Biotechnology,NASDAQ,128.37,89,70,77,92,85.55,12977766313.324753,195861242.0,0.1377,0.72,1958715,4114465,3585441,0.668
646,WLYB,Communication Services,Publishing,NYSE,128.32,89,72,66,23,51.9,2106808946.6436615,51322996.0,0.0034,14.29,234,337,280,0.013
647,ROKU,Communication Services,Entertainment,S&P 400,128.2,89,85,80,61,143.91,19226771423.43866,147693751.0,0.0926,7.83,2281198,5891456,4638947,0.224
648,RHI,Industrials,Staffing & Employment Services,S&P 600,128.18,89,61,21,32,39.49,3011523314.7906704,102293589.0,0.29,-13.72,3077894,2612034,2397030,-0.038
649,CVE,Energy,Oil & Gas Integrated,NYSE,128.14,89,80,93,83,27.66,51413059260.902405,1864819000.0,4.45,-13.75,6872402,7593450,8005360,-0.071
650,PDFS,Technology,Software - Application,S&P 600,128.12,89,96,91,69,44.59,2044400844.262085,41867720.0,0.0538,-21.02,479120,674096,752226,0.259
651,GHM,Industrials,Specialty Industrial Machinery,NYSE,128.08,89,94,93,90,99.82,1108828182.4417114,11072780.0,0.0434,-3.58,284575,274915,280839,0.205
652,CSTM,Basic Materials,Aluminum,NYSE,128.02,88,92,95,94,29.08,4664514188.47599,136150450.0,0.0452,-17.62,1748717,1855605,2014159,0.244
653,CAT,Industrials,Farm & Heavy Construction Machinery,S&P 500,127.98,88,94,94,91,840.85,403418697901.2257,460591983.0,0.0202,-9.72,2890203,3531754,3246912,0.222
654,SION,Healthcare,Biotechnology,NASDAQ,127.94,88,87,91,95,46.55,1933337116.8212128,45150330.0,0.1705,-3.91,692490,560053,474162,
655,SMJF,Consumer Cyclical,Textile Manufacturing,NYSE ARCA,127.9,88,81,13,70,5.6,131875806.34117126,27705000.0,0.044499997,-20.0,1167790,787853,741054,0.086
656,COHR,Technology,Scientific & Technical Instruments,S&P 500,127.86,88,97,98,96,243.33,70717745600.68753,195639321.0,0.051999997,-41.08,4543941,5050257,5416530,0.205
657,KALU,Basic Materials,Aluminum,S&P 600,127.83,88,94,94,93,162.16,2974643806.5313416,16340606.0,0.041500002,-14.59,282584,311948,275478,0.424
658,AMC,Communication Services,Entertainment,NYSE,127.79,88,80,19,8,2.67,1304717091.714684,754171721.0,0.0845,-25.83,63557398,56482426,47993475,0.212
659,YPF,Energy,Oil & Gas Integrated,NYSE,127.79,88,75,79,62,49.84,22366839851.284016,421936249.0,3.6,-7.03,1033470,1516196,1812862,0.428
660,IFS,Financial Services,Banks - Regional,NYSE,127.76,88,81,64,84,58.02,5495874126.874981,111072639.0,0.0146,9.47,167512,237020,299708,0.276
661,ESCA,Consumer Cyclical,Leisure,NASDAQ,127.73,88,78,85,69,19.89,259120569.5794449,13805038.0,0.0188,-6.71,27972,35890,33248,0.006
662,TTMI,Technology,Electronic Components,S&P 400,127.71,88,98,98,98,108.69,18040832376.25009,103850059.0,0.048499998,-45.84,2293040,2862610,2753796,0.304
663,JRSH,Consumer Cyclical,Apparel Manufacturing,NASDAQ,127.68,88,90,66,34,4.53,43179797.21116066,12699940.0,0.0221,25.83,72584,1475604,940866,0.18
664,QUIK,Technology,Semiconductors,NASDAQ,127.64,88,97,97,51,12.27,367418511.8865967,17724000.0,0.0785,-48.45,331211,437340,475886,0.168
665,EVER,Communication Services,Internet Content & Information,NASDAQ,127.64,88,64,12,23,27.15,680581860.6236992,35373278.0,0.21270001,-5.5,665243,701414,685194,0.145
666,PSTL,Real Estate,REIT - Office,NYSE,127.6,88,88,86,83,23.68,637080539.8753052,27651064.0,0.1188,-3.31,189671,341260,330118,0.203
667,INBX,Healthcare,Biotechnology,NASDAQ,127.59,88,97,99,99,79.68,1525950087.2010345,14671186.0,0.2672,-48.69,219147,323539,327627,
668,SSL,Basic Materials,Specialty Chemicals,NYSE,127.58,88,80,97,86,10.97,7886341053.379602,637537682.0,0.0076,-23.66,1093750,1556160,1517466,0.002
669,SCSC,Technology,Electronics & Computer Distribution,S&P 600,127.54,88,78,51,61,57.27,940415966.133831,20324529.0,0.076799996,21.05,181376,210132,215341,0.088
670,WALD,Consumer Defensive,Household & Personal Products,NASDAQ,127.52,88,48,6,33,1.67,157759645.00636292,128259872.0,0.0234,-48.14,322050,551420,658880,-0.017
671,DAC,Industrials,Marine Shipping,NYSE,127.49,88,75,80,70,140.41,2279263223.374176,18203524.0,0.067,3.85,125045,100008,94629,0.002
672,ACA,Industrials,Engineering & Construction,S&P 600,127.39,88,86,81,75,145.28,6222964137.0,49096364.0,0.0339,7.15,848767,1036189,726117,0.044
673,FISI,Financial Services,Banks - Regional,NASDAQ,127.27,88,81,74,78,42.16,713237176.088295,19686370.0,0.0297,15.41,162498,204866,169831,0.113
674,INN,Real Estate,REIT - Hotel & Motel,NYSE,127.22,88,87,62,26,6.86,625266497.9931002,108365078.0,0.0001,14.33,896507,1604885,1650871,0.003
675,DOC,Real Estate,REIT - Healthcare Facilities,S&P 500,127.12,88,79,36,33,22.82,13202387030.307255,689419702.0,0.0612,12.58,6005376,6657698,7816937,0.071
676,MSM,Industrials,Industrial Distribution,S&P 400,127.04,88,80,77,64,124.78,6112182093.327118,55834311.0,0.0577,12.18,660335,845275,789235,0.029
677,IFRX,Healthcare,Biotechnology,NASDAQ,127.0,88,96,94,13,1.69,353502875.64694166,147292859.0,0.044699997,-42.69,825022,1246560,1215542,
678,MUFG,Financial Services,Banks - Diversified,NYSE,126.91,88,76,70,82,22.43,211191096597.47812,11287605929.0,0.0007,11.32,3291041,3327577,3337306,
679,ACNB,Financial Services,Banks - Regional,NASDAQ,126.82,88,79,65,74,64.56,554411878.1094055,10212044.0,0.013099999,16.22,89941,83967,71142,0.427
680,PUBM,Technology,Software - Application,NASDAQ,126.77,88,86,64,14,13.03,542458050.173378,46443325.0,0.0674,-6.12,454171,517503,576904,-0.02
681,BLFS,Healthcare,Medical Instruments & Supplies,S&P 600,126.71,88,79,30,29,31.98,1217526785.527525,48857415.0,0.12100001,7.97,2538648,1563512,1262763,0.247
682,HLIO,Industrials,Specialty Industrial Machinery,NYSE,126.69,88,92,89,90,77.39,2745821765.2006226,33046358.0,0.030299999,-7.42,273100,362360,368584,0.168
683,WASH,Financial Services,Banks - Regional,NASDAQ,126.68,88,72,61,79,39.55,620966358.1916428,19065593.0,0.048699997,6.66,194240,198720,183408,-0.07
684,SMFG,Financial Services,Banks - Diversified,NYSE,126.66,88,79,76,84,25.59,139781934067.0363,6362400475.0,0.0017,5.14,1681110,1900713,1958238,
685,BWA,Consumer Cyclical,Auto Parts,S&P 400,126.65,88,87,86,82,63.21,14731355000.023888,205114941.0,0.0471,-14.44,2254430,2523500,2977986,0.005
686,FNWD,Financial Services,Banks - Regional,NASDAQ,126.63,88,54,39,76,44.38,142802441.59789658,4329971.0,0.040599998,10.98,37364,35021,24696,0.155
687,DHT,Energy,Oil & Gas Midstream,NYSE,126.62,88,78,88,70,18.59,2628199466.6939926,161041637.0,0.057800002,-9.54,2304701,3637643,3256388,0.781
688,NSYS,Healthcare,Medical Devices,NASDAQ,126.6,88,91,88,48,14.45,41722393.4728241,2794534.0,0.0015,-14.75,20854,24024,28138,0.127
689,JAKK,Consumer Cyclical,Leisure,NASDAQ,126.57,88,77,75,37,26.63,252807040.73627853,11444411.0,0.0339,8.92,127475,83555,68649,-0.058
690,TWN,Financial Services,Asset Management,NYSE,126.48,88,92,96,86,81.89,569323175.6116562,5742039.0,0.33080003,-19.72,42410,49400,58554,0.404
691,MGTX,Healthcare,Biotechnology,NASDAQ,126.36,88,89,72,57,11.82,986291310.0722733,92609516.0,0.0832,-0.25,485138,1075886,975037,-0.848
692,KEYS,Technology,Scientific & Technical Instruments,S&P 500,126.35,88,90,95,81,305.17,57765952720.71884,170738495.0,0.0138,-17.56,1251258,1499266,1676979,0.315
693,SPB,Consumer Defensive,Household & Personal Products,NYSE,126.29,88,83,85,63,90.53,1825159366.246704,23194298.0,0.16620001,4.11,293160,359526,366286,0.049
694,NSIT,Technology,Electronics & Computer Distribution,S&P 600,126.26,88,84,16,14,124.8,3213092607.5024643,30203917.0,0.0642,-16.0,338474,423024,452280,0.012
695,ETS,Industrials,Trucking,NASDAQ,126.25,88,34,12,5,1.01,9194169.79927826,16716672.0,0.0139,-76.12,87994,145031,124838,0.163
696,SMBK,Financial Services,Banks - Regional,NYSE,126.14,88,76,72,76,53.11,713006337.1450996,17098473.0,0.013300001,20.95,154850,132140,110586,0.083
697,ASRV,Financial Services,Banks - Regional,NASDAQ,126.11,88,70,83,78,4.47,62767792.408919334,16964268.0,0.0062,10.64,26342,16860,13882,0.03
698,NBIX,Healthcare,Drug Manufacturers - Specialty & Generic,S&P 400,126.1,88,75,49,51,182.83,15917062615.754196,100549983.0,0.0669,12.59,1079740,1182820,1166264,0.422
699,OBK,Financial Services,Banks - Regional,NYSE,126.04,88,81,78,77,55.21,1472889067.6644096,30904093.0,0.0182,13.48,179454,165368,147856,0.093
700,TOI,Healthcare,Medical Care Facilities,NASDAQ,125.99,88,94,77,69,4.95,468919961.4910693,99982933.0,0.0744,1.43,1711620,2038186,1950344,0.412
701,TFSL,Financial Services,Banks - Regional,NASDAQ,125.98,88,81,69,62,18.48,4461675320.519451,280432141.0,0.16219999,14.07,767350,845900,876962,0.098
702,PAG,Consumer Cyclical,Auto & Truck Dealerships,S&P 400,125.97,88,62,60,38,220.01,11006265440.095825,65760087.0,0.135,16.09,663138,421646,366249,-0.011
703,HBT,Financial Services,Banks - Regional,NASDAQ,125.94,88,72,64,71,36.16,1041590232.6077843,36381078.0,0.0095,21.02,151267,212555,170319,0.175
704,TMP,Financial Services,Banks - Regional,S&P 600,125.92,88,79,77,79,101.25,1239090389.0966263,14382941.0,0.018,15.19,114750,107740,89898,0.076
705,SBLK,Industrials,Marine Shipping,NASDAQ,125.9,88,76,82,81,28.0,3039217733.5,111530926.0,0.0171,-0.99,1218783,1273111,1331422,0.219
706,BNED,Consumer Cyclical,Specialty Retail,NYSE,125.79,88,84,56,35,13.03,355307781.065362,34296119.0,0.091800004,6.72,328134,431821,375582,0.113
707,FFIV,Technology,Software - Infrastructure,S&P 500,125.76,88,84,69,40,403.46,21633960950.86151,56419247.0,0.0342,0.97,733408,667556,666775,0.11
708,SRCE,Financial Services,Banks - Regional,NASDAQ,125.76,88,76,72,66,90.62,1776765526.2747574,24068891.0,0.0277,18.55,149440,154533,140106,0.051
709,TDOC,Healthcare,Health Information Services,NYSE,125.7,88,80,32,13,9.36,1373704616.1710973,180513087.0,0.1476,-4.2,4205520,4362266,4297590,-0.025
710,ARQT,Healthcare,Biotechnology,NASDAQ,125.66,87,82,70,88,28.42,2684289091.522751,125083374.0,0.1496,-10.54,1206620,1644523,1684494,0.601
711,CASY,Consumer Cyclical,Specialty Retail,S&P 500,125.66,87,78,88,81,856.86,28435527524.59265,37066933.0,0.0323,-4.9,295780,493890,563570,0.003
712,KRNY,Financial Services,Banks - Regional,NASDAQ,125.66,87,81,76,81,9.65,518566826.1558094,62932869.0,0.016900001,13.53,554733,674361,541148,0.175
713,HSBC,Financial Services,Banks - Diversified,NYSE,125.57,87,80,82,87,103.7,321494562417.3559,3429641239.0,3.69,8.91,1312797,1287129,1518987,0.033
714,ALL,Financial Services,Insurance - Property & Casualty,S&P 500,125.48,87,67,61,50,272.42,53051878520.9964,257420930.0,0.0001,19.68,1565079,1819236,1772533,0.03
715,KTCC,Technology,Computer Hardware,NASDAQ,125.48,87,87,38,33,4.0,37573074.614248276,10859270.0,0.0034,8.11,11922,17200,20586,-0.2
716,CRDO,Technology,Semiconductors,NASDAQ,125.41,87,96,94,72,192.28,43535719113.04138,184449940.0,0.0683,-20.15,5789937,8056259,8723123,2.015
717,AMBP,Consumer Cyclical,Packaging & Containers,NYSE,125.37,87,68,42,85,5.21,2408756570.8237753,597706314.0,0.0479,3.58,4244983,2973111,2446174,0.186
718,MRK,Healthcare,Drug Manufacturers - General,S&P 500,125.34,87,81,73,83,131.82,293217557563.7224,2469824415.0,0.0117999995,5.34,8710562,10522467,10596978,0.049
719,MFG,Financial Services,Banks - Regional,NYSE,125.26,87,82,79,88,10.09,109367773081.37985,12192616480.0,0.00029999999,-1.85,3791122,4159557,4043126,0.167
720,KF,Financial Services,Asset Management,NYSE,125.19,87,95,94,93,54.25,310628582.909729,4158348.0,0.21,-28.48,20249,21143,21183,0.08
721,ARMK,Industrials,Specialty Business Services,S&P 400,125.12,87,84,73,46,57.4,14036461527.184708,262953564.0,0.037100002,6.14,2511562,2537877,2606272,0.147
722,TRGP,Energy,Oil & Gas Midstream,S&P 500,125.1,87,82,87,74,261.65,54749221910.3089,214643903.0,0.0242,-6.55,1137480,1304120,1227916,-0.102
723,DNLI,Healthcare,Biotechnology,NASDAQ,125.08,87,89,56,81,24.05,3339253011.783104,158709737.0,0.0933,1.18,1567287,1927429,1921399,
724,SFL,Industrials,Marine Shipping,NYSE,125.06,87,69,84,57,12.13,1468240330.286728,132992784.0,0.0301,-6.26,1375650,1651953,1567906,-0.067
725,FIVN,Technology,Software - Infrastructure,NASDAQ,124.94,87,59,22,12,27.12,1864333137.0068436,76563988.0,0.136,-10.73,2340631,2465317,2766826,0.092
726,CGNX,Technology,Scientific & Technical Instruments,S&P 400,124.93,87,91,87,59,60.36,10958720594.41407,166419451.0,0.036199998,-16.05,1747063,2243001,2161968,0.243
727,BMO,Financial Services,Banks - Diversified,NYSE,124.8,87,83,79,78,180.63,113474492596.6866,700416619.0,4.84,10.31,599988,733819,711337,0.158
728,BELFB,Technology,Electronic Components,NASDAQ,124.77,87,95,96,95,250.97,3904417369.384674,14222707.0,0.045500003,-18.59,263137,313582,312425,0.172
729,FCAP,Financial Services,Banks - Regional,NASDAQ,124.74,87,80,71,89,64.1,206787275.70438766,3345531.0,0.0148,-9.72,16411,12350,9674,0.183
730,RY,Financial Services,Banks - Diversified,NYSE,124.74,87,81,78,79,212.38,263389981830.14795,1389700752.0,3.18,10.9,1557225,1740221,1561355,0.161
731,TBLA,Communication Services,Internet Content & Information,NASDAQ,124.67,87,85,58,62,5.01,1333822869.0394897,273324352.0,0.0187,-4.75,2172930,3398520,3137820,0.091
732,SND,Energy,Oil & Gas Equipment & Services,NASDAQ,124.63,87,90,96,97,4.13,184408569.8502264,42985681.0,0.028099999,-29.28,276400,467280,415460,0.42
733,BPOP,Financial Services,Banks - Regional,NASDAQ,124.56,87,80,81,81,174.16,9585785838.988617,64537709.0,0.0296,13.85,514580,582426,536592,0.096
734,SENEB,Consumer Defensive,Packaged Foods,NASDAQ,124.5,87,79,80,76,163.1,987226839.5,6773426.0,0.0007,-1.14,100,156,124,0.011
735,CTS,Technology,Electronic Components,S&P 600,124.48,87,86,80,77,64.82,1835950724.922409,28592910.0,0.0219,-1.77,197636,330465,313089,0.107
736,PHVS,Healthcare,Biotechnology,NASDAQ,124.46,87,86,83,83,33.65,2107572525.4972,69879726.0,0.0104,0.96,261693,460251,416512,
737,MSLE,Healthcare,Biotechnology,NASDAQ,124.41,87,81,63,94,9.46,152067690.97323418,20831190.0,2.07,-29.38,80653,82791,62982,
738,UVSP,Financial Services,Banks - Regional,NASDAQ,124.4,87,82,77,72,44.99,1098238392.6396103,27845802.0,0.019,12.0,303340,276906,237534,0.121
739,RIGL,Healthcare,Biotechnology,NASDAQ,124.39,87,86,60,87,38.5,564128414.96521,18502080.0,0.219,-26.3,316438,394786,369387,0.103
740,SLAB,Technology,Semiconductors,S&P 400,124.38,87,82,92,59,217.25,7176844886.105072,32981823.0,0.120799996,-0.89,313820,461386,435786,0.201
741,MUSA,Consumer Cyclical,Specialty Retail,S&P 400,124.37,87,72,85,53,601.76,9346720708.002777,18470685.0,0.0598,-1.32,249297,308072,308363,0.071
742,WAB,Industrials,Railroads,S&P 500,124.36,87,72,80,70,305.79,44312936302.737,169677346.0,0.0216,10.86,1336570,999293,953364,0.13
743,MNST,Consumer Defensive,Beverages - Non-Alcoholic,S&P 500,124.3,87,84,64,83,97.74,86142956119.58633,978008110.0,0.0286,8.78,5987392,5930064,5753926,0.269
744,ETSY,Consumer Cyclical,Internet Retail,S&P 600,124.3,87,87,73,35,86.47,6445351835.759811,94896231.0,0.1822,13.01,2502394,2842134,2855716,0.031
745,PEBO,Financial Services,Banks - Regional,NASDAQ,124.28,87,73,70,67,42.23,1249418277.5281067,35923471.0,0.0428,19.09,383770,321446,267206,0.067
746,GPRE,Basic Materials,Chemicals,NASDAQ,124.27,87,87,97,92,16.46,1097372831.9228783,70030174.0,0.2078,-13.09,1524778,1427346,1428193,-0.259
747,CFBK,Financial Services,Banks - Regional,NASDAQ,124.12,87,71,68,80,36.06,185326214.25460052,6498114.0,0.0078,5.01,79420,95370,75858,0.05
748,ANDE,Consumer Defensive,Food Distribution,S&P 600,124.11,87,82,92,90,73.19,2403875688.3303223,34054056.0,0.0344,-10.86,282071,329343,312668,-0.012
749,ANGO,Healthcare,Medical Instruments & Supplies,NASDAQ,124.08,87,69,58,48,14.34,474341125.28570175,41318915.0,0.0502,2.5,595136,521238,431565,0.089
750,MGA,Consumer Cyclical,Auto Parts,NYSE,123.96,87,81,86,77,69.02,17629262439.534378,272224550.0,0.0305,-1.32,1221206,1261668,1182729,0.031
751,HELE,Consumer Defensive,Household & Personal Products,NASDAQ,123.92,87,87,69,16,28.85,631214099.5046234,23257705.0,0.17549999,-14.47,443782,594120,578214,-0.033
752,BNY,Financial Services,Banks - Diversified,S&P 500,123.89,87,80,80,76,156.49,95701818942.81006,686379000.0,0.0,10.48,4370108,4309156,3995553,0.134
753,NGNE,Healthcare,Biotechnology,NASDAQ,123.88,87,92,81,23,33.22,447825876.75117874,15801901.0,0.2847,-10.86,202855,279491,224903,
754,SKWD,Financial Services,Insurance - Property & Casualty,NASDAQ,123.85,87,74,35,30,62.77,1788759984.4953346,40543065.0,0.034,-3.51,509070,658326,538766,0.448
755,JOYY,Communication Services,Internet Content & Information,NASDAQ,123.85,87,71,65,80,74.83,3397243373.345299,50381779.0,0.044299997,5.45,294025,294618,324281,0.059
756,NRT,Energy,Oil & Gas E&P,NYSE,123.83,87,62,87,93,8.59,73616628.00355911,9190590.0,0.0047999998,-18.11,44596,48112,51551,3.295
757,CMDB,Industrials,Marine Shipping,NYSE,123.81,87,82,81,87,18.48,390272803.32141113,24180472.0,0.019299999,-7.25,58621,70820,58992,-0.539
758,TD,Financial Services,Banks - Diversified,NYSE,123.75,87,84,83,83,120.41,187639955604.99573,1652051000.0,2.23,5.38,2575530,2879620,2618942,-0.315
759,KARO,Technology,Software - Application,NASDAQ,123.72,87,37,56,58,63.96,1473610433.5697174,30893300.0,0.0152,0.95,174139,131239,114351,0.188
760,GNK,Industrials,Marine Shipping,NYSE,123.71,87,82,87,85,25.39,1048463823.787344,43577051.0,0.0238,-6.83,225040,313783,330298,0.606
761,AAPL,Technology,Consumer Electronics,S&P 500,123.71,87,65,65,68,340.08,4583336277502.197,14687356000.0,0.0095,7.96,50959829,59965786,56173467,0.166
762,EIX,Utilities,Utilities - Regulated Electric,S&P 500,123.7,87,76,77,68,79.79,26912489172.978333,384793941.0,0.044899996,4.68,2368048,2397402,2494791,0.077
763,PKBK,Financial Services,Banks - Regional,NASDAQ,123.63,87,82,82,85,34.13,363923000.3888893,11842597.0,0.0107,6.36,57623,64691,73038,0.353
764,BLBD,Industrials,Farm & Heavy Construction Machinery,NASDAQ,123.61,87,87,84,73,73.89,2144689230.2945023,31646589.0,0.1201,-9.35,471781,451723,460544,-0.017
765,PLBC,Financial Services,Banks - Regional,NASDAQ,123.61,87,76,67,75,62.2,366733005.1227722,6968136.0,0.0086,13.96,75445,72168,70583,0.324
766,TRN,Industrials,Railroads,S&P 600,123.56,87,72,77,57,38.07,2579158408.135807,79505503.0,0.080699995,1.9,609440,739253,769538,-0.16
767,CNXN,Technology,Electronics & Computer Distribution,S&P 600,123.51,87,69,55,31,83.1,1755480518.3494568,25226047.0,0.0359,18.7,136660,163446,144688,0.03
768,MRCY,Industrials,Aerospace & Defense,S&P 600,123.51,87,90,67,92,99.38,6706834527.862442,60043283.0,0.094,-12.42,680776,754408,721849,0.115
769,KFFB,Financial Services,Banks - Regional,NASDAQ,123.48,87,78,75,83,5.36,38573635.16575813,8086716.0,0.0052,7.63,4824,4148,3098,0.353
770,TFII,Industrials,Trucking,NYSE,123.47,86,86,88,77,147.76,12666510696.42102,82186031.0,2.38,-4.53,325160,360686,381710,-0.008
771,HQI,Industrials,Staffing & Employment Services,NASDAQ,123.43,86,80,67,76,13.81,183314742.4322033,13940285.0,0.0513,3.14,11586,15878,14949,-0.127
772,POWW,Industrials,Aerospace & Defense,NASDAQ,123.4,86,84,79,53,2.2,241614760.6086855,117288722.0,0.0287,-1.35,549278,1053469,800183,0.532
773,NTRA,Healthcare,Diagnostics & Research,NASDAQ,123.35,86,86,67,81,252.22,31990019178.046143,143215382.0,0.0272,-1.61,874374,1474231,1444186,0.388
774,VBNK,Financial Services,Banks - Regional,NASDAQ,123.33,86,88,84,80,19.47,580298969.3300858,32167347.0,4.35,2.39,107560,134230,110930,0.336
775,CBNA,Financial Services,Banks - Regional,NYSE,123.32,86,73,77,84,43.39,237865866.25,6561817.0,0.003,11.31,23656,22002,15479,0.215
776,TXN,Technology,Semiconductors,S&P 500,123.3,86,88,89,82,277.07,278197157687.1613,910092791.0,0.0223,-16.42,8759160,9555566,9042042,0.186
777,TECX,Healthcare,Biotechnology,NASDAQ,123.26,86,88,83,48,29.8,588152529.0596046,18869186.0,0.2906,-17.29,162410,185730,184246,
778,OSUR,Healthcare,Medical Instruments & Supplies,NASDAQ,123.25,86,88,53,34,4.02,296048791.03181934,68848553.0,0.0469,-7.16,379540,509200,638172,-0.067
779,TGT,Consumer Defensive,Discount Stores,S&P 500,123.15,86,79,81,63,144.2,57712288405.84614,454177135.0,0.0317,8.34,3614740,4421153,4963532,0.067
780,PHOE,Industrials,Engineering & Construction,NASDAQ,123.1,86,89,92,98,17.28,336744003.29589844,21600000.0,0.0032,-87.02,57615,45658,52285,-0.073
781,HAE,Healthcare,Medical Devices,S&P 400,123.05,86,73,34,58,82.54,3081691996.277893,45445983.0,0.0771,-5.47,595912,734394,858734,0.048
782,JCSE,Industrials,Specialty Industrial Machinery,NASDAQ,123.04,86,75,70,75,1.35,7194718.055041671,5251619.0,0.0088,-46.0,7797,15292,20987,0.617
783,BBVA,Financial Services,Banks - Diversified,NYSE,123.03,86,79,73,91,26.52,130294792005.81573,5570534220.0,0.0002,1.22,1023666,1290092,1479685,0.119
784,ASTH,Healthcare,Medical Care Facilities,S&P 600,123.03,86,92,80,16,37.97,1865328132.1991959,49583418.0,0.104399994,-4.91,593919,717743,617443,0.556
785,EQNR,Energy,Oil & Gas Integrated,NYSE,123.01,86,55,91,63,38.27,89666227580.87657,2491420489.0,0.0292,-11.94,4410131,4022490,3949322,-0.053
786,RRBI,Financial Services,Banks - Regional,NASDAQ,123.0,86,74,83,87,102.0,598680548.2630615,6584696.0,0.020399999,3.19,105488,103716,97169,0.094
787,SUN,Energy,Oil & Gas Refining & Marketing,NYSE,122.97,86,73,78,60,76.5,12235472622.870117,188411952.0,0.032899998,4.97,481260,429153,438198,1.064
788,LEA,Consumer Cyclical,Auto Parts,S&P 400,122.94,86,74,77,75,148.68,7169610324.275024,50095099.0,0.0538,-0.32,511153,577557,614462,0.047
789,STBA,Financial Services,Banks - Regional,S&P 600,122.86,86,74,69,69,53.36,1622197795.2296371,35976886.0,0.0494,17.17,320350,299533,272578,0.041
790,FORR,Industrials,Consulting Services,NASDAQ,122.85,86,64,16,18,10.31,136854603.70254517,19412000.0,0.3003,-10.89,122032,185897,142324,-0.049
791,STGW,Communication Services,Advertising Agencies,NASDAQ,122.82,86,77,63,43,7.97,1737456596.7292786,247854000.0,0.109799996,5.98,912580,1344833,1423942,0.08
792,HWM,Industrials,Aerospace & Defense,S&P 500,122.77,86,78,81,76,286.04,103327757484.75,400107483.0,0.0218,1.89,2034549,3002743,2784435,0.191
793,AMCX,Communication Services,Entertainment,NASDAQ,122.72,86,81,73,56,10.26,426977372.3699646,43927712.0,0.1996,-0.19,571419,519659,514673,-0.024
794,FBP,Financial Services,Banks - Regional,S&P 600,122.72,86,74,71,65,29.29,3709330690.151123,154684352.0,0.0731,18.87,1732506,1636462,1570471,0.081
795,PBFS,Financial Services,Banks - Regional,NASDAQ,122.62,86,75,61,68,18.02,364514300.2208328,24414889.0,0.0088,18.71,11569,19403,22025,0.083
796,LCNB,Financial Services,Banks - Regional,NASDAQ,122.6,86,65,54,70,20.98,242751972.32260895,14246007.0,0.0050999997,17.27,61704,46908,36370,-0.006
797,WHWK,Healthcare,Biotechnology,NASDAQ,122.59,86,92,94,85,3.68,233415614.98446035,49452463.0,0.022,-33.03,425970,603823,471594,-1.0
798,OPY,Financial Services,Capital Markets,NYSE,122.52,86,81,90,80,111.85,981602798.7430573,10708005.0,0.0062,-5.83,105370,126786,111876,0.231
799,FMAO,Financial Services,Banks - Regional,NASDAQ,122.49,86,69,58,65,34.44,384545495.0417175,13768188.0,0.0113,15.45,72753,103614,93002,0.165
800,PURR,Financial Services,Capital Markets,NASDAQ,122.48,86,95,86,80,6.16,1443031201.2285748,144447571.0,1.38,-39.81,9115246,12426068,15681131,
801,FNLC,Financial Services,Banks - Regional,NASDAQ,122.45,86,79,66,68,35.46,328237322.2621765,11275758.0,0.0064999997,16.91,41316,47668,36235,0.145
802,MYRG,Industrials,Engineering & Construction,S&P 600,122.43,86,95,92,86,340.72,7241465964.144775,15571036.0,0.0547,-29.71,270863,304471,285090,0.2
803,DBD,Technology,Software - Application,S&P 600,122.43,86,77,81,83,90.75,2809747705.744507,34628392.0,0.1379,1.91,259135,300531,294267,0.06
804,UNH,Healthcare,Healthcare Plans,S&P 500,122.42,86,84,74,22,428.79,345376396068.0906,908144404.0,0.0214,6.1,6580550,6178500,6549472,0.02
805,MRAM,Technology,Semiconductors,NASDAQ,122.42,86,97,96,89,13.97,618547061.5820103,23447577.0,0.127,-72.87,1177812,1645664,2493990,0.132
806,HBB,Consumer Cyclical,"Furnishings, Fixtures & Appliances",NYSE,122.4,86,78,75,84,23.84,274978308.66542816,13545730.0,0.0195,9.16,42019,42713,33713,-0.086
807,GSL,Industrials,Marine Shipping,NYSE,122.4,86,69,85,87,43.6,1312770871.6171417,36035434.0,0.023699999,2.11,289291,285220,326520,0.022
808,SGHC,Consumer Cyclical,Gambling,NYSE,122.34,86,71,82,32,15.0,6325555913.692043,508076788.0,0.1197,4.31,2342410,2976906,3223598,0.184
809,WWD,Industrials,Aerospace & Defense,S&P 400,122.29,86,86,84,91,410.55,20855788763.097015,59582861.0,0.026099999,0.87,513100,782530,759234,0.234
810,RBKB,Financial Services,Banks - Regional,NASDAQ,122.27,86,78,85,61,12.41,180717156.98215103,11100562.0,0.0166,-31.02,255590,128513,84478,0.012
811,LQDT,Consumer Cyclical,Internet Retail,S&P 600,122.21,86,83,78,69,39.33,1129072345.9627304,31181231.0,0.0354,1.29,211950,222186,193290,0.037
812,CYD,Consumer Cyclical,Auto Manufacturers,NYSE,122.17,86,82,87,97,46.43,2128039326.3587341,37518323.0,0.0251,-24.48,115099,190289,213449,0.23
813,OMER,Healthcare,Biotechnology,NASDAQ,122.12,86,89,95,93,11.28,799023916.4390993,72375355.0,0.2284,-36.09,1570597,1896055,1967689,
814,SWBI,Industrials,Aerospace & Defense,NASDAQ,122.05,86,85,91,77,14.68,677194826.001112,44493746.0,0.0336,-7.03,453770,872716,748948,0.171
815,LXP,Real Estate,REIT - Industrial,S&P 600,122.02,86,73,71,71,60.85,3044307683.698242,58952512.0,0.0001,14.47,1150408,780016,620703,-0.033
816,MLKN,Consumer Cyclical,"Furnishings, Fixtures & Appliances",S&P 600,122.0,86,75,30,74,23.6,1106303184.6263123,68374732.0,0.0563,1.81,755976,960908,880181,0.058
817,THFF,Financial Services,Banks - Regional,NASDAQ,121.98,86,79,71,80,79.91,822681368.9091187,11891896.0,0.02,13.69,95130,128753,111040,0.084
818,CBC,Financial Services,Banks - Regional,NASDAQ,121.97,86,77,66,50,32.45,6809415709.335705,239768162.0,0.0419,11.63,556720,782086,756242,0.104
819,IKT,Healthcare,Biotechnology,NASDAQ,121.92,86,65,70,25,2.31,231057113.0,132032636.0,0.2155,2.21,1039914,1071388,915532,
820,CTBI,Financial Services,Banks - Regional,NASDAQ,121.92,86,76,73,74,78.12,1214426397.1462555,18163721.0,0.0152,13.68,141585,141728,119739,0.148
821,MANU,Communication Services,Entertainment,NYSE,121.89,86,83,65,59,23.39,3622845880.037092,172434357.0,0.0801,1.96,222340,264436,359854,0.18
822,CM,Financial Services,Banks - Diversified,NYSE,121.88,86,81,85,81,119.82,99472382966.19466,914772714.0,7.2,2.37,1081433,1588201,1403512,0.153
823,JNJ,Healthcare,Drug Manufacturers - General,S&P 500,121.88,86,79,76,84,266.73,542418204483.1759,2407216971.0,0.0107,5.97,9127394,9014268,8553324,0.099
824,KMX,Consumer Cyclical,Auto & Truck Dealerships,S&P 600,121.85,86,68,21,24,58.88,6328040151.819134,141820715.0,0.1372,-18.21,3010056,3622858,3434029,-0.012
825,DAR,Consumer Defensive,Packaged Foods,S&P 400,121.82,86,74,92,86,58.42,9392606910.79609,158927363.0,0.0423,-11.51,1880492,2384127,2219146,0.123
826,VOYA,Financial Services,Financial Conglomerates,S&P 400,121.79,86,77,70,62,100.01,7363918214.976654,90666315.0,0.00029999999,19.06,947510,1104270,1151270,0.031
827,CNET,Communication Services,Advertising Agencies,NASDAQ,121.78,86,68,8,13,1.41,2457847.491223514,3668429.0,0.0164,-49.28,995050,482206,528292,-0.768
828,NEXN,Communication Services,Advertising Agencies,NASDAQ,121.77,86,68,33,12,10.46,468054522.3442097,55720779.0,0.060500003,-10.9,500147,456952,376049,0.109
829,HPQ,Technology,Computer Hardware,S&P 500,121.75,85,49,32,17,28.29,24728694374.87053,914522690.0,0.1526,-4.26,14469746,15744995,19167957,0.09
830,SON,Consumer Cyclical,Packaging & Containers,S&P 400,121.64,85,70,68,67,60.56,4812927810.692329,98868689.0,0.0975,3.63,1339530,1293236,1273112,-0.019
831,CCO,Communication Services,Advertising Agencies,NYSE,121.63,85,80,91,89,2.42,1226650293.1464047,508983506.0,0.0493,-0.41,3515252,7465617,7535510,0.119
832,DIN,Consumer Cyclical,Restaurants,NYSE,121.58,85,83,60,88,36.08,398060780.8541775,12685175.0,0.2143,-9.07,223887,320785,356557,0.048
833,TKNO,Healthcare,Drug Manufacturers - Specialty & Generic,NASDAQ,121.57,85,88,38,6,5.09,289515756.31303215,53614028.0,0.1162,-23.8,98000,195660,186482,0.131
834,ZD,Communication Services,Advertising Agencies,S&P 600,121.54,85,84,82,38,52.93,1660171466.758728,36835400.0,0.19559999,4.71,539930,677170,628818,-0.019
835,SOBO,Energy,Oil & Gas Midstream,NYSE,121.53,85,71,80,65,37.16,7500702995.9550705,208584627.0,7.23,-3.2,453070,862760,864916,-0.014
836,ACIW,Technology,Software - Infrastructure,S&P 600,121.53,85,57,33,22,59.97,4439560575.752106,101661570.0,0.0678,10.48,1072649,1104246,976327,0.079
837,TACT,Technology,Computer Hardware,NASDAQ,121.51,85,83,26,25,4.91,45934964.97395086,10276279.0,0.0037,-13.86,17920,44216,72820,0.104
838,WSFS,Financial Services,Banks - Regional,S&P 600,121.51,85,78,78,77,81.8,3718546927.874176,52044046.0,0.044499997,11.72,513170,542186,483436,0.161
839,SNDR,Industrials,Trucking,S&P 600,121.5,85,87,79,75,36.18,6188893071.441849,175124308.0,0.1181,1.06,1193870,1013916,1037004,-0.002
840,HZO,Consumer Cyclical,Specialty Retail,S&P 600,121.48,85,85,70,75,35.48,758649593.508934,22028154.0,0.19770001,-2.12,349150,299816,312488,-0.165
841,TEO,Communication Services,Telecom Services,NYSE,121.47,85,79,57,69,13.6,6336150141.851336,430737602.0,0.0050999997,-10.82,216350,441393,541210,0.305
842,PL,Industrials,Aerospace & Defense,NYSE,121.46,85,96,99,99,20.42,18225947825.914856,356393196.0,0.11350001,-60.55,8887043,11843694,13233534,0.411
843,FVCB,Financial Services,Banks - Regional,NASDAQ,121.4,85,77,73,79,18.78,283989372.9543381,17996792.0,0.0088,2.01,122562,176377,212820,0.167
844,ATLO,Financial Services,Banks - Regional,NASDAQ,121.39,85,80,83,87,30.59,254556500.77274323,8857220.0,0.019,2.96,37792,75414,74832,0.28
845,BYFC,Financial Services,Banks - Regional,NASDAQ,121.39,85,83,56,72,10.16,89072749.1394329,9278411.0,0.002,-2.87,14202,8127,6414,0.55
846,PAGP,Energy,Oil & Gas Midstream,NASDAQ,121.37,85,69,80,71,26.27,4818965494.894432,197904124.0,0.08,0.46,1154952,1189277,1432398,0.087
847,EGBN,Financial Services,Banks - Regional,S&P 600,121.37,85,79,80,88,28.39,832225388.5595703,30495616.0,0.102,-2.97,346417,355725,301025,0.353
848,VRA,Consumer Cyclical,Footwear & Accessories,NASDAQ,121.35,85,90,94,62,3.66,94130612.49275017,28438252.0,0.0533,-16.63,87040,189056,377964,-0.017
849,KNX,Industrials,Trucking,S&P 400,121.29,85,89,84,81,70.16,12289420773.6969,162494000.0,0.0621,-8.16,4570840,4277243,4311240,0.014
850,BODI,Communication Services,Internet Content & Information,NASDAQ,121.28,85,85,98,97,10.82,79224895.1212349,7241764.0,0.066700004,-35.86,24566,27982,37967,-0.25
851,CBK,Financial Services,Banks - Regional,NASDAQ,121.28,85,79,68,62,34.66,395829653.04740906,13701269.0,0.0172,15.96,77548,94219,84273,0.053
852,KGS,Energy,Oil & Gas Equipment & Services,S&P 600,121.21,85,93,94,67,56.51,6746429246.909958,100918914.0,0.0692,-27.25,1698235,1980921,1961501,0.049
853,PDEX,Healthcare,Medical Instruments & Supplies,NASDAQ,121.21,85,83,72,47,56.34,206794989.71212006,3192759.0,0.266,-17.63,104814,97288,79472,0.146
854,CVV,Industrials,Specialty Industrial Machinery,NASDAQ,121.18,85,94,92,72,6.73,41365433.90475941,6940509.0,0.0256,-20.45,71524,87351,111596,-0.778
855,CCNE,Financial Services,Banks - Regional,NASDAQ,121.15,85,78,76,72,35.45,908721830.9705143,29629013.0,0.0117,11.48,145545,183021,169169,0.486
856,PARK,Healthcare,Medical Care Facilities,NASDAQ,121.1,85,90,86,87,18.32,87501742.73081589,4515054.0,0.0055,-15.17,19588,32349,30153,0.027
857,RSVR,Communication Services,Entertainment,NASDAQ,121.09,85,71,81,34,11.1,677628868.4416351,65661714.0,0.1105,-17.1,75280,63976,67450,0.147
858,FSBC,Financial Services,Banks - Regional,NASDAQ,121.09,85,84,74,80,47.83,902714931.4047737,21376153.0,0.0229,11.92,301471,208713,169988,0.269
859,OBT,Financial Services,Banks - Regional,NASDAQ,121.03,85,78,80,78,38.88,457477670.1588135,13407904.0,0.0062,2.34,67703,90271,73638,0.17
860,ESLT,Industrials,Aerospace & Defense,NASDAQ,121.02,85,74,90,92,818.59,41223289257.63757,46797317.0,0.0070999996,-19.43,76788,89356,102529,0.155
861,WRLD,Financial Services,Credit Services,S&P 600,120.97,85,86,63,25,189.65,742904983.5205078,4500000.0,10.8984995,2.25,160930,129246,137592,0.075
862,DGICB,Financial Services,Insurance - Property & Casualty,NASDAQ,120.97,85,85,78,63,21.85,709499883.3166981,37049603.0,0.008,6.79,17602,8447,5244,-0.037
863,R,Industrials,Rental & Leasing Services,S&P 400,120.88,85,85,87,77,260.13,9705642101.451233,38691018.0,0.0469,0.44,420762,407237,395172,-0.002
864,BBAR,Financial Services,Banks - Regional,NYSE,120.86,85,85,21,60,18.84,3747743394.4601154,204236693.0,0.048499998,-11.88,474695,604305,679683,0.261
865,EPC,Consumer Defensive,Household & Personal Products,S&P 600,120.85,85,82,51,26,28.27,807344852.614357,46081326.0,0.1232,2.87,701735,996755,947297,0.006
866,UHAL,Industrials,Rental & Leasing Services,NYSE,120.85,85,77,29,36,73.27,10997819357.246704,189977880.0,0.22389999,13.16,169450,223620,249678,0.031
867,MTSI,Technology,Semiconductors,S&P 400,120.8,85,96,94,91,249.23,27820492148.973877,76295774.0,0.0433,-40.5,1286277,1703222,1695875,0.225
868,TEVA,Healthcare,Drug Manufacturers - Specialty & Generic,NYSE,120.76,85,85,91,95,31.67,41127560295.68509,1164426972.0,0.023,-15.21,4601160,5296066,5575820,0.023
869,CAC,Financial Services,Banks - Regional,NASDAQ,120.74,85,75,71,78,57.85,846241419.7521973,16914680.0,0.0376,7.71,98848,116516,107077,0.26
870,WELL,Real Estate,REIT - Healthcare Facilities,S&P 500,120.73,85,76,78,66,243.57,144945415311.06796,705914450.0,0.03,9.87,2875220,3393483,3598494,0.383
871,BEN,Financial Services,Asset Management,S&P 500,120.72,85,86,81,75,33.33,16119145003.111015,519637162.0,0.051,2.74,3908519,4546226,4354939,0.087
872,BSET,Consumer Cyclical,"Furnishings, Fixtures & Appliances",NASDAQ,120.71,85,73,33,49,19.78,129362620.9698658,8647234.0,0.0571,0.15,56223,101031,71148,-0.022
873,MAX,Communication Services,Internet Content & Information,NYSE,120.63,85,64,25,22,13.79,481153158.8769245,54062155.0,0.104499996,-0.93,1123791,966007,797526,0.173
874,RELY,Technology,Software - Infrastructure,S&P 600,120.59,85,85,84,15,23.33,4215432897.9672127,210561079.0,0.069,-6.38,2829783,3638814,3788908,0.252
875,ASIC,Financial Services,Insurance - Property & Casualty,NYSE,120.57,85,69,36,23,25.59,937117051.5138016,48032652.0,0.0301,1.15,69850,78580,72790,0.552
876,HCSG,Healthcare,Medical Care Facilities,S&P 600,120.52,85,83,80,80,23.75,1414091393.3860703,68645212.0,0.0421,-2.62,925138,815386,734619,0.034
877,QUAD,Industrials,Specialty Business Services,NYSE,120.51,85,81,84,55,8.41,384118436.5158014,51559523.0,0.0355,-2.66,122472,185837,172628,-0.077
878,GLW,Technology,Electronic Components,S&P 500,120.49,85,98,96,93,126.01,155913151528.74985,860637825.0,0.0279,-40.5,14937398,16231169,14884025,0.2
879,HTLD,Industrials,Trucking,S&P 600,120.43,85,91,89,82,13.37,1161570525.304016,77489696.0,0.048699997,-11.69,746655,658008,655163,-0.197
880,SPG,Real Estate,REIT - Retail,S&P 500,120.43,85,78,73,64,236.7,66450247055.50513,324289912.0,0.0,13.37,1364970,2237480,2052032,0.193
881,IPAR,Consumer Defensive,Household & Personal Products,S&P 600,120.43,85,63,30,31,127.67,3022273040.9314346,32025781.0,0.0779,-10.48,240501,330800,291146,0.018
882,IDT,Communication Services,Telecom Services,NYSE,120.38,85,50,37,30,67.88,1383204842.973671,25076230.0,0.0235,-4.56,185191,237157,204242,0.057
883,GWW,Industrials,Industrial Distribution,S&P 500,120.35,85,79,64,67,1398.9,58272319533.494385,47213119.0,0.0325,8.73,250393,328217,300832,0.101
884,WT,Financial Services,Asset Management,S&P 600,120.35,85,78,83,88,19.41,2913531019.6650734,152941267.0,0.19129999,-2.22,2028330,2904393,2873796,0.475
885,CRL,Healthcare,Diagnostics & Research,S&P 500,120.31,85,83,38,77,240.43,8704390811.691742,48167730.0,0.087,5.05,821344,888188,892816,0.012
886,ABVX,Healthcare,Biotechnology,NASDAQ,120.3,85,98,99,99,124.23,10569886566.183472,79694535.0,0.0315,-16.53,982158,1989616,2359163,0.352
887,LEE,Communication Services,Publishing,NASDAQ,120.28,85,88,88,32,7.94,242528598.36798096,22229936.0,0.0188,-33.16,51368,86886,83415,-0.112
888,EXEL,Healthcare,Biotechnology,S&P 400,120.27,84,76,64,65,56.51,12688404474.778774,251355083.0,0.16379999,6.7,2063115,2637425,2527615,0.1
889,APA,Energy,Oil & Gas E&P,S&P 500,120.25,84,71,95,83,34.93,12876920477.480553,353470227.0,0.0956,-23.5,4931798,5719132,5542245,-0.119
890,CNSP,Healthcare,Biotechnology,NASDAQ,120.23,84,47,3,9,5.07,7950282.643624783,1461449.0,0.0211,-60.88,9847,11075,36563,
891,FCBC,Financial Services,Banks - Regional,NASDAQ,120.23,84,70,76,63,48.4,813344698.7053375,18866729.0,0.0223,7.32,99975,92511,91575,0.104
892,VRT,Industrials,Electrical Equipment & Parts,S&P 500,120.2,84,93,96,85,269.56,121266991017.18018,384108816.0,0.0354,-29.05,4473680,5924956,6039092,0.301
893,SLF,Financial Services,Insurance - Diversified,NYSE,120.16,84,76,71,56,84.07,39795529862.05284,554255267.0,9.22,13.36,577030,550336,660856,0.002
894,EXFY,Technology,Software - Application,NASDAQ,120.15,84,83,9,13,1.79,112832595.09132493,96438119.0,0.052600004,-32.2,678371,1911003,1482902,-0.058
895,CNK,Communication Services,Entertainment,S&P 600,120.1,84,70,65,28,35.06,3270057252.0,116787759.0,0.1417,4.31,2692494,2414698,2370374,0.189
896,NVCR,Healthcare,Medical Devices,NASDAQ,120.07,84,72,66,23,16.31,1973588923.6372375,115820940.0,0.0999,-15.27,2214343,1962534,1751176,0.123
897,VTR,Real Estate,REIT - Healthcare Facilities,S&P 500,120.01,84,71,76,65,98.14,41042447125.45665,486169723.0,0.052600004,7.78,3196600,3907210,3865604,0.219
898,PAA,Energy,Oil & Gas Midstream,NASDAQ,120.0,84,68,80,70,24.43,15825075887.431183,705531684.0,0.0235,0.7,2051495,2220398,2301211,0.087
899,YETI,Consumer Cyclical,Leisure,S&P 400,120.0,84,83,55,84,51.87,3634126846.7884216,75758323.0,0.142,1.13,1274060,1150603,1314774,0.083
900,CNO,Financial Services,Insurance - Life,S&P 400,119.97,84,78,64,61,53.52,4291230796.8608093,93348503.0,0.0001,11.62,562390,826863,789090,0.025
901,GSBC,Financial Services,Banks - Regional,NASDAQ,119.97,84,76,72,63,80.77,781587315.25,10893203.0,0.047199998,11.02,139419,116886,108191,0.0
902,AIZ,Financial Services,Insurance - Property & Casualty,S&P 500,119.96,84,74,64,70,283.08,12330920178.258179,49547637.0,0.0295,8.47,304163,365021,390162,0.113
903,ESEA,Industrials,Marine Shipping,NASDAQ,119.96,84,70,87,84,76.21,449459625.08321,7055881.0,0.0185,-3.24,47841,54483,65780,-0.009
904,RCKY,Consumer Cyclical,Footwear & Accessories,NASDAQ,119.95,84,82,82,81,42.73,291549092.4292793,7541363.0,0.0312,-12.26,49724,54378,53596,0.091
905,TNET,Industrials,Staffing & Employment Services,NYSE,119.91,84,39,16,24,68.38,2098751306.2611923,45944643.0,0.0585,-18.67,393240,368056,391894,-0.049
906,AVBC,Financial Services,Banks - Regional,NYSE,119.89,84,74,79,79,22.38,353954310.94226646,18570531.0,0.0034999999,4.43,69074,152394,115868,4.107
907,MCY,Financial Services,Insurance - Property & Casualty,S&P 600,119.82,84,78,82,84,109.51,5429747037.19693,55388627.0,0.0364,5.44,265319,310259,287909,0.105
908,TX,Basic Materials,Steel,NYSE,119.81,84,73,77,84,49.33,9471845463.5,196307678.0,0.0099,-2.49,711790,561573,560442,0.0
909,EXPE,Consumer Cyclical,Travel Services,S&P 500,119.8,84,69,73,75,295.79,27099783960.017715,120022077.0,0.0744,-2.64,1390463,1571904,1547502,0.147
910,UAL,Industrials,Airlines,S&P 500,119.78,84,86,42,72,123.77,37260605764.9082,324569728.0,0.0434,3.83,4987450,5348296,5533284,0.106
911,OSBC,Financial Services,Banks - Regional,NASDAQ,119.78,84,72,67,68,25.22,1096538155.3440857,51432372.0,0.0342,12.44,522063,459274,402860,0.192
912,BHP,Basic Materials,Other Industrial Metals & Mining,NYSE,119.77,84,82,82,80,83.79,225862091432.74158,2540345092.0,0.0061000003,-8.38,2496084,2622784,2698168,0.108
913,THG,Financial Services,Insurance - Property & Casualty,S&P 400,119.77,84,72,62,52,224.15,6514539632.628799,34986787.0,0.0335,12.31,335910,342703,326820,0.061
914,SAN,Financial Services,Banks - Diversified,NYSE,119.73,84,81,76,90,13.98,179716223067.248,14400338915.0,0.0070999996,5.59,9890632,8857897,9063400,0.046
915,HIW,Real Estate,REIT - Office,S&P 600,119.72,84,73,31,30,33.64,2878117433.7656956,110272697.0,0.097200006,2.69,1467256,2030125,1836755,0.076
916,ST,Technology,Scientific & Technical Instruments,S&P 400,119.71,84,86,84,78,46.73,7182888663.1753235,145432046.0,0.061300002,-7.98,1648030,1682370,2030198,0.026
917,FDX,Industrials,Integrated Freight & Logistics,S&P 500,119.71,84,85,90,88,312.64,98246331783.0,238606756.0,0.0168,-24.46,1515285,2049895,2028753,0.083
918,IHT,Real Estate,REIT - Hotel & Motel,NYSE ARCA,119.71,84,81,17,12,1.73,14480364.001310349,9402834.0,0.0026,-59.2,20429,1002346,610329,0.076
919,HALO,Healthcare,Biotechnology,S&P 400,119.7,84,71,36,74,83.44,7892509128.593445,118613000.0,0.146,1.48,1646193,1897207,1824658,0.422
920,GGB,Basic Materials,Steel,NYSE,119.68,84,75,82,87,4.95,8852997231.0,1967332718.0,0.0067000003,-0.6,17052345,16698048,17433771,-0.038
921,NVT,Industrials,Electrical Equipment & Parts,S&P 400,119.67,84,91,91,87,141.75,27005699167.836975,161720452.0,0.028800001,-19.0,1762485,2082968,2008207,0.535
922,RXO,Industrials,Trucking,S&P 600,119.65,84,94,80,30,22.64,4218661568.3775787,164920312.0,0.24790001,-13.65,2092690,1875996,2208856,-0.006
923,SIFY,Communication Services,Telecom Services,NASDAQ,119.64,84,92,93,97,14.16,1216933705.9204102,72350400.0,8.81,-20.67,44980,58996,69038,0.24
924,GIII,Consumer Cyclical,Apparel Manufacturing,S&P 600,119.61,84,73,69,63,36.81,1363979725.9608917,42189287.0,0.2291,5.68,453877,588062,611907,-0.081
925,FRAF,Financial Services,Banks - Regional,NASDAQ,119.59,84,83,79,76,63.99,261179954.95907593,4493032.0,0.0128999995,6.65,44221,42450,34938,0.22
926,CDP,Real Estate,REIT - Office,S&P 400,119.59,84,76,64,64,38.24,3634863024.679455,113376883.0,0.0712,14.73,871262,1103974,1046154,0.073
927,KTB,Consumer Cyclical,Apparel Manufacturing,S&P 600,119.58,84,71,72,29,88.06,3966897019.8843613,55272359.0,0.1016,1.22,622175,810841,811907,0.45
928,PFG,Financial Services,Asset Management,S&P 500,119.53,84,77,75,72,114.09,22383203823.375732,216012384.0,0.0479,8.66,1875990,1622280,1423848,-0.045
929,AIN,Consumer Cyclical,Textile Manufacturing,S&P 600,119.52,84,83,48,29,76.25,1834282625.695984,28354963.0,0.0219,4.45,205025,235068,239265,0.078
930,SMBC,Financial Services,Banks - Regional,NASDAQ,119.5,84,78,74,71,78.85,760739519.0263672,11015632.0,0.0184,12.08,97230,116610,108386,0.065
931,AHR,Real Estate,REIT - Healthcare Facilities,S&P 400,119.5,84,70,77,79,57.72,10106653511.946716,206722308.0,0.097799994,5.58,2310179,3923596,3459073,0.209
932,WTBA,Financial Services,Banks - Regional,NASDAQ,119.48,84,72,69,77,28.02,407652747.03398705,17028101.0,0.0168,5.34,53850,76633,64360,0.166
933,ABBV,Healthcare,Drug Manufacturers - General,S&P 500,119.48,84,71,48,64,263.2,384666135144.8495,1766792821.0,0.014199999,7.51,5333266,8109388,6977079,0.124
934,ICUI,Healthcare,Medical Instruments & Supplies,S&P 600,119.41,84,63,27,63,165.77,3383881457.8951263,24993585.0,0.078200005,3.42,269811,300957,301616,-0.123
935,ANIK,Healthcare,Drug Manufacturers - Specialty & Generic,NASDAQ,119.39,84,81,78,28,15.15,193330713.16701508,13305624.0,0.0559,-6.71,50703,70581,69024,0.132
936,LAMR,Real Estate,REIT - Specialty,S&P 400,119.39,84,78,69,55,162.21,15470894579.75035,101475101.0,0.089499995,2.22,512160,638676,593918,0.044
937,ESE,Technology,Scientific & Technical Instruments,S&P 600,119.34,84,88,90,81,315.69,7562303348.675171,25907172.0,0.032899998,-8.81,180066,267892,261017,0.335
938,RAMP,Technology,Software - Infrastructure,S&P 600,119.31,84,78,60,19,37.75,2256900329.4781265,60087866.0,0.09729999,-0.42,868307,1112909,1913381,0.092
939,FENC,Healthcare,Biotechnology,NASDAQ,119.3,84,88,26,56,9.94,344938718.50090027,34737030.0,0.0208,-4.88,130999,225709,260159,0.726
940,RS,Basic Materials,Steel,S&P 400,119.29,84,74,74,69,414.33,19437745161.104187,51048522.0,0.0219,7.23,390534,403471,368548,0.155
941,SHO,Real Estate,REIT - Hotel & Motel,S&P 600,119.27,84,78,66,35,11.78,2015671484.5484161,186291270.0,0.0001,6.61,2358520,3103366,2761278,0.11
942,LUV,Industrials,Airlines,S&P 500,119.27,84,86,60,92,46.31,20992831346.25475,488773713.0,0.0637,-15.97,6091022,6549464,6448832,0.128
943,CASS,Industrials,Specialty Business Services,NASDAQ,119.27,84,70,66,66,55.96,592458972.7581482,12871149.0,0.020299999,6.69,77582,88230,85828,0.032
944,IMNM,Healthcare,Biotechnology,NASDAQ,119.25,84,86,90,96,23.22,2472256092.3796806,113250394.0,0.1821,-16.02,939674,1552588,1470358,
945,UNFI,Consumer Defensive,Food Distribution,S&P 600,119.23,84,82,88,78,50.78,3128848709.9754257,60931817.0,0.051999997,-4.51,479100,637456,655162,-0.026
946,PXS,Energy,Oil & Gas Midstream,NASDAQ,119.21,84,74,86,61,4.53,42595045.477622986,10239194.0,0.0053,-7.93,22959,37639,50669,0.039
947,NBR,Energy,Oil & Gas Drilling,NYSE,119.2,83,91,97,91,75.64,1370545010.0318222,14795909.0,0.0654,-33.0,228365,280495,282749,0.064
948,LFUS,Technology,Electronic Components,S&P 400,119.2,83,90,90,85,392.05,11806630486.999023,25288904.0,0.026500002,-18.99,374253,375051,360722,0.185
949,CMP,Basic Materials,Other Industrial Metals & Mining,NYSE,119.16,83,87,84,92,29.69,1339310471.361168,41958348.0,0.0388,-9.2,305927,415622,523405,-0.084
950,CSX,Industrials,Railroads,S&P 500,119.14,83,79,81,69,50.84,84099361503.73563,1858138856.0,0.0182,7.76,16059505,13425155,12949007,0.017
951,QUCY,Healthcare,Diagnostics & Research,NASDAQ,119.13,83,96,2,10,1.09,58284168.93724728,22767254.0,0.78419995,-77.89,605496,3717548,7903765,
952,SCCO,Basic Materials,Copper,NYSE,119.13,83,78,84,96,178.96,159606507234.45996,834325691.0,0.121800005,-19.27,1348973,1321257,1317206,0.362
953,CPF,Financial Services,Banks - Regional,S&P 600,119.13,83,74,70,73,39.71,896838244.3709259,26101229.0,0.024600001,12.02,166525,172795,152839,0.092
954,BY,Financial Services,Banks - Regional,NYSE,119.12,83,77,66,73,39.2,1502592387.238903,45409259.0,0.0257,14.19,328154,364911,313856,0.138
955,LXFR,Industrials,Specialty Industrial Machinery,NYSE,119.04,83,86,71,79,17.05,459919163.8138294,27006409.0,0.013300001,-0.99,369792,228990,196790,-0.135
956,RMR,Real Estate,Real Estate Services,NASDAQ,119.0,83,83,77,41,20.05,341012963.99121475,17093381.0,0.0862,-2.46,165990,159736,151722,-0.009
957,AROW,Financial Services,Banks - Regional,NASDAQ,118.98,83,82,80,80,40.18,606615009.9106407,16529019.0,0.0135,5.49,100217,112482,95525,0.294
958,SU,Energy,Oil & Gas Integrated,NYSE,118.97,83,60,90,85,63.9,73631270706.70967,1180745189.0,3.65,-9.09,3699350,4642586,4421848,0.175
959,FMBH,Financial Services,Banks - Regional,NASDAQ,118.95,83,71,63,72,52.58,1172425793.4937592,26615796.0,0.0104,17.24,168588,185126,156135,0.145
960,TJGC,Communication Services,Advertising Agencies,NASDAQ,118.92,83,87,68,9,5.14,22119000.577926636,10100000.0,0.0139,-96.88,178850,113593,190539,0.084
961,NREF,Real Estate,REIT - Mortgage,NYSE,118.92,83,70,60,66,17.13,294217726.2190428,18848029.0,0.045,6.66,51462,65900,66006,-0.048
962,COKE,Consumer Defensive,Beverages - Non-Alcoholic,S&P 400,118.91,83,80,88,76,195.0,11532929212.791412,66564294.0,0.0643,-11.22,446559,555873,558903,0.083
963,CFFN,Financial Services,Banks - Regional,S&P 600,118.89,83,78,76,79,8.78,966531400.9473972,124392716.0,0.062800005,10.16,837759,840469,780273,0.134
964,DCOM,Financial Services,Banks - Regional,S&P 600,118.86,83,80,77,80,40.81,1650726752.4457855,44113491.0,0.1014,7.39,328227,348812,309107,0.181
965,DGX,Healthcare,Diagnostics & Research,S&P 500,118.86,83,63,60,55,235.94,21574733336.462616,110696429.0,0.0337,10.51,1428167,1068249,967007,0.092
966,JTAI,Technology,Software - Application,NASDAQ,118.78,83,1,0,0,1.78,11828718.286125183,1421721.0,0.0754,-99.81,4658345,2902187,2769531,-0.516
967,TILE,Consumer Cyclical,"Furnishings, Fixtures & Appliances",S&P 600,118.77,83,84,65,83,34.45,1718463305.3466797,58056192.0,0.0683,-1.88,329140,516130,548412,0.113
968,CIVB,Financial Services,Banks - Regional,NASDAQ,118.76,83,76,65,68,29.3,538288705.2717819,20783348.0,0.0123000005,3.5,115368,154346,125675,0.226
969,BNS,Financial Services,Banks - Diversified,NYSE,118.72,83,80,76,82,88.34,98147387541.68701,1226076000.0,2.95,7.44,2392870,2950980,2720570,0.126
970,PLTS,Technology,Software - Application,NASDAQ,118.7,83,77,89,93,17.5,316034425.0,18059110.0,0.0011,-10.26,0,0,0,-0.777
971,GEF,Consumer Cyclical,Packaging & Containers,S&P 400,118.7,83,64,57,76,83.36,3598166630.2134705,56816146.0,1.0,8.06,218991,236797,223784,-0.005
972,CEVA,Technology,Semiconductors,NASDAQ,118.66,83,95,80,20,31.7,1113817559.866993,27859369.0,0.057600003,-25.71,663430,743663,827560,0.115
973,AERT,Industrials,Consulting Services,NASDAQ,118.65,83,93,35,19,6.35,37657287.0,50209716.0,0.0064999997,318.31,23686,31085,43127,-0.008
974,ADM,Consumer Defensive,Farm Products,S&P 500,118.56,83,75,79,76,83.18,38450491135.73416,481956527.0,0.0367,0.1,3126201,3450230,3480334,0.016
975,CLDX,Healthcare,Biotechnology,NASDAQ,118.55,83,85,84,59,35.58,2467005846.9138794,78492072.0,0.1078,-0.59,957754,1226871,1031154,-0.978
976,BLX,Financial Services,Banks - Regional,NYSE,118.53,83,81,77,74,60.08,2078934820.400879,37230208.0,0.0089,3.96,142264,206711,195552,0.077
977,OVV,Energy,Oil & Gas E&P,S&P 400,118.52,83,66,90,68,59.15,15748282657.320213,281018601.0,0.045,-6.79,4011091,3511333,3327074,0.085
978,TGB,Basic Materials,Copper,NYSE ARCA,118.47,83,82,93,98,6.88,2713103120.0366764,365647317.0,1.59,-25.62,5157230,4988063,5045756,0.704
979,CVEO,Consumer Cyclical,Lodging,NYSE,118.42,83,85,83,66,34.38,373713575.09814453,10943296.0,0.045,-5.81,158706,193115,145367,0.199
980,ICLR,Healthcare,Diagnostics & Research,NASDAQ,118.41,83,77,15,41,180.24,10418516473.545837,76567325.0,0.0434,-14.58,795466,895485,1004847,0.124
981,AGYS,Technology,Software - Application,S&P 600,118.38,83,60,14,23,110.7,2438103337.473816,28166629.0,0.048499998,-23.79,319667,362729,423141,0.117
982,PINE,Real Estate,REIT - Retail,NYSE,118.35,83,81,76,73,20.41,318431149.99441147,16524709.0,0.014099999,-1.87,165418,190866,174059,0.296
983,NHPAP,Real Estate,REIT - Healthcare Facilities,NASDAQ,118.33,83,81,79,79,23.15,,,0.71,3.16,4912,5417,13842,-0.002
984,MOD,Consumer Cyclical,Auto Parts,NYSE,118.32,83,92,94,91,208.06,14730850787.767181,52815785.0,0.0725,-35.63,1088889,1561639,1530347,0.475
985,FBIZ,Financial Services,Banks - Regional,NASDAQ,118.32,83,69,61,71,68.68,480991792.1478958,8362166.0,0.0095,13.45,78040,65133,53426,0.083
986,TRMD,Energy,Oil & Gas Midstream,NASDAQ,118.3,83,76,91,79,29.8,2787713628.3364677,102338974.0,0.0094,-15.65,443760,803130,826436,0.155
987,NAAS,Consumer Cyclical,Specialty Retail,NASDAQ,118.26,83,36,10,15,3.34,38190876.56105876,12055201.0,0.0061000003,-42.81,20775,29441,20125,-0.353
988,TENB,Technology,Software - Infrastructure,NASDAQ,118.25,83,87,21,13,31.37,3112977747.3114967,110271973.0,0.1658,-12.1,3412190,3551120,3688368,0.096
989,ADEA,Technology,Software - Application,S&P 600,118.13,83,93,95,82,25.15,2945945934.813057,110293749.0,0.1106,-26.76,1213359,1590652,1891859,0.195
990,STNG,Energy,Oil & Gas Midstream,NYSE,118.12,83,74,89,78,79.09,3708255064.8571014,49768554.0,0.0368,-9.5,492300,841690,809080,0.462
991,CMI,Industrials,Specialty Industrial Machinery,S&P 500,118.1,83,88,90,91,641.6,89227871067.98474,137989067.0,0.014400001,-10.65,902853,1064464,1031820,0.027
992,NSP,Industrials,Staffing & Employment Services,S&P 600,118.03,83,69,18,19,52.58,1315691750.1332397,38169182.0,0.1421,-18.52,608390,741326,726116,0.017
993,KSS,Consumer Cyclical,Department Stores,S&P 600,118.02,83,86,74,89,19.09,1611955209.820939,112253151.0,0.2716,-24.31,3057963,4192771,5030322,-0.02
994,PHIN,Consumer Cyclical,Auto Parts,S&P 600,118.0,83,84,82,87,80.5,2860208390.164444,37020558.0,0.1121,-0.75,248600,390113,363914,0.103
995,WSBC,Financial Services,Banks - Regional,S&P 600,117.99,83,69,61,71,42.01,3332656550.7598877,96180560.0,0.0248,10.26,1172610,1827893,1414964,1.077
996,GRDX,Healthcare,Biotechnology,NASDAQ,117.99,83,95,80,94,2.99,37324116.288290024,6653140.0,0.0097,-48.8,59066,72158,103745,
997,ING,Financial Services,Banks - Diversified,NYSE,117.98,83,76,74,86,33.28,88727541525.3526,2867729153.0,0.0011,5.99,2001220,3398993,3399636,0.029
998,HR,Real Estate,REIT - Healthcare Facilities,S&P 400,117.91,83,75,70,46,21.87,6902709860.197498,346521578.0,0.08270001,6.11,3760499,3868929,3931327,-0.065
999,AIRS,Healthcare,Medical Care Facilities,NASDAQ,117.9,83,84,17,7,4.66,379535771.8533125,70545681.0,0.105500005,-61.17,420119,474503,615401,0.0
1000,SBFG,Financial Services,Banks - Regional,NASDAQ,117.88,83,70,51,64,26.62,135542529.59376717,6275117.0,0.0249,11.24,22947,62755,43501,0.118
1001,LAUR,Consumer Defensive,Education & Training Services,S&P 600,117.84,83,68,63,85,37.72,4477905433.071512,139978289.0,0.0512,-0.5,1130123,1295121,1245478,0.154
1002,WSBF,Financial Services,Banks - Regional,NASDAQ,117.84,83,76,75,83,20.6,334162551.95202255,18053082.0,0.0126,9.11,71120,89326,74250,0.172
1003,FNWB,Financial Services,Banks - Regional,NASDAQ,117.84,83,73,54,66,11.79,90089231.48288059,9036031.0,0.0046,7.38,23998,24006,26629,0.664
1004,NOK,Technology,Communication Equipment,NYSE,117.78,83,95,97,76,8.93,82844807949.46712,5582534171.0,0.0108,-46.3,115907314,98659924,108623832,0.024
1005,WBI,Energy,Oil & Gas Equipment & Services,NYSE,117.75,83,83,81,31,31.95,1375219725.75,47016059.0,0.0947,0.16,629950,1688696,1311518,1.053
1006,EBC,Financial Services,Banks - Regional,S&P 600,117.71,82,73,72,82,23.55,4241555124.01997,214979991.0,0.038900003,4.32,3070133,4250111,3462950,
1007,ODFL,Industrials,Trucking,S&P 500,117.7,82,79,83,76,226.28,46824057648.112335,207968283.0,0.0681,-3.21,1402288,1726406,1810373,-0.029
1008,EXPD,Industrials,Integrated Freight & Logistics,S&P 500,117.66,82,71,67,84,171.42,20663691821.12715,130791133.0,0.0469,2.53,1232114,1270234,1258930,0.044
1009,MFC,Financial Services,Insurance - Life,NYSE,117.62,82,73,70,72,44.64,63734926437.78765,1668890514.0,7.38,10.47,1570333,1593924,2025444,0.121
1010,HQL,Financial Services,Asset Management,NYSE,117.61,82,83,76,76,19.37,543087737.979599,30408047.0,0.33,4.93,171025,155425,137779,-0.699
1011,OGN,Healthcare,Drug Manufacturers - General,S&P 600,117.61,82,93,88,34,13.52,3503095539.1497116,262600862.0,0.0867,0.3,2753198,2584492,2696471,-0.035
1012,IQV,Healthcare,Diagnostics & Research,S&P 500,117.6,82,56,21,55,242.94,30410850120.544434,166900000.0,0.0342,-1.66,1560323,1559861,1598152,0.084
1013,PEBK,Financial Services,Banks - Regional,NASDAQ,117.58,82,75,78,79,43.43,223541266.7979355,5309769.0,0.014199999,0.28,44194,37248,36728,0.04
1014,RUSHA,Consumer Cyclical,Auto & Truck Dealerships,S&P 600,117.54,82,74,81,81,78.82,5387793277.325455,77712291.0,0.090500005,2.38,431020,530980,505734,-0.09
1015,NHPBP,Real Estate,REIT - Healthcare Facilities,NASDAQ,117.49,82,81,79,77,22.56,,,0.25,1.39,2169,3156,8961,-0.002
1016,BIIB,Healthcare,Drug Manufacturers - General,S&P 500,117.43,82,81,79,77,205.61,28936874932.0,147637117.0,0.0357,-0.17,1152588,1399332,1245203,0.019
1017,CFG,Financial Services,Banks - Regional,S&P 500,117.41,82,79,81,86,72.94,26328628999.1267,422881942.0,0.0002,6.03,4958805,4992235,4716521,0.138
1018,CSTE,Industrials,Building Products & Equipment,NASDAQ,117.37,82,90,15,86,2.07,64313359.994629025,34577075.0,0.0255,-19.77,78340,158093,154878,-0.035
1019,KVHI,Communication Services,Telecom Services,NASDAQ,117.33,82,83,89,66,8.84,180939124.07353878,19497751.0,0.0078,-32.0,199970,324200,321110,0.272
1020,BSRR,Financial Services,Banks - Regional,NASDAQ,117.26,82,77,72,79,40.98,496747402.3328247,13079184.0,0.0273,5.08,85024,75674,70498,0.112
1021,SXI,Industrials,Specialty Industrial Machinery,S&P 600,117.25,82,91,84,76,293.62,3355954661.529785,12114922.0,0.0871,3.13,133670,207550,188700,0.081
1022,ROLR,Consumer Cyclical,Gambling,NYSE ARCA,117.25,82,97,97,94,6.17,60000356.58861494,10968987.0,0.0596,-81.68,77591,141863,448078,-0.503
1023,ASC,Industrials,Marine Shipping,NYSE,117.24,82,70,88,62,16.39,656106030.0070076,40802614.0,0.0446,-18.17,485721,644453,653528,0.188
1024,DBI,Consumer Cyclical,Footwear & Accessories,NYSE,117.24,82,86,95,95,6.35,391786291.47232676,50749521.0,0.45720002,-27.43,446499,663709,684919,0.0
1025,WEYS,Consumer Cyclical,Footwear & Accessories,NASDAQ,117.23,82,76,67,64,39.28,336391417.3069916,9532202.0,0.01,7.38,17120,20053,19246,-0.0
1026,UBS,Financial Services,Banks - Diversified,NYSE,117.19,82,79,68,82,52.03,154319073122.9605,3277805164.0,0.0022,5.41,1859850,1842486,2043380,0.138
1027,NXDR,Communication Services,Internet Content & Information,NYSE,117.15,82,82,28,45,2.3,804728059.7408354,381387725.0,0.032,-38.17,2526267,2755502,2739389,0.138
1028,CZFS,Financial Services,Banks - Regional,NASDAQ,117.14,82,70,63,72,76.88,312464982.2145996,4804936.0,0.008,10.49,19900,16616,12534,0.136
1029,PDLB,Financial Services,Banks - Regional,NASDAQ,117.11,82,75,71,73,20.49,456667550.58070564,24187901.0,0.0146,7.0,69443,75641,83508,0.151
1030,HFRO,Financial Services,Asset Management,NYSE,117.1,82,79,62,63,7.33,359034134.01679516,55406502.0,0.0002,7.32,131407,176082,172899,
1031,NBTB,Financial Services,Banks - Regional,S&P 600,117.07,82,67,53,58,53.64,2404953214.9774475,52010232.0,0.0399,14.32,445304,416554,371820,0.216
1032,MET,Financial Services,Insurance - Life,S&P 500,116.96,82,64,53,38,97.49,53205788826.40057,643436779.0,0.0189,14.3,3825819,3838876,3737391,0.027
1033,BTE,Energy,Oil & Gas E&P,NYSE,116.95,82,83,96,91,4.01,3537425903.41568,723400000.0,0.6,-25.19,17070320,19337943,19129690,0.016
1034,TNK,Energy,Oil & Gas Midstream,NYSE,116.95,82,68,87,80,76.78,2437195357.437668,34643858.0,0.0377,-8.58,296680,369113,362392,0.235
1035,NUTX,Healthcare,Medical Care Facilities,NASDAQ,116.94,82,87,42,91,149.03,888449682.490036,6881339.0,0.21049999,-22.81,112249,125343,127855,0.022
1036,XPO,Industrials,Trucking,S&P 400,116.93,82,82,92,82,204.73,25155088429.25,117409981.0,0.062,-11.55,986140,1234280,1440600,0.073
1037,JBLU,Industrials,Airlines,S&P 600,116.92,82,75,50,71,6.0,2034943272.1273298,372018894.0,0.2019,-7.69,40843190,33440666,30080360,0.047
1038,GL,Financial Services,Insurance - Life,S&P 500,116.9,82,79,67,62,179.17,11898283602.15541,77644761.0,0.01,13.46,769608,715319,660407,0.054
1039,VRNS,Technology,Software - Infrastructure,NASDAQ,116.88,82,77,17,12,44.67,4010840056.261009,117447727.0,0.085200004,-30.09,1886930,2415216,2152616,0.269
1040,NATL,Technology,Software - Application,S&P 600,116.86,82,61,81,67,47.06,3291386271.9933395,73797901.0,0.0337,-2.97,577163,697341,668080,0.065
1041,TBBB,Consumer Defensive,Discount Stores,NYSE,116.85,82,80,71,82,39.91,4457357339.2128525,117857149.0,0.0729,-0.45,501760,577763,764776,0.334
1042,NET,Technology,Software - Infrastructure,NYSE,116.83,82,70,70,34,264.1,85475210438.40411,353466247.0,0.032,1.58,2703270,3094460,3468670,0.335
1043,GM,Consumer Cyclical,Auto Manufacturers,S&P 500,116.82,82,67,75,89,90.3,75054608905.63535,901665195.0,0.0242,3.06,8748704,8354754,8270316,-0.009
1044,OFG,Financial Services,Banks - Regional,S&P 600,116.82,82,68,68,46,53.03,1925292351.9930687,42258391.0,0.040900003,13.19,372320,437433,370546,0.069
1045,CATY,Financial Services,Banks - Regional,S&P 600,116.81,82,77,74,69,63.55,3865265478.2711983,67035475.0,0.0432,8.61,587414,594884,513726,0.141
1046,VTVT,Healthcare,Biotechnology,NASDAQ,116.69,82,83,85,96,31.08,131354104.89009094,3938654.0,0.060599998,-29.36,106050,76913,61584,
1047,BRUN,Technology,Software - Infrastructure,NASDAQ,116.69,82,98,89,49,16.69,2091646302.833641,61428674.0,3.05,-57.94,1705615,1639641,1888759,2.479
1048,BMA,Financial Services,Banks - Regional,NYSE,116.65,82,85,24,66,90.83,5804385065.349426,63939030.0,0.0269,-14.43,251952,244110,279144,-0.033
1049,CTO,Real Estate,REIT - Diversified,NYSE,116.63,82,78,75,54,21.91,694252789.8251648,33783592.0,0.0195,4.68,272688,375096,398875,0.15
1050,NXDT,Real Estate,REIT - Diversified,NYSE,116.57,82,79,86,85,5.34,276204982.4124222,51723778.0,0.0208,-4.81,129208,154162,156385,-0.204
1051,NPO,Industrials,Specialty Industrial Machinery,S&P 600,116.57,82,91,85,73,313.65,6485674375.044922,21126664.0,0.0228,-4.08,219501,315493,264242,0.109
1052,SWK,Industrials,Tools & Accessories,S&P 500,116.55,82,81,66,71,94.19,12346280608.23236,155455564.0,0.0548,0.88,1654880,1691710,1585006,0.027
1053,AVBP,Healthcare,Biotechnology,NASDAQ,116.55,82,90,87,63,29.98,1409823091.88031,46574928.0,0.16690001,-6.72,616767,635625,610557,
1054,MICC,Consumer Defensive,Packaged Foods,NYSE,116.54,82,65,32,70,18.5,9927962248.957638,612837147.0,7.43,-7.18,1135662,1334757,1430234,-0.041
1055,CNI,Industrials,Railroads,NYSE,116.5,82,71,72,41,129.52,71912431851.19629,606600000.0,3.73,8.05,1808468,1595436,1587173,-0.005
1056,OPK,Healthcare,Diagnostics & Research,NASDAQ,116.39,82,71,25,30,1.65,1102434722.5644836,755092256.0,0.0771,3.12,6000519,4121763,3634941,-0.172
1057,OSW,Consumer Cyclical,Leisure,S&P 600,116.37,82,77,77,31,27.73,2410977592.5,101514846.0,0.0641,7.69,694662,950437,789062,0.127
1058,ZIP,Communication Services,Internet Content & Information,NYSE,116.35,82,82,25,7,4.27,264133062.77745962,81522550.0,0.0678,-34.81,529010,720063,668472,-0.023
1059,SPNT,Financial Services,Insurance - Reinsurance,S&P 600,116.34,82,65,75,66,26.31,2509524520.338764,117542130.0,0.0294,8.18,677490,845403,808894,0.065
1060,SKT,Real Estate,REIT - Retail,S&P 600,116.33,82,71,71,42,42.11,4143571910.5126724,114875851.0,0.0559,10.96,882440,1100156,1024382,0.117
1061,HOFT,Consumer Cyclical,"Furnishings, Fixtures & Appliances",NASDAQ,116.32,82,85,71,89,13.98,129006282.86789417,10777467.0,0.0218,-12.57,57730,91850,71994,-0.205
1062,WTI,Energy,Oil & Gas E&P,NYSE,116.3,82,85,97,82,3.18,547501938.5719829,148777698.0,0.2041,-37.4,3907700,4256660,4879374,0.155
1063,XERS,Healthcare,Drug Manufacturers - Specialty & Generic,NASDAQ,116.29,82,76,36,78,8.24,1063475032.456913,172642055.0,0.074099995,-18.25,1450350,2076890,1856838,0.383
1064,SXC,Basic Materials,Coking Coal,NYSE,116.27,82,64,27,37,9.18,764527333.4013557,84853198.0,0.046,-1.29,1337400,1360830,1474952,0.044
1065,FRST,Financial Services,Banks - Regional,NASDAQ,116.26,81,83,82,84,16.0,357461006.5198364,24772072.0,0.0138,6.88,187804,248494,237352,-0.227
1066,INGM,Technology,Information Technology Services,NYSE,116.26,81,76,88,43,30.07,6510060260.75,230444611.0,0.13229999,-4.17,795194,1333201,1294574,0.137
1067,HBM,Basic Materials,Copper,NYSE,116.19,81,87,93,97,21.78,11582238769.432682,397196119.0,1.85,-25.59,4415776,4817315,5386857,0.273
1068,NMR,Financial Services,Capital Markets,NYSE,116.18,81,65,63,80,9.61,23702223328.16753,2922592396.0,0.0007,0.31,874200,1166526,1295292,0.275
1069,AKAM,Technology,Software - Infrastructure,S&P 500,116.18,81,74,75,65,111.79,21740939366.44139,145385451.0,0.1468,-32.43,3297791,3767467,4385936,0.058
1070,DKL,Energy,Oil & Gas Refining & Marketing,NYSE,116.16,81,63,75,76,57.7,2625445970.3097687,53168204.0,0.029000001,3.24,62737,98795,81675,0.19
1071,BDL,Consumer Cyclical,Restaurants,NYSE ARCA,116.16,81,87,57,62,39.41,63193998.0,1858647.0,0.0023999999,9.53,52921,35347,22242,0.059
1072,JILL,Consumer Cyclical,Apparel Retail,NYSE,116.12,81,51,23,37,18.59,188862125.28725624,14906245.0,0.08930001,-1.12,89811,82397,77034,-0.031
1073,WCC,Industrials,Industrial Distribution,S&P 400,116.12,81,87,89,87,330.67,17590746497.636353,48704892.0,0.0444,-12.35,733880,708826,625952,0.138
1074,EBAY,Consumer Cyclical,Internet Retail,S&P 500,116.11,81,78,73,70,117.44,48515878509.521484,444000000.0,0.0326,-1.57,4031065,3506768,3962207,0.195
1075,NRXP,Healthcare,Biotechnology,NASDAQ,116.09,81,89,78,20,3.54,160132147.40405273,36228992.0,0.1356,-22.79,729436,869422,1234443,
1076,MGM,Consumer Cyclical,Resorts & Casinos,S&P 500,116.07,81,82,70,48,46.2,11173022963.972397,255851235.0,0.2049,4.34,2138777,2909492,4176809,0.042
1077,CGAU,Basic Materials,Gold,NYSE,116.07,81,82,93,96,16.07,3509174637.0016003,198595055.0,3.3,-24.09,1198596,1494202,1481059,0.618
1078,VCEL,Healthcare,Biotechnology,S&P 600,116.05,81,80,36,30,46.71,1702104132.7487183,51068228.0,0.1347,1.61,462630,641866,610006,0.301
1079,NWFL,Financial Services,Banks - Regional,NASDAQ,116.05,81,68,62,75,34.05,329225825.78463364,10890699.0,0.0085,5.65,38607,51659,38879,0.334
1080,TE,Industrials,Electrical Equipment & Parts,NYSE,116.03,81,98,96,99,4.15,2949105889.9869347,279271380.0,0.236,-63.69,44393900,36748540,42776294,2.323
1081,BELFA,Technology,Electronic Components,NASDAQ,116.03,81,94,96,95,209.95,3116299883.6412964,12722707.0,0.044899996,-23.99,167585,203541,182161,0.172
1082,RBB,Financial Services,Banks - Regional,NASDAQ,116.02,81,83,80,71,26.56,405106442.2521057,16935888.0,0.0154,7.4,210068,254512,203769,0.61
1083,FMX,Consumer Defensive,Beverages - Brewers,NYSE,116.02,81,76,74,70,127.73,40551314720.16907,340681468.0,2.67,1.61,432492,521860,534356,0.061
1084,CAH,Healthcare,Medical Distribution,S&P 500,115.99,81,76,63,83,232.51,46091712978.73955,234205855.0,0.0366,-0.47,1990997,2390655,2338895,0.11
1085,AGM,Financial Services,Credit Services,NYSE,115.97,81,69,53,42,212.64,1928843281.5812683,10848998.0,0.00059999997,0.95,109047,136069,136179,0.142
1086,PRK,Financial Services,Banks - Regional,S&P 600,115.95,81,62,62,60,206.97,3104564984.660095,18096089.0,0.0286,15.32,123810,124293,109500,0.212
1087,LONA,Healthcare,Biotechnology,NASDAQ,115.95,81,91,97,72,6.97,89614123.20166588,9393514.0,0.0084,-50.95,23071,32777,32948,
1088,THRM,Consumer Cyclical,Auto Parts,S&P 600,115.94,81,58,35,32,42.08,1063837598.1553078,30666983.0,0.0375,6.59,600290,460836,402460,0.113
1089,FULT,Financial Services,Banks - Regional,S&P 600,115.93,81,76,72,73,24.68,4145687582.4163475,191133586.0,0.0502,7.35,1939713,2167084,1956684,0.042
1090,MKTW,Financial Services,Financial Data & Stock Exchanges,NASDAQ,115.93,81,52,65,58,20.49,45492566.59603119,2638780.0,0.0121,-5.75,6845,14805,16005,-0.078
1091,FLYW,Technology,Software - Infrastructure,NASDAQ,115.9,81,84,68,28,16.56,1979622908.1924438,123417880.0,0.0364,-8.25,1984081,2321443,2289414,0.41
1092,FFBC,Financial Services,Banks - Regional,S&P 600,115.9,81,79,74,73,33.79,3227627568.256428,104929374.0,0.0433,7.68,1565687,1250002,1092543,0.323
1093,NUTR,Consumer Cyclical,Travel Services,NASDAQ,115.9,81,78,88,93,9.0,174412512.0,19379168.0,0.0682,-11.24,0,0,0,3.432
1094,SHOO,Consumer Cyclical,Footwear & Accessories,S&P 600,115.89,81,80,76,88,44.06,3174831239.4724274,73085436.0,0.0945,-6.02,767740,1103006,1041570,0.18
1095,ESOA,Industrials,Engineering & Construction,NASDAQ,115.89,81,93,93,27,15.05,278589013.1644821,18659679.0,0.0325,-24.52,117954,133494,136200,0.215
1096,ENS,Industrials,Electrical Equipment & Parts,S&P 400,115.87,81,92,93,93,183.57,8324956755.38736,36517773.0,0.051599998,-24.86,397510,552830,550458,0.013
1097,SNAL,Communication Services,Electronic Gaming & Multimedia,NASDAQ,115.87,81,22,16,15,5.05,38530289.13731611,42622002.0,0.48720002,133.8,168330,367215,580488,0.357
1098,USB,Financial Services,Banks - Regional,S&P 500,115.87,81,73,73,80,64.43,85143638644.62857,1552299745.0,0.0,5.29,9413100,9375203,8908658,0.046
1099,PRU,Financial Services,Insurance - Life,S&P 500,115.86,81,56,34,49,123.93,34954798556.48958,347325107.0,0.0401,3.48,1680095,1818671,1806967,0.153
1100,EE,Energy,Oil & Gas Midstream,NYSE,115.79,81,74,73,84,37.33,1048738043.5373955,31837829.0,0.0889,-13.54,289795,345145,335773,0.376
1101,PCB,Financial Services,Banks - Regional,NASDAQ,115.78,81,78,68,65,28.15,349747139.7659073,14234723.0,0.0136,11.93,50817,46522,38201,0.176
1102,GE,Industrials,Aerospace & Defense,S&P 500,115.77,81,80,56,73,363.59,338274042470.6941,1044829603.0,0.0137,4.34,4418079,4773293,4785857,0.247
1103,BNL,Real Estate,REIT - Diversified,S&P 600,115.76,81,72,70,65,22.4,3879437319.8662376,191766555.0,0.0652,7.93,1299082,1947927,1826428,0.117
1104,VOD,Communication Services,Telecom Services,NASDAQ,115.68,81,58,82,88,16.39,34447426778.87857,2302635474.0,0.0044,-1.32,4033120,4338833,3880438,
1105,PCAR,Industrials,Farm & Heavy Construction Machinery,S&P 500,115.63,81,62,67,81,138.21,58086212540.2183,526286229.0,0.0286,4.8,3810701,3522467,3330548,-0.089
1106,HQH,Financial Services,Asset Management,NYSE,115.62,81,80,70,67,21.84,1143272784.549736,57192236.0,1.08,6.74,334915,253548,212501,-0.487
1107,BPRN,Financial Services,Banks - Regional,NASDAQ,115.57,81,64,63,73,41.85,245473852.23579407,6811150.0,0.0066000004,10.16,17420,19100,15230,0.038
1108,FCCO,Financial Services,Banks - Regional,NASDAQ,115.56,81,67,64,72,35.01,282502672.5809479,9397960.0,0.0068,11.11,54862,84354,96254,0.281
1109,ADI,Technology,Semiconductors,S&P 500,115.56,81,86,91,86,365.83,201580974476.94336,487087040.0,0.0217,-16.04,3943416,4889182,5034679,0.372
1110,SNDX,Healthcare,Biotechnology,NASDAQ,115.55,81,81,86,89,19.63,1735870442.450817,88610027.0,0.2493,-23.29,1306860,2004366,1876406,2.236
1111,BMY,Healthcare,Drug Manufacturers - General,S&P 500,115.5,81,64,78,68,63.6,116765634526.6507,2042071247.0,0.018,1.13,9807881,12300390,11948204,0.026
1112,BOF,Consumer Defensive,Packaged Foods,NASDAQ,115.5,81,88,87,73,3.96,52840304.23032522,15316030.0,0.004,-20.0,16443,66737,83256,-0.184
1113,NTRS,Financial Services,Asset Management,S&P 500,115.49,81,79,81,79,180.86,30616068271.380585,185047258.0,0.016,4.43,1323850,1102416,1113532,0.139
1114,IBKR,Financial Services,Capital Markets,S&P 500,115.48,81,84,78,75,90.91,38743810468.88464,445484764.0,0.0299,2.79,4451883,4548504,5002534,0.168
1115,HIMX,Technology,Semiconductors,NASDAQ,115.47,81,92,85,29,11.98,3587940997.7494354,174425914.0,0.056999996,-46.61,1284108,2144532,3233137,-0.075
1116,PRE,Healthcare,Diagnostics & Research,NASDAQ,115.45,81,79,91,97,18.26,358708256.5851345,17000391.0,0.044,-22.73,326731,212677,253198,
1117,VLY,Financial Services,Banks - Regional,S&P 400,115.42,81,81,81,82,14.49,7630390705.72126,554131478.0,0.0929,2.62,8232970,7288460,6803324,0.238
1118,MPB,Financial Services,Banks - Regional,NASDAQ,115.4,81,62,62,72,38.35,827512394.9733124,25344942.0,0.0241,8.89,173518,204792,176277,0.333
1119,CBUS,Healthcare,Biotechnology,NASDAQ,115.39,81,27,20,80,1.94,109917557.32773113,76331634.0,0.0817,-53.71,217371,411610,360338,-0.128
1120,KINS,Financial Services,Insurance - Property & Casualty,NASDAQ,115.35,81,76,56,33,20.19,215389584.0123415,14484841.0,0.0273,3.96,112648,142789,127483,0.232
1121,MDGL,Healthcare,Biotechnology,NASDAQ,115.35,81,68,80,83,538.8,11464887297.632965,23055659.0,0.1988,-12.39,257553,377907,333582,1.268
1122,PR,Energy,Oil & Gas E&P,S&P 400,115.34,81,66,90,77,19.73,16101050241.239914,837288124.0,0.0251,-12.99,8318867,10795812,10132831,0.009
1123,CURB,Real Estate,REIT - Retail,S&P 600,115.29,81,79,72,53,31.65,3074361002.1478577,105539344.0,0.1841,7.36,1537992,1573194,1266654,0.499
1124,NYAX,Technology,Software - Infrastructure,NASDAQ,115.26,80,75,87,81,68.66,2833636626.334778,37378139.0,0.0029,-10.67,8825,12391,14531,0.317
1125,PRCH,Financial Services,Insurance - Property & Casualty,NASDAQ,115.26,80,89,60,23,12.63,1139982081.746807,109403270.0,0.22700001,-35.02,1332152,2073814,1833040,0.156
1126,AIT,Industrials,Industrial Distribution,S&P 400,115.23,80,79,72,58,348.04,11228678060.976746,36959541.0,0.0239,9.76,287507,314789,271271,0.073
1127,FITB,Financial Services,Banks - Regional,S&P 500,115.2,80,77,72,79,57.8,45252135868.224335,906311548.0,0.0542,4.26,6078083,7031547,7110206,0.33
1128,ALGM,Technology,Semiconductors,S&P 400,115.2,80,96,91,88,44.52,8914466376.313011,186222406.0,0.1066,-15.68,1940166,3394438,2934951,0.261
1129,MYFW,Financial Services,Banks - Regional,NASDAQ,115.17,80,80,75,68,31.53,283793997.30226135,9728968.0,0.0175,5.1,70277,82829,66817,0.144
1130,PLOW,Consumer Cyclical,Auto Parts,NYSE,115.17,80,89,88,86,45.12,1030227285.9568787,23125192.0,0.0319,-13.78,279423,283384,241596,0.198
1131,NIC,Financial Services,Banks - Regional,S&P 600,115.16,80,71,65,75,173.16,2981004805.147934,21251905.0,0.028099999,6.16,231929,380283,311705,0.465
1132,STRW,Real Estate,REIT - Healthcare Facilities,NYSE ARCA,115.15,80,64,60,73,14.6,176157121.66344643,13426610.0,0.0076,4.29,51200,43410,34130,0.071
1133,ASH,Basic Materials,Specialty Chemicals,S&P 400,115.15,80,73,38,71,68.01,2651112358.166603,45787777.0,0.1263,3.59,659081,897530,971234,0.006
1134,CENT,Consumer Defensive,Packaged Foods,S&P 600,115.14,80,75,58,40,44.43,2407723547.2773705,62570779.0,0.0637,6.98,83697,90145,82391,0.087
1135,SVRA,Healthcare,Biotechnology,NASDAQ,115.14,80,88,82,91,5.33,1065621463.3132362,204927212.0,0.1592,-23.91,1954190,2069473,1880458,
1136,OXBR,Financial Services,Insurance - Reinsurance,NASDAQ,115.12,80,22,19,10,1.46,8344414.988217831,8101374.0,0.0182,-48.95,29489,52059,100275,-0.1
1137,ON,Technology,Semiconductors,S&P 500,115.11,80,90,94,76,84.39,46897441966.29986,388803191.0,0.1241,-34.65,8632046,12341205,12097591,0.047
1138,MBIN,Financial Services,Banks - Regional,S&P 600,115.08,80,83,83,78,48.77,2165395105.083252,45935408.0,0.0661,-2.95,161090,190140,157196,0.158
1139,SOPH,Healthcare,Health Information Services,NASDAQ,115.08,80,85,80,79,5.57,362541361.99292564,71790366.0,0.0034999999,-2.28,342000,371573,265770,0.22
1140,FCFS,Financial Services,Credit Services,S&P 400,115.07,80,79,86,76,206.73,9640125998.704742,43836687.0,0.0379,-12.39,552127,515689,468603,0.257
1141,WYFI,Technology,Information Technology Services,NASDAQ,115.02,80,96,20,29,23.51,1148386775.0019073,38614216.0,0.3413,-42.31,2388140,3198573,2467084,0.306
1142,RTX,Industrials,Aerospace & Defense,S&P 500,115.0,80,57,55,83,218.58,241945149606.182,1346683428.0,0.0107,1.9,5658715,5229728,5375573,0.087
1143,FUNC,Financial Services,Banks - Regional,NASDAQ,115.0,80,76,60,73,45.59,254903196.0821457,6446717.0,0.0074,8.68,29883,29947,25954,0.112
1144,BSTZ,Financial Services,Asset Management,NYSE,115.0,80,85,80,63,27.35,2089822133.776188,68744150.0,0.0016,-11.0,193148,253119,236227,
1145,RMNI,Technology,Software - Application,NASDAQ,114.99,80,64,27,33,4.89,361909607.9444885,92560000.0,0.039300002,-9.11,273453,430691,424480,0.012
1146,PESI,Industrials,Waste Management,NASDAQ,114.98,80,71,50,85,16.64,208140314.17163086,21195552.0,0.0875,0.85,736345,510478,412197,-0.201
1147,MTB,Financial Services,Banks - Regional,S&P 500,114.95,80,70,66,75,252.61,31648242005.98297,146445060.0,0.0432,5.69,1301206,1214705,1144161,0.057
1148,PLPC,Industrials,Electrical Equipment & Parts,NASDAQ,114.95,80,94,92,91,297.11,1807684633.6408691,4888012.0,0.107,-23.21,79264,92098,95080,0.187
1149,ZIM,Industrials,Marine Shipping,NYSE,114.94,80,81,89,87,24.03,2831002956.9452763,120519497.0,0.0271,-19.82,765280,1075490,1068722,-0.304
1150,KB,Financial Services,Banks - Regional,NYSE,114.94,80,63,83,79,115.74,35979524602.89685,354687734.0,0.0013,-3.32,283219,354123,304123,0.152
1151,ELAN,Healthcare,Drug Manufacturers - Specialty & Generic,S&P 400,114.92,80,72,83,91,25.52,11911872745.074896,499449583.0,0.1014,-7.94,4304545,4562851,5390041,0.149
1152,RLGT,Industrials,Integrated Freight & Logistics,NYSE ARCA,114.91,80,85,82,67,8.77,397600833.6210823,46831666.0,0.0139,0.46,116301,149687,146200,0.001
1153,NKSH,Financial Services,Banks - Regional,NASDAQ,114.89,80,66,75,84,39.93,224104339.15431976,6368410.0,0.0085,-0.18,27336,31718,29117,0.227
1154,PBA,Energy,Oil & Gas Midstream,NYSE,114.88,80,65,73,63,49.9,27065798806.4003,581435000.0,7.6,-0.4,858007,1134015,1263271,-0.077
1155,ROG,Technology,Electronic Components,S&P 600,114.86,80,93,92,80,119.18,2525924749.4571686,17848535.0,0.0271,-19.71,247509,309903,302859,0.052
1156,BIP,Utilities,Utilities - Diversified,NYSE,114.84,80,54,60,65,41.93,17958697398.429543,460007607.0,0.92,3.99,1278648,913472,838879,0.169
1157,FDMT,Healthcare,Biotechnology,NASDAQ,114.81,80,94,86,88,9.85,518057669.1632767,52276254.0,0.2672,-20.18,682669,987353,914607,216.643
1158,MOVE,Technology,Software - Infrastructure,NASDAQ,114.8,80,98,97,92,11.13,37639893.0,1981047.0,0.84,-57.03,43217,48649,53065,
1159,GABC,Financial Services,Banks - Regional,NASDAQ,114.78,80,67,60,61,51.02,1642311941.374878,37564316.0,0.030199999,13.38,177196,202942,174249,0.423
1160,BURL,Consumer Cyclical,Apparel Retail,S&P 400,114.76,80,60,70,62,370.01,20382573723.808777,62942206.0,0.0669,5.16,673202,651814,837136,0.141
1161,OUST,Technology,Electronic Components,NASDAQ,114.75,80,97,90,82,33.91,2932139252.871395,63672949.0,0.1004,-28.34,3656632,4828847,4983984,0.489
1162,CFR,Financial Services,Banks - Regional,S&P 400,114.74,80,68,67,64,167.06,8510256213.257935,62797048.0,0.00029999999,12.14,634419,640426,593059,0.078
1163,MS,Financial Services,Capital Markets,S&P 500,114.74,80,80,78,79,211.58,328075241936.0,1577284817.0,0.0,1.68,6454987,6209849,6097881,0.163
1164,TCBK,Financial Services,Banks - Regional,NASDAQ,114.74,80,67,68,74,58.02,1633252081.0710144,32150632.0,0.04,9.1,510860,471120,331700,0.107
1165,QLYS,Technology,Software - Infrastructure,S&P 400,114.71,80,62,13,36,135.75,3848866727.272133,35217007.0,0.1903,-12.68,703515,829801,768125,0.098
1166,LGN,Industrials,Engineering & Construction,NASDAQ,114.68,80,94,97,86,59.21,13754076422.689713,164247394.0,0.059299998,-44.79,1493794,1645731,1479704,1.051
1167,PSO,Communication Services,Publishing,NYSE,114.68,80,63,55,22,17.44,8929534682.061607,602532717.0,0.0064999997,8.66,675879,783689,820355,0.032
1168,ELVR,Basic Materials,Other Industrial Metals & Mining,NASDAQ,114.6,80,93,99,95,52.85,1678770375.8195496,18121442.0,2.26,-47.93,46636,154888,133827,0.076
1169,CUZ,Real Estate,REIT - Office,S&P 400,114.57,80,72,44,34,31.71,4411326239.855982,164540333.0,0.109,2.92,1383560,1580096,1563678,0.048
1170,RMT,Financial Services,Asset Management,NYSE,114.57,80,85,83,76,13.7,750838432.7999563,53478521.0,0.0011999999,-3.86,131715,154955,143535,-0.194
1171,SRRK,Healthcare,Biotechnology,NASDAQ,114.57,80,80,78,86,49.37,5907536971.978233,119828338.0,0.16379999,-5.39,980820,1564456,1402612,
1172,BOW,Financial Services,Insurance - Property & Casualty,NYSE,114.56,80,61,25,24,32.16,874148519.2587757,32838035.0,0.043899998,-15.32,138791,184907,186482,0.269
1173,CNA,Financial Services,Insurance - Property & Casualty,NYSE,114.56,80,58,61,57,55.31,11378552107.018375,270531425.0,0.1344,9.05,485806,588245,536717,0.1
1174,RIOT,Financial Services,Capital Markets,NASDAQ,114.56,80,95,81,72,21.24,10251680076.105194,378151230.0,0.185,-25.58,18128100,16467593,16243974,0.036
1175,FRT,Real Estate,REIT - Retail,S&P 500,114.56,80,75,70,52,126.12,10334739399.834984,86389197.0,0.0001,3.51,865775,861665,925143,0.103
1176,SHIM,Industrials,Engineering & Construction,NASDAQ,114.55,80,89,96,96,4.0,145091004.83650208,40986160.0,0.0022,-40.85,69580,116063,143302,-0.279
1177,DTIL,Healthcare,Biotechnology,NASDAQ,114.55,80,90,85,15,7.17,179841656.17647314,25802247.0,0.0602,-18.71,318835,536085,472303,372.724
1178,ACOG,Healthcare,Biotechnology,NASDAQ,114.54,80,52,47,21,8.41,134781705.00592422,21774104.0,0.0109,-27.12,121902,80610,63562,0.207
1179,NWBI,Financial Services,Banks - Regional,S&P 600,114.43,80,73,69,62,15.9,2070352255.83539,146314651.0,0.0463,11.5,1184752,1319940,1181484,0.151
1180,BUSE,Financial Services,Banks - Regional,NASDAQ,114.38,80,73,69,67,30.23,2314876940.1799774,84577160.0,0.0467,8.82,897115,911515,842437,1.434
1181,SGC,Consumer Cyclical,Apparel Manufacturing,NASDAQ,114.35,80,79,69,34,12.94,199945826.3936491,15632981.0,0.0433,-6.1,37900,53083,48474,0.028
1182,IDYA,Healthcare,Biotechnology,NASDAQ,114.31,80,76,56,81,36.16,2589261252.070694,87860920.0,0.15720001,-7.94,770744,1236751,1180054,
1183,AAL,Industrials,Airlines,S&P 400,114.28,79,88,36,58,15.36,9682678632.748566,661385137.0,0.1287,-6.91,130030383,143983504,123508870,0.108
1184,RYZ,Industrials,Metal Fabrication,NYSE,114.27,79,59,68,86,31.03,1484017526.1939774,51888724.0,0.0366,0.42,358898,468536,446369,0.379
1185,OHI,Real Estate,REIT - Healthcare Facilities,S&P 400,114.26,79,67,72,61,51.64,13925221020.149231,297802000.0,0.043,4.68,1930889,2021163,2216879,0.167
1186,KRG,Real Estate,REIT - Retail,S&P 400,114.25,79,75,72,59,29.08,5568084843.912748,203066551.0,0.096599996,5.44,2532641,2608190,2311142,-0.092
1187,MAGN,Consumer Defensive,Household & Personal Products,NYSE,114.21,79,55,24,66,14.0,404771995.9259033,35600000.0,0.089899994,-9.79,450116,402555,378527,-0.034
1188,WSM,Consumer Cyclical,Specialty Retail,S&P 500,114.2,79,80,37,66,236.32,23969678463.671936,117746611.0,0.056399997,6.45,895450,1147663,1201922,0.044
1189,AAT,Real Estate,REIT - Diversified,S&P 600,114.2,79,80,68,32,24.11,1430408761.9624329,61390936.0,0.0686,1.9,374517,422659,435803,0.018
1190,TRP,Energy,Oil & Gas Midstream,NYSE,114.17,79,72,79,73,67.69,69402513472.81824,1041766896.0,6.27,-5.29,2415060,2688140,2480038,0.066
1191,ITRN,Technology,Scientific & Technical Instruments,NASDAQ,114.16,79,88,87,78,54.73,1296588368.464203,19780142.0,0.0107,-17.62,163104,157758,158364,0.128
1192,HELP,Healthcare,Biotechnology,NASDAQ,114.16,79,69,18,29,7.6,227018305.56655025,49894131.0,1.69,-22.69,2072978,1720749,1296331,
1193,UBSI,Financial Services,Banks - Regional,S&P 400,114.15,79,69,71,74,49.0,5981836770.873604,137798590.0,0.0404,6.68,1160520,1180736,1020932,0.106
1194,SCHL,Communication Services,Publishing,S&P 600,114.13,79,89,89,89,40.63,747394735.5,18454191.0,0.2236,-6.36,408765,384831,337289,-0.019
1195,TECK,Basic Materials,Other Industrial Metals & Mining,NYSE,114.1,79,77,84,89,58.63,32411408285.086487,489894294.0,2.77,-13.36,3625830,3339403,3289860,0.722
1196,CDZIP,Utilities,Utilities - Regulated Water,NASDAQ,114.06,79,75,63,61,22.2,,,1.2,-1.29,5746,6185,7025,-0.448
1197,MBWM,Financial Services,Banks - Regional,NASDAQ,114.05,79,69,63,72,60.33,915369160.2444649,17274375.0,0.016,8.18,165304,149674,142750,0.258
1198,USCB,Financial Services,Banks - Regional,NASDAQ,113.98,79,63,52,66,22.65,338612722.72109985,18263900.0,0.0121,8.97,69010,66670,57218,0.147
1199,CNOB,Financial Services,Banks - Regional,NASDAQ,113.97,79,78,74,67,33.1,1512174999.2331696,50288494.0,0.0366,7.99,516805,536215,450517,0.655
1200,MAR,Consumer Cyclical,Lodging,S&P 500,113.96,79,75,80,71,383.52,99041448408.22763,263688623.0,0.0208,-1.25,1269511,1545523,1497330,0.126
1201,HOPE,Financial Services,Banks - Regional,S&P 600,113.93,79,75,71,71,14.12,1603099587.9433336,127838883.0,0.048800003,8.45,1060311,1218613,1043030,0.184
1202,BHB,Financial Services,Banks - Regional,NYSE ARCA,113.92,79,73,64,70,39.96,584969125.7082176,16742105.0,0.0113,10.85,102618,146196,124447,0.257
1203,CBT,Basic Materials,Specialty Chemicals,S&P 400,113.87,79,77,53,39,91.05,4517390311.945244,51621417.0,0.08189999,1.78,338415,569218,537081,-0.034
1204,PM,Consumer Defensive,Tobacco,S&P 500,113.84,79,59,43,71,200.17,276457175713.6306,1558558846.0,0.0113,3.69,5694853,5537904,5059824,0.091
1205,IRM,Real Estate,REIT - Specialty,S&P 500,113.84,79,82,82,29,125.7,38157540338.25,297524681.0,0.0337,-6.26,1765335,1955045,1677789,0.216
1206,LB,Energy,Oil & Gas Equipment & Services,NYSE,113.82,79,63,66,24,75.02,1953757099.7158585,27839229.0,0.122700006,-12.36,230591,356297,361516,0.161
1207,CLS,Technology,Electronic Components,NYSE,113.82,79,87,96,92,350.2,44309487390.90637,114973107.0,0.0301,-19.49,3017170,2123353,2196144,0.528
1208,HSTM,Healthcare,Health Information Services,S&P 600,113.82,79,61,23,18,28.85,729503224.2995224,29215188.0,0.056700002,-2.63,169040,198036,218284,0.105
1209,BRC,Industrials,Security & Protection Services,S&P 600,113.81,79,66,55,72,97.72,4055469049.466095,47112790.0,0.0211,-1.58,172324,242078,346730,0.138
1210,AMGN,Healthcare,Drug Manufacturers - General,S&P 500,113.81,79,66,65,69,393.1,181768354212.22504,539708274.0,0.0228,0.46,2492860,2697220,2692788,0.058
1211,FCF,Financial Services,Banks - Regional,S&P 600,113.78,79,69,64,69,21.37,1925903632.0053577,101684455.0,0.0337,11.65,846938,772652,744873,0.091
1212,ORRF,Financial Services,Banks - Regional,NASDAQ,113.78,79,68,63,69,43.63,729523280.5461273,19647812.0,0.044699997,7.15,125852,169464,142872,0.054
1213,QTEX,Technology,Computer Hardware,NASDAQ,113.76,79,96,8,24,0.87,133788325.29077053,43579260.0,0.0218,-76.49,3205886,10847885,37268101,
1214,UNP,Industrials,Railroads,S&P 500,113.76,79,66,74,58,294.45,155932846959.2909,593713213.0,0.0542,5.27,3830650,3045220,3076410,0.032
1215,PENN,Consumer Cyclical,Resorts & Casinos,S&P 600,113.74,79,82,70,17,21.08,2520270665.718561,133843371.0,0.1727,2.28,2576386,3494758,3566761,0.064
1216,CIX,Industrials,Security & Protection Services,NYSE ARCA,113.74,79,60,45,55,28.08,309801645.4586029,12323057.0,0.0189,-13.07,6026,7142,5951,0.007
1217,CPAY,Technology,Software - Infrastructure,S&P 500,113.65,79,58,40,34,384.32,23647941496.325012,65361919.0,0.0421,5.51,485388,669966,624499,0.254
1218,RUSHB,Consumer Cyclical,Auto & Truck Dealerships,NASDAQ,113.59,79,77,79,69,77.25,5043527804.479546,77712291.0,0.014400001,-2.38,125198,108722,87869,-0.09
1219,GEV,Industrials,Specialty Industrial Machinery,S&P 500,113.55,79,90,94,90,943.38,260206947526.56403,268719995.0,0.033,-20.18,3330347,3134205,3004183,0.163
1220,HWC,Financial Services,Banks - Regional,S&P 400,113.55,79,71,65,77,76.94,5528481003.067017,81157968.0,0.0958,2.0,1051093,1018731,975614,-0.211
1221,SFST,Financial Services,Banks - Regional,NASDAQ,113.53,79,76,77,86,62.49,546224886.378231,9455165.0,0.014099999,0.79,126990,149500,141288,0.262
1222,NTB,Financial Services,Banks - Diversified,NYSE,113.5,79,74,74,74,59.91,2236413366.99543,39610581.0,0.0092,3.56,137847,191869,199307,0.043
1223,CBAN,Financial Services,Banks - Regional,NYSE,113.49,79,61,69,78,22.21,418961430.0564537,21159669.0,0.0211,2.78,262663,355741,313674,0.339
1224,CF,Basic Materials,Agricultural Inputs,S&P 500,113.49,79,49,85,56,122.92,17260248699.48033,153629274.0,0.0705,-13.41,2223421,2625420,2687996,0.194
1225,TXMD,Healthcare,Drug Manufacturers - Specialty & Generic,NASDAQ,113.48,79,87,84,95,2.06,24769135.894198895,11574362.0,0.0063,-30.17,23240,32536,42490,0.842
1226,FDSB,Financial Services,Banks - Regional,NASDAQ,113.47,79,63,61,67,17.75,79551972.35245514,5264856.0,0.0019,13.52,7949,6726,11013,0.181
1227,MGNI,Communication Services,Advertising Agencies,NASDAQ,113.47,79,73,22,15,19.7,2068741353.765873,144364366.0,0.0964,-26.08,2119240,3100356,2843396,0.055
1228,GCO,Consumer Cyclical,Apparel Retail,NYSE,113.45,79,80,83,51,38.93,416630043.2821655,10858224.0,0.1308,-0.05,171145,191221,198111,0.072
1229,CBNK,Financial Services,Banks - Regional,NASDAQ,113.43,79,64,52,56,37.78,519914716.84268,16288055.0,0.0551,3.79,61184,70511,69480,0.057
1230,WERN,Industrials,Trucking,S&P 600,113.42,79,88,79,83,38.31,2488529173.0257225,59950115.0,0.0715,-8.81,1552980,1209830,1121880,0.136
1231,ASND,Healthcare,Biotechnology,NASDAQ,113.41,79,78,68,79,254.44,13845459810.207367,61779750.0,0.0334,1.48,470030,789243,700324,1.443
1232,AUGO,Basic Materials,Gold,NASDAQ,113.4,79,87,97,97,55.05,6452044719.696045,83500000.0,0.090900004,-50.1,695937,1090349,1051641,1.365
1233,GLAS,Healthcare,Drug Manufacturers - Specialty & Generic,NYSE,113.38,79,92,82,83,9.89,,,,,351712,395840,350878,
1234,MCBS,Financial Services,Banks - Regional,NASDAQ,113.36,79,77,72,57,35.81,936036967.3468246,28660042.0,0.0174,6.36,89549,100526,92911,0.44
1235,BFST,Financial Services,Banks - Regional,NASDAQ,113.35,79,69,59,72,32.08,930668513.6812134,32677968.0,0.0196,5.8,232564,287131,251692,0.148
1236,ROK,Industrials,Specialty Industrial Machinery,S&P 500,113.34,79,82,71,84,471.17,50191228968.515076,111273953.0,0.0337,1.66,690042,843670,777314,0.119
1237,QCRH,Financial Services,Banks - Regional,NASDAQ,113.32,79,71,71,77,103.28,1521377081.5419388,16509789.0,0.0242,7.58,134531,133760,119328,0.211
1238,WST,Healthcare,Medical Instruments & Supplies,S&P 500,113.28,79,85,77,27,337.0,22805749969.47052,70647595.0,0.0377,1.85,980950,880390,798164,0.21
1239,PNC,Financial Services,Banks - Regional,S&P 500,113.28,79,74,70,79,251.6,88793969467.0752,401564632.0,0.0172,3.14,1928289,2329226,2144365,0.138
1240,IHG,Consumer Cyclical,Lodging,NYSE,113.27,79,81,70,64,162.19,22999480465.251343,148498707.0,0.004,1.64,225504,252351,250610,0.027
1241,AEG,Financial Services,Insurance - Diversified,NYSE,113.26,79,66,65,63,9.18,12720338828.936932,1512525453.0,0.0023999999,4.2,5291669,5206939,4970599,-0.137
1242,NP,Financial Services,Insurance Brokers,NYSE,113.25,79,70,41,39,31.88,3882948685.6947556,138330913.0,0.0398,-4.08,674811,905157,882782,0.288
1243,GS,Financial Services,Capital Markets,S&P 500,113.23,78,77,76,83,1033.34,302547827966.3511,295007421.0,0.0232,0.6,1989666,2127938,2200407,0.145
1244,EBMT,Financial Services,Banks - Regional,NASDAQ,113.18,78,76,75,85,23.57,176752918.1439991,7965431.0,0.0172,-1.59,41761,82933,74328,0.116
1245,HWBK,Financial Services,Banks - Regional,NASDAQ,113.16,78,72,58,70,38.9,253035694.17898178,6896585.0,0.0087,4.29,14878,17336,13203,0.054
1246,LARK,Financial Services,Banks - Regional,NASDAQ,113.16,78,76,53,68,32.02,173292428.3052063,6097552.0,0.0178,8.69,9092,16640,14540,0.106
1247,SJM,Consumer Defensive,Packaged Foods,S&P 500,113.16,78,69,33,42,123.04,11006106195.33516,106648319.0,0.0548,3.06,1599050,1535673,1682272,0.07
1248,CR,Industrials,Specialty Industrial Machinery,S&P 400,113.15,78,74,37,50,226.34,10567460538.0,57745686.0,0.0273,5.61,543784,483878,493946,0.249
1249,ACT,Financial Services,Insurance - Specialty,S&P 600,113.15,78,65,69,65,47.97,5833915261.358299,139600745.0,0.1463,7.08,451390,364463,336208,0.017
1250,NNVC,Healthcare,Biotechnology,NYSE ARCA,113.13,78,73,37,12,1.61,40548993.86824942,22780334.0,0.0334,-27.8,411518,399242,1092061,
1251,IIPR,Real Estate,REIT - Industrial,S&P 600,113.12,78,78,69,34,60.57,1668631563.5969925,28774470.0,0.1558,-1.34,319823,358747,377772,-0.038
1252,DE,Industrials,Farm & Heavy Construction Machinery,S&P 500,113.09,78,73,71,66,639.84,146354671109.41925,269937425.0,0.0202,-5.1,1038239,1191389,1345527,-0.111
1253,JXG,Consumer Cyclical,Apparel Manufacturing,NASDAQ,113.08,78,90,7,3,6.94,98890989.09976101,12059877.0,0.0013,-82.8,3710,4196,6888,1.667
1254,CCBG,Financial Services,Banks - Regional,NASDAQ,113.06,78,68,70,63,52.84,780508296.3221283,17101409.0,0.022,8.32,98825,113661,99123,0.022
1255,SAIC,Technology,Information Technology Services,S&P 400,113.05,78,62,32,32,121.59,4491268593.861954,43102387.0,0.075,0.45,420951,558757,574336,-0.048
1256,KFY,Industrials,Staffing & Employment Services,S&P 600,113.04,78,51,42,48,83.7,3631058522.4415054,51887087.0,0.0511,6.62,421327,669749,573987,0.073
1257,LGIH,Consumer Cyclical,Residential Construction,S&P 600,113.01,78,86,38,48,61.4,1110735290.89468,23232279.0,0.214,-11.65,275223,347734,367856,-0.09
1258,TSM,Technology,Semiconductors,NYSE,113.0,78,89,89,86,392.31,2170280114051.3003,5186474013.0,0.0058999998,-8.88,16171540,15100120,14023352,0.351
1259,ADAM,Real Estate,REIT - Mortgage,S&P 600,113.0,78,85,84,80,8.71,826722176.4603539,89861108.0,0.0349,-6.55,757673,929291,790440,0.107
1260,AIRT,Industrials,Conglomerates,NASDAQ,113.0,78,54,42,63,27.16,60755323.48283005,2702639.0,0.0207,1.72,18220,8430,5452,-0.087
1261,JBSS,Consumer Defensive,Packaged Foods,S&P 600,112.97,78,77,75,75,84.62,875666106.0585022,11689575.0,0.0454,-0.62,121242,121617,123524,0.08
1262,ACLS,Technology,Semiconductor Equipment & Materials,S&P 600,112.97,78,95,94,71,120.03,4622685560.320892,30733897.0,0.1237,-30.06,418447,588869,575377,0.033
1263,TSBK,Financial Services,Banks - Regional,NASDAQ,112.96,78,75,73,77,44.43,317658347.07341003,7827953.0,0.0064999997,2.02,35850,42023,35086,0.044
1264,BCBP,Financial Services,Banks - Regional,NASDAQ,112.96,78,76,80,37,10.72,181271351.79412937,17363157.0,0.0227,2.1,135579,188376,170947,6.506
1265,LYG,Financial Services,Banks - Regional,NYSE,112.95,78,74,69,90,6.01,79474113984.06581,14529089037.0,0.0005,-5.21,16665716,20194162,22170061,0.115
1266,DLX,Industrials,Conglomerates,S&P 600,112.95,78,63,91,90,27.23,1112094883.6065598,45784061.0,0.1065,-15.09,316612,424660,410058,0.003
1267,HBCP,Financial Services,Banks - Regional,NASDAQ,112.94,78,70,66,71,71.6,504908562.2395706,7842631.0,0.0191,8.48,136786,113378,93577,0.055
1268,BAC,Financial Services,Banks - Diversified,S&P 500,112.94,78,66,62,66,62.62,366184066763.062,7096590651.0,0.0,8.81,35731175,35726781,37192395,0.081
1269,DJCO,Technology,Software - Application,NASDAQ,112.93,78,74,67,86,591.65,712447593.9128418,1377722.0,0.1721,-12.32,41557,36975,37393,0.25
1270,TS,Energy,Oil & Gas Equipment & Services,NYSE,112.93,78,79,91,75,55.64,30758675320.5988,504819878.0,0.0228,-13.51,1001400,1072680,1268492,0.061
1271,CHCT,Real Estate,REIT - Healthcare Facilities,NYSE,112.9,78,73,65,67,19.02,492006255.8413067,28571793.0,0.0242,4.39,211075,207815,187225,0.048
1272,ESQ,Financial Services,Banks - Regional,NASDAQ,112.88,78,64,59,78,127.58,949387067.3169098,8639431.0,0.1058,-5.37,173032,150197,132052,0.17
1273,RGA,Financial Services,Insurance - Reinsurance,S&P 400,112.83,78,55,60,53,242.64,13151112700.494553,65513163.0,0.0154,5.86,328270,370410,362746,0.235
1274,NCI,Consumer Cyclical,Apparel Manufacturing,NASDAQ,112.82,78,9,14,16,11.96,191031589.01512527,18914018.0,0.03,-89.17,407728,240566,458117,-0.508
1275,WTS,Industrials,Specialty Industrial Machinery,S&P 400,112.8,78,78,66,76,346.59,10317117559.043274,33390890.0,0.0523,0.41,179380,419266,390052,0.214
1276,SM,Energy,Oil & Gas E&P,S&P 600,112.78,78,45,86,23,29.65,7362682388.213509,239748701.0,0.0616,-17.36,3173580,3938180,3958870,0.73
1277,FAF,Financial Services,Insurance - Specialty,S&P 400,112.76,78,62,68,53,79.16,6748837342.071533,101900000.0,0.048899997,10.76,889474,989694,992634,0.162
1278,CTVA,Basic Materials,Agricultural Inputs,S&P 500,112.75,78,60,72,68,88.95,52355228783.569336,668820000.0,0.0293,3.88,3415774,4029204,3825098,0.11
1279,IMO,Energy,Oil & Gas Integrated,NYSE ARCA,112.74,78,64,89,83,125.73,59032092286.65994,497237969.0,0.17899999,-9.83,429059,525973,561989,-0.004
1280,PMTS,Financial Services,Credit Services,NASDAQ,112.74,78,76,58,13,21.16,194741059.88032532,11475608.0,0.0364,-17.02,34765,40878,45085,0.198
1281,SIBN,Healthcare,Medical Devices,NASDAQ,112.74,78,62,20,52,17.93,625324907.2179089,44349283.0,0.15010001,-18.09,465480,606540,564228,0.112
1282,STK,Financial Services,Asset Management,NYSE,112.73,78,88,86,77,46.61,984795563.876049,17661327.0,0.4,-18.14,51350,56633,70162,
1283,AXS,Financial Services,Insurance - Specialty,NYSE,112.72,78,53,52,61,119.27,6998546815.978546,73723236.0,0.0207,8.09,656761,739013,691742,0.08
1284,PFGC,Consumer Defensive,Food Distribution,S&P 400,112.71,78,74,36,50,115.53,15424652853.210144,157089851.0,0.055999998,5.94,1760952,1602747,1582464,0.064
1285,IVT,Real Estate,REIT - Retail,S&P 600,112.71,78,74,67,57,36.02,2582015025.654476,77935857.0,0.0446,7.62,559277,1194092,1068091,0.119
1286,AUR,Consumer Cyclical,Auto Parts,NASDAQ,112.7,78,87,67,15,6.21,14395230972.515842,1961203089.0,0.1732,-27.5,23504623,25427297,28061302,
1287,MG,Industrials,Security & Protection Services,NYSE,112.69,78,89,93,89,15.39,559337249.5525799,31816681.0,0.0419,-21.32,164410,220293,198238,0.046
1288,AVAL,Financial Services,Banks - Regional,NYSE,112.67,78,84,78,89,4.88,5472871321.184801,1187173788.0,0.0017,-7.58,134389,229919,280787,0.19
1289,TNL,Consumer Cyclical,Travel Services,S&P 400,112.62,78,74,62,77,78.45,4244867972.0,62424529.0,0.0681,-3.15,1003310,774120,824938,0.029
1290,STRT,Consumer Cyclical,Auto Parts,NASDAQ,112.61,78,63,79,91,88.61,334136764.21419525,4178799.0,0.075500004,-4.21,85920,93693,93166,-0.045
1291,BLMN,Consumer Cyclical,Restaurants,NASDAQ,112.61,78,84,26,19,8.6,722584546.3548155,85614287.0,0.1046,-19.63,1609121,2059953,2105098,0.01
1292,RNR,Financial Services,Insurance - Reinsurance,S&P 400,112.59,78,68,72,67,334.24,11952173304.561432,42633041.0,0.0394,5.04,381897,371072,382891,-0.366
1293,FLNT,Communication Services,Advertising Agencies,NASDAQ,112.58,78,84,74,91,3.43,60227737.671310425,29815712.0,0.0054,-17.35,14340,38510,106530,-0.055
1294,BUD,Consumer Defensive,Beverages - Brewers,NYSE,112.58,78,77,68,76,83.2,154845566468.57025,1935811609.0,0.0058999998,-1.49,1550948,2053162,1956179,0.12
1295,HTO,Utilities,Utilities - Regulated Water,S&P 600,112.57,78,66,63,57,64.25,2419621560.6217804,41840247.0,0.1519,3.85,526274,527488,489408,0.094
1296,PAYO,Technology,Software - Infrastructure,S&P 600,112.55,78,76,19,26,7.15,1740848988.9460373,334778664.0,0.035099998,-6.72,2594946,7126342,7340195,0.061
1297,SWAG,Communication Services,Advertising Agencies,NASDAQ,112.54,78,81,42,80,2.03,39792730.691926,18770157.0,0.0016,-42.0,30200,32720,50164,0.089
1298,RYAM,Basic Materials,Chemicals,NYSE,112.52,78,70,92,87,8.76,617062697.6242352,67438549.0,0.052199997,-26.08,877456,1035822,952885,-0.095
1299,IGIC,Financial Services,Insurance - Diversified,NASDAQ,112.52,78,59,62,58,28.93,1041324100.4306412,42659734.0,0.0114,5.47,78952,89347,82056,-0.026
1300,ECHO,Communication Services,Telecom Services,S&P 500,112.52,78,87,97,98,85.93,,,,,5388397,8633009,9281063,
1301,DBX,Technology,Software - Infrastructure,S&P 400,112.44,78,49,29,25,32.06,6271121249.3263035,233300649.0,0.2726,-1.05,3757097,3895959,3876035,0.008
1302,IVZ,Financial Services,Asset Management,S&P 500,112.39,77,72,77,84,29.43,12616221655.489815,443296629.0,0.0585,-0.61,5423458,5360442,5193889,0.141
1303,INBK,Financial Services,Banks - Regional,NASDAQ,112.37,77,75,62,46,27.04,210594552.58994293,8716662.0,0.0256,-5.16,40464,38728,39626,0.137
1304,IRMD,Healthcare,Medical Devices,NASDAQ,112.36,77,66,69,87,94.83,1158909999.9128723,12783035.0,0.0798,-12.11,98940,128786,140342,0.126
1305,KO,Consumer Defensive,Beverages - Non-Alcoholic,S&P 500,112.35,77,66,63,65,88.27,339939145037.27405,4302482418.0,0.0113,6.79,18644425,19695215,18347031,0.121
1306,ACCO,Industrials,Business Equipment & Supplies,NYSE,112.27,77,79,27,59,4.35,365340867.75935555,92257794.0,0.0629,1.16,606939,843363,846285,0.083
1307,BCRX,Healthcare,Drug Manufacturers - Specialty & Generic,NASDAQ,112.23,77,63,74,23,9.74,2264589261.817856,254162660.0,0.14310001,-13.88,3113527,5408205,4818639,0.075
1308,MAKO,Basic Materials,Gold,NASDAQ,112.23,77,83,89,94,7.27,761812412.198369,87564647.0,0.26,-19.13,108824,131834,164478,1.158
1309,AROC,Energy,Oil & Gas Equipment & Services,S&P 600,112.22,77,85,88,72,35.3,5869511144.21077,175261596.0,0.0542,-12.01,1611228,2096699,1939339,0.077
1310,NEWT,Financial Services,Banks - Regional,NASDAQ,112.2,77,84,67,78,14.7,400561826.7826414,28858921.0,0.0945,-1.41,199294,267664,219010,0.107
1311,HEI,Industrials,Aerospace & Defense,NYSE,112.19,77,66,27,67,363.44,48640744976.80664,139700000.0,0.0113,0.48,431865,455101,576175,0.253
1312,NJR,Utilities,Utilities - Regulated Gas,S&P 400,112.15,77,66,74,64,59.86,5575916908.25,100921573.0,0.028399998,2.2,563536,739815,668225,0.029
1313,HBNC,Financial Services,Banks - Regional,NASDAQ,112.15,77,74,66,68,20.71,952167083.0384979,51329764.0,0.0286,8.6,784575,846141,655477,0.085
1314,WES,Energy,Oil & Gas Midstream,NYSE,112.11,77,62,66,61,47.06,16881405582.326153,393781339.0,0.032899998,-1.98,714910,877130,1034076,0.225
1315,XRX,Industrials,Business Equipment & Supplies,NASDAQ,112.09,77,88,19,9,2.75,423725940.88721156,130779611.0,0.258,-59.56,1893770,3027456,4368002,0.267
1316,TECH,Healthcare,Biotechnology,S&P 500,112.09,77,80,34,59,72.07,8091473099.460991,156568751.0,0.106000006,-0.12,3533640,6687926,5225286,-0.015
1317,ESI,Basic Materials,Specialty Chemicals,S&P 600,112.06,77,91,92,70,36.5,10336253485.483017,243607198.0,0.0757,-19.82,6141962,6330277,4896232,0.415
1318,CB,Financial Services,Insurance - Property & Casualty,S&P 500,112.05,77,61,65,63,363.5,120907635104.53839,387860106.0,0.0086,5.16,2404116,1950188,1863417,0.102
1319,FRBA,Financial Services,Banks - Regional,NASDAQ,112.0,77,56,35,62,18.86,392006426.9651613,25064349.0,0.0078,4.14,96695,112705,97121,-0.052
1320,AZZ,Industrials,Specialty Business Services,S&P 600,112.0,77,82,82,80,146.62,4067551740.2937927,30016618.0,0.0311,-3.33,300374,357914,310070,0.094
1321,BCS,Financial Services,Banks - Diversified,NYSE,111.98,77,77,62,88,26.98,83112303247.25545,3388190009.0,0.64,-2.6,6711063,5352011,5243704,0.039
1322,H,Consumer Cyclical,Lodging,S&P 400,111.97,77,81,73,64,188.83,17077148921.631683,94161606.0,0.3549,0.18,730325,799588,856983,-0.035
1323,UMBF,Financial Services,Banks - Regional,S&P 400,111.96,77,75,65,70,143.98,9972967288.656387,75978727.0,0.0559,5.78,630860,737840,690792,0.49
1324,BCAL,Financial Services,Banks - Regional,NASDAQ,111.96,77,71,66,65,21.52,610488344.7961121,32164824.0,0.025899999,5.13,269781,272847,229442,-0.082
1325,ADV,Communication Services,Advertising Agencies,NASDAQ,111.95,77,90,62,15,40.8,497509353.25561523,13295280.0,0.088599995,-23.92,120374,171408,146996,0.058
1326,OSPN,Technology,Software - Infrastructure,NASDAQ,111.95,77,64,27,21,15.44,535331938.44361305,37072850.0,0.0813,-14.84,385136,405668,462791,0.041
1327,FDBC,Financial Services,Banks - Regional,NASDAQ,111.94,77,66,58,64,53.05,271159952.485199,5805180.0,0.0049,6.1,7304,11224,10856,0.108
1328,ZETA,Technology,Software - Infrastructure,NYSE,111.94,77,66,63,57,21.89,5705506792.555222,249257621.0,0.1383,-12.09,6725180,8601336,9080772,0.499
1329,FGNXP,Financial Services,Asset Management,NASDAQ,111.92,77,76,79,84,25.06,,,4.14,-3.62,233,441,1490,-0.025
1330,FXNC,Financial Services,Banks - Regional,NASDAQ,111.92,77,76,71,77,30.28,251338875.70228958,9040967.0,0.011,1.44,37212,70920,69482,0.106
1331,CTRE,Real Estate,REIT - Healthcare Facilities,S&P 400,111.92,77,67,73,70,42.73,9643326320.605202,236240235.0,0.0361,-0.81,2323697,2950369,2914739,0.032
1332,MRTN,Industrials,Trucking,S&P 600,111.9,77,86,79,66,15.26,1406596668.725729,81589135.0,0.0629,-13.3,691836,789028,829793,-0.088
1333,HPP,Real Estate,REIT - Office,NYSE,111.88,77,90,19,7,14.11,649819422.6899719,54242024.0,0.0114,-34.98,657294,806524,1001304,-0.08
1334,WBS,Financial Services,Banks - Regional,S&P 400,111.88,77,72,78,80,77.09,11782567132.346252,162026498.0,0.0,4.18,4594930,3778543,3815556,0.087
1335,ATRC,Healthcare,Medical Instruments & Supplies,NASDAQ,111.85,77,26,22,60,39.75,1401235643.7635994,50640970.0,0.0911,-7.94,951670,1038046,939478,0.143
1336,INTT,Technology,Semiconductor Equipment & Materials,NYSE ARCA,111.82,77,93,97,76,12.75,211588825.7972145,12564657.0,0.0139999995,-36.25,166400,229743,270732,0.272
1337,SOGP,Communication Services,Internet Content & Information,NASDAQ,111.8,77,69,99,99,12.28,56977091.30768967,4174146.0,0.0221,-66.81,12260,15956,18130,0.575
1338,ABEV,Consumer Defensive,Beverages - Brewers,NYSE,111.79,77,75,72,80,3.13,49988348462.45113,15572694040.0,5.21,-9.28,17100491,22533073,24980712,-0.001
1339,SLDE,Financial Services,Insurance - Property & Casualty,NASDAQ,111.77,77,56,54,33,21.4,2065503284.0415916,114559246.0,0.101,-17.37,987570,1340210,1240048,0.382
1340,BBNX,Healthcare,Medical Devices,NASDAQ,111.76,77,68,14,19,15.8,540087738.3003187,44561695.0,0.1283,-51.7,1025560,1024436,977728,0.566
1341,CV,Healthcare,Medical Devices,NASDAQ,111.76,77,77,90,73,6.62,338753123.5627775,49963586.0,0.0376,-56.93,93314,193861,159750,0.003
1342,TRIN,Financial Services,Asset Management,NYSE,111.72,77,78,68,70,17.7,1515505850.7230682,89887651.0,0.0713,1.84,918680,1028763,1012744,0.329
1343,TSHA,Healthcare,Biotechnology,NASDAQ,111.72,77,93,95,92,5.46,1686809154.514141,287361020.0,0.13,-25.21,2665650,3791516,3189180,
1344,NECB,Financial Services,Banks - Regional,NASDAQ,111.7,77,72,62,68,27.47,335336714.3536434,13834023.0,0.0054,7.1,42492,52800,46328,-0.013
1345,DSGR,Industrials,Industrial Distribution,NASDAQ,111.7,77,35,34,50,34.63,1247269455.0,46195165.0,0.048800003,2.46,489727,204685,148513,0.038
1346,EPR,Real Estate,REIT - Specialty,S&P 400,111.68,77,65,60,65,64.32,4364762286.929283,76507666.0,0.1169,3.61,638815,638861,633105,0.036
1347,CENTA,Consumer Defensive,Packaged Foods,S&P 600,111.68,77,73,59,45,39.0,2135540754.1028023,62570779.0,0.028299998,3.42,249560,371790,346854,0.087
1348,CODI,Industrials,Conglomerates,NYSE,111.66,77,89,89,17,10.33,853928242.8002434,75235966.0,0.0671,-18.28,523105,767078,846245,-0.059
1349,UNIT,Real Estate,REIT - Specialty,S&P 600,111.64,77,89,88,64,10.41,2724391680.2787743,242815652.0,0.1181,-15.95,1978510,2481890,2256358,2.36
1350,AUB,Financial Services,Banks - Regional,S&P 600,111.63,77,74,67,77,43.08,5384011427.77597,143115672.0,0.0879,2.13,1332618,1354339,1195647,0.862
1351,GCT,Technology,Software - Infrastructure,NASDAQ,111.59,77,42,94,95,40.26,1312284693.0960846,36411894.0,0.1402,-22.37,632177,666295,689135,0.322
1352,MTZ,Industrials,Engineering & Construction,S&P 400,111.57,77,93,95,87,312.44,29898250647.887207,79018556.0,0.0521,-29.22,1301323,1217181,1217302,0.345
1353,LSTR,Industrials,Integrated Freight & Logistics,S&P 400,111.53,77,86,82,71,185.32,7019746441.91864,33928210.0,0.0497,-11.0,444731,459023,480558,0.016
1354,DD,Basic Materials,Specialty Chemicals,S&P 500,111.5,77,72,81,86,140.77,19612917399.15628,405058202.0,0.033,167.32,1143452,1403126,1305405,0.043
1355,OPRA,Communication Services,Internet Content & Information,NASDAQ,111.46,77,78,77,25,19.1,1681804781.7511425,89552967.0,0.0668,-9.31,340250,357420,345348,0.232
1356,TROW,Financial Services,Asset Management,S&P 500,111.45,77,71,54,47,121.68,22397288063.624084,214266606.0,0.1358,2.93,1706500,2193430,2091386,0.053
1357,HAFN,Industrials,Marine Shipping,NYSE,111.42,77,70,92,65,7.54,3823327030.9128594,499781305.0,0.040999997,-20.92,1115471,1647103,1788666,0.225
1358,ITIC,Financial Services,Insurance - Specialty,NASDAQ,111.35,77,70,42,69,290.71,443207061.0,1887996.0,0.033,0.6,29788,52312,45499,0.132
1359,ELWT,Communication Services,Telecom Services,NASDAQ,111.34,77,53,59,16,8.27,49714669.47515106,6619796.0,0.015,-14.92,9837,40685,35417,-0.211
1360,F,Consumer Cyclical,Auto Manufacturers,S&P 500,111.33,77,72,46,76,14.96,69493041595.25545,3984692630.0,0.0,-15.86,56175655,53941138,61290631,0.064
1361,FBLA,Financial Services,Banks - Regional,NASDAQ,111.3,76,67,67,63,15.63,225291149.87836933,16161489.0,0.0382,9.38,67013,89274,84028,-0.004
1362,SMTI,Healthcare,Medical Instruments & Supplies,NASDAQ,111.29,76,56,18,16,26.64,208846861.8998642,9163969.0,0.0506,-25.9,75060,68913,58926,0.186
1363,CCK,Consumer Cyclical,Packaging & Containers,S&P 400,111.28,76,59,39,68,121.2,10624868548.974167,111746617.0,0.0476,3.93,1376606,1242568,1166953,0.129
1364,SHG,Financial Services,Banks - Regional,NYSE,111.23,76,68,84,84,69.81,29706832607.3382,470864361.0,0.0007,-4.89,219690,280500,273724,0.066
1365,GTY,Real Estate,REIT - Retail,S&P 600,111.22,76,69,73,58,35.06,1966976830.2182922,60466551.0,0.1933,0.89,578507,581805,505753,0.054
1366,CZWI,Financial Services,Banks - Regional,NASDAQ,111.22,76,82,79,70,21.4,196739881.12106323,9644112.0,0.0088,-5.39,51722,98780,86688,0.251
1367,MRBK,Financial Services,Banks - Regional,NASDAQ,111.22,76,73,74,84,20.31,213787192.99706268,11890278.0,0.015700001,-6.28,136647,151669,129363,0.039
1368,ZION,Financial Services,Banks - Regional,S&P 400,111.2,76,75,74,73,69.52,9185884083.87215,147091817.0,0.038399998,5.05,2031320,1817813,1695040,0.102
1369,GNTA,Healthcare,Biotechnology,NASDAQ,111.2,76,89,5,3,1.57,24298749.925055504,23591020.0,0.00029999999,-84.3,91296,177132,1823883,
1370,CNS,Financial Services,Asset Management,S&P 600,111.18,76,65,50,23,82.43,3588111525.477463,51405607.0,0.039100002,4.59,314775,332531,290939,0.083
1371,CRI,Consumer Cyclical,Apparel Retail,S&P 600,111.18,76,80,71,66,39.46,1422046020.6528816,36850117.0,0.1038,-11.21,813795,889661,879713,0.081
1372,SBRA,Real Estate,REIT - Healthcare Facilities,S&P 400,111.18,76,52,71,56,22.26,5016060835.625381,252190095.0,0.1713,4.61,3576287,3515449,3246449,0.217
1373,USFD,Consumer Defensive,Food Distribution,S&P 400,111.18,76,74,74,70,101.47,18025142207.56842,220221656.0,0.040799998,-0.65,2241970,2728150,2789438,0.028
1374,NEOG,Healthcare,Medical Devices,S&P 600,111.17,76,81,85,91,9.19,1952527235.8949728,217673041.0,0.0659,-19.6,1608509,1875389,2201121,-0.044
1375,CZNC,Financial Services,Banks - Regional,NASDAQ,111.11,76,64,62,75,25.1,377323291.5915108,17916586.0,0.015800001,4.06,71948,78432,66347,-0.138
1376,PANL,Industrials,Marine Shipping,NASDAQ,111.11,76,62,84,93,7.54,495190978.33921576,65414923.0,0.0292,-19.7,342938,498679,561557,0.389
1377,NGVT,Basic Materials,Specialty Chemicals,S&P 600,111.11,76,76,89,88,74.49,2358216005.1885223,34771690.0,0.0417,-6.05,196447,278055,259105,0.041
1378,SOLV,Healthcare,Medical Instruments & Supplies,S&P 500,111.03,76,58,32,57,86.17,12979444135.91272,173174712.0,0.053600002,-2.3,1070950,1230030,1647624,-0.03
1379,AVBH,Financial Services,Banks - Regional,NASDAQ,111.02,76,76,71,77,32.61,337200047.7823162,10955167.0,0.0183,3.16,133616,173132,142065,0.292
1380,PRI,Financial Services,Insurance - Life,S&P 400,110.99,76,59,57,38,321.64,8418746677.826416,31184008.0,0.044,11.67,158279,198439,194017,0.081
1381,PMN,Healthcare,Biotechnology,NASDAQ,110.98,76,38,20,65,14.52,96940765.09299374,8967693.0,0.0187,-63.47,299721,137540,90896,
1382,LEVI,Consumer Cyclical,Apparel Manufacturing,NYSE,110.98,76,75,72,50,25.46,8922633316.623653,384596251.0,0.1004,2.58,2247860,3046870,2780170,0.141
1383,HMN,Financial Services,Insurance - Property & Casualty,S&P 600,110.98,76,68,55,57,52.5,1846630977.0749664,40381172.0,0.0305,8.63,246305,299478,277741,0.031
1384,LEGH,Consumer Cyclical,Residential Construction,NASDAQ,110.98,76,70,38,26,26.87,570996245.4531765,23781601.0,0.0919,-8.76,112400,108023,97928,-0.037
1385,LSBK,Financial Services,Banks - Regional,NASDAQ,110.97,76,73,74,75,17.11,122345015.69935799,7862790.0,0.002,5.1,10114,9138,10276,0.217
1386,FCX,Basic Materials,Copper,S&P 500,110.92,76,79,78,91,61.64,94462057413.02463,1437559865.0,0.020499999,-13.15,14488974,15212658,14269120,0.088
1387,MO,Consumer Defensive,Tobacco,S&P 500,110.9,76,71,75,66,74.82,116191035188.96217,1669891235.0,0.0309,0.35,7152464,7718014,7745832,0.053
1388,AEBI,Industrials,Farm & Heavy Construction Machinery,NASDAQ,110.88,76,65,35,83,13.75,967276404.5205116,77506125.0,0.1759,-58.33,344809,308493,275761,0.828
1389,BZFD,Communication Services,Internet Content & Information,NASDAQ,110.87,76,91,9,6,1.25,125818715.11193228,77189396.0,0.1144,-53.36,871079,904073,1360369,-0.124
1390,CLWT,Industrials,Pollution & Treatment Controls,NASDAQ,110.85,76,65,50,52,1.53,9041986.292043686,7411464.0,0.0067000003,-6.13,31105,2777575,2165363,-0.092
1391,UAN,Basic Materials,Agricultural Inputs,NYSE,110.85,76,60,85,74,121.78,1282097121.6559753,10569638.0,0.043,-12.7,23430,34626,40700,0.26
1392,BANC,Financial Services,Banks - Regional,S&P 600,110.82,76,73,66,79,21.18,2963764409.8778152,154202108.0,0.0788,-1.99,3565900,3114730,2974758,0.08
1393,NTIP,Industrials,Specialty Business Services,NYSE ARCA,110.77,76,60,63,33,1.63,33839598.0761075,22864593.0,0.0008,-14.21,45655,45285,39483,
1394,HVT,Consumer Cyclical,Home Improvement Retail,NYSE,110.76,76,70,55,76,26.15,373251244.6658459,16095353.0,0.0002,-5.49,107182,108840,100362,0.041
1395,SW,Consumer Cyclical,Packaging & Containers,S&P 500,110.76,76,66,33,40,50.8,21581697609.968674,524464078.0,0.0586,-3.51,5617570,6051343,5704654,0.007
1396,CPA,Industrials,Airlines,NYSE,110.71,76,84,46,84,140.01,5829834814.497986,40799460.0,0.0551,-10.49,287561,317083,344100,0.17
1397,SOTK,Technology,Scientific & Technical Instruments,NASDAQ,110.69,76,80,83,48,5.11,77625911.07914782,15713747.0,0.00090000004,-10.35,42960,48403,46376,-0.036
1398,C,Financial Services,Banks - Diversified,S&P 500,110.66,76,83,83,83,132.47,214732141237.0039,1705576955.0,0.0002,-2.08,12128210,13864623,12656534,0.159
1399,FLNG,Energy,Oil & Gas Midstream,NYSE,110.64,76,67,83,64,30.9,1610330058.2815247,54092376.0,0.1451,-7.49,267305,383781,420863,-0.09
1400,TRNO,Real Estate,REIT - Industrial,S&P 600,110.62,76,62,65,58,72.99,6944575344.439087,105717386.0,0.1009,8.05,821380,1081813,971586,0.127
1401,GD,Industrials,Aerospace & Defense,S&P 500,110.6,76,53,57,70,393.19,93790599436.02985,270430187.0,0.0115,6.35,1160492,1326250,1204872,0.103
1402,MEOH,Basic Materials,Chemicals,NASDAQ,110.55,76,56,93,81,53.2,4572227825.251503,77364263.0,0.74,-20.3,924486,1032222,920675,0.086
1403,HFWA,Financial Services,Banks - Regional,S&P 600,110.54,76,69,70,68,29.89,1123212763.25,41218817.0,0.0695,3.14,543155,420861,349115,0.372
1404,VVV,Consumer Cyclical,Auto & Truck Dealerships,S&P 400,110.49,76,65,39,36,40.2,4304342666.25,127536079.0,0.1429,-2.73,1810660,2026710,2017364,0.25
1405,RLI,Financial Services,Insurance - Property & Casualty,S&P 400,110.49,76,35,25,32,65.1,4600594167.412056,91938331.0,0.0624,-15.72,1026144,960794,985242,0.04
1406,UFPT,Healthcare,Medical Devices,S&P 600,110.49,76,76,26,66,258.07,1702900321.122528,7736939.0,0.2138,-6.13,194250,212543,207006,0.041
1407,CNQ,Energy,Oil & Gas E&P,NYSE,110.49,76,52,86,74,44.19,94628660472.22137,2085710000.0,1.29,-13.93,7196531,9594707,8554508,-0.012
1408,IMMR,Technology,Software - Application,NASDAQ,110.47,76,55,30,33,7.66,214490929.59134102,33100452.0,0.124,-6.01,785704,713618,625512,0.1
1409,SYBT,Financial Services,Banks - Regional,NASDAQ,110.46,76,58,53,36,85.42,2117419524.068756,29515188.0,0.0502,1.9,180200,218786,199178,0.094
1410,TXRH,Consumer Cyclical,Restaurants,S&P 400,110.46,76,64,31,57,204.78,11872082740.354614,65729615.0,0.0563,3.95,819420,1061193,1075374,0.128
1411,TPR,Consumer Cyclical,Luxury Goods,S&P 500,110.45,76,75,84,85,150.9,29389425454.941376,202044714.0,0.09060001,-6.83,2211150,2658930,2592824,0.212
1412,LWAY,Consumer Defensive,Packaged Foods,NASDAQ,110.44,76,81,66,28,30.77,364167389.8740845,15281888.0,0.16450001,-10.03,129278,209979,191943,0.367
1413,SKYW,Industrials,Airlines,S&P 600,110.44,76,44,24,35,113.75,3396903128.166786,39660281.0,0.0448,-8.22,551930,484980,447332,0.068
1414,HNVR,Financial Services,Banks - Regional,NASDAQ,110.44,76,51,59,51,26.88,166463936.4980297,7156661.0,0.0086,9.76,61441,67213,69506,0.046
1415,WABC,Financial Services,Banks - Regional,S&P 600,110.44,76,68,66,57,60.52,1303346662.3737526,23487955.0,0.0365,7.38,230980,247310,212496,-0.067
1416,CECO,Industrials,Pollution & Treatment Controls,NASDAQ,110.43,76,94,92,94,67.48,2681509067.25,35873031.0,0.1753,-26.65,796169,809896,910659,0.165
1417,MCRI,Consumer Cyclical,Resorts & Casinos,S&P 600,110.41,76,83,81,55,122.79,2134556832.077057,17749516.0,0.019299999,0.22,145488,186159,172195,0.089
1418,SLNH,Financial Services,Capital Markets,NASDAQ,110.4,76,91,94,44,1.22,268170509.32198,157747354.0,0.17940001,-76.26,11782980,16587736,18702612,0.583
1419,E,Energy,Oil & Gas Integrated,NYSE,110.39,76,63,90,79,50.23,76572290182.39685,1468027040.0,0.0017,-13.4,335640,464510,408560,-0.126
1420,TK,Energy,Oil & Gas Midstream,NYSE,110.37,75,67,90,81,11.27,998025610.1046629,87011821.0,0.0515,-21.63,575210,586806,615394,0.235
1421,KIM,Real Estate,REIT - Retail,S&P 500,110.37,75,72,68,46,26.24,16239306139.908142,674389792.0,0.050300002,6.58,3982228,4579056,4802367,0.04
1422,UTI,Consumer Defensive,Education & Training Services,S&P 600,110.37,75,73,78,36,39.1,2059846254.8083,55061381.0,0.066300005,-5.85,1111900,967410,1272222,0.067
1423,DLTR,Consumer Defensive,Discount Stores,S&P 500,110.33,75,65,32,79,126.76,22376809495.89624,192174588.0,0.0834,-10.98,2982581,3509017,3706046,0.072
1424,NBBK,Financial Services,Banks - Regional,NASDAQ,110.32,75,56,52,74,23.05,878244443.6369686,43846451.0,0.0424,0.83,408193,317687,266230,0.363
1425,MMM,Industrials,Conglomerates,S&P 500,110.32,75,55,37,48,182.48,79867597223.64514,521567261.0,0.0164,2.86,4851878,3900576,3937169,0.013
1426,REYN,Consumer Cyclical,Packaging & Containers,S&P 600,110.31,75,75,31,30,25.81,4567329075.670275,210767377.0,0.18100001,-1.68,1078338,1264319,1159637,0.072
1427,SMHI,Industrials,Marine Shipping,NYSE,110.29,75,71,81,68,7.97,204320196.5117197,27062277.0,0.0327,-2.45,97520,150226,121286,-0.202
1428,FTDR,Consumer Cyclical,Personal Services,S&P 600,110.29,75,79,76,36,74.28,4359481587.106003,70234922.0,0.053000003,4.96,433529,659936,584129,0.059
1429,DIOD,Technology,Semiconductors,S&P 600,110.29,75,93,96,68,80.29,4838899370.85878,45944734.0,0.053600002,-31.84,442957,595752,633953,0.221
1430,BOKF,Financial Services,Banks - Regional,NASDAQ,110.23,75,70,75,79,142.44,7779708967.745483,60759992.0,0.08930001,1.94,324383,292574,276838,0.103
1431,BGC,Financial Services,Capital Markets,S&P 600,110.2,75,57,76,34,11.97,5006141765.277198,479056637.0,0.0233,0.5,2125025,3465428,3321955,0.443
1432,NVGS,Energy,Oil & Gas Midstream,NYSE,110.2,75,61,83,69,21.77,1339364821.3900566,61721879.0,0.04,-10.63,421276,531032,478451,-0.071
1433,RDI,Communication Services,Entertainment,NASDAQ,110.18,75,61,33,18,1.46,39521495.58322728,34974775.0,0.0015,-11.52,53802,29724,32550,0.123
1434,AER,Industrials,Rental & Leasing Services,NYSE,110.16,75,63,67,77,154.09,21979726132.146652,157685101.0,0.0095,-0.55,904692,1093220,1190760,0.079
1435,HP,Energy,Oil & Gas Drilling,S&P 600,110.13,75,81,93,90,33.11,3812365971.2825317,99930952.0,0.1165,-20.83,921031,1236003,1182900,-0.082
1436,ANF,Consumer Cyclical,Apparel Retail,S&P 400,110.11,75,34,43,74,103.16,3469067937.119446,44924474.0,0.102299996,-22.5,980069,1153736,1351405,0.015
1437,AFL,Financial Services,Insurance - Life,S&P 500,110.1,75,59,57,56,129.55,57220081975.700806,508984904.0,0.0219,8.13,2028924,2338878,2484530,0.279
1438,LWLG,Basic Materials,Specialty Chemicals,NASDAQ,110.09,75,98,99,94,5.76,1673304750.6209564,154079632.0,0.0889,-69.21,3062887,4344032,5133677,0.273
1439,NPCE,Healthcare,Medical Devices,NASDAQ,110.08,75,81,86,89,15.31,563910573.5137558,34093745.0,0.0207,-21.89,168207,188185,169239,-0.02
1440,APEI,Consumer Defensive,Education & Training Services,NASDAQ,110.06,75,79,93,88,50.0,907452373.7519531,18343488.0,0.13229999,-18.82,399340,329563,283718,0.062
1441,OABI,Healthcare,Biotechnology,NASDAQ,110.06,75,88,21,35,1.97,391425970.21283126,144972579.0,0.0373,-28.49,373059,571596,611183,2.473
1442,VNO,Real Estate,REIT - Office,S&P 400,110.05,75,75,26,22,40.06,6348299265.0,188097756.0,0.0002,-7.63,1749860,1709280,1733418,-0.022
1443,PBR,Energy,Oil & Gas Integrated,NYSE,110.05,75,60,92,77,18.07,120960759921.36682,6444366381.0,2.39,-18.75,14263553,15293831,15311712,0.004
1444,WILC,Consumer Defensive,Food Distribution,NASDAQ,110.0,75,85,89,90,29.9,513146624.01950073,13906412.0,0.0007,-19.95,17180,6676,5174,0.083
1445,PTCT,Healthcare,Biotechnology,S&P 600,109.98,75,78,53,84,75.39,6125808484.729355,82949338.0,0.16770001,-13.84,1155434,2244371,1804308,-0.768
1446,TFIN,Financial Services,Banks - Regional,S&P 600,109.97,75,80,68,61,77.08,1696195526.25,23806253.0,0.1434,-0.98,389310,317373,276758,0.062
1447,SVCO,Technology,Software - Application,NASDAQ,109.94,75,95,95,16,7.52,323042962.5572624,33441301.0,0.074,-41.27,360670,492803,558364,0.26
1448,PALI,Healthcare,Biotechnology,NASDAQ,109.94,75,93,90,81,2.02,368412880.51249504,173779670.0,0.1551,-29.37,2576577,4119105,3570663,
1449,ECBK,Financial Services,Banks - Regional,NASDAQ,109.9,75,71,60,67,20.62,159847494.20362473,8753970.0,0.020299999,2.87,8055,14175,12461,0.444
1450,GOLD,Financial Services,Capital Markets,NYSE,109.9,75,82,87,96,40.8,1227175103.7714462,29004374.0,0.1378,-38.83,357428,402239,421761,2.44
1451,SFNC,Financial Services,Banks - Regional,S&P 600,109.88,75,70,66,63,23.48,3111627393.7252083,145064209.0,0.042,5.86,2009860,1642593,1486034,0.241
1452,CCEP,Consumer Defensive,Beverages - Non-Alcoholic,NASDAQ,109.88,75,61,51,56,111.45,40155451654.808655,442777049.0,0.050300002,0.5,1848723,1904341,1960156,0.002
1453,RBC,Industrials,Tools & Accessories,S&P 400,109.88,75,84,85,80,576.37,18094160628.75287,31635359.0,0.0117999995,-8.8,249984,248611,268464,0.183
1454,ONB,Financial Services,Banks - Regional,S&P 400,109.87,75,68,61,71,26.89,9276815818.433762,386373000.0,0.0771,2.75,5745387,4967892,4199811,0.462
1455,AXTA,Basic Materials,Specialty Chemicals,S&P 400,109.84,75,67,30,53,35.44,6585357589.330017,214018768.0,0.0542,-0.78,1644369,1879549,2377151,-0.006
1456,WDS,Energy,Oil & Gas E&P,NYSE,109.82,75,54,88,67,22.14,41501015976.64757,1901100143.0,3.93,-12.11,723880,845790,904796,-0.111
1457,UHT,Real Estate,REIT - Healthcare Facilities,NYSE,109.8,75,63,60,57,45.22,575143547.6862411,13875598.0,0.0416,1.16,84170,238400,178136,0.003
1458,MLR,Consumer Cyclical,Auto Parts,NYSE,109.76,75,74,72,37,51.28,545968751.8211517,11395716.0,0.0325,2.79,60911,78467,74872,-0.198
1459,BVN,Basic Materials,Other Precious Metals & Mining,NYSE,109.76,75,65,89,96,30.38,9369575368.608719,253986867.0,0.0292,-31.99,851793,1130951,1145546,1.03
1460,PKG,Consumer Cyclical,Packaging & Containers,S&P 500,109.75,75,65,56,67,253.24,19504585141.05899,89098647.0,0.0525,1.49,899573,703577,700326,0.106
1461,VIR,Healthcare,Biotechnology,S&P 600,109.75,75,89,90,75,8.85,1608939825.5264378,168651974.0,0.1011,-24.1,1632350,2152603,1945890,
1462,GLRE,Financial Services,Insurance - Reinsurance,NASDAQ,109.74,75,58,84,59,17.68,519718242.69039917,33166448.0,0.014099999,-8.82,150244,178061,177070,-0.069
1463,NFJ,Financial Services,Asset Management,NYSE,109.74,75,74,70,63,15.2,1400234259.0890923,94101764.0,0.00090000004,1.81,294803,209517,188678,
1464,MBBC,Financial Services,Banks - Regional,NASDAQ,109.74,75,77,78,76,14.95,40838325.09024811,2950746.0,0.0023,-5.08,1193,5504,12308,0.343
1465,MLSS,Healthcare,Medical Instruments & Supplies,NYSE ARCA,109.71,75,24,20,7,0.43,34349315.04007459,88075170.0,0.014199999,-55.67,126910,174983,185694,-0.032
1466,MDV,Real Estate,REIT - Industrial,NYSE,109.71,75,74,61,55,17.58,187477845.62473297,10323670.0,0.0095,-5.86,56598,68926,65277,-0.011
1467,STOK,Healthcare,Biotechnology,NASDAQ,109.69,75,85,93,96,29.39,1925125946.5465736,62281655.0,0.2157,-26.93,543320,911400,766888,-0.961
1468,BHRB,Financial Services,Banks - Regional,NASDAQ,109.65,75,67,57,67,74.08,1281527630.853836,20149806.0,0.0311,4.49,134479,185783,186627,0.029
1469,NDSN,Industrials,Specialty Industrial Machinery,S&P 500,109.63,75,76,76,79,302.65,16009437250.674194,55717948.0,0.031,-0.86,347453,409577,416138,0.085
1470,DY,Industrials,Engineering & Construction,S&P 400,109.63,75,91,89,91,401.87,15316042050.0,30031455.0,0.0806,-29.06,388004,601344,587076,0.561
1471,NVS,Healthcare,Drug Manufacturers - General,NYSE,109.62,75,67,72,79,159.85,286538166890.22925,1908091965.0,0.0023,-6.22,1985204,2105838,1920388,-0.007
1472,CHE,Healthcare,Medical Care Facilities,S&P 400,109.56,75,52,32,29,517.63,5660210735.251221,13274104.0,0.0558,-9.54,162725,193438,197697,0.016
1473,ANNX,Healthcare,Biotechnology,NASDAQ,109.56,75,86,94,97,4.97,888026568.4601936,163842538.0,0.1584,-30.78,3571331,4583730,3846192,
1474,VIST,Energy,Oil & Gas E&P,NYSE,109.55,75,71,86,69,64.29,8269026036.704773,111442404.0,0.027999999,-21.06,1039730,937740,932932,0.973
1475,SNA,Industrials,Tools & Accessories,S&P 500,109.53,75,66,66,66,419.31,19229388795.716675,51801916.0,0.071100004,4.6,437610,398700,362846,0.052
1476,PLUS,Technology,Software - Application,S&P 600,109.53,75,52,69,72,92.6,2146783352.7000427,26151583.0,0.053400002,-1.47,250603,262097,259458,0.217
1477,AGIO,Healthcare,Biotechnology,NASDAQ,109.53,75,69,27,20,35.99,1748465281.9133816,59471609.0,0.1266,-21.76,1053073,1182957,1076680,1.377
1478,CEE,Financial Services,Asset Management,NYSE,109.5,75,74,76,81,20.93,135690250.12820244,6458365.0,0.0005,-4.78,20784,24331,24500,0.631
1479,XOM,Energy,Oil & Gas Integrated,S&P 500,109.49,74,48,79,82,153.04,602095001983.2452,4144947162.0,0.011,-13.25,14320800,16820403,16892944,0.026
1480,LAD,Consumer Cyclical,Auto & Truck Dealerships,S&P 400,109.47,74,38,33,52,358.31,6633985313.869629,22805820.0,0.1664,-0.62,261846,293422,292115,0.01
1481,NWL,Consumer Defensive,Household & Personal Products,S&P 600,109.47,74,88,28,42,5.26,1444754465.3242702,424927772.0,0.1587,-20.78,7088505,12188378,11257871,-0.011
1482,IEX,Industrials,Specialty Industrial Machinery,S&P 500,109.45,74,77,74,64,224.65,15604593548.685608,74015052.0,0.0318,0.36,709841,717077,690236,0.089
1483,WSBK,Financial Services,Banks - Regional,NASDAQ,109.44,74,72,78,75,13.03,113801434.39087391,8960743.0,0.0047999998,-2.65,4110,5603,5912,0.351
1484,W,Consumer Cyclical,Internet Retail,NYSE,109.44,74,79,39,93,94.54,9538067299.714943,131996499.0,0.1993,-21.2,3133950,3240413,3657382,0.074
1485,REX,Basic Materials,Chemicals,S&P 600,109.4,74,76,92,83,42.45,1540167638.395134,32937718.0,0.025899999,-20.45,147138,204066,199343,0.036
1486,LTC,Real Estate,REIT - Healthcare Facilities,S&P 600,109.39,74,58,62,55,41.89,1914698261.1503296,51181456.0,0.053400002,2.67,650699,620989,569601,-0.19
1487,DDI,Communication Services,Electronic Gaming & Multimedia,NASDAQ,109.39,74,77,74,29,11.61,579775238.5484314,49553440.0,0.0033000002,-5.98,68200,84203,99472,0.127
1488,KNTK,Energy,Oil & Gas Midstream,S&P 600,109.39,74,66,79,36,49.39,3382027303.4541245,73602334.0,0.1034,-4.12,878710,1047540,978354,-0.075
1489,RYDE,Technology,Software - Application,NYSE ARCA,109.39,74,93,99,21,0.64,163785880.83875048,169726306.0,0.010299999,-58.71,105914,78728,156524,0.388
1490,SKE,Basic Materials,Other Industrial Metals & Mining,NYSE,109.38,74,73,91,96,26.42,3754793518.500662,124084385.0,6.08,-31.85,610120,994276,847718,
1491,CPBI,Financial Services,Banks - Regional,NASDAQ,109.37,74,63,57,63,19.75,77292583.37080956,4205255.0,0.0023999999,5.33,3026,3138,4151,0.175
1492,CZR,Consumer Cyclical,Resorts & Casinos,S&P 600,109.37,74,61,76,23,29.95,5917298227.3941345,203693576.0,0.1461,-5.16,3270478,4256329,7137845,0.027
1493,HTB,Financial Services,Banks - Regional,NYSE,109.36,74,69,68,69,50.94,780944635.0143433,16805350.0,0.0209,6.93,125943,148514,118544,0.093
1494,JXN,Financial Services,Insurance - Life,S&P 600,109.35,74,50,74,80,122.94,7191211496.0078125,69743104.0,0.0573,-0.54,556487,660399,634007,-0.226
1495,VLGEA,Consumer Defensive,Grocery Stores,NASDAQ,109.35,74,54,77,68,43.57,685376559.1541672,14751971.0,0.0346,-9.62,46060,54576,59218,0.069
1496,UTHR,Healthcare,Drug Manufacturers - Specialty & Generic,S&P 400,109.35,74,71,88,81,523.63,23635190179.949158,42446733.0,0.0635,-14.07,390920,498956,485746,-0.016
1497,ISSC,Industrials,Aerospace & Defense,NASDAQ,109.34,74,59,94,95,19.16,308470954.1846752,17892747.0,0.023699999,-38.07,301316,388988,417027,0.02
1498,COSO,Financial Services,Banks - Regional,NYSE,109.33,74,63,67,69,27.68,310641057.4648876,12167687.0,0.0199,5.01,69435,138825,118055,0.184
1499,LGPS,Industrials,Conglomerates,NYSE ARCA,109.32,74,27,11,10,1.08,15263980.645481586,23628452.0,0.0011999999,-50.23,228481,5252017,3418826,-0.018
1500,SEIC,Financial Services,Asset Management,S&P 400,109.31,74,50,58,46,103.14,10569588800.540405,120272976.0,0.019299999,9.77,988115,797761,717591,0.128
1501,OMDA,Healthcare,Health Information Services,NASDAQ,109.31,74,84,21,11,20.43,1068289629.9699497,59448507.0,0.1043,-28.06,1433911,1253083,1148032,0.42
1502,BHV,Financial Services,Asset Management,NYSE,109.31,74,73,58,45,12.53,18440824.2246809,1588357.0,0.0032,-0.79,3293,5257,5552,-0.02
1503,PFS,Financial Services,Banks - Regional,S&P 600,109.28,74,70,74,79,24.17,2891660784.125017,130313687.0,0.0635,0.79,1003456,1100968,1008743,0.092
1504,TEX,Industrials,Farm & Heavy Construction Machinery,S&P 400,109.27,74,83,78,84,68.65,6645120426.536133,114216576.0,0.0513,-3.99,1253840,1476926,1333226,0.411
1505,MEDP,Healthcare,Diagnostics & Research,S&P 400,109.23,74,70,29,82,570.97,12769322130.43518,28559689.0,0.08270001,-9.21,467684,378458,338814,0.265
1506,LH,Healthcare,Diagnostics & Research,S&P 500,109.22,74,51,41,55,314.23,21324919799.804688,82000000.0,0.041199997,6.98,862755,715645,657305,0.058
1507,GEN,Technology,Software - Infrastructure,S&P 500,109.18,74,54,18,24,27.58,15536769646.204666,602433854.0,0.0589,-14.4,3875113,5574401,6492720,0.27
1508,CCS,Real Estate,Real Estate - Development,S&P 600,109.17,74,75,34,58,71.25,1519594734.1403046,28769306.0,0.0934,-6.25,321237,348635,354351,-0.126
1509,CW,Industrials,Aerospace & Defense,S&P 400,109.16,74,78,83,87,728.8,27617583076.909668,36941164.0,0.019299999,-4.2,211648,276176,281779,0.134
1510,KEX,Industrials,Marine Shipping,S&P 400,109.15,74,71,85,66,145.39,7517628284.1796875,53472000.0,0.0353,-7.8,579534,611281,591698,0.074
1511,LYV,Communication Services,Entertainment,S&P 500,109.14,74,70,60,34,180.87,39191163331.80972,232712799.0,0.1372,3.21,1521831,2326330,2330994,0.122
1512,JPM,Financial Services,Banks - Diversified,S&P 500,109.11,74,59,60,62,357.31,802004555979.8041,2679511418.0,0.0101,5.95,8705547,10312035,9703697,0.127
1513,GOOGL,Communication Services,Internet Content & Information,S&P 500,109.1,74,84,90,90,333.71,4607987985164.278,12115444154.0,0.014099999,-18.33,34369787,34286249,33561151,0.218
1514,EG,Financial Services,Insurance - Reinsurance,S&P 500,109.09,74,55,58,41,398.7,12822386147.754822,39571602.0,0.0348,8.26,363496,413898,417775,-0.047
1515,INDB,Financial Services,Banks - Regional,S&P 600,109.06,74,68,67,79,86.14,3815594509.588028,48249803.0,0.0561,-0.99,451099,449349,391563,0.516
1516,BCH,Financial Services,Banks - Regional,NYSE,109.05,74,70,69,89,40.44,19228601252.280167,505085406.0,0.0038,-13.53,244152,292324,325862,-0.079
1517,IAUX,Basic Materials,Gold,NYSE ARCA,109.05,74,81,92,97,1.29,1396522860.6305802,862051146.0,0.082600005,-42.41,9960340,10260300,9941518,2.729
1518,NTNX,Technology,Software - Infrastructure,S&P 400,109.05,74,37,18,8,59.05,14024996411.821243,269348886.0,0.0856,-28.35,2545820,3601840,4091590,0.1
1519,HASI,Financial Services,Asset Management,S&P 600,109.04,74,73,87,82,38.76,5239843706.0,127801066.0,0.1294,-12.17,783740,929923,1005482,-0.283
1520,ORI,Financial Services,Insurance - Property & Casualty,S&P 400,109.03,74,51,61,64,44.41,9067516946.629807,243554044.0,0.0468,-5.03,1240279,1602009,1510225,0.135
1521,MSGM,Communication Services,Electronic Gaming & Multimedia,NASDAQ,109.01,74,70,85,92,4.34,17322328.648068905,4174055.0,0.056500003,-21.91,15405,36161,42445,1.293
1522,NNN,Real Estate,REIT - Retail,S&P 400,109.0,74,66,60,52,49.23,8467946038.944752,190248177.0,0.059899997,6.95,1493173,1649927,1757424,0.041
1523,HSIC,Healthcare,Medical Distribution,S&P 500,108.98,74,65,58,56,85.71,8723745459.647812,113916757.0,0.090500005,-4.01,1315952,1314894,1393148,0.063
1524,NOV,Energy,Oil & Gas Equipment & Services,S&P 400,108.96,74,70,85,85,19.82,7163413732.227783,358888480.0,0.1447,-7.3,3637405,4246981,3874343,-0.024
1525,EQBK,Financial Services,Banks - Regional,NYSE,108.95,74,63,61,70,50.98,951539834.3046722,20640778.0,0.0215,1.82,150992,170980,136496,0.337
1526,SRBK,Financial Services,Banks - Regional,NASDAQ,108.95,74,73,80,76,19.61,139697268.20663452,7434660.0,0.0575,-0.0,31230,36970,46338,0.076
1527,RRX,Industrials,Specialty Industrial Machinery,S&P 400,108.93,74,83,88,77,202.93,13431076682.802414,66569573.0,0.0468,-14.14,802583,1068487,1009728,0.043
1528,CHCO,Financial Services,Banks - Regional,S&P 600,108.93,74,55,50,55,144.9,1754159011.0089111,14111166.0,0.0884,8.47,168384,167598,137106,0.055
1529,BSAA,Financial Services,Shell Companies,NASDAQ,108.9,74,64,47,43,12.03,86574148.58865738,7399500.0,0.0023,-10.02,3932,9230,17504,
1530,ASB,Financial Services,Banks - Regional,S&P 400,108.9,74,73,66,69,31.06,5253781975.017431,188917011.0,0.0,5.22,2248823,2344734,2116916,0.122
1531,AVTR,Healthcare,Medical Instruments & Supplies,S&P 400,108.89,74,43,14,23,12.42,6226729188.104845,682755402.0,0.0687,-22.03,12668706,9802985,10067399,0.0
1532,BTO,Financial Services,Asset Management,NYSE,108.88,74,65,61,68,41.51,726284870.6380005,19816776.0,0.2,4.17,47206,47972,44089,-0.016
1533,RF,Financial Services,Banks - Regional,S&P 500,108.87,74,70,69,78,31.27,23894627064.0,853379538.0,0.0847,-0.82,11579576,10966008,10899167,0.073
1534,BSAC,Financial Services,Banks - Regional,NYSE,108.86,74,66,72,88,33.94,15042712215.582985,471115317.0,0.0047,-10.02,276294,336874,382408,-0.026
1535,GRND,Technology,Software - Application,NYSE,108.83,73,36,31,13,16.6,2221574712.5,177725977.0,0.13430001,-33.94,1535160,1779416,1733970,0.383
1536,RZLT,Healthcare,Biotechnology,NASDAQ,108.83,73,85,16,8,4.92,317764687.70842385,96292331.0,0.22799999,-57.06,1189801,2025677,1965050,
1537,SRV,Financial Services,Asset Management,NYSE,108.83,73,72,80,57,46.7,220497856.99442673,4667609.0,0.8,-9.2,87750,74516,64100,
1538,FR,Real Estate,REIT - Industrial,S&P 400,108.83,73,67,71,64,66.18,8202131991.2795105,132570424.0,0.0375,2.35,1284203,1347181,1184092,0.1
1539,EBF,Industrials,Business Equipment & Supplies,NYSE,108.82,73,62,71,63,21.89,517492015.2036896,25292866.0,0.0535,-2.1,111320,165443,146594,0.04
1540,GOOG,Communication Services,Internet Content & Information,S&P 500,108.75,73,84,90,89,332.6,4560616554154.057,12115444154.0,2.39,-17.77,23046558,22802502,23108499,0.218
1541,D,Utilities,Utilities - Regulated Electric,S&P 500,108.74,73,67,64,58,70.62,58874567826.207275,879512484.0,0.0368,2.39,3656076,5552665,7487617,0.231
1542,RRR,Consumer Cyclical,Resorts & Casinos,S&P 600,108.74,73,69,43,76,66.13,3413223775.3680344,58465634.0,0.1149,-4.15,577375,703371,756497,0.019
1543,OLP,Real Estate,REIT - Diversified,NYSE,108.74,73,67,58,46,25.09,513847983.7530823,21819448.0,0.0143,-3.13,80231,92257,75962,0.114
1544,TDC,Technology,Software - Infrastructure,S&P 600,108.74,73,83,62,64,29.19,3204104928.2073975,94100000.0,0.233,-30.13,2768330,3492786,2955618,0.062
1545,BME,Financial Services,Asset Management,NYSE,108.72,73,67,54,66,43.87,519936657.77381516,12924103.0,0.0043,2.64,45397,44565,45523,0.076
1546,EOG,Energy,Oil & Gas E&P,S&P 500,108.7,73,52,78,40,139.64,71041995932.12524,532628530.0,0.0376,-8.05,2975136,3829912,3590675,0.156
1547,LMT,Industrials,Aerospace & Defense,S&P 500,108.7,73,35,46,83,581.31,122302468678.09717,230563608.0,0.013200001,-16.0,1349163,1337887,1277474,0.003
1548,AEF,Financial Services,Asset Management,NYSE ARCA,108.7,73,88,86,84,8.42,399924041.8882141,40601424.0,0.88,-15.72,100297,145702,154009,-0.023
1549,PCRX,Healthcare,Drug Manufacturers - Specialty & Generic,S&P 600,108.69,73,46,69,28,26.81,913658768.2619247,39347924.0,0.2567,-3.0,542713,517551,481410,0.05
1550,IMKTA,Consumer Defensive,Grocery Stores,NASDAQ,108.67,73,67,82,73,89.97,1680242483.5701294,18994376.0,0.087,-5.91,118540,137446,142366,0.034
1551,KMT,Industrials,Tools & Accessories,S&P 600,108.66,73,77,88,90,35.61,2499691320.2563057,76210103.0,0.0608,-18.72,811881,988857,1145020,0.218
1552,ATRA,Healthcare,Biotechnology,NASDAQ,108.64,73,89,11,8,7.81,94696909.78226471,9010172.0,0.0864,-59.21,60071,82100,100052,-0.995
1553,NODK,Financial Services,Insurance - Property & Casualty,NASDAQ,108.63,73,68,38,46,15.65,286330479.8843422,20481437.0,0.006,6.46,21361,30223,25358,-0.166
1554,SLDB,Healthcare,Biotechnology,NASDAQ,108.62,73,89,83,85,7.97,722620123.0622177,98449606.0,0.106400006,-10.11,1091790,2279796,1845772,
1555,PECO,Real Estate,REIT - Retail,S&P 600,108.61,73,68,69,55,42.64,5057552115.809509,125966424.0,0.0398,3.82,971561,1137107,1061460,0.07
1556,URI,Industrials,Rental & Leasing Services,S&P 500,108.6,73,85,76,43,1091.26,62375296337.57013,62646557.0,0.0255,6.83,604270,514043,511418,0.072
1557,HURC,Industrials,Specialty Industrial Machinery,NASDAQ,108.59,73,84,36,35,20.78,110685615.67182541,6446454.0,0.0191,-3.17,35404,45558,39806,-0.076
1558,DTM,Energy,Oil & Gas Midstream,S&P 400,108.59,73,72,82,72,138.1,14279935801.788666,102014118.0,0.0473,-9.67,732995,747398,695739,0.109
1559,UA,Consumer Cyclical,Apparel Manufacturing,S&P 600,108.59,73,61,59,63,6.97,2442841639.291502,426324892.0,8.2,-11.85,2500933,3400682,3287214,-0.008
1560,FF,Basic Materials,Specialty Chemicals,NYSE,108.59,73,74,83,27,4.61,181594913.12359,43863507.0,0.025999999,-9.96,300665,299475,288685,0.822
1561,OTLY,Consumer Defensive,Packaged Foods,NASDAQ,108.53,73,23,27,26,15.16,313811255.9556961,31225000.0,0.0345,-19.53,300259,156716,145657,0.156
1562,RVTY,Healthcare,Diagnostics & Research,S&P 500,108.52,73,73,27,51,111.51,11663574607.603409,111559773.0,0.1279,-5.74,1319287,1433649,1451185,0.07
1563,EWBC,Financial Services,Banks - Regional,S&P 400,108.5,73,72,76,69,131.31,16787522070.903824,136996262.0,0.028299998,2.97,865669,1078573,946001,0.141
1564,BVFL,Financial Services,Banks - Regional,NASDAQ,108.49,73,70,67,74,21.36,169975475.68310738,8658965.0,0.0152,3.99,17320,23030,22634,0.087
1565,HUBG,Industrials,Integrated Freight & Logistics,S&P 600,108.44,73,71,67,85,47.72,2540316861.3877106,61153510.0,0.0713,-10.4,763612,752644,769314,-0.053
1566,MTA,Basic Materials,Other Precious Metals & Mining,NYSE ARCA,108.41,73,79,81,94,7.36,734460121.7959547,93442762.0,1.82,-20.43,395774,444064,492368,0.78
1567,SONO,Technology,Consumer Electronics,S&P 600,108.4,73,37,71,65,16.8,1879850396.569213,119128671.0,0.13069999,-15.24,2224120,2313030,1956714,0.084
1568,WBD,Communication Services,Entertainment,S&P 500,108.38,73,80,91,95,25.61,67717762894.85805,2507136702.0,0.0255,-14.63,27319290,23779960,22628292,-0.01
1569,FBNC,Financial Services,Banks - Regional,S&P 600,108.37,73,74,68,78,64.22,2434115622.550644,41375413.0,0.056199998,2.52,328759,311323,265087,0.139
1570,OLMA,Healthcare,Biotechnology,NASDAQ,108.34,73,73,91,99,11.62,1152113105.8375425,87347471.0,0.1612,-67.95,955397,1617745,1540715,
1571,PAY,Technology,Software - Infrastructure,NYSE,108.33,73,22,38,20,34.14,2954791497.3391056,125789337.0,0.0471,-14.69,791026,1280865,1107895,0.302
1572,CVBF,Financial Services,Banks - Regional,S&P 600,108.29,73,67,60,58,22.8,3592627898.2597046,176455196.0,0.0544,6.15,1604692,1823937,1642094,0.003
1573,BAX,Healthcare,Medical Instruments & Supplies,S&P 500,108.26,73,61,20,26,24.37,9699288324.871124,516469008.0,0.1233,-23.94,5279337,6028712,6372153,0.029
1574,RNST,Financial Services,Banks - Regional,S&P 600,108.26,73,69,66,61,43.89,3757320839.036865,92272120.0,0.061300002,4.23,553335,753325,740461,0.602
1575,DXPE,Industrials,Industrial Distribution,S&P 600,108.22,73,83,87,77,160.27,2249200520.8652344,15505312.0,0.0427,-12.85,108326,159525,151645,0.095
1576,AWR,Utilities,Utilities - Regulated Water,S&P 600,108.2,73,59,48,36,88.06,3028416165.7428665,39192653.0,0.0327,8.39,317015,357765,342505,0.143
1577,BWMX,Consumer Cyclical,Specialty Retail,NYSE,108.2,73,85,78,89,17.26,644692235.3096008,37243920.0,0.0093,-12.78,103449,70013,71825,0.003
1578,MLAB,Technology,Scientific & Technical Instruments,NASDAQ,108.18,73,72,73,54,101.1,563641403.7135696,5524813.0,0.0612,-9.16,143371,205837,212526,0.026
1579,DRS,Industrials,Aerospace & Defense,NASDAQ,108.17,73,35,49,59,49.21,13007318914.368694,266762087.0,0.0128999995,-0.2,901656,1130208,1029891,0.059
1580,TWO,Real Estate,REIT - Mortgage,S&P 600,108.16,73,73,67,70,12.1,1295221277.8756008,105046333.0,0.0458,-14.61,2011490,2006200,1765016,15.691
1581,BALL,Consumer Cyclical,Packaging & Containers,S&P 500,108.14,73,62,66,72,66.89,14555696268.858078,266246511.0,0.0276,-2.05,1874014,2557781,2736622,0.163
1582,BMRC,Financial Services,Banks - Regional,NASDAQ,108.13,73,61,58,67,29.1,418342031.35035324,16189707.0,0.0434,2.18,165826,179458,143283,0.253
1583,ABCL,Healthcare,Biotechnology,NASDAQ,108.12,73,96,61,35,5.29,1884166198.1082935,305375393.0,0.1823,-18.8,4880855,6879258,7172311,0.963
1584,ISTR,Financial Services,Banks - Regional,NASDAQ,108.12,73,72,70,84,30.14,389806715.25710106,13793585.0,0.0178,-5.13,227751,237967,204092,0.576
1585,MAS,Industrials,Building Products & Equipment,S&P 500,108.11,73,77,62,47,81.61,14303397721.25,203607085.0,0.0692,3.06,2361933,2359474,2362338,0.065
1586,EFSC,Financial Services,Banks - Regional,NASDAQ,108.1,73,69,56,59,66.72,2217465663.3802032,36585805.0,0.0208,7.09,284158,291039,254823,0.126
1587,IOR,Financial Services,Mortgage Finance,NYSE ARCA,108.07,73,43,40,38,21.3,73191204.0,4066178.0,0.0002,8.18,1520,1910,1932,
1588,SEG,Real Estate,Real Estate Services,NYSE,108.05,73,79,58,23,26.37,323248227.5,12801910.0,0.1041,-6.95,43040,55693,63710,-0.275
1589,WAT,Healthcare,Diagnostics & Research,S&P 500,108.04,73,64,29,61,383.9,37661149121.48468,98185855.0,0.0401,-7.3,888690,912413,925988,0.914
1590,MIDD,Industrials,Specialty Industrial Machinery,S&P 400,108.03,73,75,38,57,135.09,7008698776.589355,45214496.0,0.0672,-20.27,554881,832453,762423,0.15
1591,IBCP,Financial Services,Banks - Regional,NASDAQ,108.01,73,60,53,69,38.67,707203301.9514999,20606157.0,0.0304,-1.28,245977,215135,179585,0.097
1592,PRKS,Consumer Cyclical,Leisure,S&P 600,108.01,73,73,23,17,46.98,1891548788.9861755,47135528.0,0.38880002,-17.51,599184,744224,832676,-0.03
1593,EMF,Financial Services,Asset Management,NYSE,108.0,73,86,81,86,20.4,347688087.6413021,14947897.0,0.82,-14.89,45412,36694,39956,0.152
1594,MTN,Consumer Cyclical,Resorts & Casinos,S&P 400,107.95,73,44,32,26,157.08,4760575831.086884,35633051.0,0.344,-8.67,773218,821662,808607,-0.047
1595,GNW,Financial Services,Insurance - Life,S&P 600,107.95,73,61,62,59,10.06,3278559392.07708,383009256.0,0.026199998,6.46,3165246,3254552,2955005,-0.005
1596,EPD,Energy,Oil & Gas Midstream,NYSE,107.95,73,58,78,66,38.63,79595839170.85013,2163518271.0,0.0257,-3.83,3132254,3030551,3095824,-0.067
1597,NMAD,Industrials,Electrical Equipment & Parts,NASDAQ,107.92,72,99,78,74,4.43,,,,,374466,473152,385761,
1598,FHI,Financial Services,Asset Management,S&P 400,107.92,72,57,74,68,60.53,4255663431.4301643,75912653.0,0.05,2.51,451153,597501,660800,0.131
1599,SIGI,Financial Services,Insurance - Property & Casualty,S&P 400,107.92,72,72,52,60,94.4,5181108315.612183,59869520.0,0.0354,3.0,701940,658990,606574,0.057
1600,KYN,Financial Services,Asset Management,NYSE,107.9,72,57,73,64,14.36,2313644251.453171,169126038.0,0.0007,-2.31,474601,407357,402498,0.085
1601,BKTI,Technology,Communication Equipment,NYSE ARCA,107.9,72,71,91,90,80.0,309083556.3263855,3744198.0,0.0271,-23.48,45849,46116,46449,0.118
1602,TTE,Energy,Oil & Gas Integrated,NYSE,107.88,72,58,87,78,84.18,194102017053.51038,2222881559.0,0.0019,-10.61,2126050,1908483,1633532,0.034
1603,REAL,Consumer Cyclical,Luxury Goods,NASDAQ,107.87,72,86,83,92,11.93,1161501739.2861786,120487728.0,0.1591,-31.41,2908095,3243598,3108293,0.185
1604,LOBO,Consumer Cyclical,Auto Manufacturers,NASDAQ,107.86,72,75,62,15,0.76,10935131.317015767,13841938.0,0.10609999,-43.7,88504,234948,2111848,0.229
1605,AME,Industrials,Specialty Industrial Machinery,S&P 500,107.86,72,69,74,73,241.43,51765499400.644104,229203002.0,0.0186,-0.72,1062665,1124078,1136605,0.113
1606,WNEB,Financial Services,Banks - Regional,NASDAQ,107.85,72,71,76,82,14.66,267061453.02258682,20125203.0,0.0119,0.96,45060,56683,50136,0.222
1607,PLD,Real Estate,REIT - Industrial,S&P 500,107.83,72,66,75,67,147.12,133762533998.10791,932338000.0,0.0154,-0.55,5109192,4373854,4049862,0.083
1608,ELV,Healthcare,Healthcare Plans,S&P 500,107.83,72,71,62,45,385.73,85386076722.38159,217162380.0,0.031400003,-5.46,1761346,1672882,1689131,0.026
1609,GPRK,Energy,Oil & Gas E&P,NYSE,107.8,72,67,82,57,9.26,663001529.0,64683076.0,0.0257,-11.89,384967,450912,540593,-0.065
1610,JBL,Technology,Electronic Components,S&P 500,107.77,72,89,90,79,302.95,38462035618.74524,105502622.0,0.028299998,-20.68,1011492,1453404,1332902,0.231
1611,VZ,Communication Services,Telecom Services,S&P 500,107.76,72,41,67,68,48.19,199633477221.35754,4175558910.0,0.021,-6.75,27358170,32833306,28726770,0.029
1612,FUSB,Financial Services,Banks - Regional,NASDAQ,107.74,72,72,76,75,16.5,89076272.0,5567267.0,0.0014,0.0,7651,4097,4640,0.06
1613,PWR,Industrials,Engineering & Construction,S&P 500,107.73,72,89,93,79,588.36,106802306916.90771,150060149.0,0.0336,-25.41,943949,1283396,1225575,0.263
1614,FMNB,Financial Services,Banks - Regional,NASDAQ,107.71,72,57,61,43,16.0,839669015.8509903,59215021.0,0.013099999,3.23,465699,526589,449253,0.277
1615,COLB,Financial Services,Banks - Regional,S&P 400,107.71,72,74,70,72,31.27,8580494271.549103,289490366.0,0.0309,-4.37,3435092,3110090,2949544,0.399
1616,XIFR,Utilities,Utilities - Renewable,NYSE,107.7,72,72,61,54,11.82,1176524438.4453392,94272795.0,0.0376,-6.26,1123020,995566,990652,-0.025
1617,BWB,Financial Services,Banks - Regional,NASDAQ,107.67,72,71,56,75,21.0,525880318.6386566,27883367.0,0.015,3.45,179848,244839,186033,0.462
1618,MCHB,Financial Services,Banks - Regional,NASDAQ,107.66,72,71,65,78,15.84,3259023956.7204666,221401080.0,0.0991,-1.19,965543,651001,579428,0.307
1619,TPC,Industrials,Engineering & Construction,S&P 600,107.66,72,77,95,96,81.98,3774060790.7052917,52791452.0,0.0476,-18.02,1605470,944550,760118,0.115
1620,EGP,Real Estate,REIT - Industrial,S&P 400,107.66,72,68,72,56,210.17,10853718484.247528,53755229.0,0.059699997,1.18,510769,445979,391583,0.091
1621,EIG,Financial Services,Insurance - Specialty,S&P 600,107.62,72,70,39,60,49.97,793567063.5,18242921.0,0.1415,2.33,198509,276876,251667,0.025
1622,CINF,Financial Services,Insurance - Property & Casualty,S&P 500,107.6,72,69,59,62,182.63,24350786642.400116,154686742.0,0.0221,4.8,950464,992434,854524,0.116
1623,JRS,Financial Services,Asset Management,NYSE,107.59,72,67,61,43,8.87,238940748.3959236,28892471.0,0.0007,5.85,85603,84654,81856,0.281
1624,LOB,Financial Services,Banks - Regional,NYSE,107.57,72,73,65,79,42.92,1759358673.2573547,46262391.0,0.0683,0.07,254465,297481,271897,0.335
1625,XFOR,Healthcare,Biotechnology,NASDAQ,107.57,72,79,81,68,3.93,406517884.3629837,94319696.0,0.0311,-18.63,571760,947186,726578,-0.906
1626,SANM,Technology,Electronic Components,S&P 400,107.53,72,94,94,87,172.43,13920940300.392303,53597735.0,0.0776,-36.25,894447,1366072,1142227,1.023
1627,ITGR,Healthcare,Medical Devices,S&P 600,107.53,72,35,38,33,100.38,3034883416.5602493,33954839.0,0.1499,-18.9,418852,466164,470336,0.005
1628,CLST,Financial Services,Banks - Regional,NASDAQ,107.53,72,60,70,73,16.9,64506184.62913513,4051896.0,0.0022,-6.94,1995,2411,2915,0.017
1629,BCAT,Financial Services,Asset Management,NYSE,107.52,72,74,68,60,15.44,1668022322.3137188,104775271.0,1.37,-3.38,819631,722427,713106,
1630,JMSB,Financial Services,Banks - Regional,NASDAQ,107.51,72,57,62,65,23.58,300166989.670063,14112223.0,0.0089,6.7,40173,53581,45886,0.162
1631,ENOV,Healthcare,Medical Devices,S&P 600,107.49,72,23,27,14,29.52,1305519853.6067123,57562603.0,0.1741,-19.83,918031,1176650,1141616,0.054
1632,PDM,Real Estate,REIT - Office,NYSE,107.47,72,75,61,58,9.62,1038907967.3900614,125019003.0,0.044099998,4.68,573288,1065739,1068647,0.004
1633,SVM,Basic Materials,Silver,NYSE ARCA,107.47,72,89,95,97,9.39,2802636135.326414,221202535.0,0.1266,-40.46,2383850,3449466,3498366,0.962
1634,CMRE,Industrials,Marine Shipping,NYSE,107.47,72,51,83,88,15.43,1856955975.2374086,120738359.0,0.048499998,-14.56,373165,429315,438719,-0.053
1635,PEO,Financial Services,Asset Management,NYSE,107.45,72,53,78,76,26.41,701134663.5,27495477.0,0.0137,-8.55,52176,64605,70107,0.038
1636,FTV,Technology,Scientific & Technical Instruments,S&P 500,107.42,72,63,69,52,64.09,17779494651.6838,304861021.0,0.056900002,2.05,2596245,2719675,2963777,0.077
1637,UAA,Consumer Cyclical,Apparel Manufacturing,S&P 600,107.42,72,61,59,59,7.14,2502527067.250988,426324892.0,0.3096,-12.39,8195450,8786840,8299300,-0.008
1638,NWG,Financial Services,Banks - Regional,NYSE,107.41,72,70,58,86,17.76,63868709851.04298,3981839539.0,0.0002,-8.26,3976722,5096544,4590066,0.075
1639,SSRM,Basic Materials,Gold,NASDAQ,107.41,72,82,93,93,25.41,6477871094.147188,207491071.0,0.031600002,-30.42,2935160,3478426,3090070,0.837
1640,CFFI,Financial Services,Banks - Regional,NASDAQ,107.4,72,71,60,69,83.49,240009197.5,3254362.0,0.0097,3.09,5305,7435,6685,0.104
1641,TRNS,Industrials,Specialty Business Services,NASDAQ,107.38,72,77,60,24,86.07,788905676.2265396,9333953.0,0.066700004,-5.88,102130,147216,171272,0.158
1642,MHO,Consumer Cyclical,Residential Construction,S&P 600,107.37,72,78,56,60,152.14,3391545864.3811035,25767710.0,0.061,-4.27,202492,271467,244346,-0.057
1643,GPN,Industrials,Specialty Business Services,S&P 500,107.37,72,32,35,22,87.46,20655270797.921974,273543507.0,0.0639,-3.51,3293597,3549805,3788167,0.631
1644,PLX,Healthcare,Biotechnology,NYSE ARCA,107.36,72,73,38,76,2.33,170006156.16769838,80571642.0,0.054,-26.96,473558,630482,654087,2.337
1645,STHO,Real Estate,Real Estate Services,NASDAQ,107.36,72,65,68,52,9.4,107348287.86345005,12088771.0,0.0089,1.62,13460,14690,13908,0.432
1646,BHVN,Healthcare,Biotechnology,NYSE,107.35,72,84,12,12,13.77,1657676534.3606758,150560990.0,0.205,-25.83,2032020,3257046,3130760,
1647,Q,Technology,Semiconductor Equipment & Materials,S&P 500,107.34,72,90,86,50,127.89,32656916292.0,209339207.0,0.0232,-25.44,1682580,2083886,1941232,0.176
1648,NXG,Financial Services,Asset Management,NYSE,107.33,72,75,76,62,56.32,330232334.5985565,5682883.0,0.22,-7.43,153934,128864,109992,
1649,KHC,Consumer Defensive,Packaged Foods,S&P 500,107.3,72,48,31,31,27.3,28470521359.782963,1185777638.0,0.098500006,-6.47,13859278,13586042,13791761,0.008
1650,OBE,Energy,Oil & Gas E&P,NYSE ARCA,107.3,72,66,97,86,9.41,731205596.8633423,66776768.0,4.81,-35.5,1041334,861528,793044,-0.261
1651,FIBK,Financial Services,Banks - Regional,S&P 600,107.29,72,71,70,78,38.09,3458286344.17173,97142879.0,0.144,-2.98,1543113,1235641,1135152,0.036
1652,MTLS,Technology,Software - Application,NASDAQ,107.28,72,81,48,25,6.44,388646030.34547806,58267770.0,0.014199999,-5.29,67285,99235,130249,-0.002
1653,SMG,Basic Materials,Agricultural Inputs,S&P 400,107.28,72,68,55,59,73.1,3432734283.0,58181937.0,0.1197,1.04,1115300,926183,917140,0.05
1654,AUPH,Healthcare,Biotechnology,NASDAQ,107.27,72,79,83,87,14.96,1971463606.6184711,128601671.0,0.077800006,-11.37,961824,1735138,1522372,0.244
1655,PII,Consumer Cyclical,Recreational Vehicles,S&P 400,107.26,72,81,79,85,71.59,4014456787.8297195,56886167.0,0.1337,-4.86,832273,875567,841528,0.075
1656,GIC,Industrials,Industrial Distribution,NYSE,107.25,71,59,65,68,36.37,1163137395.004549,38261099.0,0.0217,-6.24,93414,138008,120106,0.092
1657,AIRJ,Industrials,Building Products & Equipment,NASDAQ,107.25,71,74,19,12,4.33,307442586.92783356,68472740.0,0.0685,-35.85,1786332,1509014,1718884,
1658,ECG,Industrials,Engineering & Construction,S&P 600,107.24,71,93,96,82,117.23,7593459942.693268,51041606.0,0.046,-31.67,485297,615115,590923,0.254
1659,PFAI,Consumer Defensive,Farm Products,NASDAQ,107.23,71,91,89,27,3.2,45655297.43121624,11736580.0,0.0008,-35.09,1536,1238,1549,-0.033
1660,ALSN,Consumer Cyclical,Auto Parts,S&P 400,107.23,71,64,85,74,121.11,9415721821.689789,82935981.0,0.0505,-12.0,797252,1335057,1187154,0.836
1661,EML,Industrials,Tools & Accessories,NASDAQ,107.23,71,71,58,23,24.41,129845582.5611,6030914.0,0.053200003,-8.82,14655,48261,37481,-0.057
1662,VIVO,Technology,Software - Infrastructure,NASDAQ,107.21,71,94,64,16,3.88,104771124.9570179,16790245.0,0.20629999,-55.04,875530,1286670,1625066,0.476
1663,RYTM,Healthcare,Biotechnology,NASDAQ,107.21,71,80,29,80,108.04,6052799829.325508,68532607.0,0.121800005,-11.59,600780,929380,775742,0.838
1664,MPWR,Technology,Semiconductors,S&P 500,107.19,71,86,94,88,1282.01,76946747348.95801,49129267.0,0.0541,-25.21,847923,1091977,955022,0.261
1665,GSK,Healthcare,Drug Manufacturers - General,NYSE,107.18,71,65,73,82,53.71,101375689037.73103,2005850558.0,0.0068,-12.95,5406274,4136848,3988080,0.015
1666,TDW,Energy,Oil & Gas Equipment & Services,S&P 600,107.16,71,57,93,79,74.69,3654705509.243866,49730652.0,0.1348,-19.8,536860,791893,743430,-0.431
1667,TALO,Energy,Oil & Gas E&P,S&P 600,107.14,71,62,92,83,13.67,2448801762.795429,166925818.0,0.081599995,-19.82,1824610,2123683,1980754,-0.079
1668,CHRD,Energy,Oil & Gas E&P,S&P 400,107.14,71,50,88,48,128.8,7424172987.3116455,56299183.0,0.0705,-15.24,747696,894785,821707,0.385
1669,NRIM,Financial Services,Banks - Regional,NASDAQ,107.12,71,69,64,70,26.97,549668147.4943085,22244766.0,0.023599999,-12.49,172075,204675,167725,0.062
1670,AMX,Communication Services,Telecom Services,NYSE,107.1,71,73,80,65,25.71,76280856477.64206,3005550000.0,0.0046,-7.52,1764781,1414513,1389674,0.021
1671,TGHL,Technology,Software - Infrastructure,NASDAQ,107.1,71,58,5,4,0.63,8804333.97465831,25299811.0,0.0172,-85.18,26783390,9645983,8966874,-0.652
1672,HAFC,Financial Services,Banks - Regional,S&P 600,107.1,71,76,75,64,31.82,896565047.1809864,29766435.0,0.039300002,1.56,336193,294924,262682,0.146
1673,APYX,Healthcare,Medical Devices,NASDAQ,107.08,71,91,89,97,3.86,167286429.4529066,41873951.0,0.0042,-14.22,58019,92426,121577,0.325
1674,SFBS,Financial Services,Banks - Regional,S&P 600,107.07,71,65,54,62,89.91,4263153448.997612,54662823.0,0.0608,-0.81,303452,378324,307554,0.185
1675,HRTG,Financial Services,Insurance - Property & Casualty,NYSE,107.07,71,42,79,86,29.89,656330031.2387466,30273525.0,0.0403,-6.54,247100,369256,413630,0.005
1676,OKUR,Healthcare,Biotechnology,NASDAQ,107.06,71,87,95,20,3.95,169661008.29517365,40395480.0,0.0055,-26.58,107343,362667,340890,
1677,HQY,Healthcare,Health Information Services,S&P 400,107.03,71,33,30,24,101.24,7356153615.836525,83602157.0,0.071,-13.21,733425,939721,971465,0.072
1678,PETZ,Consumer Cyclical,Restaurants,NASDAQ,107.02,71,66,29,54,1.21,12387922.092251778,10323268.0,0.0007,-27.98,32150,17986,549796,0.446
1679,ULS,Industrials,Specialty Business Services,S&P 400,107.02,71,78,80,56,91.68,20055529942.5,201563115.0,0.0356,-14.75,731870,1196140,980270,0.075
1680,BRX,Real Estate,REIT - Retail,S&P 400,107.01,71,69,70,52,31.83,9376926851.651567,306836617.0,0.0841,1.08,2162279,2374296,2446383,0.051
1681,LZB,Consumer Cyclical,"Furnishings, Fixtures & Appliances",S&P 600,107.0,71,65,37,49,41.3,1550136405.7091217,41248971.0,0.0553,-1.03,360491,694557,570208,0.038
1682,AEIS,Industrials,Electrical Equipment & Parts,S&P 400,106.98,71,92,97,93,273.42,12090420039.213196,40010657.0,0.0996,-31.2,617758,902086,933349,0.263
1683,NTST,Real Estate,REIT - Retail,S&P 600,106.95,71,70,68,63,21.94,1978849937.3555183,97672750.0,0.3533,3.0,1489572,2542017,2061796,0.243
1684,L,Financial Services,Insurance - Property & Casualty,S&P 500,106.93,71,60,69,67,119.4,21307367427.106766,205768873.0,0.025899999,3.92,727641,865253,885238,0.014
1685,RM,Financial Services,Credit Services,NYSE,106.9,71,72,56,63,42.58,338491394.74443436,9208145.0,0.045100003,-7.43,65885,75621,66263,0.096
1686,SGHT,Healthcare,Medical Devices,NASDAQ,106.9,71,82,32,93,5.3,264432325.384511,54409942.0,0.0219,-42.62,164120,194930,176576,0.125
1687,DORM,Consumer Cyclical,Auto Parts,S&P 600,106.88,71,58,30,35,143.17,3703075158.162979,29882789.0,0.0726,-14.21,248157,301642,280657,0.042
1688,EQIX,Real Estate,REIT - Specialty,S&P 500,106.86,71,77,82,34,1034.86,105334645686.42969,98624248.0,0.022,-8.31,525330,618280,588176,0.121
1689,KOF,Consumer Defensive,Beverages - Non-Alcoholic,NYSE,106.83,71,65,61,77,108.73,22596551275.6615,210083226.0,2.05,-6.56,137035,147961,135379,0.011
1690,KOPN,Technology,Electronic Components,NASDAQ,106.83,71,95,96,81,3.53,1044474977.0778561,182920310.0,0.118999995,-45.27,4586524,5424301,6506822,0.001
1691,OPBK,Financial Services,Banks - Regional,NASDAQ,106.81,71,60,60,62,16.16,209413006.5898714,14894239.0,0.0088,5.83,47491,57917,46154,0.123
1692,TWFG,Financial Services,Insurance Brokers,NASDAQ,106.8,71,37,14,30,27.6,243955798.1896057,12997112.0,0.07,-25.1,152560,150683,193178,0.353
1693,CHRW,Industrials,Integrated Freight & Logistics,S&P 500,106.77,71,81,84,92,169.34,21058018233.860046,117873042.0,0.0739,-16.72,2258181,1738690,1670470,-0.008
1694,PTEN,Energy,Oil & Gas Drilling,S&P 600,106.64,71,82,94,78,9.17,4255513904.611264,379617653.0,0.045700002,-29.89,9047372,10049177,9291210,-0.127
1695,MPLX,Energy,Oil & Gas Midstream,NYSE,106.62,71,54,61,63,59.2,55455199291.71078,1014733719.0,0.018099999,-1.3,1557942,1429977,1503106,-0.028
1696,FNB,Financial Services,Banks - Regional,S&P 400,106.57,71,70,68,74,19.13,6222249665.572636,355963949.0,0.099,-0.05,7875508,6056946,5434011,0.096
1697,CCD,Financial Services,Asset Management,NASDAQ,106.57,71,78,71,57,24.63,729434574.7641945,28582859.0,0.0021,-3.6,65134,76894,81048,
1698,DBRG,Financial Services,Asset Management,NYSE,106.55,71,70,80,85,15.85,2852304117.0925884,182372382.0,0.0991,0.83,2536914,3095401,2760044,0.589
1699,RDN,Financial Services,Insurance - Specialty,S&P 600,106.54,71,56,62,36,39.27,4541103146.304047,132975196.0,0.0388,1.11,1137333,1405401,1355182,0.588
1700,ARGX,Healthcare,Biotechnology,NASDAQ,106.53,71,78,51,69,872.23,52245169359.99756,62494970.0,0.0346,-6.68,286694,350228,340142,0.626
1701,JHX,Basic Materials,Building Materials,NYSE,106.52,71,79,29,35,26.89,13509723797.590399,580314579.0,3.34,-9.86,7429941,7525133,7987596,0.445
1702,PFBC,Financial Services,Banks - Regional,S&P 600,106.52,71,66,62,40,105.18,1134695453.7461243,11841948.0,0.10479999,2.07,140706,144108,125623,0.033
1703,MLI,Industrials,Metal Fabrication,S&P 400,106.51,71,71,82,84,66.49,14219381506.669464,110570613.0,0.0172,-53.01,1611052,1792477,1518066,0.193
1704,WAFD,Financial Services,Banks - Regional,S&P 600,106.51,71,73,72,66,36.7,2627474450.2703857,73888480.0,0.059,-4.9,667220,667756,588740,0.092
1705,CDRO,Consumer Cyclical,Gambling,NASDAQ,106.49,71,68,74,61,9.32,427307527.9533758,45555173.0,0.023599999,-4.12,19458,33362,32657,0.066
1706,FGBIP,Financial Services,Banks - Regional,NASDAQ,106.49,71,68,59,51,19.95,,,1.12,-7.04,1829,1066,1391,0.945
1707,KIDS,Healthcare,Medical Devices,NASDAQ,106.49,71,65,22,27,19.84,441011348.9396095,25684994.0,0.0547,-16.29,141191,159023,143982,0.133
1708,HRB,Consumer Cyclical,Personal Services,S&P 400,106.48,71,33,14,16,44.94,4879000580.192799,126760207.0,0.22600001,-23.9,1624724,1941664,2151846,0.053
1709,PLMR,Financial Services,Insurance - Property & Casualty,S&P 600,106.48,71,36,34,48,143.16,2836974376.1050186,26503871.0,0.0335,-18.59,273754,324908,295252,0.597
1710,PSA,Real Estate,REIT - Industrial,S&P 500,106.46,71,70,60,39,330.47,53311488638.69849,175545748.0,0.0513,5.41,1465688,1139652,1044373,0.032
1711,ENB,Energy,Oil & Gas Midstream,NYSE,106.45,71,62,73,59,55.25,119535545422.36192,2183696415.0,0.022,-5.47,2769918,3528486,3883589,0.208
1712,MTCH,Communication Services,Internet Content & Information,S&P 600,106.45,71,72,73,28,39.28,8427919833.53553,233266526.0,0.052800003,0.2,2519010,3431426,3199392,0.039
1713,IGD,Financial Services,Asset Management,NYSE,106.45,71,60,63,58,6.47,499237687.6028099,78868514.0,0.0094,0.94,208470,287636,316194,-0.066
1714,ACGL,Financial Services,Insurance - Diversified,S&P 500,106.41,71,49,51,57,106.48,31214464512.417114,349389588.0,0.0271,2.99,1970777,2014802,2240193,-0.033
1715,THW,Financial Services,Asset Management,NYSE,106.4,70,72,66,65,13.36,520289821.2278223,40363833.0,0.0033000002,1.29,211240,179530,146466,
1716,GAIN,Financial Services,Asset Management,NASDAQ,106.4,70,62,77,52,16.46,629187086.1954374,39821967.0,0.0159,-3.97,169836,209328,226561,-0.086
1717,CP,Industrials,Railroads,NYSE,106.4,70,63,64,42,91.7,79292615334.36435,887736404.0,0.0138,0.26,2461734,2556651,2739082,-0.025
1718,ET,Energy,Oil & Gas Midstream,NYSE,106.37,70,56,72,59,20.2,65967023602.629616,3441159277.0,0.0105,-2.42,9049364,8529791,8907298,0.321
1719,PH,Industrials,Specialty Industrial Machinery,S&P 500,106.36,70,69,70,83,990.96,106496347356.7262,126086389.0,0.0111,-4.25,577299,604646,687557,0.106
1720,SXT,Basic Materials,Specialty Chemicals,S&P 600,106.36,70,77,71,47,124.57,4846476031.044922,42568960.0,0.049200002,-3.7,837120,679730,544184,0.111
1721,GOLF,Consumer Cyclical,Leisure,S&P 600,106.32,70,85,71,84,103.37,5198428753.8628845,58554053.0,0.1266,-1.37,257875,355728,340519,0.071
1722,LNC,Financial Services,Insurance - Life,S&P 600,106.32,70,38,45,62,42.83,6747913897.19091,191213197.0,0.0002,-8.52,1706880,1849856,1751156,0.125
1723,INFU,Healthcare,Medical Devices,NYSE ARCA,106.29,70,64,86,64,9.92,183048040.05103302,20181703.0,0.008,-10.14,125003,232367,211572,-0.03
1724,AM,Energy,Oil & Gas Midstream,S&P 400,106.28,70,64,76,60,21.75,9955580365.142822,474980000.0,0.0317,-8.75,1882146,2354922,2254237,0.086
1725,BOH,Financial Services,Banks - Regional,S&P 600,106.27,70,67,72,65,80.07,3034969841.743126,39621017.0,0.0019,-3.23,590472,469160,406834,0.144
1726,PCTTU,Industrials,Pollution & Treatment Controls,NASDAQ,106.27,70,64,8,17,11.0,,,,-53.88,0,163,378,1.612
1727,LINK,Technology,Electronic Components,NASDAQ,106.27,70,54,13,11,4.4,84577535.78755474,15750007.0,0.0377,-56.44,19797,23519,35915,0.154
1728,NVST,Healthcare,Medical Instruments & Supplies,S&P 400,106.26,70,72,79,69,26.96,3832242462.4984474,162727923.0,0.078600004,-11.37,2074121,2534847,2912124,0.144
1729,SLP,Healthcare,Health Information Services,NASDAQ,106.19,70,78,21,20,18.33,345715809.3524475,20205482.0,0.096999995,-42.12,583610,664246,484860,0.083
1730,EVT,Financial Services,Asset Management,NYSE,106.19,70,67,63,64,27.85,2015636893.5259552,74542782.0,0.64,2.31,80333,97731,101912,-0.085
1731,COFS,Financial Services,Banks - Regional,NASDAQ,106.18,70,69,55,51,34.24,470216093.2874775,14975035.0,0.0126,-3.28,106647,113795,101577,1.35
1732,SCL,Basic Materials,Specialty Chemicals,S&P 600,106.17,70,59,38,73,58.01,1200399085.8922195,22713323.0,0.0249,-14.69,114661,145497,136716,0.019
1733,FTAI,Industrials,Aerospace & Defense,NASDAQ,106.16,70,88,87,96,212.47,26706450554.809937,102582972.0,0.10560001,-34.32,1429595,1256918,1159205,0.655
1734,WHG,Financial Services,Asset Management,NYSE,106.16,70,72,36,62,19.74,156172109.1934967,9487978.0,0.0148,3.95,15310,30490,25462,0.074
1735,CENX,Basic Materials,Aluminum,S&P 600,106.13,70,84,96,96,43.96,6529318001.407928,98974047.0,0.1192,-36.1,1771725,2342551,2140599,0.024
1736,HLX,Energy,Oil & Gas Equipment & Services,S&P 600,106.12,70,65,88,73,9.13,1377218516.389,147296092.0,0.0685,-15.07,1221107,1581482,1531219,0.036
1737,TBN,Energy,Oil & Gas E&P,NYSE,106.08,70,60,86,75,32.11,951771324.673996,28318099.0,0.0378,-38.5,159010,203670,229482,
1738,ARIS,Basic Materials,Gold,NYSE,106.08,70,77,95,98,14.47,3742031826.7822266,206400000.0,3.89,-37.87,1214611,1485710,1397022,1.365
1739,DRUG,Healthcare,Biotechnology,NASDAQ,106.03,70,84,94,94,71.96,864148209.2755966,9812061.0,0.1001,-41.85,233211,291983,347240,
1740,CWT,Utilities,Utilities - Regulated Water,S&P 600,106.02,70,56,31,36,52.44,2699382024.87117,59853262.0,0.039100002,3.97,428002,518054,529838,0.052
1741,WTFC,Financial Services,Banks - Regional,S&P 400,106.01,70,70,68,76,161.08,10132676095.712097,67447756.0,0.0327,-1.15,822870,668613,566886,0.104
1742,MVBF,Financial Services,Banks - Regional,NASDAQ,106.0,70,69,63,81,29.78,343734851.75,12849901.0,0.026199998,0.64,34810,51476,50240,0.039
1743,BIO,Healthcare,Medical Devices,S&P 400,105.99,70,55,46,46,331.0,8362464437.051697,26761598.0,0.0,-3.53,328070,319790,375266,0.011
1744,RIO,Basic Materials,Other Industrial Metals & Mining,NYSE,105.96,70,77,85,89,91.64,173016904284.44482,1626251577.0,0.011,-18.6,2767563,2796111,2741310,0.146
1745,XPER,Technology,Software - Application,NYSE,105.96,70,80,57,19,7.63,383758065.99295044,48271456.0,0.053000003,-10.18,359050,419686,405788,0.002
1746,NSC,Industrials,Railroads,S&P 500,105.95,70,62,71,66,338.84,68492184625.82181,224594001.0,0.032,3.94,1313777,1145342,1177919,0.002
1747,HOMB,Financial Services,Banks - Regional,S&P 400,105.94,70,50,37,54,31.48,5389823245.579874,201413423.0,0.0651,2.11,2245853,2180017,1895232,0.024
1748,EDD,Financial Services,Asset Management,NYSE,105.9,70,69,61,73,5.87,355152833.7228184,64456047.0,0.47,-5.02,626171,527443,444808,
1749,UNTY,Financial Services,Banks - Regional,NASDAQ,105.89,70,65,59,72,59.02,560884791.8484802,10040902.0,0.0104,3.0,69450,66900,64928,0.161
1750,ANET,Technology,Computer Hardware,S&P 500,105.88,70,82,84,65,169.71,200799751814.93207,1259169438.0,0.02,-5.61,6206526,7926005,8347527,0.351
1751,ATNI,Communication Services,Telecom Services,NASDAQ,105.88,70,82,88,92,24.04,433124818.1330681,15380853.0,0.019299999,-21.05,58325,79451,74033,0.016
1752,AMKR,Technology,Semiconductor Equipment & Materials,S&P 400,105.88,70,97,97,93,45.69,17242011746.922485,247872518.0,0.122200005,-42.33,6586867,6194515,5879357,0.275
1753,HTH,Financial Services,Financial Conglomerates,S&P 600,105.85,70,65,68,75,39.81,2207759102.2879944,58530197.0,0.055,-1.48,265005,295321,287875,-0.034
1754,ITW,Industrials,Specialty Industrial Machinery,S&P 500,105.84,70,51,51,64,295.16,71142455648.80371,287700000.0,0.0328,-2.64,1702718,1553572,1486037,0.046
1755,GALT,Healthcare,Biotechnology,NASDAQ,105.83,70,90,26,85,3.39,165959381.70387936,65856898.0,0.1753,-52.45,385404,991208,722100,
1756,UNM,Financial Services,Insurance - Life,S&P 400,105.82,70,67,58,51,87.93,13298176575.40821,159776235.0,0.0248,3.12,1342050,1545943,1424784,0.085
1757,BATRA,Communication Services,Entertainment,NASDAQ,105.81,70,71,72,37,55.03,3438108707.7242966,64143821.0,0.0652,-1.84,53958,61226,54913,0.525
1758,XYZ,Technology,Software - Infrastructure,S&P 500,105.8,70,71,57,23,83.1,45067106046.53931,595181000.0,0.0456,0.73,4929510,5579243,5681358,0.049
1759,NYT,Communication Services,Publishing,S&P 400,105.79,70,48,81,80,75.18,12173693443.600273,161862699.0,0.071100004,-13.69,1367471,1680010,1682652,0.121
1760,NML,Financial Services,Asset Management,NYSE ARCA,105.79,70,58,77,64,10.04,554690902.9586334,56658928.0,0.0011999999,-6.26,122946,115168,131499,
1761,PCG,Utilities,Utilities - Regulated Electric,S&P 500,105.77,70,56,59,36,17.78,35984352391.552826,2202224728.0,0.0,-7.2,20873790,18914130,18448446,0.15
1762,CAF,Financial Services,Asset Management,NYSE,105.75,70,76,73,77,19.55,338542863.52591705,16817828.0,0.27,-4.96,27741,22197,25184,
1763,WEX,Technology,Software - Infrastructure,S&P 400,105.74,70,26,39,32,182.88,5025494242.037308,34668143.0,0.073699996,-2.13,1056420,794366,690066,0.058
1764,NWE,Utilities,Utilities - Regulated Electric,S&P 400,105.73,70,71,74,74,72.29,4343081047.301514,61508016.0,0.047199998,-3.84,339381,461803,507076,0.066
1765,AFG,Financial Services,Insurance - Property & Casualty,S&P 400,105.72,70,55,57,48,144.87,10784573826.958603,83086083.0,0.023599999,-3.43,351564,513351,485514,0.003
1766,FANG,Energy,Oil & Gas E&P,S&P 500,105.72,70,60,84,64,190.3,53865868907.65993,281313297.0,0.0545,-11.29,1823468,2282456,2334617,0.042
1767,BATRK,Communication Services,Entertainment,NASDAQ,105.71,70,71,74,34,50.91,3181533423.7242966,64143821.0,0.028199999,-2.19,378926,609908,503929,0.525
1768,NXPI,Technology,Semiconductors,S&P 500,105.71,70,81,85,59,259.12,81131582777.61118,252471079.0,0.0347,-23.78,3925372,4200367,4108782,0.122
1769,KEY,Financial Services,Banks - Regional,S&P 500,105.67,70,72,76,81,22.63,23126533842.320145,1084225688.0,0.0,-3.08,11271913,11241767,11723900,0.118
1770,NTWK,Technology,Software - Application,NASDAQ,105.65,70,83,37,51,4.32,55344087.42780304,11876414.0,0.0011999999,-24.87,10191,23913,28006,0.13
1771,ECVT,Basic Materials,Specialty Chemicals,NYSE,105.62,70,68,91,85,12.32,1443691408.0314903,109453484.0,0.023699999,-18.33,1222365,1762201,1778905,0.502
1772,BTI,Consumer Defensive,Tobacco,NYSE,105.6,70,67,65,81,62.3,133587861655.48871,2161965685.0,0.0034999999,-7.43,4464412,4454434,4196394,0.001
1773,DSWL,Technology,Electronic Components,NASDAQ,105.59,70,77,68,78,3.43,53383049.130297184,15935239.0,0.00090000004,-23.44,8330,17833,13814,-0.055
1774,CHI,Financial Services,Asset Management,NASDAQ,105.57,69,79,72,60,12.31,1030625706.9346352,80706787.0,0.0042,-3.9,174260,189166,173518,-0.302
1775,SHC,Healthcare,Diagnostics & Research,S&P 400,105.56,69,74,56,79,17.76,4460011884.064318,285166994.0,0.0797,-10.53,3143160,2921466,2901064,0.1
1776,UE,Real Estate,REIT - Retail,S&P 600,105.56,69,69,68,53,23.16,2827888732.6619377,126019994.0,0.051999997,1.0,785510,1068303,943736,0.054
1777,BTX,Financial Services,Asset Management,NYSE,105.54,69,83,76,34,7.87,1071400580.4371567,116710299.0,0.34,-16.1,761051,702247,752402,
1778,VSEC,Industrials,Aerospace & Defense,S&P 600,105.53,69,83,48,84,199.33,5194781521.552734,28057152.0,0.09060001,-14.31,427270,517996,486338,0.268
1779,VABK,Financial Services,Banks - Regional,NASDAQ,105.51,69,64,61,64,45.94,235282835.76036072,5422513.0,0.0046,-5.43,9550,9413,7964,0.036
1780,MUR,Energy,Oil & Gas E&P,S&P 400,105.51,69,55,91,77,36.64,5187820958.579315,143349576.0,0.0922,-15.46,1413701,1833573,1766560,0.089
1781,IESC,Industrials,Engineering & Construction,S&P 400,105.49,69,93,95,84,543.49,13515368260.026978,19923887.0,0.113900006,-23.86,214278,301812,258749,0.168
1782,BHF,Financial Services,Insurance - Life,S&P 400,105.48,69,54,64,69,63.75,3593233807.922344,57445785.0,0.132,-3.89,582118,525022,517485,-0.362
1783,ELPC,Utilities,Utilities - Regulated Electric,NYSE,105.36,69,72,86,81,11.62,8463297313.198963,742394526.0,0.0037,-15.16,455625,402281,380497,0.2
1784,CBSH,Financial Services,Banks - Regional,S&P 400,105.32,69,58,37,35,60.01,7612483368.710632,145777158.0,0.0397,-5.03,1314553,1326047,1279986,0.173
1785,CWBC,Financial Services,Banks - Regional,NASDAQ,105.31,69,74,67,78,25.54,651492292.2705269,27134206.0,0.030199999,-0.7,290991,453113,398574,0.111
1786,UTMD,Healthcare,Medical Instruments & Supplies,NASDAQ,105.28,69,69,68,59,70.96,211578451.53312683,3184025.0,0.0509,-1.18,45370,26876,20052,-0.102
1787,AOD,Financial Services,Asset Management,NYSE,105.26,69,70,70,70,10.38,1101915863.087677,105446496.0,0.54,-3.62,413790,372930,408442,0.177
1788,KVUE,Consumer Defensive,Household & Personal Products,S&P 500,105.26,69,58,38,31,19.75,33177751101.405327,1920008668.0,0.037,-16.95,16902121,19930810,20058042,0.045
1789,KWR,Basic Materials,Specialty Chemicals,S&P 600,105.25,69,72,55,80,153.99,2492605686.1207275,17366444.0,0.1601,-15.86,111222,159210,154820,0.085
1790,MTUS,Basic Materials,Steel,S&P 600,105.25,69,62,66,82,21.11,817986372.0202522,41627806.0,0.0828,-2.85,405568,407232,366917,0.099
1791,SPKLU,Financial Services,Shell Companies,NASDAQ,105.25,69,63,43,59,12.83,,,32.85,-17.23,30,830,1054,
1792,ABM,Industrials,Specialty Business Services,S&P 600,105.24,69,54,29,37,49.22,2286292029.582596,58532820.0,0.0659,-7.03,430776,558285,598769,0.061
1793,OMC,Communication Services,Advertising Agencies,S&P 500,105.23,69,37,51,29,86.22,20722800250.229034,285006196.0,0.1155,-1.09,2896384,4433034,3959112,0.692
1794,CTAS,Industrials,Specialty Business Services,S&P 500,105.23,69,27,27,34,214.9,68527440042.042465,400136881.0,0.0399,-6.26,2942768,2420449,2360273,0.089
1795,LLYVK,Communication Services,Entertainment,NASDAQ,105.19,69,69,66,36,102.67,9117638773.512383,92004429.0,0.0304,0.05,300012,402494,416284,0.352
1796,AMCR,Consumer Cyclical,Packaging & Containers,S&P 500,105.18,69,54,27,49,46.69,17948259544.703293,462345690.0,0.0728,-8.34,3568578,3422149,3561197,0.774
1797,ERO,Basic Materials,Copper,NYSE,105.18,69,67,82,97,25.6,3174221401.610443,104277968.0,2.62,-35.68,833410,1071603,1149596,1.104
1798,LGCY,Consumer Defensive,Education & Training Services,NYSE ARCA,105.16,69,51,71,68,12.07,140564137.83626747,12652038.0,0.0047,-17.89,45035,44631,51357,0.15
1799,KYIV,Communication Services,Telecom Services,NASDAQ,105.16,69,84,46,38,13.56,3296732489.0727615,230863624.0,0.0533,-17.72,375777,674165,607671,0.267
1800,CRON,Healthcare,Drug Manufacturers - Specialty & Generic,NASDAQ,105.14,69,68,72,71,2.85,1061200158.6883299,373662039.0,0.0214,-16.91,855756,892172,1088357,0.401
1801,HAS,Consumer Cyclical,Leisure,S&P 500,105.12,69,50,77,85,96.34,12192252670.562805,141490692.0,0.056700002,-9.95,3130172,2424830,2315878,0.127
1802,NEU,Basic Materials,Specialty Chemicals,S&P 400,105.11,69,64,44,56,782.93,7115403695.2127075,9198019.0,0.0939,-10.62,127467,115439,111733,-0.045
1803,INTG,Consumer Cyclical,Lodging,NASDAQ,105.06,69,95,96,91,28.91,83287949.5132904,2148812.0,0.0126,-34.06,63536,96748,78305,0.211
1804,LINE,Real Estate,REIT - Industrial,NASDAQ,105.06,69,78,35,22,42.61,10111018514.909649,227674365.0,0.111499995,-9.32,926940,986886,978882,0.004
1805,SCLX,Healthcare,Drug Manufacturers - General,NASDAQ,105.05,69,86,73,19,6.82,62593741.817121506,7033005.0,0.028499998,-80.1,91360,173117,168197,0.721
1806,NOVTU,Technology,Scientific & Technical Instruments,NASDAQ,105.01,69,79,63,76,60.27,,,0.57,-19.71,4836,24338,41731,0.104
1807,CLRO,Technology,Communication Equipment,NASDAQ,105.01,69,16,8,39,5.09,8695089.0,2675412.0,0.0043,-66.99,347718,6449372,3871851,
1808,SFD,Consumer Defensive,Packaged Foods,NASDAQ,104.97,69,50,68,58,27.1,10163517673.270067,393477263.0,0.0709,-9.08,1083237,1292312,1239843,0.008
1809,JCI,Industrials,Building Products & Equipment,S&P 500,104.97,69,70,83,77,140.28,81792096248.63995,610115603.0,0.0189,-4.78,2956130,4355603,4185636,0.082
1810,IMPP,Energy,Oil & Gas Midstream,NASDAQ,104.96,69,67,87,35,4.69,231041798.4166746,45213658.0,0.1035,-28.61,188453,269287,392982,0.923
1811,DYAI,Healthcare,Biotechnology,NASDAQ,104.95,69,38,19,18,1.06,29515349.516876638,36438703.0,0.0023999999,-21.48,246188,258016,394305,1.823
1812,HL,Basic Materials,Other Precious Metals & Mining,S&P 400,104.94,69,78,94,98,14.55,11918559708.337772,670712403.0,0.0,-57.42,51000017,39509755,30633489,1.004
1813,DEA,Real Estate,REIT - Office,S&P 600,104.94,69,68,62,57,25.22,1113855967.257164,46449374.0,0.059,1.12,301621,418177,395752,0.158
1814,PBHC,Financial Services,Banks - Regional,NASDAQ,104.94,69,68,41,22,16.0,85713994.00666809,6256496.0,0.0014,0.25,8210,18100,14360,-0.042
1815,MLTX,Healthcare,Biotechnology,NASDAQ,104.94,69,27,29,21,18.71,1411943317.745636,73615396.0,0.1088,-70.18,933429,1366699,1132287,
1816,CAAP,Industrials,Airports & Air Services,NYSE,104.92,69,64,56,85,26.1,4341724068.464521,163222707.0,0.047199998,-14.43,188726,206512,201699,0.188
1817,BSM,Energy,Oil & Gas E&P,NYSE,104.91,69,49,59,65,14.79,2881491017.528268,212499331.0,0.0226,-4.52,346879,320733,337071,0.085
1818,LOGI,Technology,Computer Hardware,NASDAQ,104.88,69,45,63,27,111.66,17492682138.18226,143535585.0,0.1091,-9.64,1202732,1062277,1107924,0.074
1819,SAIA,Industrials,Trucking,S&P 400,104.87,69,81,88,73,409.99,12565949765.247803,26601922.0,0.048499998,-14.74,442226,404645,399467,0.024
1820,MTW,Industrials,Farm & Heavy Construction Machinery,NYSE,104.87,69,73,75,83,14.67,424810375.98031616,35909584.0,0.0342,-5.72,205298,262736,261133,0.05
1821,GLBE,Consumer Cyclical,Internet Retail,NASDAQ,104.87,69,55,27,27,38.9,5146520757.72084,167967391.0,0.031,-7.25,1531756,1570232,1627755,0.328
1822,NBN,Financial Services,Banks - Regional,NASDAQ,104.87,69,77,77,82,126.46,1075750948.1237793,8555360.0,0.0529,-6.75,136441,144043,149190,0.346
1823,AON,Financial Services,Insurance Brokers,S&P 500,104.86,69,32,29,36,381.26,67503129979.5119,213576949.0,0.0135,0.07,1297708,1582152,1561397,0.065
1824,TCBX,Financial Services,Banks - Regional,NYSE,104.85,69,54,47,72,43.65,634812608.6107597,16592071.0,0.0253,-0.43,147180,144576,121626,0.256
1825,MTX,Basic Materials,Specialty Chemicals,S&P 600,104.85,69,71,75,68,75.28,2388292588.585739,31008734.0,0.0229,-10.74,175502,263687,222128,0.112
1826,RSKD,Technology,Software - Application,NYSE,104.84,69,62,43,26,5.38,702895901.4436169,144036042.0,0.019299999,-5.28,578997,946565,1041793,0.071
1827,MATW,Industrials,Conglomerates,S&P 600,104.84,69,54,75,67,28.85,828112733.0866852,31202438.0,0.13520001,-6.72,231616,335775,313465,-0.395
1828,TRMK,Financial Services,Banks - Regional,S&P 600,104.78,69,64,69,70,46.77,2588020946.577503,58605547.0,0.0686,1.7,535200,511110,449682,0.057
1829,MOH,Healthcare,Healthcare Plans,S&P 400,104.74,69,82,51,33,200.34,9044560317.993164,52100000.0,0.065,-35.69,2310302,1476214,1272190,-0.043
1830,CORZ,Technology,Software - Infrastructure,NASDAQ,104.73,69,91,85,75,20.75,8535220211.463615,317885292.0,0.2282,-26.39,10784851,11628573,12085166,0.449
1831,GROW,Financial Services,Asset Management,NASDAQ,104.72,69,75,45,81,3.0,32747078.741251945,12404196.0,0.00029999999,-17.81,20790,27213,28532,0.313
1832,ACCL,Industrials,Consulting Services,NASDAQ,104.71,69,17,15,4,2.15,20924850.0,13949900.0,0.0194,-57.0,39027,41425,551971,0.007
1833,ADX,Financial Services,Asset Management,NYSE,104.7,69,70,67,64,25.16,3124359144.0,122523888.0,0.0061000003,-1.91,328178,285359,275337,-0.153
1834,CQP,Energy,Oil & Gas Midstream,NYSE,104.69,68,52,71,46,64.08,28593076897.888405,484054123.0,0.016,-9.29,79250,143386,124124,0.204
1835,S,Technology,Software - Infrastructure,NYSE,104.69,68,60,27,16,18.34,5673401354.111515,342803723.0,0.069,-14.3,6932667,6970329,8289343,0.208
1836,ABCB,Financial Services,Banks - Regional,S&P 600,104.69,68,72,73,75,87.91,5673430763.641663,67292503.0,0.050300002,-0.09,589809,627306,537951,0.128
1837,FIVE,Consumer Cyclical,Specialty Retail,S&P 400,104.65,68,41,93,91,207.99,12571855091.189346,55294929.0,0.039,-17.34,1177005,1153678,1346485,0.243
1838,PAYX,Technology,Software - Application,S&P 500,104.64,68,28,20,19,118.87,34747050842.138695,358290881.0,0.064,-26.28,3417278,3691446,3405073,0.199
1839,TTC,Industrials,Tools & Accessories,S&P 400,104.64,68,71,74,77,95.33,8761559925.101418,97480643.0,0.0497,-9.37,565720,708263,862194,0.042
1840,HGV,Consumer Cyclical,Resorts & Casinos,S&P 400,104.63,68,78,63,59,52.74,4149316501.8930016,79763869.0,0.113900006,-0.21,942494,1177871,1194586,0.119
1841,LLYVA,Communication Services,Entertainment,NASDAQ,104.63,68,67,66,36,99.48,8861866573.202477,92004429.0,0.045500003,-0.34,141883,257727,288266,0.352
1842,PROF,Healthcare,Medical Devices,NASDAQ,104.62,68,55,59,71,7.25,247459305.89074373,36337637.0,0.0681,-18.99,125596,95095,78729,1.036
1843,BG,Consumer Defensive,Farm Products,S&P 500,104.6,68,63,83,85,117.37,23922434171.5963,194018115.0,0.0405,-12.36,1035117,1510869,1619275,0.878
1844,ETR,Utilities,Utilities - Regulated Electric,S&P 500,104.58,68,71,79,59,112.32,49932562062.70976,457886847.0,0.052600004,-5.18,2658428,3032256,3274929,0.12
1845,SLG,Real Estate,REIT - Office,S&P 600,104.55,68,68,27,20,53.05,3229051636.7273483,71124483.0,0.2007,-20.71,1318000,1184623,1165154,-0.04
1846,OESX,Industrials,Electrical Equipment & Parts,NASDAQ,104.55,68,79,36,94,10.31,38502198.5,4052863.0,0.0128999995,-44.69,30176,47762,54383,0.077
1847,BSVN,Financial Services,Banks - Regional,NASDAQ,104.54,68,67,51,62,50.17,421325795.3821106,9519336.0,0.0095,0.14,45821,31987,24052,0.158
1848,IOT,Technology,Software - Infrastructure,NYSE,104.54,68,29,25,11,37.5,20389026747.239525,582710082.0,0.1258,-22.53,5589727,5754279,6364195,0.283
1849,CLH,Industrials,Waste Management,S&P 400,104.53,68,68,81,68,303.67,14851320308.450684,52846032.0,0.0207,-4.2,457304,446608,480862,0.019
1850,ITUB,Financial Services,Banks - Regional,NYSE,104.52,68,68,79,88,8.31,86850167457.92142,11021594695.0,0.0064,-13.44,19200765,21029265,21465375,-0.021
1851,OC,Industrials,Building Products & Equipment,S&P 400,104.51,68,79,36,28,143.13,10132073072.004707,80528319.0,0.0699,-10.22,883662,1252307,1184932,-0.105
1852,BROS,Consumer Cyclical,Restaurants,S&P 400,104.5,68,77,43,31,64.67,7957172076.0,137192622.0,0.4441,-16.96,2276733,2969117,3236154,0.308
1853,EMO,Financial Services,Asset Management,NYSE,104.47,68,54,69,61,50.78,991524639.9039383,20014627.0,0.0002,-7.5,37328,45126,47437,
1854,BST,Financial Services,Asset Management,NYSE,104.45,68,81,65,59,44.54,1719682498.6871643,34720019.0,0.0004,-11.91,81133,90801,110674,
1855,PCVX,Healthcare,Biotechnology,NASDAQ,104.44,68,81,82,79,54.6,7422041075.133377,144397682.0,0.096,-16.0,989675,1599681,1555143,
1856,HOV,Consumer Cyclical,Residential Construction,NYSE,104.43,68,79,41,34,136.52,645753223.8113708,5851334.0,0.0797,-15.76,146518,139769,131569,-0.027
1857,HBNB,Real Estate,Real Estate Services,NASDAQ,104.43,68,21,77,94,5.75,1390152386.2314405,234032386.0,0.0001,-70.18,3468,5616,5709,8.926
1858,NSTS,Financial Services,Banks - Regional,NASDAQ,104.41,68,65,53,56,13.81,66554846.152519226,4833322.0,0.0015,-0.22,8671,9673,12360,0.153
1859,SKM,Communication Services,Telecom Services,NYSE,104.41,68,80,89,83,30.73,14334382758.09668,383888128.0,0.0136,-24.1,3343770,2722306,2952710,-0.014
1860,FHN,Financial Services,Banks - Regional,S&P 400,104.34,68,64,69,75,26.02,11499989391.727207,474617813.0,0.0002,-2.03,7339545,5564995,4950171,0.097
1861,ACVA,Consumer Cyclical,Auto & Truck Dealerships,NYSE,104.31,68,55,8,11,8.19,1147022783.5494833,174584894.0,0.1092,-52.27,2905243,3063161,3128460,0.118
1862,AHRT,Real Estate,REIT - Diversified,NYSE,104.3,68,73,33,41,7.11,517256242.4137974,75955396.0,0.0625,-7.78,586097,772705,887579,0.078
1863,KURA,Healthcare,Biotechnology,NASDAQ,104.28,68,83,69,50,9.31,905498506.0676336,88774365.0,0.18090001,-25.46,1029809,1558639,1840397,0.295
1864,SBH,Consumer Cyclical,Specialty Retail,S&P 600,104.23,68,58,73,87,15.47,1267024668.6031857,95408486.0,0.2802,-13.67,1272275,1493401,1462551,0.023
1865,OKE,Energy,Oil & Gas Midstream,S&P 500,104.22,68,59,75,55,88.8,52884959135.04614,630032852.0,0.047399998,-7.57,3590726,3828008,3707861,0.196
1866,ASGI,Financial Services,Asset Management,NYSE,104.22,68,64,73,74,23.53,762096839.5629406,31622275.0,2.81,-9.33,268799,195799,184489,
1867,BOX,Technology,Software - Infrastructure,S&P 600,104.2,68,31,24,19,31.5,3734839685.8095856,138532634.0,0.1234,-18.81,3028560,2614353,2601058,0.136
1868,HESM,Energy,Oil & Gas Midstream,NYSE,104.2,68,49,62,36,39.98,4813158037.5,128350881.0,0.0851,-9.42,810534,943948,1256362,0.021
1869,FUND,Financial Services,Asset Management,NASDAQ,104.19,68,62,79,78,9.9,306730237.6825905,29895734.0,0.001,-5.17,24582,32164,28458,0.038
1870,ORN,Industrials,Engineering & Construction,NYSE,104.17,68,92,87,89,11.97,556994874.5449715,40479278.0,0.0424,-24.48,496043,508081,446300,0.147
1871,TISI,Industrials,Specialty Business Services,NYSE,104.17,68,50,59,22,17.63,71450701.18315315,4571382.0,0.0056,-17.35,9020,5840,8644,0.083
1872,EVRG,Utilities,Utilities - Regulated Electric,S&P 500,104.17,68,66,66,60,85.66,18911288782.040977,230513025.0,0.065799996,0.46,1811708,2119726,2074995,0.05
1873,MHH,Industrials,Staffing & Employment Services,NYSE ARCA,104.13,68,66,31,26,7.81,74508735.51769447,11998186.0,0.0066000004,-6.69,8415,13831,22169,-0.15
1874,GGAL,Financial Services,Banks - Regional,NASDAQ,104.09,68,72,18,31,49.19,8589594894.341106,169453445.0,0.21110001,-21.32,988758,1043699,1241295,0.062
1875,IAG,Basic Materials,Gold,NYSE,104.08,68,74,90,97,14.26,10334639514.923096,578000000.0,0.44,-42.66,5056460,5246623,5456542,1.159
1876,GFR,Energy,Oil & Gas E&P,NYSE,104.07,68,55,82,60,6.15,706165284.3542099,125429000.0,0.001,-12.39,203655,185371,170965,-0.191
1877,RIVN,Consumer Cyclical,Auto Manufacturers,NASDAQ,104.06,68,54,70,61,16.69,21888721409.574238,1342866407.0,0.14109999,-26.44,27011804,37508741,36355306,0.114
1878,KOS,Energy,Oil & Gas E&P,NYSE,104.04,68,70,94,20,2.34,1660929938.9145312,593189274.0,0.0478,-29.94,14126637,17262819,14888199,0.277
1879,WPC,Real Estate,REIT - Diversified,S&P 400,104.02,68,62,65,64,75.61,16576243786.252518,222739105.0,0.060700003,-0.11,1349110,1646210,1570430,0.089
1880,RCMT,Industrials,Conglomerates,NASDAQ,104.0,68,78,87,34,28.86,153163342.86593628,7087614.0,0.0423,-11.2,29028,58702,69371,-0.017
1881,CMT,Basic Materials,Specialty Chemicals,NYSE ARCA,103.97,68,61,88,70,24.2,202864557.88329506,8563299.0,0.0212,-15.65,27603,29651,28210,-0.047
1882,TRS,Consumer Cyclical,Packaging & Containers,NASDAQ,103.96,68,77,66,66,40.22,1466427157.9837418,35827685.0,0.2082,-8.01,354680,473863,456956,0.104
1883,ALX,Real Estate,REIT - Retail,NYSE,103.95,68,76,64,73,265.88,1256955145.0172424,5107290.0,0.1691,1.93,27373,31704,34330,-0.027
1884,TOWN,Financial Services,Banks - Regional,NASDAQ,103.94,68,58,55,58,38.64,3110524705.9880447,91298055.0,3.7,2.06,766000,745690,663432,0.362
1885,SLB,Energy,Oil & Gas Equipment & Services,S&P 500,103.93,68,64,86,84,49.98,81555394266.91153,1495057661.0,0.047,-15.03,14536990,16019526,14932760,0.027
1886,COOK,Consumer Cyclical,"Furnishings, Fixtures & Appliances",NYSE,103.93,68,94,14,24,58.97,193502488.128479,2781807.0,0.0625,-46.63,96111,77170,64470,-0.344
1887,PTLE,Consumer Cyclical,Specialty Retail,NASDAQ,103.92,68,19,6,5,10.0,31468422.657634735,6281122.0,0.0011999999,-91.26,31986,50488,36941,-0.413
1888,GHC,Consumer Defensive,Education & Training Services,S&P 400,103.92,68,54,58,70,1213.52,4726120370.605469,4307084.0,0.0544,-0.92,18786,21438,19049,0.06
1889,GNT,Financial Services,Asset Management,NYSE,103.91,68,65,79,82,8.23,131591848.522336,16185959.0,0.0001,-11.51,95998,119592,126003,
1890,MTG,Financial Services,Insurance - Specialty,S&P 400,103.91,68,46,48,38,30.58,5333784413.741158,211490268.0,0.0525,2.04,1818703,1901084,1816868,-0.03
1891,MCFT,Consumer Cyclical,Recreational Vehicles,NASDAQ,103.9,68,75,70,70,25.06,564136690.4761505,24222270.0,0.0422,-11.88,124700,153940,156436,0.03
1892,IFF,Basic Materials,Specialty Chemicals,S&P 500,103.88,67,61,45,41,79.25,19415829900.77437,255303473.0,0.0574,-6.16,1609223,1929004,2030202,-0.036
1893,HAPN,Financial Services,Banks - Regional,NASDAQ,103.88,67,83,69,63,18.95,,,,,1824657,2235429,2059717,
1894,FRME,Financial Services,Banks - Regional,NASDAQ,103.85,67,64,60,59,43.42,2539816414.2174644,63022741.0,0.021300001,0.46,563129,517836,434727,-0.025
1895,TAK,Healthcare,Drug Manufacturers - Specialty & Generic,NYSE,103.84,67,35,59,76,17.52,50428391734.13199,3159673660.0,0.0011999999,-7.3,4412770,3302820,3257814,0.039
1896,BSAAU,Financial Services,Shell Companies,NASDAQ,103.83,67,65,45,46,11.6,,,0.26,-27.59,30,313,2066,
1897,INOD,Technology,Information Technology Services,NASDAQ,103.82,67,91,20,62,57.56,3428159592.4618683,32655358.0,0.0929,-49.85,819922,1171884,1414592,0.544
1898,COLD,Real Estate,REIT - Industrial,NYSE,103.82,67,79,29,23,14.6,4476451836.160816,285306052.0,0.0832,-19.25,4236880,4347173,4469034,0.003
1899,MCB,Financial Services,Banks - Regional,NYSE,103.81,67,76,71,86,92.06,1109582185.8314896,12394797.0,0.0535,-5.91,186376,165908,146899,0.374
1900,TOL,Consumer Cyclical,Residential Construction,S&P 400,103.79,67,76,64,69,154.98,12972884971.313477,93640000.0,0.0496,-7.95,885140,1108106,1135532,-0.076
1901,MPAA,Consumer Cyclical,Auto Parts,NASDAQ,103.78,67,76,35,74,14.11,212473159.3012371,19210954.0,0.0832,-22.13,83878,125789,123261,-0.099
1902,SAFE,Real Estate,REIT - Diversified,S&P 600,103.78,67,64,65,35,16.65,1072001749.0619335,71610002.0,0.074,-2.97,294798,350439,336473,0.119
1903,HCI,Financial Services,Insurance - Property & Casualty,S&P 600,103.78,67,53,37,41,179.27,1966674062.052246,12764808.0,0.0304,-14.84,150762,183347,173442,0.122
1904,CHY,Financial Services,Asset Management,NASDAQ,103.77,67,77,69,62,12.5,1060360129.4782085,80330314.0,0.0038,-5.73,204123,172491,187540,-0.285
1905,DLO,Technology,Software - Infrastructure,NASDAQ,103.77,67,40,72,65,14.88,3490031816.350711,294269133.0,0.1089,-11.32,1762756,2791498,2889551,0.549
1906,BGR,Financial Services,Asset Management,NYSE,103.75,67,48,78,69,15.95,394570650.5,25456171.0,0.001,-9.89,76613,104304,108138,-0.015
1907,MIAX,Financial Services,Capital Markets,NYSE,103.74,67,33,78,67,46.2,4484359813.5,94907086.0,0.047399998,-19.15,1140084,2259068,2035606,0.13
1908,WEAV,Healthcare,Health Information Services,NYSE,103.74,67,49,14,17,6.89,478985121.18240595,79565635.0,0.0583,-31.37,1111640,1132520,1066346,0.174
1909,OTTR,Industrials,Conglomerates,S&P 600,103.74,67,54,61,65,93.59,3638346592.7505493,41984150.0,0.1893,1.46,251406,269848,255217,0.029
1910,BDX,Healthcare,Medical Instruments & Supplies,S&P 500,103.73,67,51,39,62,166.34,40537506274.82776,275540427.0,0.0348,-11.21,1601170,2412410,2480186,0.052
1911,BOC,Industrials,Conglomerates,NYSE,103.73,67,51,30,32,14.41,391608765.63950825,30404407.0,0.069,-2.36,97891,156780,200666,0.019
1912,CVI,Energy,Oil & Gas Refining & Marketing,S&P 600,103.72,67,27,82,29,33.74,3339626621.4980164,100530599.0,0.2041,-19.03,826009,1021099,931037,0.203
1913,AKR,Real Estate,REIT - Retail,S&P 600,103.72,67,60,66,47,22.14,2940047505.9392967,133517141.0,0.2775,-1.6,1276479,1607083,1542321,-0.012
1914,ESS,Real Estate,REIT - Residential,S&P 500,103.7,67,65,52,33,294.52,17520321462.294067,64261739.0,0.045,0.15,425833,471684,485060,0.064
1915,POWI,Technology,Semiconductors,S&P 600,103.7,67,92,90,34,59.2,4680478656.0,55719984.0,0.1019,-33.48,711284,886541,1102382,0.026
1916,FCNCA,Financial Services,Banks - Regional,NASDAQ,103.69,67,54,49,57,2198.0,23063987729.894043,11586974.0,0.059499998,-1.53,95542,94004,84756,0.049
1917,COLM,Consumer Cyclical,Apparel Manufacturing,S&P 400,103.67,67,61,60,41,64.47,3384497630.166931,51140792.0,0.1173,-5.61,574668,548929,523619,0.001
1918,GSHD,Financial Services,Insurance Brokers,S&P 600,103.66,67,19,10,17,68.82,814034154.9025726,23670665.0,0.1071,-39.1,661207,654592,599437,0.233
1919,EOD,Financial Services,Asset Management,NYSE,103.66,67,71,71,69,6.38,285957663.21008015,43065914.0,1.04,-4.06,73319,96769,93359,
1920,CX,Basic Materials,Building Materials,NYSE,103.64,67,78,79,91,12.0,18888247829.94707,1442952453.0,1.82,-12.22,6842275,5323155,5047501,0.112
1921,GASS,Industrials,Marine Shipping,NASDAQ,103.62,67,52,87,78,8.86,341364608.8281708,37185686.0,0.0037,-16.02,90389,126063,137445,-0.094
1922,ABNB,Consumer Cyclical,Travel Services,S&P 500,103.61,67,63,60,33,153.11,79120139836.14337,593504923.0,0.0337,3.98,3586680,3748503,3748534,0.179
1923,CVX,Energy,Oil & Gas Integrated,S&P 500,103.61,67,40,77,73,187.58,363386935552.04266,1991597732.0,0.0101,-12.64,7038110,8929100,9107560,0.023
1924,AMP,Financial Services,Asset Management,S&P 500,103.6,67,30,34,60,546.62,40068028541.47644,89897084.0,0.0544,-0.65,617023,745591,698304,0.09
1925,PUMP,Energy,Oil & Gas Equipment & Services,NYSE,103.59,67,92,96,90,10.66,1871135081.8247986,122616976.0,0.1475,-42.38,4833726,4666752,5072119,-0.247
1926,OVLY,Financial Services,Banks - Regional,NASDAQ,103.54,67,60,70,76,34.35,276886901.4962082,8413458.0,0.0069,-3.16,31519,40983,53799,0.061
1927,A,Healthcare,Diagnostics & Research,S&P 500,103.54,67,58,31,46,140.54,38249026609.23541,282218158.0,0.0221,-12.31,2326715,2312191,2473201,0.1
1928,TEI,Financial Services,Asset Management,NYSE,103.51,67,67,64,76,6.64,304151014.62243176,47228418.0,0.00090000004,-5.14,98600,122496,134200,0.06
1929,IAE,Financial Services,Asset Management,NYSE,103.5,67,77,69,74,8.34,92775392.2802782,10750335.0,0.32,-3.7,89085,82595,77747,
1930,WRB,Financial Services,Insurance - Property & Casualty,S&P 500,103.5,67,45,36,47,76.17,23654463892.109528,372276732.0,0.0001,-3.53,2234410,2110093,2221020,0.04
1931,BMRN,Healthcare,Biotechnology,S&P 400,103.5,67,46,33,38,62.07,11073265629.977188,193284438.0,0.0589,-6.35,1601419,1804173,2091673,0.028
1932,DCI,Industrials,Specialty Industrial Machinery,S&P 400,103.49,67,57,57,84,95.36,9481712392.503319,115814243.0,0.0321,-15.49,702818,791889,808991,0.03
1933,PNFP,Financial Services,Banks - Regional,S&P 400,103.48,67,54,58,49,105.25,14769179482.081024,151106812.0,0.0354,-12.63,1589640,1411676,1302150,1.564
1934,HYNE,Financial Services,Banks - Regional,NASDAQ,103.48,67,67,61,46,16.66,118476350.85753822,7451343.0,0.024400001,3.22,6509,12946,17189,0.129
1935,IBEX,Technology,Information Technology Services,NASDAQ,103.46,67,33,25,71,35.87,423631622.0679321,13389116.0,0.0126,-16.56,90556,111108,106431,0.168
1936,TTAM,Basic Materials,Building Materials,NYSE,103.45,67,76,57,72,17.62,2999577389.944439,184362465.0,0.1224,-9.27,202950,254046,269226,0.015
1937,CACC,Financial Services,Credit Services,S&P 600,103.43,67,84,51,51,558.55,6000315281.663696,10460071.0,0.2875,-3.67,134547,181659,167765,0.127
1938,TFC,Financial Services,Banks - Regional,S&P 500,103.42,67,62,69,77,52.99,60063838707.11346,1245879275.0,0.0231,-5.71,8413170,9966303,9316846,0.052
1939,BMEZ,Financial Services,Asset Management,NYSE,103.41,67,61,45,58,15.49,918145598.5333672,62501404.0,0.0016,-1.96,119939,170879,176271,
1940,OMCL,Healthcare,Health Information Services,S&P 600,103.4,67,71,67,83,43.05,2007439015.5018768,45478909.0,0.0715,-21.73,723870,753440,672290,0.149
1941,RDACU,Financial Services,Shell Companies,NASDAQ,103.39,67,55,60,22,7.6,,,0.61,-61.67,0,0,16,
1942,NMIH,Financial Services,Insurance - Specialty,S&P 600,103.38,67,48,51,49,43.95,2727391002.823906,75971891.0,0.028199999,1.74,454535,592765,575181,0.059
1943,RCL,Consumer Cyclical,Travel Services,S&P 500,103.36,67,61,32,73,322.5,76336337897.68579,268194978.0,0.0674,-12.01,2734870,2661303,2813750,0.113
1944,EFSI,Financial Services,Banks - Regional,NASDAQ,103.35,67,67,61,67,41.26,213572352.00482178,5412376.0,0.0186,0.34,65623,81154,61524,4.317
1945,FGBI,Financial Services,Banks - Regional,NASDAQ,103.34,67,87,61,65,9.64,157398217.7886734,16464248.0,0.0355,-6.95,28676,60572,47751,0.945
1946,ACAD,Healthcare,Biotechnology,S&P 600,103.33,67,60,53,75,26.01,3708968918.07148,171235870.0,0.1058,-8.25,1330346,1709512,1525825,0.097
1947,MXF,Financial Services,Asset Management,NYSE,103.32,67,64,68,83,21.46,320990650.20049095,14420065.0,0.00090000004,-6.7,40499,35056,42017,0.172
1948,NLY,Real Estate,REIT - Mortgage,S&P 400,103.32,67,66,68,70,23.2,16011160883.181948,732776229.0,0.0,-5.38,7432884,8164721,7925626,0.488
1949,BFS,Real Estate,REIT - Retail,S&P 600,103.31,67,69,65,52,35.47,850408883.2961426,24535744.0,0.0034,-0.78,80402,102750,91036,0.089
1950,IIIN,Industrials,Metal Fabrication,NYSE,103.3,67,25,21,63,32.61,534219955.58208275,19433247.0,0.0473,-21.69,335594,426038,351252,0.075
1951,VALE,Basic Materials,Other Industrial Metals & Mining,NYSE,103.29,67,74,86,92,14.7,69276203181.25,4263150965.0,0.0117,-18.06,19360300,21890720,22174860,0.027
1952,TRIP,Consumer Cyclical,Travel Services,S&P 600,103.26,66,59,20,22,14.93,1300917904.9306107,116361169.0,0.3254,-25.94,2389710,3517370,3753964,-0.04
1953,VTMX,Real Estate,Real Estate - Development,NYSE,103.26,66,61,74,61,34.93,3215878151.250866,92013679.0,3.29,-6.63,123550,94280,106682,0.143
1954,APLD,Technology,Information Technology Services,NASDAQ,103.25,66,95,98,98,26.62,13511183455.08023,285769539.0,0.299,-47.52,21419954,19862108,20802784,1.393
1955,HON,Industrials,Conglomerates,S&P 500,103.22,66,48,47,65,247.05,150720731272.0912,633653119.0,0.0171,-0.46,3595722,4957695,4920668,0.024
1956,IHD,Financial Services,Asset Management,NYSE,103.19,66,77,76,76,7.12,134083108.1451459,17735861.0,0.0069999998,-6.19,59579,73306,91203,
1957,VLRS,Industrials,Airlines,NYSE,103.19,66,83,72,91,7.92,898168387.5162172,114855290.0,0.0279,-26.67,651330,710670,655816,0.136
1958,NGS,Energy,Oil & Gas Equipment & Services,NYSE,103.18,66,79,89,85,35.76,495115734.8882103,12598365.0,0.0226,-18.95,130771,145147,133266,0.171
1959,SPCB,Industrials,Security & Protection Services,NASDAQ,103.17,66,72,67,42,10.49,65292980.89990044,5528618.0,0.015,-22.7,79380,86030,79042,0.08
1960,UTF,Financial Services,Asset Management,NYSE,103.15,66,63,61,58,27.79,3011046000.1917343,111810099.0,0.0007,1.61,210810,255153,273636,
1961,V,Financial Services,Credit Services,S&P 500,103.14,66,49,39,35,366.59,620653078710.4248,1901743800.0,0.0156,-2.38,6993690,8846596,8458816,0.171
1962,EMBJ,Industrials,Aerospace & Defense,NYSE,103.13,66,53,47,83,69.09,10277088071.25,177958235.0,0.0147,-14.44,993276,1067485,1284671,0.184
1963,GLNG,Energy,Oil & Gas Midstream,NASDAQ,103.11,66,61,82,46,48.68,5063543308.75,101779765.0,0.081999995,-15.76,1483910,1238826,1362840,1.201
1964,PNW,Utilities,Utilities - Regulated Electric,S&P 500,103.08,66,68,66,53,105.33,12087207677.956284,121187166.0,0.0849,0.39,1260287,1227772,1230651,0.114
1965,SLGN,Consumer Cyclical,Packaging & Containers,S&P 400,103.07,66,58,31,35,48.01,3969331855.609062,105679758.0,0.09,-15.83,1776830,1236976,1097742,0.065
1966,EGO,Basic Materials,Gold,NYSE,103.06,66,54,69,94,32.24,8813930988.955536,260535930.0,1.63,-36.98,1871722,2548600,2496964,0.499
1967,XRN,Real Estate,REIT - Healthcare Facilities,NYSE,103.05,66,66,55,59,37.35,476983285.31684875,13234830.0,0.0477,-6.46,73100,96433,123536,0.101
1968,AKTS,Healthcare,Biotechnology,NASDAQ,103.05,66,88,26,31,22.97,1146454238.1279964,55277447.0,0.1597,-21.23,277591,519967,388384,1.23
1969,BH,Consumer Cyclical,Restaurants,NYSE,103.04,66,82,36,86,376.43,911822564.0863037,3139020.0,2.52,-22.16,179336,99238,87291,0.026
1970,NCV,Financial Services,Asset Management,NYSE,103.04,66,75,71,68,16.6,395610316.60121727,22593393.0,0.0023999999,-5.68,126179,82653,80487,-0.105
1971,ENIC,Utilities,Utilities - Regulated Electric,NYSE,103.03,66,69,74,75,4.37,5989823747.980209,1383331144.0,0.58,-7.81,428229,517786,577403,-0.017
1972,SCHW,Financial Services,Capital Markets,S&P 500,102.99,66,33,36,67,105.97,151913483882.7398,1739135507.0,0.0,-1.42,9138716,10500445,11036075,0.158
1973,ADUS,Healthcare,Medical Care Facilities,S&P 600,102.98,66,29,29,30,119.22,1711186669.3760376,18664776.0,0.0591,-4.19,230548,264586,239975,0.077
1974,BKH,Utilities,Utilities - Regulated Gas,S&P 400,102.98,66,68,71,74,74.8,5543649529.527542,76128118.0,0.1594,-4.94,626692,807900,942920,-0.03
1975,DPG,Financial Services,Asset Management,NYSE,102.92,66,63,73,63,14.79,522155673.4613371,36488865.0,0.0011999999,-2.38,59870,58940,64090,
1976,UCB,Financial Services,Banks - Regional,S&P 600,102.91,66,64,60,71,35.68,3943674978.163662,119686643.0,0.042,-2.96,1027680,1098883,990644,0.144
1977,BBSI,Industrials,Staffing & Employment Services,NASDAQ,102.89,66,42,20,27,41.05,799171000.9450302,24559649.0,0.024,-17.32,190076,228182,238195,0.049
1978,SPFI,Financial Services,Banks - Regional,NASDAQ,102.89,66,58,60,71,45.37,777126157.7814102,19145754.0,0.0167,0.62,180740,194413,156308,0.106
1979,EDF,Financial Services,Asset Management,NYSE,102.86,66,71,64,56,5.19,173419318.2626953,32114688.0,0.0050999997,-4.77,101298,143026,151949,
1980,FVNNU,Financial Services,Shell Companies,NASDAQ,102.85,66,46,30,50,12.64,,,,-15.45,2072,1086,993,
1981,CRWS,Consumer Cyclical,"Furnishings, Fixtures & Appliances",NASDAQ,102.85,66,60,40,44,2.99,30702647.465735435,10697787.0,0.0029,-8.84,47320,50370,46466,-0.113
1982,SRZN,Healthcare,Biotechnology,NASDAQ,102.79,66,89,97,95,19.4,304307813.2803879,11610371.0,0.0856,-44.57,189170,194573,154796,4.086
1983,TJX,Consumer Cyclical,Apparel Retail,S&P 500,102.75,66,48,66,66,160.8,171124757199.25,1105814263.0,0.0128,-3.03,4964660,5672136,6084854,0.092
1984,GDOT,Financial Services,Credit Services,NYSE,102.74,66,59,68,73,13.38,729475004.0634584,56680265.0,0.0327,-13.17,324800,440210,452024,0.174
1985,CII,Financial Services,Asset Management,NYSE,102.74,66,75,75,71,23.9,1068441188.1328125,40983552.0,0.0138,-8.67,93882,74564,72312,-0.045
1986,GP,Industrials,Farm & Heavy Construction Machinery,NASDAQ,102.73,66,53,10,3,1.49,5582546.381945014,5029321.0,0.0336,-76.79,194718,251436,220971,0.177
1987,BDJ,Financial Services,Asset Management,NYSE,102.72,66,62,57,67,9.69,1638507860.6394253,176944689.0,0.00029999999,-0.72,375431,512627,529940,-0.04
1988,NCZ,Financial Services,Asset Management,NYSE,102.72,66,74,71,67,15.0,302940710.33179283,19028939.0,0.00059999997,-5.9,98880,70696,69590,-0.104
1989,LW,Consumer Defensive,Packaged Foods,S&P 600,102.69,66,34,24,22,54.62,5961983675.676476,138072803.0,0.0559,-18.56,2635871,1892340,1735622,0.029
1990,SYY,Consumer Defensive,Food Distribution,S&P 500,102.68,66,63,36,67,85.2,36251022345.04199,478182608.0,0.033099998,-7.24,2622940,3387243,3361200,0.047
1991,BC,Consumer Cyclical,Recreational Vehicles,S&P 400,102.68,66,78,77,86,82.01,5442259065.680374,64974438.0,0.0001,-9.13,706267,699779,661795,0.128
1992,TMO,Healthcare,Diagnostics & Research,S&P 500,102.66,66,51,32,61,576.41,183027291356.26587,371621465.0,0.0128999995,-10.49,2667200,2289303,2357558,0.062
1993,AWP,Financial Services,Asset Management,NYSE,102.66,66,60,61,55,12.27,358365717.45787716,30629549.0,1.64,-3.46,310010,193270,160718,0.461
1994,CLMB,Technology,Electronics & Computer Distribution,NASDAQ,102.66,66,30,9,54,28.18,402629372.9057312,18597200.0,0.0731,-22.27,129212,168607,161702,0.321
1995,AFRI,Consumer Defensive,Farm Products,NASDAQ,102.65,66,57,63,64,10.46,274222000.6071758,26963815.0,0.0337,-8.41,15790,26456,20676,-0.222
1996,THQ,Financial Services,Asset Management,NYSE,102.65,66,64,59,61,19.0,773637661.4114285,41437475.0,0.0070999996,-6.82,241650,277023,223236,
1997,CL,Consumer Defensive,Household & Personal Products,S&P 500,102.64,66,59,43,66,92.73,72121060312.51442,800189310.0,0.0277,-6.64,4067420,4912376,5043502,0.084
1998,ENTA,Healthcare,Biotechnology,NASDAQ,102.64,66,83,88,94,12.61,382671476.36299133,29078380.0,0.0907,-26.47,142462,220154,214206,0.15
1999,FTS,Utilities,Utilities - Regulated Electric,NYSE,102.61,66,61,65,64,58.34,28170329545.600357,509132995.0,26.73,-0.75,815772,720874,747066,0.019
2000,MCK,Healthcare,Medical Distribution,S&P 500,102.59,66,29,55,69,889.5,89244295917.90692,120204051.0,0.024,-10.96,910756,1105528,1143433,0.06
2001,TBPH,Healthcare,Biotechnology,NASDAQ,102.58,66,66,75,91,16.89,827941232.767725,51553005.0,0.15529999,-19.69,610460,835933,652100,0.15
2002,AFBI,Financial Services,Banks - Regional,NASDAQ,102.56,66,63,68,62,22.99,136952061.7649746,6094885.0,0.0013,2.18,23275,14535,11473,0.042
2003,ADP,Technology,Software - Application,S&P 500,102.5,66,29,21,23,264.17,88677051655.00934,399734282.0,0.046,-19.93,2381548,2732576,2701171,0.07
2004,PRMB,Consumer Defensive,Beverages - Non-Alcoholic,NYSE,102.5,66,72,29,17,23.54,8999140060.753258,362868562.0,0.4355,-28.75,2160054,2673098,3074862,0.008
2005,SBUX,Consumer Cyclical,Restaurants,S&P 500,102.5,66,70,75,56,103.1,113012656173.70605,1139700000.0,0.0506,-5.31,6235759,6961333,7350315,0.088
2006,ARDT,Healthcare,Medical Care Facilities,NYSE,102.49,66,35,33,13,11.47,1323120720.5095634,143350031.0,0.0865,-25.9,545871,570637,577520,0.07
2007,ADAMN,Real Estate,REIT - Mortgage,NASDAQ,102.47,66,62,65,54,23.84,,,2.12,-0.54,6437,8115,7491,0.107
2008,RVT,Financial Services,Asset Management,NYSE,102.46,66,70,74,71,18.16,2271072229.6906757,122363809.0,0.0383,-3.81,442703,405551,355930,0.119
2009,GITS,Communication Services,Internet Content & Information,NASDAQ,102.46,66,87,12,97,2.18,7826063.460479736,3674208.0,0.0031,-69.25,38464,1339934,869480,
2010,JOF,Financial Services,Asset Management,NYSE,102.46,66,68,68,78,11.31,334339942.8042612,28333893.0,0.15,-11.36,103383,82824,77218,0.423
2011,IOSP,Basic Materials,Specialty Chemicals,S&P 600,102.45,65,51,34,43,85.9,2042899098.314392,24631047.0,0.019199999,-6.77,150932,180274,184338,0.028
2012,GCMG,Financial Services,Asset Management,NASDAQ,102.45,65,64,34,27,12.34,641873050.8603048,60383165.0,0.0349,-6.66,707803,589751,512572,-0.012
2013,EURKU,Financial Services,Shell Companies,NASDAQ,102.43,65,52,44,45,12.09,,,,4.22,10,30,188,
2014,ES,Utilities,Utilities - Regulated Electric,S&P 500,102.43,65,60,57,55,75.39,25674982044.27433,376080025.0,0.0299,-1.33,1898239,2374159,2581219,0.094
2015,PRGS,Technology,Software - Infrastructure,S&P 600,102.43,65,27,10,23,40.37,1381440843.348236,42078610.0,0.1445,-38.37,585347,891312,781555,0.041
2016,REPX,Energy,Oil & Gas E&P,NYSE ARCA,102.43,65,61,84,58,32.98,721607160.8040733,21695947.0,0.0377,-20.59,181701,242203,276450,0.112
2017,SNFCA,Financial Services,Insurance - Life,NASDAQ,102.41,65,52,63,35,9.66,252567489.23366737,26037886.0,0.0106,-3.4,28300,38416,35834,-0.036
2018,UTL,Utilities,Utilities - Diversified,S&P 600,102.4,65,52,49,38,55.99,900080252.3685608,17990811.0,0.037100002,1.58,100640,150870,142608,0.27
2019,IBOC,Financial Services,Banks - Regional,S&P 400,102.4,65,61,59,59,77.68,4486998794.754517,62181244.0,0.033800002,2.97,277093,397107,365318,0.054
2020,SSB,Financial Services,Banks - Regional,S&P 400,102.4,65,54,53,64,106.6,9254047074.25,97668043.0,0.0286,-1.71,903930,895063,805138,0.228
2021,RLTY,Financial Services,Asset Management,NYSE,102.4,65,62,60,45,16.17,263210666.612545,16722406.0,0.14,1.25,53578,63626,57107,
2022,CJMB,Industrials,Integrated Freight & Logistics,NASDAQ,102.4,65,5,5,7,1.85,4121666.2476911545,5646118.0,0.039,-68.54,12195997,4117189,2749373,-0.141
2023,CBOE,Financial Services,Financial Data & Stock Exchanges,S&P 500,102.36,65,27,75,64,297.39,34908315935.5376,104653784.0,0.0298,-19.88,1030358,1557236,1550915,0.065
2024,LANDO,Real Estate,REIT - Specialty,NASDAQ,102.36,65,56,61,49,21.6,,,2.83,0.47,16677,16492,15881,-0.018
2025,MGYR,Financial Services,Banks - Regional,NASDAQ,102.36,65,49,56,63,18.99,111805206.76932907,6462729.0,0.0011999999,-5.05,4372,3634,3440,0.072
2026,OXY,Energy,Oil & Gas E&P,S&P 500,102.35,65,36,85,59,53.93,56326164180.01448,994634701.0,0.0002,-20.04,7823703,9428021,10099082,-0.083
2027,GOOD,Real Estate,REIT - Diversified,NASDAQ,102.35,65,58,58,31,12.95,610412165.1107779,48406993.0,0.0468,-13.84,420315,519381,520599,0.118
2028,KMI,Energy,Oil & Gas Midstream,S&P 500,102.35,65,56,72,66,31.61,69147584357.81926,2224825757.0,0.0223,-9.19,10202596,10308948,9908317,0.138
2029,ACTG,Industrials,Business Equipment & Supplies,NASDAQ,102.35,65,66,85,66,4.63,449139473.01145744,96589132.0,0.043,-12.14,206464,262311,244330,-0.564
2030,WMK,Consumer Defensive,Grocery Stores,NYSE,102.32,65,63,37,52,76.64,1805613273.295807,24744597.0,0.1537,-3.05,139970,175503,163642,0.046
2031,O,Real Estate,REIT - Retail,S&P 500,102.32,65,56,64,61,65.73,57143141100.103455,932492530.0,0.0419,-3.25,4409241,5680183,5844410,0.12
2032,WRBY,Healthcare,Medical Instruments & Supplies,S&P 600,102.32,65,80,47,74,26.0,3008977642.894577,122715236.0,0.14039999,-16.13,2750970,3346663,3293156,0.083
2033,CSWC,Financial Services,Asset Management,NASDAQ,102.3,65,63,69,69,23.82,1442907615.0513496,62140726.0,0.0716,-2.5,735770,695003,664212,-0.04
2034,IDA,Utilities,Utilities - Regulated Electric,S&P 400,102.29,65,67,69,61,148.64,7772113360.17952,55408235.0,0.1103,-0.73,463795,612305,590847,-0.067
2035,GCV,Financial Services,Asset Management,NYSE,102.29,65,70,70,71,4.53,93635009.93971825,20050323.0,0.0004,-3.82,26083,40011,57934,
2036,GLV,Financial Services,Asset Management,NYSE ARCA,102.29,65,67,60,65,6.25,79297879.10312843,12409684.0,0.0007,-2.65,50739,48509,49247,-0.063
2037,PPG,Basic Materials,Specialty Chemicals,S&P 500,102.29,65,64,45,68,119.01,25183242748.260498,222900000.0,0.038599998,-10.81,1713133,1989831,1955746,0.067
2038,DDD,Technology,Computer Hardware,NYSE,102.28,65,86,69,31,2.52,524600969.4002259,146947053.0,0.3114,-33.68,1764779,3108373,4207627,0.011
2039,ALRM,Technology,Software - Application,S&P 600,102.27,65,32,26,24,54.51,2231166929.318344,49460583.0,0.0764,-9.12,433900,566633,534574,0.11
2040,CALM,Consumer Defensive,Farm Products,S&P 600,102.26,65,30,26,30,93.21,3539978787.9127502,47376589.0,0.14829999,-26.26,1150748,984589,874049,-0.53
2041,TSAT,Technology,Communication Equipment,NASDAQ,102.26,65,89,95,77,36.99,825016338.2266846,15218896.0,0.062800005,-37.43,191400,226210,268136,-0.254
2042,MLYS,Healthcare,Biotechnology,NASDAQ,102.24,65,60,75,93,26.95,2598690181.5,82498101.0,0.1328,-43.44,627505,1294908,1570985,
2043,AYI,Industrials,Electrical Equipment & Parts,S&P 400,102.23,65,68,35,39,344.18,9249460464.410156,30315168.0,0.0496,-9.47,255937,431502,396899,0.049
2044,ADC,Real Estate,REIT - Retail,S&P 400,102.22,65,53,57,39,81.12,8905627178.11242,120102859.0,0.0001,-1.17,1109261,1149213,1176382,0.187
2045,GFF,Industrials,Building Products & Equipment,S&P 600,102.22,65,79,72,60,93.47,4035346349.3512344,45866631.0,0.0468,-4.21,244729,357366,345395,-0.011
2046,SHEL,Energy,Oil & Gas Integrated,NYSE,102.22,65,35,78,63,86.2,233803774104.67096,2779407590.0,0.0183,-9.17,6955194,6541677,6677978,0.007
2047,ZBRA,Technology,Communication Equipment,S&P 500,102.2,65,50,26,21,284.4,11604923525.544922,47633392.0,0.1013,-19.36,684420,767616,940858,0.143
2048,MGLD,Financial Services,Asset Management,NYSE ARCA,102.18,65,68,42,50,1.11,49538838.77295828,43077252.0,0.0033000002,-19.57,8896,23382,20373,0.023
2049,PRTH,Technology,Software - Infrastructure,NASDAQ,102.18,65,74,20,18,6.89,526249525.30439854,82355170.0,0.0402,-22.5,297096,534098,410999,0.111
2050,HNST,Consumer Defensive,Household & Personal Products,NASDAQ,102.17,65,59,56,10,3.82,385275152.5,110078615.0,0.106800005,-27.65,1221295,1306035,1393531,-0.197
2051,AEO,Consumer Cyclical,Apparel Retail,S&P 600,102.15,65,58,70,92,18.14,2646925494.3532257,167526928.0,0.1237,-36.26,4285056,4620508,5369071,0.097
2052,KRC,Real Estate,REIT - Office,S&P 400,102.14,65,67,37,31,38.66,3984874769.1182137,116278807.0,0.1304,-14.15,1552263,1418357,1506602,-0.003
2053,ESP,Industrials,Electrical Equipment & Parts,NYSE ARCA,102.14,65,84,92,91,58.14,173613682.1857071,2995922.0,0.0053,-22.24,77614,68468,56252,0.109
2054,IHS,Real Estate,Real Estate Services,NYSE,102.13,65,65,76,90,8.25,2794369364.214897,336671000.0,0.0041,-7.82,510830,1054820,1182302,0.059
2055,CEPU,Utilities,Utilities - Regulated Electric,NYSE,102.12,65,65,51,72,14.53,2362283248.5,149986238.0,0.003,-21.47,165768,225099,272797,0.631
2056,COP,Energy,Oil & Gas E&P,S&P 500,102.11,65,37,81,68,114.1,138861155007.59207,1218294007.0,0.0229,-16.02,5661877,7406239,7067949,-0.053
2057,HIG,Financial Services,Insurance - Diversified,S&P 500,102.11,65,41,58,64,143.42,34850250393.677216,274130820.0,0.0002,-0.75,1846480,1766530,1843222,0.061
2058,NWN,Utilities,Utilities - Regulated Gas,S&P 600,102.1,65,54,75,64,51.92,2040476339.1104736,42080352.0,0.0388,-7.27,186953,277601,272368,-0.008
2059,AEP,Utilities,Utilities - Regulated Electric,S&P 500,102.1,65,69,73,60,133.02,68921783407.15393,544105032.0,0.052600004,-4.6,3441858,5178752,5095781,0.102
2060,AGNC,Real Estate,REIT - Mortgage,NASDAQ,102.1,65,69,71,78,11.07,11949943546.359894,1147929272.0,0.08140001,-9.19,22268318,18183992,16824505,
2061,BP,Energy,Oil & Gas Integrated,NYSE,102.09,65,42,86,74,41.67,107815133907.51616,2574997293.0,0.0067000003,-13.67,6272748,9396772,9138443,0.116
2062,FOR,Real Estate,Real Estate - Development,NYSE,102.05,65,81,68,66,29.34,1401209860.4850826,51008733.0,0.0254,-4.55,157616,154108,155439,-0.03
2063,FELE,Industrials,Specialty Industrial Machinery,S&P 600,102.02,65,62,56,60,109.71,4346647862.8098755,44182232.0,0.0171,-1.63,333222,331464,302252,0.099
2064,FWONK,Communication Services,Entertainment,NASDAQ,102.01,65,37,33,27,101.2,22752492458.75638,250605708.0,0.0376,-7.46,1739842,2097764,1945042,0.183
2065,FWONA,Communication Services,Entertainment,NASDAQ,102.01,65,39,34,27,92.9,21045868199.10672,250605708.0,0.0544,-6.65,145476,182818,163297,0.183
2066,CVCO,Consumer Cyclical,Residential Construction,S&P 600,102.0,65,72,56,33,589.08,4122608563.157715,7683979.0,0.0828,-17.38,95158,111592,126627,0.082
2067,QNST,Communication Services,Advertising Agencies,S&P 600,101.99,65,48,26,14,15.94,719216058.6964035,57445370.0,0.1325,-6.95,767688,728199,762545,0.283
2068,REG,Real Estate,REIT - Retail,S&P 500,101.99,65,63,62,50,80.97,14162536427.11647,183096790.0,0.0291,-0.84,1351348,1437786,1447145,0.1
2069,ZYME,Healthcare,Biotechnology,NASDAQ,101.98,65,74,90,89,22.61,1848913176.104288,73573945.0,0.0908,-24.0,381570,555476,624766,-0.911
2070,CLPT,Healthcare,Medical Devices,NASDAQ,101.96,64,91,22,31,14.53,379967765.4980221,29989563.0,0.1549,-51.73,520660,864746,749180,0.429
2071,CHW,Financial Services,Asset Management,NASDAQ,101.96,64,75,69,67,8.32,582443202.1313009,63864387.0,0.00029999999,-9.07,285015,242128,236797,-0.274
2072,BWIN,Financial Services,Insurance Brokers,NASDAQ,101.95,64,35,25,15,28.63,1893254914.1178932,97489954.0,0.1491,-36.6,1307538,1841442,1685573,0.287
2073,BLIN,Technology,Software - Infrastructure,NASDAQ,101.95,64,60,25,8,1.18,15371852.74048543,12599879.0,0.0011999999,-32.18,50947,130352,102789,0.011
2074,BANR,Financial Services,Banks - Regional,S&P 600,101.94,64,53,61,47,70.55,2207916295.0,33967943.0,0.0469,1.03,452023,399284,322926,0.083
2075,DNP,Financial Services,Asset Management,NYSE,101.94,64,61,65,56,10.98,4001841292.036234,376821218.0,0.0015,0.55,520645,647131,671703,0.089
2076,VRTX,Healthcare,Biotechnology,S&P 500,101.93,64,63,31,54,490.39,113588078492.92746,253805417.0,0.0199,-3.45,1351990,1832756,1623012,0.078
2077,PHM,Consumer Cyclical,Residential Construction,S&P 500,101.92,64,68,54,65,134.75,22511677255.67182,190486353.0,0.0584,-6.75,2123087,1995592,1827395,-0.124
2078,FBK,Financial Services,Banks - Regional,S&P 600,101.9,64,52,55,71,59.65,2714771142.0232925,51523462.0,0.045500003,-4.35,399950,422900,388402,0.319
2079,TRSG,Industrials,Metal Fabrication,NASDAQ,101.88,64,71,29,16,1.48,21259531.02020502,16353486.0,0.0054,-25.25,4720,8133,10588,0.109
2080,NMI,Financial Services,Asset Management,NYSE,101.85,64,61,50,50,10.81,120206528.87935638,11276410.0,0.0044,-3.31,21036,16605,16919,0.046
2081,SWX,Utilities,Utilities - Regulated Gas,S&P 400,101.85,64,60,74,57,92.64,6239437735.068825,72374873.0,0.0269,-1.9,436230,590943,543908,-0.216
2082,CBZ,Industrials,Specialty Business Services,NYSE,101.81,64,20,11,10,46.7,1781137943.3307343,53648732.0,0.0907,-40.06,655309,812039,728503,0.013
2083,TDACU,Financial Services,Shell Companies,NASDAQ,101.79,64,63,42,43,11.55,,,,-33.2,70,162,1013,
2084,CABA,Healthcare,Biotechnology,NASDAQ,101.77,64,85,89,79,2.73,616347124.2149649,163054796.0,0.1551,-35.46,2482319,5502903,4624099,
2085,AIO,Financial Services,Asset Management,NYSE,101.76,64,78,66,49,24.94,926410135.9625492,34439039.0,0.19,-8.31,65832,74584,76828,
2086,NMT,Financial Services,Asset Management,NYSE,101.74,64,58,64,52,12.74,125551664.97207642,9839472.0,0.0041,-7.01,30164,21544,20768,0.015
2087,ESNT,Financial Services,Insurance - Specialty,S&P 400,101.73,64,52,48,55,67.38,5334729009.154358,92152860.0,0.036199998,0.43,446906,808298,797537,0.058
2088,EHC,Healthcare,Medical Care Facilities,S&P 400,101.73,64,29,33,24,116.03,10500222466.634216,99199080.0,0.0387,-9.34,779932,1100447,963790,0.09
2089,EURK,Financial Services,Shell Companies,NASDAQ,101.7,64,55,52,53,12.19,55495929.5,4825733.0,0.0002,-3.71,8833,25724,15864,
2090,WMB,Energy,Oil & Gas Midstream,S&P 500,101.7,64,64,77,70,70.16,87309845391.8911,1222998265.0,0.0187,-12.39,6715170,7633456,7167090,0.09
2091,ELDN,Healthcare,Biotechnology,NASDAQ,101.68,64,90,79,11,3.4,294085601.21327734,77187823.0,0.0879,-26.09,1001442,1628754,1367788,
2092,NMAI,Financial Services,Asset Management,NYSE,101.68,64,67,65,63,13.83,474644166.824564,33425646.0,0.0031,-3.82,83189,94319,111307,
2093,AGCO,Industrials,Farm & Heavy Construction Machinery,S&P 400,101.67,64,57,66,63,123.71,8130029323.170685,72408527.0,0.0348,-13.96,715712,723540,713340,0.143
2094,KVACU,Financial Services,Shell Companies,NASDAQ,101.66,64,49,42,42,12.7,,,,5.83,208,239,359,
2095,SQM,Basic Materials,Specialty Chemicals,NYSE,101.65,64,75,94,94,66.87,24527719357.48767,285637808.0,1.3,-31.77,1049520,986140,1098852,0.698
2096,SSD,Basic Materials,Lumber & Wood Production,S&P 400,101.63,64,75,61,57,198.28,7805586011.4795685,41138325.0,0.037,-6.46,307440,351763,322322,0.091
2097,HRL,Consumer Defensive,Packaged Foods,S&P 500,101.63,64,55,26,37,25.56,12783816245.655804,550314959.0,0.0848,-19.77,3183689,3990966,5184477,-0.029
2098,BFC,Financial Services,Banks - Regional,NASDAQ,101.62,64,66,70,79,151.24,1560201211.0292053,11222854.0,0.0336,-1.15,122724,106531,106070,0.491
2099,HMR,Industrials,Marine Shipping,NASDAQ,101.6,64,61,11,9,1.12,72560157.43518305,58991997.0,0.0026,-46.54,57247,110099,234719,3.719
2100,IGA,Financial Services,Asset Management,NYSE,101.58,64,52,55,58,10.17,151726372.14704895,15341392.0,0.0017,0.59,57453,52951,48934,-0.066
2101,VMI,Industrials,Conglomerates,S&P 400,101.57,64,87,81,77,480.67,10091409878.913391,19413651.0,0.0223,-10.21,265130,244806,238476,0.062
2102,BKU,Financial Services,Banks - Regional,S&P 600,101.56,64,68,70,82,46.87,3371704668.0986023,72681714.0,0.0551,-10.06,1369266,1226355,956775,0.037
2103,CBU,Financial Services,Banks - Regional,S&P 600,101.54,64,65,63,65,64.75,3344595649.483017,52554929.0,0.0529,-4.07,290511,372597,317962,0.095
2104,PROV,Financial Services,Banks - Regional,NASDAQ,101.54,64,56,62,53,17.6,106000067.22118759,6253691.0,0.007900001,1.03,5324,5111,6146,-0.112
2105,RL,Consumer Cyclical,Apparel Manufacturing,S&P 500,101.53,64,74,72,77,377.46,21657997946.141052,59516346.0,0.1022,-4.05,487842,639960,718900,0.166
2106,GUT,Financial Services,Asset Management,NYSE,101.52,64,65,62,58,6.4,561789527.9110231,89599606.0,0.0082,1.11,275469,281739,248925,0.219
2107,GLQ,Financial Services,Asset Management,NYSE ARCA,101.52,64,71,67,71,8.12,163209034.6248026,18738121.0,0.0061000003,-6.77,46388,69289,82695,-0.297
2108,GDV,Financial Services,Asset Management,NYSE,101.51,64,62,65,66,30.0,2556929704.265131,87446297.0,0.0004,1.42,93256,96438,118807,0.142
2109,CNP,Utilities,Utilities - Regulated Electric,S&P 500,101.49,64,62,64,58,44.1,27645201126.79825,654169480.0,0.072,-0.83,6081785,6922701,6262989,0.019
2110,ACNT,Basic Materials,Chemicals,NASDAQ,101.48,64,54,52,84,15.49,122467814.9739027,9038215.0,0.0493,-13.56,38751,84473,74622,0.089
2111,LTM,Industrials,Airlines,NYSE,101.47,64,76,47,93,53.53,15714494734.85836,292743939.0,0.0155,-23.98,667719,774599,787909,0.219
2112,GTE,Energy,Oil & Gas E&P,NYSE ARCA,101.47,64,57,95,82,6.39,274746344.6255636,35359890.0,0.076799996,-34.39,255211,296057,303476,0.023
2113,ADAML,Real Estate,REIT - Mortgage,NASDAQ,101.46,64,58,64,59,24.46,,,0.58,0.08,8138,10089,9677,0.107
2114,TNC,Industrials,Specialty Industrial Machinery,S&P 600,101.44,64,71,58,39,88.2,1467219947.729721,17038903.0,0.096499994,-0.74,159230,170520,161866,0.027
2115,DG,Consumer Defensive,Discount Stores,S&P 500,101.43,64,41,50,90,125.97,24359233389.61548,220226320.0,0.0423,-20.39,2440254,2791984,3343166,0.059
2116,RJF,Financial Services,Asset Management,S&P 500,101.43,64,34,44,53,177.18,27948176619.622986,194883034.0,0.0545,-0.27,1423535,1551021,1496671,0.131
2117,INVX,Energy,Oil & Gas Equipment & Services,S&P 600,101.42,64,69,85,86,25.62,1836570883.0086365,68759676.0,0.0754,-20.56,309012,425070,437960,-0.006
2118,BXP,Real Estate,REIT - Office,S&P 500,101.42,64,58,30,32,69.96,9570237966.232494,159477391.0,0.0926,-11.81,1430379,1420186,1407743,0.006
2119,SMC,Energy,Oil & Gas Midstream,NYSE,101.41,64,48,73,56,29.85,368150716.6302681,13814286.0,0.0153,-10.9,34490,56143,64840,0.049
2120,HLIT,Technology,Communication Equipment,S&P 600,101.41,64,91,74,38,11.06,1639381110.7107048,108496436.0,0.0401,-37.44,1464976,2004188,3231383,0.434
2121,RBRK,Technology,Software - Infrastructure,NYSE,101.41,64,71,20,15,71.45,16182826839.406403,205809836.0,0.1,-30.63,2273521,3209827,3758322,0.463
2122,ABUS,Healthcare,Biotechnology,NASDAQ,101.39,64,62,58,57,4.41,900771946.2968016,197537710.0,0.1238,-13.53,1543166,2578342,2168625,100.545
2123,APOG,Industrials,Building Products & Equipment,S&P 600,101.39,64,74,35,37,41.84,820092098.7920952,21351005.0,0.0251,-16.3,201109,314869,274363,0.016
2124,PAM,Industrials,Conglomerates,NYSE,101.36,64,50,50,49,84.89,4581676341.0,53744004.0,0.012999999,-10.17,158732,164587,198866,0.384
2125,EA,Communication Services,Electronic Gaming & Multimedia,S&P 500,101.35,64,54,66,74,208.87,50581589658.57312,250751484.0,0.0444,1.94,2806053,2309731,2153584,0.119
2126,GBX,Industrials,Railroads,S&P 600,101.33,64,44,59,66,51.8,1457517182.2234192,30938594.0,0.1104,-12.49,440693,557901,510730,-0.229
2127,RGT,Financial Services,Asset Management,NYSE,101.32,64,59,65,73,14.8,95095723.97788239,6562852.0,0.0011,-1.27,16508,17726,15499,
2128,XPRO,Energy,Oil & Gas Equipment & Services,NYSE,101.32,64,57,87,85,15.42,1674848381.8182411,113395283.0,0.0698,-17.67,1171630,1332943,1225100,-0.06
2129,OCFC,Financial Services,Banks - Regional,NASDAQ,101.31,63,57,61,66,20.04,1082305349.2444382,57600069.0,0.0877,-2.77,848684,1052024,1040654,0.085
2130,PEN,Healthcare,Medical Devices,S&P 400,101.31,63,53,64,85,319.99,12519192097.380066,39331425.0,0.055999998,-11.7,445515,396595,415719,0.156
2131,IFBD,Technology,Software - Application,NASDAQ,101.3,63,39,56,14,1.11,7451603.464753926,8188575.0,0.0089,-20.71,6774,11398,102418,2.712
2132,ARTNA,Utilities,Utilities - Regulated Water,NASDAQ,101.3,63,52,34,50,34.99,335750728.48615265,10324438.0,0.0095999995,0.26,33276,35352,36035,0.073
2133,HEQ,Financial Services,Asset Management,NYSE,101.27,63,60,65,61,11.59,144157524.76268005,12093752.0,0.42,-2.77,23733,28311,31070,
2134,STAG,Real Estate,REIT - Industrial,S&P 400,101.26,63,57,60,59,40.72,7240935228.620968,191205055.0,0.0468,1.83,1834590,1749486,1505780,0.091
2135,TATT,Industrials,Aerospace & Defense,NASDAQ,101.26,63,69,32,84,42.15,562299681.2996254,12983137.0,0.051999997,-34.65,128400,209026,220036,-0.024
2136,HGTY,Financial Services,Insurance - Property & Casualty,NYSE,101.25,63,48,33,70,12.16,1040418981.3041325,101802246.0,0.0199,-13.14,105219,143186,157105,-0.05
2137,MNR,Energy,Oil & Gas E&P,NYSE,101.24,63,41,69,29,13.27,2215127022.819131,166801737.0,0.030199999,-14.94,269446,327625,365671,0.438
2138,CPSS,Financial Services,Credit Services,NASDAQ,101.22,63,61,58,33,9.55,213947843.4503889,21698565.0,0.0162,-8.96,20872,25247,24202,0.079
2139,WSC,Industrials,Rental & Leasing Services,S&P 600,101.16,63,86,40,20,25.72,4656993007.817211,180994679.0,0.19690001,-19.32,2239010,2044386,2011956,-0.02
2140,CUBE,Real Estate,REIT - Industrial,S&P 400,101.12,63,57,56,38,42.5,9056545200.0,226413630.0,0.0336,-3.69,2363883,2062557,2055760,0.033
2141,UIS,Technology,Information Technology Services,NYSE,101.12,63,82,21,11,3.43,334634741.4244461,72905170.0,0.0748,-32.48,748450,924063,999046,0.013
2142,CMC,Industrials,Metal Fabrication,S&P 400,101.11,63,56,69,90,70.47,8432985891.60144,110887384.0,0.077199996,-16.97,1133250,1474356,1294058,0.215
2143,CPK,Utilities,Utilities - Regulated Gas,S&P 600,101.1,63,36,42,47,137.92,2960267119.1943283,24004761.0,0.0359,-1.9,189679,231139,190299,0.182
2144,ECAT,Financial Services,Asset Management,NYSE,101.1,63,67,54,54,15.15,1554689649.7932444,99468307.0,0.0036000002,-11.61,458611,459857,481390,
2145,VFC,Consumer Cyclical,Apparel Manufacturing,S&P 400,101.08,63,59,80,86,18.25,6730603651.458626,391769705.0,0.1031,-18.05,7119050,6480890,7871716,0.01
2146,HOG,Consumer Cyclical,Recreational Vehicles,S&P 400,101.07,63,60,59,20,25.29,2545387574.4853363,105268302.0,0.1872,-19.07,3425221,3093937,2776052,-0.118
2147,B,Basic Materials,Gold,NYSE,101.06,63,61,84,95,36.69,71464358064.11389,1679538410.0,1.06,-32.91,7694048,9089549,10766257,0.667
2148,VAL,Energy,Oil & Gas Drilling,S&P 400,101.05,63,74,96,74,74.46,6414792191.194305,69251780.0,0.1397,-34.75,811480,966926,926034,-0.25
2149,CART,Consumer Cyclical,Internet Retail,S&P 400,101.03,63,63,56,23,45.62,9354186417.886482,235029814.0,0.1,-14.73,3767087,4360292,4105611,0.136
2150,FDUS,Financial Services,Asset Management,NASDAQ,101.02,63,54,47,36,20.19,716578360.4674301,37954364.0,0.0187,-8.6,263906,429995,346007,0.302
2151,OZK,Financial Services,Banks - Regional,S&P 400,101.01,63,59,55,57,51.5,5282536624.620438,109165875.0,0.1398,-4.03,1434784,1402474,1209924,0.014
2152,CGEN,Healthcare,Biotechnology,NASDAQ,101.0,63,73,89,52,2.26,248757603.50435257,94584636.0,0.0179,-30.25,215784,264301,407988,-0.047
2153,LANDP,Real Estate,REIT - Specialty,NASDAQ,100.99,63,56,60,46,21.06,,,0.23,-0.57,22647,23409,23107,-0.018
2154,KMTS,Healthcare,Medical Instruments & Supplies,NASDAQ,100.96,63,72,30,65,23.86,1241017498.1406002,58373353.0,0.10609999,-20.47,392629,439836,382725,0.627
2155,POR,Utilities,Utilities - Regulated Electric,S&P 400,100.96,63,63,69,70,51.15,5800388027.707012,115730011.0,0.0638,-6.35,944141,1188673,1219282,-0.053
2156,AIRG,Technology,Communication Equipment,NASDAQ,100.94,63,81,92,49,5.67,88350183.94051552,12675780.0,0.0127,-23.27,89689,78523,89707,-0.042
2157,EMA,Utilities,Utilities - Regulated Electric,NYSE,100.92,63,57,63,63,54.46,15955743953.323364,305900000.0,12.96,0.74,436511,436497,415624,0.051
2158,FOA,Financial Services,Credit Services,NYSE,100.91,63,83,28,48,24.35,177124178.59838867,8891776.0,0.1361,-17.68,60752,68667,60790,-0.275
2159,DAN,Consumer Cyclical,Auto Parts,S&P 600,100.9,63,62,94,92,27.38,3832626085.074543,108235699.0,0.0416,-30.79,1174122,1845324,1648648,0.049
2160,KNOP,Energy,Oil & Gas Midstream,NYSE,100.9,63,60,79,86,10.2,380083275.0,34553025.0,0.0083,-13.41,48959,70919,82707,0.068
2161,ELVA,Industrials,Electrical Equipment & Parts,NASDAQ,100.89,63,92,92,98,7.99,578742420.4258347,49507480.0,3.19,-32.8,3945170,1547663,1120548,0.202
2162,RCG,Financial Services,Asset Management,NYSE ARCA,100.89,63,41,57,50,2.94,19012780.327630997,7015786.0,0.0036000002,-11.18,9030,6393,6138,-0.462
2163,HLT,Consumer Cyclical,Lodging,S&P 500,100.87,63,67,74,70,322.43,74591266403.19324,227648372.0,0.026400002,-6.47,2139338,2427072,2067235,0.11
2164,PB,Financial Services,Banks - Regional,S&P 400,100.87,63,58,53,50,73.55,6954939261.104774,100854689.0,0.0582,-4.73,904508,1382936,1173041,0.199
2165,WS,Basic Materials,Steel,S&P 600,100.86,63,63,72,88,38.13,2143519330.4481125,50806338.0,0.057600003,-22.45,228230,353656,303804,0.12
2166,AURA,Healthcare,Biotechnology,NASDAQ,100.84,63,59,70,31,7.05,772297566.5686369,103386558.0,0.0366,-26.06,344224,607808,570824,
2167,OGE,Utilities,Utilities - Regulated Electric,S&P 400,100.84,63,57,63,40,49.3,9747059086.359333,206374321.0,0.064,-1.66,1210730,1364996,1363772,0.007
2168,HEPS,Consumer Cyclical,Internet Retail,NASDAQ,100.83,63,56,49,37,2.96,1014519537.3391151,357225200.0,0.103999995,-11.11,117866,228122,274119,0.608
2169,BBDO,Financial Services,Banks - Regional,NYSE,100.81,63,50,75,88,3.29,33086329857.361988,10570712028.0,0.0001,-13.42,105243,85077,82356,0.105
2170,FHB,Financial Services,Banks - Regional,S&P 600,100.81,63,69,63,59,28.09,3282089235.8535194,121648973.0,0.1535,-0.92,2779236,2622428,2123815,0.074
2171,SIG,Consumer Cyclical,Luxury Goods,S&P 600,100.81,63,45,59,73,98.04,3465219803.5881195,39652361.0,0.2157,-11.03,771130,843993,889210,-0.003
2172,BGSF,Industrials,Staffing & Employment Services,NYSE,100.81,63,60,86,90,5.28,54876030.7734251,10717975.0,0.003,-35.77,10682,9104,10024,-0.0
2173,MEGI,Financial Services,Asset Management,NYSE,100.79,63,63,69,60,15.21,793724893.5,52047534.0,0.63,-4.28,126223,123291,128890,
2174,UBCP,Financial Services,Banks - Regional,NASDAQ,100.79,63,58,78,62,15.5,89085671.41788483,5781030.0,0.0018000001,-10.61,6240,9790,10084,0.064
2175,KSPI,Technology,Software - Infrastructure,NASDAQ,100.78,63,65,62,28,86.68,17178465136.358597,190027266.0,0.015700001,-12.62,353106,337115,414401,0.313
2176,CELC,Healthcare,Biotechnology,NASDAQ,100.78,63,97,99,99,82.46,6480064587.556641,48766288.0,0.2945,-45.4,2375917,1639519,1687945,
2177,FAST,Industrials,Industrial Distribution,S&P 500,100.76,63,54,55,65,48.1,50743150572.08124,1148035061.0,0.027999999,-5.0,8225737,8502712,7788527,0.124
2178,TFX,Healthcare,Medical Instruments & Supplies,S&P 600,100.73,63,54,55,21,134.2,5694919916.019608,44270211.0,0.08229999,-3.92,411900,436633,519166,0.323
2179,BCX,Financial Services,Asset Management,NYSE,100.72,63,50,76,85,11.69,920193723.0339813,76238090.0,0.0004,-15.66,166730,211773,201016,
2180,ZTO,Industrials,Integrated Freight & Logistics,NYSE,100.69,63,52,79,70,23.93,16938412806.883816,765751002.0,0.0269,-8.66,1575930,1443843,1568868,0.22
2181,GGT,Financial Services,Asset Management,NYSE,100.68,63,62,59,61,4.04,181453813.5996437,41809633.0,0.0019,-7.97,424019,381866,336661,0.802
2182,SARO,Industrials,Aerospace & Defense,S&P 400,100.65,63,48,25,58,30.16,9521997075.155212,332471972.0,0.0799,-12.53,3452467,3846239,3785081,0.133
2183,TRLV,Healthcare,Drug Manufacturers - Specialty & Generic,NYSE,100.64,63,92,92,76,8.33,,,,,671710,1333663,1208928,
2184,BCO,Industrials,Security & Protection Services,S&P 400,100.63,63,26,45,78,118.23,4283650394.3180237,41181028.0,0.1308,-13.3,662362,575434,502360,0.103
2185,VG,Energy,Oil & Gas Midstream,NYSE,100.62,63,25,81,28,12.17,29911670586.42926,2484358030.0,0.861,-37.59,18542050,15684060,15160334,0.589
2186,SMP,Consumer Cyclical,Auto Parts,S&P 600,100.61,63,58,61,79,40.31,872497873.436039,22263279.0,0.0403,-12.37,109140,147446,136638,0.091
2187,PTON,Consumer Cyclical,Leisure,S&P 600,100.61,63,53,24,21,6.55,2771148361.293328,432991925.0,0.1424,-28.8,6963384,8447528,11551528,0.011
2188,MMI,Real Estate,Real Estate Services,S&P 600,100.6,62,59,36,21,31.73,1068087849.2632751,37821808.0,0.066,-5.62,125656,169708,210743,0.182
2189,CRBG,Financial Services,Asset Management,S&P 400,100.6,62,49,28,34,32.31,12331794267.0,456733121.0,0.078200005,-11.65,3791479,4279999,4752673,0.021
2190,IP,Consumer Cyclical,Packaging & Containers,S&P 500,100.6,62,35,16,39,44.09,17722933766.163025,529516974.0,0.1499,-21.45,6041643,5875364,5958146,0.134
2191,BPYPP,Real Estate,Real Estate Services,NASDAQ,100.59,62,55,64,61,15.88,,,0.88,-5.08,16285,18651,16911,-0.028
2192,ACV,Financial Services,Asset Management,NYSE,100.59,62,71,67,77,26.41,292752146.893692,10396028.0,0.92,-9.06,20475,19485,21483,
2193,HTD,Financial Services,Asset Management,NYSE,100.58,62,59,63,57,25.96,908471971.3741302,35431825.0,0.0021,-0.95,57837,71672,68701,0.111
2194,LSF,Consumer Defensive,Packaged Foods,NYSE ARCA,100.57,62,90,17,7,4.25,38625261.37505436,11004348.0,0.011,-45.51,40092,65864,61156,0.15
2195,AX,Financial Services,Banks - Regional,S&P 600,100.56,62,64,68,78,99.18,4943843836.167755,56884635.0,0.0802,-2.69,342789,426686,384839,0.193
2196,EQH,Financial Services,Asset Management,S&P 400,100.56,62,42,28,28,49.39,11640826346.935501,281519390.0,0.0001,-12.75,2448424,3200184,3884440,-0.076
2197,STI,Industrials,Electrical Equipment & Parts,NASDAQ,100.55,62,92,20,46,6.12,36017431.33868599,7745684.0,0.024,-81.99,115010,392490,3563290,
2198,TDY,Technology,Scientific & Technical Instruments,S&P 500,100.53,62,64,70,75,649.67,28716190398.29773,46329138.0,0.0376,-6.3,521510,411646,375580,0.076
2199,KDP,Consumer Defensive,Beverages - Non-Alcoholic,S&P 500,100.52,62,72,45,32,31.08,40857601848.35205,1360559471.0,0.0495,-13.52,11076060,15471200,14099442,0.094
2200,GRX,Financial Services,Asset Management,NYSE,100.52,62,52,42,50,9.8,135757167.5496559,15050683.0,0.0005,-2.49,20159,23516,21911,
2201,ELS,Real Estate,REIT - Residential,S&P 400,100.52,62,53,51,50,66.02,11979522737.587566,193937553.0,0.0464,-4.32,1917362,1633840,1604378,0.012
2202,GPC,Consumer Cyclical,Auto Parts,S&P 500,100.52,62,43,24,69,129.71,13731351635.03302,139122108.0,0.0582,-14.42,2007027,2165985,1912501,0.068
2203,LYTS,Technology,Electronic Components,NASDAQ,100.5,62,83,76,63,23.97,889541532.1143951,36712404.0,0.0405,-4.08,239227,328762,429789,0.136
2204,GGZ,Financial Services,Asset Management,NYSE,100.5,62,64,71,73,16.03,121240874.80173111,7707621.0,0.0001,-4.58,7241,7570,7210,
2205,CPT,Real Estate,REIT - Residential,S&P 500,100.5,62,62,41,44,115.04,10559093667.8396,99090596.0,0.077,-3.33,956339,1033619,1112825,-0.005
2206,ASTE,Industrials,Farm & Heavy Construction Machinery,S&P 600,100.48,62,76,87,80,54.89,1157908860.8335876,22992630.0,0.0269,-16.44,155493,190344,189198,0.203
2207,SPXX,Financial Services,Asset Management,NYSE,100.48,62,61,53,54,18.45,331307729.83600616,17976545.0,0.0031,-0.0,336240,302663,288038,-0.082
2208,GRAL,Healthcare,Diagnostics & Research,NASDAQ,100.47,62,77,38,97,64.42,3076261399.337105,42916593.0,0.1694,-45.79,486675,569311,685363,0.281
2209,DCTH,Healthcare,Medical Devices,NASDAQ,100.45,62,75,40,29,11.55,372143345.44172573,34521647.0,0.1082,-33.44,348145,437081,480213,0.263
2210,GENI,Communication Services,Internet Content & Information,NYSE,100.44,62,30,5,19,7.3,1566606323.7136016,267338957.0,0.091000006,-46.83,5977307,5893875,6364773,0.305
2211,ABG,Consumer Cyclical,Auto & Truck Dealerships,S&P 600,100.43,62,28,28,35,240.99,3494935073.0041504,18618800.0,0.107,-12.21,275663,261207,249972,-0.009
2212,AUDC,Technology,Communication Equipment,NASDAQ,100.43,62,53,56,21,9.77,250463565.64391327,25453614.0,0.0034999999,-15.04,81576,100778,110895,0.029
2213,RGCO,Utilities,Utilities - Regulated Gas,NASDAQ,100.41,62,54,61,61,22.98,239884937.8599701,10407156.0,0.0082,-6.2,17810,16693,13940,0.247
2214,UPS,Industrials,Integrated Freight & Logistics,S&P 500,100.4,62,67,67,72,105.53,90687171981.72064,850006279.0,0.0318,-13.79,6056660,5210640,5351726,-0.016
2215,VRDN,Healthcare,Biotechnology,NASDAQ,100.4,62,33,11,92,19.51,1945735849.5145988,110427682.0,0.134,-43.1,1790780,2302103,2050484,0.958
2216,VOC,Energy,Oil & Gas E&P,NYSE,100.4,62,39,74,38,3.41,49130001.78337097,17000000.0,0.0015,-11.2,166580,98306,85390,-0.165
2217,FLG,Financial Services,Banks - Regional,S&P 400,100.39,62,72,67,72,13.98,5860420790.222586,416815122.0,0.0002,-6.3,5053697,5346389,4861043,0.212
2218,CRT,Energy,Oil & Gas E&P,NYSE,100.38,62,38,77,40,9.97,63179998.39782715,6000000.0,0.0043,-10.18,15613,21487,20400,-0.619
2219,CUBI,Financial Services,Banks - Regional,S&P 600,100.37,62,67,68,78,79.59,2541617091.6748047,33825088.0,0.0999,-3.6,313171,339527,325628,0.764
2220,BBT,Financial Services,Banks - Regional,S&P 600,100.37,62,67,65,67,29.95,2438209954.52932,83816086.0,0.047199998,-8.77,729167,899239,800563,1.418
2221,BALY,Consumer Cyclical,Resorts & Casinos,NYSE,100.37,62,70,39,55,14.7,694093928.0379868,48948795.0,0.0798,-29.12,46359,66976,61385,0.283
2222,ALH,Consumer Cyclical,"Furnishings, Fixtures & Appliances",NYSE,100.37,62,69,55,27,26.89,5014868463.0,198608652.0,0.0725,-2.15,556692,628117,606238,0.096
2223,JOUT,Consumer Cyclical,Leisure,NASDAQ,100.34,62,65,88,87,47.7,468847196.3385773,10474692.0,0.1342,-10.91,37130,61083,64320,0.155
2224,LNT,Utilities,Utilities - Regulated Electric,S&P 500,100.31,62,66,67,54,73.79,18495218777.209793,258277037.0,0.0986,-2.6,2405697,2452812,2444111,0.05
2225,BYD,Consumer Cyclical,Resorts & Casinos,S&P 400,100.3,62,56,60,55,91.26,6145617320.763763,74330156.0,0.0594,1.45,1212059,983696,1033357,0.006
2226,NOVT,Technology,Scientific & Technical Instruments,S&P 400,100.28,62,81,45,52,141.62,5674037400.3472595,35611858.0,0.1397,-14.46,375624,538291,516876,0.104
2227,VRTS,Financial Services,Asset Management,S&P 600,100.28,62,31,29,29,171.05,955743901.5031128,6682122.0,0.0805,-20.46,120890,132023,124800,-0.084
2228,BCML,Financial Services,Banks - Regional,NASDAQ,100.28,62,62,61,63,30.75,336006955.27685165,10909317.0,0.0104,-7.24,47647,82689,77201,0.158
2229,RGEN,Healthcare,Medical Instruments & Supplies,S&P 400,100.27,62,56,25,53,145.34,6991739200.857239,56407740.0,0.1013,-17.31,1639268,1224982,1193513,0.148
2230,AGPU,Technology,Software - Infrastructure,NASDAQ,100.27,62,97,64,2,7.33,72520345.58701944,10404641.0,0.031400003,-77.17,992066,495258,449153,-0.013
2231,SEDG,Technology,Solar,S&P 600,100.24,62,91,93,89,40.07,4643469629.898788,60818202.0,0.1967,-50.68,2264383,2423571,3289968,0.415
2232,GNL,Real Estate,REIT - Diversified,S&P 600,100.24,62,58,76,82,8.82,1985797671.6163702,211931451.0,0.0001,-12.11,2214611,2800660,2563724,-0.175
2233,NE,Energy,Oil & Gas Drilling,S&P 600,100.22,62,65,93,83,39.2,7415695404.085663,159545944.0,0.076,-28.7,1771564,1853581,1582282,-0.108
2234,FTW,Energy,Oil & Gas E&P,NYSE,100.22,62,61,48,46,11.35,331271761.9818878,27652068.0,6.07,-34.01,99248,99226,109121,
2235,MXE,Financial Services,Asset Management,NYSE,100.2,62,57,68,82,13.3,60634878.84501743,4400209.0,2.49,-6.99,3552,2717,2898,0.285
2236,EFC,Real Estate,REIT - Mortgage,S&P 600,100.18,62,63,60,48,13.55,1701591439.4129028,125393624.0,0.0573,-4.04,1092511,1348010,1236828,0.765
2237,EHLD,Industrials,Marine Shipping,NASDAQ,100.18,62,60,81,26,7.91,24448219.059562683,2816615.0,0.0045,-35.9,1139,2803,8571,1.66
2238,RMBI,Financial Services,Banks - Regional,NASDAQ,100.18,62,68,69,53,15.47,142003528.11686325,9779857.0,0.020599999,-3.52,52333,65207,59512,0.127
2239,ATLCP,Financial Services,Credit Services,NASDAQ,100.15,62,59,54,58,24.44,,,0.88,-2.24,3436,3975,5129,0.608
2240,STRRP,Industrials,Conglomerates,NASDAQ,100.14,62,52,64,57,10.07,,,0.75,-7.78,1190,1143,4158,0.571
2241,RBA,Industrials,Specialty Business Services,S&P 400,100.1,62,61,37,67,116.59,19813004715.72876,186300000.0,0.0789,-2.5,908147,1142232,1072717,0.114
2242,AVGO,Technology,Semiconductors,S&P 500,100.09,62,71,85,70,380.91,2115307652549.0618,4734668184.0,0.0115,-15.15,18192030,24875333,27541344,0.295
2243,FRSH,Technology,Software - Application,NASDAQ,100.08,62,34,14,17,11.18,2684175772.1151266,276434167.0,0.0922,-30.34,15092782,23393417,18842138,0.165
2244,GDRX,Healthcare,Health Information Services,NASDAQ,100.07,62,51,18,9,3.12,988932114.9988804,338675373.0,0.1166,-46.3,960240,1064786,1273022,-0.044
2245,FSBW,Financial Services,Banks - Regional,NASDAQ,100.05,62,56,50,61,43.65,301845998.03178406,7414542.0,0.026600001,-1.29,23081,22630,18520,0.026
2246,DXCM,Healthcare,Medical Devices,S&P 500,100.04,61,45,22,41,74.85,28454272499.66639,385872977.0,0.052399997,-16.81,4199796,4588678,5626077,0.15
2247,MBINL,Financial Services,Banks - Regional,NASDAQ,100.04,61,56,54,56,24.92,,,0.49,-1.66,9131,17897,18692,0.158
2248,OMF,Financial Services,Credit Services,NYSE,100.02,61,62,56,70,62.24,6390017113.777618,115530952.0,0.0372,-13.47,970212,1115417,1084440,0.091
2249,SF,Financial Services,Capital Markets,S&P 400,100.02,61,28,57,65,84.64,10761134329.422523,153401769.0,0.0001,-5.77,1279192,1398270,1364852,0.143
2250,LIFE,Financial Services,Insurance Brokers,NASDAQ,100.02,61,81,59,19,18.8,1190591527.769596,62994262.0,0.0515,-42.15,427126,465378,487311,1.035
2251,DGXX,Utilities,Utilities - Independent Power Producers,NASDAQ,100.02,61,96,83,31,3.67,706212660.9958882,90424157.0,0.09,-60.11,4697993,5090201,7593610,-0.268
2252,ETO,Financial Services,Asset Management,NYSE,100.01,61,67,62,68,30.14,507540622.60715866,16388138.0,0.28,-3.24,24462,32194,35852,0.234
2253,EXG,Financial Services,Asset Management,NYSE,99.99,61,64,59,66,9.58,2924748536.9358654,305936026.0,0.63,-2.04,334302,408707,429814,
2254,WF,Financial Services,Banks - Regional,NYSE,99.97,61,37,83,88,65.69,14758826476.25542,242584261.0,0.0007,-22.45,150000,198673,192002,0.059
2255,LMAT,Healthcare,Medical Instruments & Supplies,S&P 600,99.97,61,50,78,43,102.3,2162822481.2174606,22850739.0,0.0635,-13.31,262498,335586,323805,0.112
2256,FFIN,Financial Services,Banks - Regional,S&P 400,99.94,61,57,43,42,35.21,4682453516.126175,143281930.0,0.0765,-9.11,860594,1037688,952324,0.131
2257,SKY,Consumer Cyclical,Residential Construction,S&P 600,99.93,61,69,52,46,83.49,4041834319.249527,54893854.0,0.067,-15.81,563830,751806,797560,0.046
2258,DVN,Energy,Oil & Gas E&P,S&P 500,99.93,61,51,87,78,42.66,51314906166.378815,1153403107.0,0.024,-19.07,10201778,13286019,13719411,-0.008
2259,FE,Utilities,Utilities - Regulated Electric,S&P 500,99.92,61,53,57,59,49.65,26833421855.20363,578431175.0,0.0519,-5.14,3982237,4140742,4361099,0.116
2260,ED,Utilities,Utilities - Regulated Electric,S&P 500,99.92,61,56,58,58,111.98,38927791726.952934,368529705.0,0.036,-3.66,2084838,2302116,2425067,0.062
2261,ETG,Financial Services,Asset Management,NYSE,99.91,61,66,61,70,22.89,1780590107.8171005,76321908.0,0.06,-3.3,68730,85120,101802,0.442
2262,ABEO,Healthcare,Biotechnology,NASDAQ,99.9,61,63,38,34,6.02,329431944.2780571,56995144.0,0.2725,-20.16,1107824,1427994,1226096,
2263,PTHS,Healthcare,Biotechnology,NYSE ARCA,99.9,61,78,76,60,27.77,92000320.76346397,3475645.0,0.018099999,-48.85,78633,46744,34744,
2264,CHCI,Real Estate,Real Estate Services,NASDAQ,99.9,61,65,83,35,15.26,156350632.37184906,10259228.0,0.006,-22.62,32060,40563,30198,0.415
2265,MNSB,Financial Services,Banks - Regional,NASDAQ,99.88,61,67,70,74,23.46,162909247.26609802,7117049.0,0.0255,-6.79,37025,46828,43983,0.037
2266,DLR,Real Estate,REIT - Specialty,S&P 500,99.88,61,62,75,38,193.18,66767153300.0,351406070.0,0.0,-7.19,3440528,3831529,3148917,0.167
2267,GMED,Healthcare,Medical Devices,S&P 400,99.86,61,66,79,81,80.58,11114769604.04625,135744626.0,0.030299999,-20.53,1482178,1865692,1829593,0.27
2268,EMR,Industrials,Specialty Industrial Machinery,S&P 500,99.84,61,59,54,69,151.81,80553586102.29492,560100000.0,0.0241,-8.08,2666075,2773595,2728867,0.029
2269,HRMY,Healthcare,Biotechnology,S&P 600,99.82,61,67,33,67,35.77,1828829643.6737213,57892676.0,0.153,-12.48,992859,864059,833811,0.166
2270,MSEX,Utilities,Utilities - Regulated Water,S&P 600,99.8,61,53,32,39,57.86,978335979.6352234,18624329.0,0.0548,-6.95,143110,205693,170084,0.1
2271,FLS,Industrials,Specialty Industrial Machinery,S&P 400,99.8,61,67,71,81,73.43,9650708428.735252,127807021.0,0.060599998,-20.54,1803245,1966841,1983881,-0.067
2272,TBLD,Financial Services,Asset Management,NASDAQ,99.8,61,62,65,66,21.78,727937942.403574,32081883.0,0.26,-5.39,48560,48120,49870,
2273,ORIC,Healthcare,Biotechnology,NASDAQ,99.79,61,32,58,67,11.91,874723379.155592,103517562.0,0.2142,-20.23,1642559,1691589,1704651,
2274,ATHM,Communication Services,Internet Content & Information,NYSE,99.79,61,25,18,20,23.01,2010884000.6178818,115170911.0,0.0232,-23.09,772502,837147,809726,-0.18
2275,UPBD,Technology,Software - Application,S&P 600,99.76,61,55,47,29,21.59,1119822423.0904999,58293726.0,0.1066,-22.98,932050,1048546,941066,0.037
2276,JL,Consumer Cyclical,Apparel Manufacturing,NASDAQ,99.75,61,22,90,21,5.95,24375822.551748753,3761701.0,0.0062,-27.62,11402,41780,46932,0.193
2277,LGI,Financial Services,Asset Management,NYSE,99.71,61,65,59,68,18.01,238787490.66404343,13012942.0,0.0043,-9.41,31323,33224,34016,0.112
2278,IBIO,Healthcare,Biotechnology,NASDAQ,99.71,61,86,82,93,1.39,94389264.71557081,49678561.0,0.069,-63.61,794309,1016319,917347,
2279,GRMN,Technology,Scientific & Technical Instruments,S&P 500,99.7,61,52,76,34,253.65,45112923354.38974,192856206.0,0.0241,-7.2,992606,949348,857983,0.142
2280,GAM,Financial Services,Asset Management,NYSE,99.7,61,62,71,69,64.38,1531305058.380066,23986608.0,0.0004,-2.72,22234,27354,29040,-0.221
2281,IIM,Financial Services,Asset Management,NYSE,99.69,61,58,51,54,12.52,587622762.7661247,47085159.0,0.0016,-4.94,93334,95958,100126,0.018
2282,CSQ,Financial Services,Asset Management,NASDAQ,99.69,61,66,62,60,19.92,3314840367.685232,160369635.0,0.0001,-4.0,239393,210281,218992,-0.022
2283,PVH,Consumer Cyclical,Apparel Manufacturing,S&P 400,99.68,61,48,81,22,86.92,4297787047.917267,46074047.0,0.1232,-13.21,818896,968992,1117489,0.056
2284,GVA,Industrials,Engineering & Construction,S&P 600,99.68,61,85,82,81,121.31,5986298130.954803,43746699.0,0.1521,-16.34,821582,938224,893450,0.304
2285,DB,Financial Services,Banks - Regional,NYSE,99.65,61,56,31,85,35.36,61795184144.67198,1913163641.0,0.0019,-12.54,1831527,2300275,2664101,0.012
2286,EXR,Real Estate,REIT - Industrial,S&P 500,99.64,61,61,53,42,152.21,30487065158.38623,211260936.0,0.0301,-1.92,1316870,1233823,1166454,0.038
2287,AJG,Financial Services,Insurance Brokers,S&P 500,99.64,61,26,18,28,265.31,51673605776.82495,256942000.0,0.021300001,-24.46,1276372,1710710,1727302,0.346
2288,AAP,Consumer Cyclical,Auto Parts,S&P 600,99.63,61,74,80,65,58.7,3634231591.1805725,60329208.0,0.3039,-16.14,1749838,1740166,2078975,0.012
2289,LECO,Industrials,Tools & Accessories,S&P 400,99.63,61,61,67,77,267.25,14161919528.869629,54787110.0,0.0227,-13.79,336466,374762,348977,0.117
2290,EQR,Real Estate,REIT - Residential,S&P 500,99.63,61,60,55,37,68.09,24524908681.269287,374712144.0,0.0342,-3.02,3109832,3070914,3090932,0.025
2291,SATA,Financial Services,Asset Management,NASDAQ,99.61,61,48,67,55,95.4,,,1.03,-5.87,152390,401656,499832,0.882
2292,SBCF,Financial Services,Banks - Regional,S&P 600,99.61,61,60,58,74,33.65,2947549607.3846207,97246772.0,0.0591,-5.34,1032215,1173088,972601,0.241
2293,GRWG,Consumer Cyclical,Specialty Retail,NASDAQ,99.6,61,70,56,40,1.47,106961809.18078542,60090905.0,0.026099999,-38.75,233311,284300,340180,0.075
2294,CBFV,Financial Services,Banks - Regional,NASDAQ,99.54,61,62,60,73,37.25,181802379.014019,5072611.0,0.020299999,-1.32,6127,8115,6881,0.202
2295,LIN,Basic Materials,Specialty Chemicals,S&P 500,99.52,61,55,63,54,511.18,230105633842.6776,462347310.0,0.0153,-1.94,1846539,2239729,2289801,0.082
2296,WDFC,Basic Materials,Specialty Chemicals,S&P 600,99.52,61,68,36,62,229.34,2690676754.3650513,13455402.0,0.054899998,-9.44,130210,195756,177978,0.107
2297,LNG,Energy,Oil & Gas Midstream,NYSE,99.52,61,38,77,33,252.18,47119833166.38031,209551868.0,0.019,-16.19,1855605,2189961,2159189,0.242
2298,LOAR,Industrials,Aerospace & Defense,NYSE,99.5,61,68,17,24,71.6,6036906204.371132,93624471.0,0.1649,-21.48,597247,776272,726349,0.361
2299,PLTK,Communication Services,Electronic Gaming & Multimedia,NASDAQ,99.49,61,65,31,20,3.98,1434030877.394836,380379545.0,0.0947,-21.19,1457102,1603160,1540690,0.055
2300,USAC,Energy,Oil & Gas Equipment & Services,NYSE,99.47,61,54,71,62,25.89,3991089142.814619,144972359.0,0.036199998,-15.25,185760,257053,236392,0.351
2301,TPL,Energy,Oil & Gas E&P,S&P 500,99.47,61,64,79,33,389.42,27106950597.0,68974429.0,0.0887,-28.83,254870,378103,400782,0.208
2302,GILD,Healthcare,Drug Manufacturers - General,S&P 500,99.45,61,47,58,80,134.32,166904229068.29065,1241569874.0,0.0187,-14.6,6025705,7636558,7782911,0.044
2303,EEA,Financial Services,Asset Management,NYSE,99.41,61,59,49,61,10.9,73188425.55763245,6820916.0,0.0004,-4.64,21954,32801,40810,0.491
2304,BPYPN,Real Estate,Real Estate Services,NASDAQ,99.41,61,56,61,56,13.89,,,0.86,-6.65,9807,15335,16325,-0.028
2305,KMB,Consumer Defensive,Household & Personal Products,S&P 500,99.41,61,49,28,26,113.09,32395977093.52112,331926000.0,0.1455,-21.25,2957750,4380590,4426610,0.027
2306,BPYPO,Real Estate,Real Estate Services,NASDAQ,99.39,60,55,61,59,15.3,,,0.17,-5.89,11976,16062,13333,-0.028
2307,DGICA,Financial Services,Insurance - Property & Casualty,NASDAQ,99.38,60,46,32,59,19.2,628731737.4700565,37049603.0,0.0355,-8.83,88250,149753,137706,-0.037
2308,LOMA,Basic Materials,Building Materials,NYSE,99.38,60,60,37,38,11.44,1400359560.0,116696630.0,0.027,-13.33,306541,378850,429920,0.011
2309,PDX,Financial Services,Asset Management,NYSE,99.38,60,45,62,48,21.01,968352465.1982613,44706947.0,0.62,-16.92,85312,85847,85672,
2310,FTAIM,Industrials,Aerospace & Defense,NASDAQ,99.37,60,53,55,55,27.51,,,2.24,0.07,2955,7881,6457,0.655
2311,AVA,Utilities,Utilities - Diversified,S&P 600,99.35,60,55,54,62,41.86,3427015792.9769897,82638430.0,0.048499998,-3.77,466694,725424,757698,-0.076
2312,GERN,Healthcare,Biotechnology,NASDAQ,99.34,60,29,71,55,1.45,801901217.5,641520974.0,0.1094,-27.86,5530429,11147316,11324019,0.309
2313,ANIX,Healthcare,Biotechnology,NASDAQ,99.34,60,34,34,30,3.52,90525218.19873285,33527858.0,0.031,-35.53,362026,326565,241015,
2314,WTM,Financial Services,Insurance - Property & Casualty,NYSE,99.33,60,51,70,60,2202.61,5113877918.703613,2476670.0,0.0366,-5.59,15490,17990,20356,-0.108
2315,CARS,Communication Services,Internet Content & Information,NYSE,99.32,60,57,34,28,12.61,574683102.6322813,55903027.0,0.14130001,-9.74,670798,726132,769143,0.007
2316,RMI,Financial Services,Asset Management,NYSE,99.32,60,57,60,53,15.18,98422879.48513699,6374539.0,3.6,-7.21,10777,12482,11951,
2317,HBIO,Healthcare,Medical Instruments & Supplies,NASDAQ,99.31,60,73,85,31,5.92,26519870.67614937,4510182.0,0.0273,-37.02,11432,14570,19638,-0.047
2318,JCE,Financial Services,Asset Management,NYSE,99.3,60,58,60,56,16.36,282584522.62921524,17002678.0,0.0004,-1.92,33268,42346,42697,
2319,PGZ,Financial Services,Asset Management,NYSE,99.3,60,56,55,50,10.29,65803100.78927994,6694110.0,0.0013,-3.29,20467,20022,21649,
2320,TTWO,Communication Services,Electronic Gaming & Multimedia,S&P 500,99.3,60,57,32,32,247.62,41619039858.01163,185666663.0,0.0397,-6.48,1617120,2543726,2639554,0.061
2321,RVLV,Consumer Cyclical,Internet Retail,NYSE,99.28,60,44,59,73,26.83,1402488670.0962734,71555543.0,0.113000005,-15.31,695502,790600,918484,0.156
2322,ARCO,Consumer Cyclical,Restaurants,NYSE,99.27,60,55,73,69,8.42,1832768555.7192106,210663057.0,0.0278,-13.64,975422,1275734,1394220,0.129
2323,NEWTP,Financial Services,Banks - Regional,NASDAQ,99.25,60,55,53,46,24.88,,,0.69,0.12,4122,4130,3960,0.107
2324,AEE,Utilities,Utilities - Regulated Electric,S&P 500,99.23,60,61,65,52,112.51,29880872317.351562,276751616.0,0.0403,-2.66,1289560,1734086,1757908,0.037
2325,KPTI,Healthcare,Biotechnology,NASDAQ,99.22,60,93,86,59,7.09,206232789.94522667,22662943.0,0.234,-35.49,733177,606565,536869,0.168
2326,FFA,Financial Services,Asset Management,NYSE,99.21,60,58,61,60,22.45,462324412.40533066,19988086.0,0.0007,-2.94,19023,26827,27902,-0.051
2327,GGRP,Technology,Software - Infrastructure,NASDAQ,99.21,60,43,6,11,0.89,18053411.956484795,21698812.0,0.0543,-51.89,170361,144897,240424,-0.538
2328,VPV,Financial Services,Asset Management,NYSE,99.19,60,63,62,57,10.82,197666074.97945595,17872158.0,0.0046,-4.33,18440,28133,29422,-0.105
2329,BEP,Utilities,Utilities - Renewable,NYSE,99.18,60,74,73,70,31.99,11248505588.12624,303275965.0,0.0054,-15.06,1261591,911263,917736,-0.042
2330,QQQX,Financial Services,Asset Management,NASDAQ,99.17,60,64,69,57,29.26,1550250360.25,48826783.0,0.0016,-8.19,140510,134396,116550,
2331,CARL,Healthcare,Health Information Services,NASDAQ,99.15,60,32,14,30,12.31,310451936.9340458,27184933.0,0.0642,-28.39,94520,150880,173598,0.582
2332,RFM,Financial Services,Asset Management,NYSE,99.15,60,57,54,51,14.62,88877149.03197098,6114699.0,2.24,-1.88,7244,11008,10432,
2333,IEP,Energy,Oil & Gas Refining & Marketing,NASDAQ,99.15,60,50,65,40,7.83,5000056152.775042,672050553.0,0.1175,-19.69,562056,694878,825453,0.198
2334,RFIL,Industrials,Electrical Equipment & Parts,NASDAQ,99.12,60,97,95,91,11.27,191304389.00544167,10814267.0,0.0188,-42.99,272989,387876,320727,-0.012
2335,DRI,Consumer Cyclical,Restaurants,S&P 500,99.11,60,52,51,58,206.98,23354832881.16971,114535003.0,0.0641,-9.33,1358161,1591337,1367174,0.059
2336,AIG,Financial Services,Insurance - Diversified,S&P 500,99.1,60,32,37,34,80.83,39357209564.697075,530206221.0,0.0184,-7.58,3550262,4072467,3938414,0.014
2337,CHD,Consumer Defensive,Household & Personal Products,S&P 500,99.08,60,54,53,56,99.93,22658916008.47496,236943602.0,0.0505,-5.76,1528432,1861574,1872602,0.002
2338,ALK,Industrials,Airlines,S&P 400,99.07,60,71,22,62,48.61,5127961618.568138,111428978.0,0.1262,-26.21,3575340,3357183,3382650,0.052
2339,INVH,Real Estate,REIT - Residential,S&P 500,99.07,60,62,46,26,30.05,17375727213.0,594041956.0,0.039100002,-12.26,3587023,5148291,5280968,0.092
2340,HMC,Consumer Cyclical,Auto Manufacturers,NYSE,99.05,60,36,21,47,30.28,35020248412.879684,1297526814.0,0.0026,-13.21,1049308,1573459,1832121,0.086
2341,RIG,Energy,Oil & Gas Drilling,NYSE,99.05,60,74,95,89,4.99,6850846369.849333,1106760308.0,0.2189,-34.86,40777580,39792400,36213490,0.193
2342,NIE,Financial Services,Asset Management,NYSE,99.05,60,66,64,60,25.77,746202435.906105,27708965.0,0.0005,-4.63,51233,60724,67742,
2343,LMND,Financial Services,Insurance - Property & Casualty,NYSE,99.04,60,60,65,94,62.11,4455605762.0,76820789.0,0.1591,-37.83,1163805,1366215,1427233,0.706
2344,VKI,Financial Services,Asset Management,NYSE ARCA,99.04,60,64,54,55,8.96,400154761.08516693,44412292.0,0.0011,-6.67,70830,89753,94012,0.002
2345,MAZE,Healthcare,Biotechnology,NASDAQ,99.04,60,72,82,98,27.88,1464435555.3899002,55345261.0,0.0804,-48.03,369784,699954,613180,
2346,ONC,Healthcare,Biotechnology,NASDAQ,99.03,60,40,35,75,330.46,29872051791.783783,103751217.0,0.0147,-14.22,452158,361009,324607,0.355
2347,JEF,Financial Services,Capital Markets,S&P 400,99.02,60,34,28,51,57.23,10777671474.591156,204432307.0,0.025799999,-19.44,1765804,2401024,2119672,0.266
2348,BOE,Financial Services,Asset Management,NYSE,99.02,60,60,58,60,11.98,671649505.7580471,55600125.0,0.0011,-1.64,79634,88718,100602,-0.018
2349,SHLS,Technology,Solar,NASDAQ,99.02,60,84,74,93,8.54,2088759089.6500654,167771817.0,0.113299996,-35.2,5801320,5698386,5699836,0.749
2350,IGR,Financial Services,Asset Management,NYSE,99.01,60,56,56,49,4.75,705523156.7382202,151399824.0,2.29,-11.55,429290,477546,514592,-0.153
2351,ZBH,Healthcare,Medical Devices,S&P 500,99.0,60,38,28,27,95.75,15927766497.300385,193462482.0,0.0622,-11.58,2147540,2311246,2264234,0.093
2352,KRP,Energy,Oil & Gas E&P,NYSE,98.99,60,59,75,52,14.49,1480770565.2597122,98652268.0,0.0226,-7.41,590658,614286,715819,-0.067
2353,VATE,Industrials,Engineering & Construction,NYSE,98.97,60,98,96,31,7.78,207765612.93524933,13641866.0,0.0448,-53.44,94960,123906,102448,0.33
2354,TY,Financial Services,Asset Management,NYSE,98.97,60,61,56,49,34.99,1876476821.25,53233385.0,0.02,-1.44,28380,37656,34360,-0.031
2355,FRMEP,Financial Services,Banks - Regional,NASDAQ,98.95,60,46,50,51,26.6,,,1.1,-1.81,666,1005,967,-0.025
2356,CAMP,Healthcare,Biotechnology,NASDAQ,98.94,60,86,91,81,3.42,227954255.06715775,51925800.0,0.0092,-55.87,204110,312946,215468,0.508
2357,SMA,Real Estate,REIT - Industrial,NYSE,98.94,60,47,36,32,35.39,1730165468.75,55365295.0,0.073,-11.01,936580,744540,720610,0.131
2358,SBSI,Financial Services,Banks - Regional,S&P 600,98.91,60,67,65,69,32.73,974666002.4227409,29751711.0,0.0295,-5.21,178782,160184,129638,0.088
2359,FMS,Healthcare,Medical Care Facilities,NYSE,98.91,60,33,31,30,24.75,11585877974.281158,537129260.0,1.44,-14.86,606384,599828,690618,-0.055
2360,RAVE,Consumer Cyclical,Restaurants,NASDAQ,98.9,60,68,34,79,3.09,43203163.13787174,14211567.0,0.0021,-17.6,22754,42098,64756,0.087
2361,AFRM,Financial Services,Credit Services,NASDAQ,98.9,60,84,53,33,72.4,24665279823.264656,334898565.0,0.0647,-27.6,3730707,4189952,4367991,0.326
2362,JBTM,Industrials,Specialty Industrial Machinery,S&P 600,98.85,60,54,28,80,145.75,6997393222.90033,52067812.0,0.047199998,-14.36,428211,568517,508714,0.096
2363,WWW,Consumer Cyclical,Footwear & Accessories,S&P 600,98.85,60,27,34,27,20.87,1438916381.9969444,81989541.0,0.1129,-36.37,728170,881416,1012082,0.11
2364,NOMD,Consumer Defensive,Packaged Foods,NYSE,98.84,59,33,15,27,12.19,1417482501.653489,139791169.0,0.0148,-33.5,1386705,1410481,1363203,-0.059
2365,STRR,Industrials,Conglomerates,NASDAQ,98.84,59,54,35,33,10.79,42903340.33746147,3692198.0,0.0019,-10.01,3210,4793,7176,0.571
2366,CAPL,Energy,Oil & Gas Refining & Marketing,NYSE,98.82,59,62,44,59,21.99,824896668.2403889,38154331.0,0.0025,-5.78,28494,30084,38644,-0.02
2367,ETW,Financial Services,Asset Management,NYSE,98.81,59,62,62,63,9.38,1038194879.7294445,108597786.0,0.23,-2.29,203468,233449,245717,0.046
2368,OSK,Industrials,Farm & Heavy Construction Machinery,S&P 400,98.79,59,69,80,84,152.5,8105670170.0,62351309.0,0.0585,-15.51,1051314,809288,794972,0.002
2369,HLN,Healthcare,Drug Manufacturers - Specialty & Generic,NYSE,98.79,59,32,34,59,10.27,40118101834.382195,4428046355.0,0.0034,-10.07,11539165,9997495,9463045,0.006
2370,STEW,Financial Services,Asset Management,NYSE,98.77,59,48,51,56,18.58,1675188935.9369278,96441500.0,0.00059999997,-0.48,65570,79126,80182,-0.116
2371,VKQ,Financial Services,Asset Management,NYSE,98.76,59,57,54,54,9.78,542288057.5544119,55335515.0,0.0047,-2.1,154690,199316,200564,0.027
2372,QRVO,Technology,Semiconductors,S&P 600,98.76,59,61,69,32,91.76,9114695761.002869,88013673.0,0.0998,-16.19,1129659,1255399,1277911,-0.07
2373,RDWR,Technology,Software - Infrastructure,NASDAQ,98.75,59,62,58,42,28.21,1276782753.0212784,42082490.0,0.025899999,-10.64,301459,261936,231413,0.107
2374,BKHAU,Financial Services,Shell Companies,NASDAQ,98.74,59,50,48,61,12.3,,,0.0,-8.21,511,2116,1509,
2375,CASH,Financial Services,Banks - Regional,S&P 600,98.74,59,53,59,74,88.64,1736089151.0641022,21110034.0,0.127,-12.46,265588,245379,226047,-0.037
2376,IDE,Financial Services,Asset Management,NYSE,98.73,59,68,72,74,13.16,212643165.55282593,15156320.0,0.0021,-7.97,28522,34810,35440,
2377,FBIN,Industrials,Building Products & Equipment,S&P 400,98.73,59,63,19,48,51.09,4645285494.155422,119293417.0,0.1034,-21.21,1924053,2613931,2618288,-0.021
2378,TONX,Technology,Software - Application,NASDAQ,98.72,59,20,8,5,3.27,224991856.73823595,56530617.0,0.0656,-89.02,252780,435436,404748,3.025
2379,BCV,Financial Services,Asset Management,NYSE ARCA,98.72,59,75,70,72,23.73,153886853.10686493,5822431.0,0.0002,-10.55,15172,12804,15724,-0.067
2380,CBIO,Healthcare,Biotechnology,NASDAQ,98.71,59,73,93,12,16.44,569420125.731039,27574825.0,0.2403,-40.02,584553,434841,363096,
2381,EGY,Energy,Oil & Gas E&P,NYSE,98.7,59,60,91,86,5.05,558603421.4279566,107012154.0,0.045700002,-24.85,1101930,1463220,1310278,-0.433
2382,SCOR,Technology,Software - Application,NASDAQ,98.69,59,61,61,83,7.67,121051448.8293457,15093696.0,0.0034999999,-24.66,9932,29797,32386,-0.005
2383,MIY,Financial Services,Asset Management,NYSE,98.69,59,57,57,62,12.11,350183831.9196701,28964750.0,0.0021,-6.12,65686,61555,58353,0.039
2384,ARLP,Energy,Thermal Coal,NASDAQ,98.65,59,34,64,41,25.91,3197171253.9294376,128658801.0,0.0156,-12.02,230716,270805,280411,-0.045
2385,HCC,Basic Materials,Coking Coal,S&P 600,98.65,59,63,84,90,79.0,4991897724.901642,52801964.0,0.1117,-25.01,654754,724164,802748,0.54
2386,TLNCU,Financial Services,Shell Companies,NASDAQ,98.64,59,46,46,45,11.0,,,2.47,-0.36,0,263,412,
2387,AVNT,Basic Materials,Specialty Chemicals,S&P 400,98.63,59,58,63,59,37.14,3248373947.213669,91710167.0,0.0277,-17.19,652215,942865,873501,0.025
2388,MDB,Technology,Software - Infrastructure,NASDAQ,98.62,59,75,31,81,310.62,27011751871.03479,80499934.0,0.0497,-30.15,1149529,1483273,2076007,0.252
2389,JLL,Real Estate,Real Estate Services,S&P 400,98.59,59,49,58,71,343.08,13097370044.984436,46393575.0,0.0174,-5.5,373395,396191,389603,0.111
2390,NOEMU,Financial Services,Shell Companies,NASDAQ,98.58,59,46,59,51,12.12,,,0.0,2.36,120,49,101,
2391,BUI,Financial Services,Asset Management,NYSE,98.57,59,67,62,69,27.54,683197394.3073578,24522519.0,0.0028,-10.58,54001,69073,69484,
2392,PDS,Energy,Oil & Gas Drilling,NYSE,98.54,59,59,89,88,78.27,1156946965.1467667,12941241.0,3.07,-24.6,80695,89495,95751,0.06
2393,PMM,Financial Services,Asset Management,NYSE,98.53,59,58,53,54,6.33,268565398.3730178,42833397.0,0.0022,-2.91,74456,85645,90909,-0.002
2394,UL,Consumer Defensive,Household & Personal Products,NYSE,98.53,59,33,27,49,66.87,122239055951.44916,2165439403.0,0.83,-10.82,4734490,4107623,4183830,
2395,UG,Consumer Defensive,Household & Personal Products,NASDAQ,98.52,59,48,39,30,7.33,31838629.881332874,4594319.0,0.003,-25.81,15290,8346,7030,0.158
2396,NBHC,Financial Services,Banks - Regional,S&P 600,98.5,59,66,67,62,42.63,1873600166.2744446,44790822.0,0.056999996,-2.8,537731,479260,415540,0.337
2397,MNTK,Basic Materials,Specialty Chemicals,NASDAQ,98.49,59,35,18,19,1.82,247673583.21747088,142341139.0,0.023599999,-34.53,240788,205486,197813,0.09
2398,WM,Industrials,Waste Management,S&P 500,98.48,59,43,52,50,239.41,84917211214.04626,401575752.0,0.0168,-3.51,1680600,2134193,2183918,0.035
2399,SCD,Financial Services,Asset Management,NYSE,98.48,59,57,55,54,15.41,354819154.88715553,22906337.0,0.08,-8.76,144338,87462,72025,0.334
2400,INVA,Healthcare,Biotechnology,S&P 600,98.48,59,59,74,64,21.81,1580983409.2111607,73808749.0,0.1168,-13.28,671856,855925,888761,0.106
2401,BILL,Technology,Software - Application,S&P 400,98.47,59,19,25,17,46.36,3687070879.1317635,99596727.0,0.16950001,-18.97,2506870,2467790,2677822,0.135
2402,UDR,Real Estate,REIT - Residential,S&P 500,98.46,59,62,39,38,39.0,11989388091.481941,324915653.0,0.077199996,-7.63,3221070,3545620,4374796,0.042
2403,DOO,Consumer Cyclical,Recreational Vehicles,NASDAQ,98.45,59,38,49,91,62.49,4237223467.9853325,73346433.0,0.76,-23.69,224430,212550,247032,0.295
2404,ATMU,Consumer Cyclical,Auto Parts,S&P 600,98.42,59,53,84,87,54.53,3820636082.142212,81672428.0,0.048600003,-18.0,546753,760541,802236,0.146
2405,SHW,Basic Materials,Specialty Chemicals,S&P 500,98.41,59,49,32,47,354.27,74937766181.43338,246635621.0,0.0235,-6.69,2275390,2580183,2466930,0.068
2406,NLOP,Real Estate,REIT - Office,NYSE,98.41,59,46,79,34,12.05,177917044.14067268,14814075.0,0.044699997,-65.1,160340,174893,150330,-0.709
2407,WHD,Energy,Oil & Gas Equipment & Services,S&P 600,98.4,59,58,75,78,53.14,4029045740.754471,69418430.0,0.059699997,-17.36,706900,827456,783368,0.385
2408,GRBK,Consumer Cyclical,Residential Construction,S&P 600,98.39,59,72,52,68,73.63,2901902659.6867065,43144552.0,0.0001,-9.07,189323,252077,255340,-0.049
2409,MRSH,Financial Services,Insurance Brokers,S&P 500,98.39,59,26,26,34,192.19,77072666913.09805,481794501.0,0.0145000005,-18.49,2609360,2621693,2688198,0.076
2410,NHI,Real Estate,REIT - Healthcare Facilities,S&P 600,98.35,59,42,50,63,78.54,3552445424.286598,48471079.0,0.0398,-14.05,396632,803154,655312,-0.026
2411,NRK,Financial Services,Asset Management,NYSE,98.34,59,59,62,53,10.36,926438918.4967117,87235304.0,0.0058999998,-3.81,217172,237967,256354,
2412,ECF,Financial Services,Asset Management,NYSE ARCA,98.31,59,73,71,71,12.16,184685796.65888405,13670303.0,0.0001,-10.13,12137,19652,25653,-0.037
2413,RMM,Financial Services,Asset Management,NYSE,98.3,59,61,54,52,14.38,286619407.5960846,19739628.0,0.94,-3.36,33896,36918,39719,
2414,FC,Consumer Defensive,Education & Training Services,NYSE,98.29,59,84,59,37,22.0,267382363.93982697,11272444.0,0.097399995,-11.36,75659,123439,100227,0.001
2415,CXT,Industrials,Specialty Industrial Machinery,S&P 400,98.28,59,47,24,27,54.56,2234945543.0602684,57542367.0,0.17860001,-20.93,559702,1048554,1007586,0.174
2416,GOODN,Real Estate,REIT - Diversified,NASDAQ,98.28,59,45,47,53,23.0,,,1.0,-5.54,3772,2554,2710,0.118
2417,ALV,Consumer Cyclical,Auto Parts,S&P 400,98.27,59,51,53,66,124.11,9516627732.178299,74863338.0,0.0616,-4.71,951829,790673,770721,0.068
2418,PCTY,Technology,Software - Application,S&P 400,98.26,59,17,14,19,138.68,6153818602.28035,53544058.0,0.0677,-29.88,611481,768303,731886,0.105
2419,HCAT,Healthcare,Health Information Services,NASDAQ,98.24,59,52,6,10,2.14,101973747.24764585,73894020.0,0.1528,-50.13,484748,1237302,1746941,-0.109
2420,BACCU,Financial Services,Shell Companies,NASDAQ,98.23,59,53,48,50,11.1,,,0.03,-5.53,220,4330,2928,
2421,DAIO,Technology,Electronic Components,NASDAQ,98.21,59,82,32,59,3.07,39738405.23918438,9394422.0,0.0033000002,-31.63,36224,54628,90388,-0.474
2422,AN,Consumer Cyclical,Auto & Truck Dealerships,S&P 400,98.21,59,31,54,56,220.33,6281391882.2465515,33461495.0,0.097600006,-3.75,359002,404484,383148,-0.021
2423,TDUP,Consumer Cyclical,Internet Retail,NASDAQ,98.21,59,86,16,36,5.89,600039946.2062941,129040846.0,0.2158,-52.04,1315620,1764950,1811050,0.146
2424,JCAP,Financial Services,Credit Services,NASDAQ,98.21,59,48,61,67,20.53,941559741.6457195,55418467.0,0.0435,-13.74,347851,374733,327462,0.119
2425,AUBN,Financial Services,Banks - Regional,NASDAQ,98.2,58,57,46,62,26.35,87331400.0,3493256.0,0.0019,-9.14,1670,2080,2454,0.115
2426,LAWR,Industrials,Consulting Services,NASDAQ,98.19,58,48,75,78,3.75,172350000.0,45960000.0,0.0179,-22.52,0,0,0,-0.282
2427,NRO,Financial Services,Asset Management,NYSE ARCA,98.18,58,55,53,36,3.08,188184645.82279658,63361833.0,0.33,-8.61,330000,376823,309236,0.285
2428,CNMD,Healthcare,Medical Devices,S&P 600,98.17,58,23,23,18,44.25,1074898248.771492,30109194.0,0.0904,-26.68,626797,752619,646143,-0.013
2429,NOEM,Financial Services,Shell Companies,NASDAQ,98.17,58,41,46,49,10.99,100075225.97765923,9585750.0,0.001,4.67,3614,6458,5880,
2430,WLKP,Basic Materials,Chemicals,NYSE,98.16,58,60,65,57,22.03,808188039.156189,35245880.0,0.0054,-7.75,36040,27430,26740,0.286
2431,DSX,Industrials,Marine Shipping,NYSE,98.15,58,54,84,84,2.17,293589837.3896606,124402479.0,0.0479,-25.68,403485,563335,795519,-0.088
2432,SUPV,Financial Services,Banks - Regional,NYSE,98.15,58,64,14,27,9.62,915415797.2684956,93985197.0,0.0475,-29.0,379890,575523,700458,0.011
2433,ECCC,Financial Services,Asset Management,NYSE,98.15,58,53,58,59,24.9,,,0.46,-0.4,2542,2440,3540,-0.191
2434,KLC,Consumer Defensive,Education & Training Services,NYSE,98.15,58,70,11,8,5.28,454764657.99521756,118428299.0,0.14819999,-57.18,404147,663829,779913,0.006
2435,JLHL,Industrials,Building Products & Equipment,NASDAQ,98.14,58,98,98,49,5.92,420178704.1528015,21448632.0,0.018099999,-81.98,1687694,4363708,2635646,0.854
2436,FCPT,Real Estate,REIT - Retail,S&P 600,98.13,58,52,53,36,25.99,2732754963.434004,109749197.0,0.0471,-7.54,660745,861181,839393,0.069
2437,IQI,Financial Services,Asset Management,NYSE,98.13,58,57,53,55,9.97,524607270.2747135,52883797.0,0.0021,-4.32,166989,161076,149779,0.009
2438,CNOBP,Financial Services,Banks - Regional,NASDAQ,98.11,58,52,57,57,25.18,,,0.83,0.26,2343,4804,4848,0.655
2439,KEN,Utilities,Utilities - Independent Power Producers,NYSE,98.09,58,75,95,94,67.42,4729879020.765572,52108397.0,0.0016,-29.72,19466,26325,26281,0.431
2440,MUJ,Financial Services,Asset Management,NYSE,98.06,58,58,57,61,12.09,651517450.5,53185098.0,0.0046,-4.65,76797,81455,89921,0.02
2441,OVBC,Financial Services,Banks - Regional,NASDAQ,98.06,58,65,75,80,42.01,226363642.5057907,4711002.0,0.0091,-17.11,50774,43038,43610,0.011
2442,DTSQU,Financial Services,Shell Companies,NASDAQ,98.06,58,49,49,51,11.49,,,,-32.41,10,480,906,
2443,RDDT,Communication Services,Internet Content & Information,NYSE,98.05,58,57,29,32,178.44,33881591040.0,192509040.0,0.0945,-36.94,4133683,4156047,4616326,0.691
2444,CNH,Industrials,Farm & Heavy Construction Machinery,S&P 400,98.04,58,53,34,35,11.44,12659895030.070358,1239950537.0,0.067,-19.83,11646130,10760580,11022694,-0.001
2445,ADAMZ,Real Estate,REIT - Mortgage,NASDAQ,98.01,58,52,50,57,19.0,,,0.21,-12.52,4479,7253,7297,0.107
2446,HRI,Industrials,Rental & Leasing Services,NYSE,98.0,58,75,40,66,148.24,4441275783.0,33393051.0,0.0862,-21.3,583772,601097,567942,0.323
2447,ITT,Industrials,Specialty Industrial Machinery,S&P 400,98.0,58,56,77,64,198.99,17518765680.0,89839824.0,0.0648,-11.66,883817,1018529,899711,0.327
2448,QSR,Consumer Cyclical,Restaurants,NYSE,97.96,58,53,76,50,74.87,25919701724.18895,346983973.0,0.0572,-8.65,2075763,2961631,3111172,0.073
2449,AG,Basic Materials,Silver,NYSE,97.95,58,72,93,98,15.69,10408662455.768372,493769568.0,1.54,-51.03,9362197,10548249,11268079,0.954
2450,NTR,Basic Materials,Agricultural Inputs,NYSE,97.93,58,30,76,78,69.46,32905615680.315613,480023548.0,0.0053,-18.63,2039399,2727353,2707321,0.19
2451,AGD,Financial Services,Asset Management,NYSE,97.92,58,63,66,72,12.03,327006736.916214,26118748.0,0.62,-13.95,174192,127630,118674,-0.042
2452,GLO,Financial Services,Asset Management,NYSE ARCA,97.91,58,66,62,67,5.75,257452655.62429905,42766222.0,0.0011,-5.58,100389,131783,130965,-0.186
2453,CGO,Financial Services,Asset Management,NASDAQ,97.91,58,72,68,61,12.45,138073482.57440758,9827294.0,0.0055,-11.64,23102,27774,28176,-0.325
2454,AU,Basic Materials,Gold,NYSE,97.9,58,68,89,96,78.95,48964637348.10919,505624114.0,0.009,-38.86,2081277,3301495,3058415,0.649
2455,GTES,Industrials,Specialty Industrial Machinery,S&P 600,97.89,58,74,67,59,26.42,6583678153.138657,253999928.0,0.045100003,-7.2,1806760,1993730,1957712,0.004
2456,TRX,Basic Materials,Gold,NYSE ARCA,97.84,58,73,94,99,0.79,374535285.83511543,325682864.0,0.0046,-71.79,1496250,1462456,1859032,2.741
2457,BLCO,Healthcare,Medical Instruments & Supplies,NYSE,97.84,58,60,60,62,16.61,5579793866.692173,356536358.0,0.0556,-12.19,492520,415276,433192,0.094
2458,CI,Healthcare,Healthcare Plans,S&P 500,97.84,58,40,46,38,301.06,73381287255.02234,264532404.0,0.025799999,-11.16,1752596,1628845,1608153,0.046
2459,ZWS,Industrials,Pollution & Treatment Controls,S&P 600,97.83,58,64,74,63,49.31,7874488288.0,167542304.0,0.0379,-8.28,1034120,1094683,990726,0.114
2460,AVIR,Healthcare,Biotechnology,NASDAQ,97.83,58,68,88,78,4.51,373726558.4355831,80027099.0,0.1224,-30.08,347491,378000,343166,
2461,BBD,Financial Services,Banks - Regional,NYSE,97.83,58,53,75,88,3.62,36891785078.53017,10570712028.0,0.0119,-15.81,28382022,33630244,30816704,0.105
2462,ETV,Financial Services,Asset Management,NYSE,97.8,58,59,59,59,14.53,1739643033.5616665,116754569.0,0.84,-2.61,133476,154748,162387,-0.081
2463,KPRX,Healthcare,Biotechnology,NASDAQ,97.78,58,68,29,21,2.57,11877599.495863914,4431940.0,0.0050999997,-38.52,31385,25848,26463,
2464,VGM,Financial Services,Asset Management,NYSE,97.77,58,59,57,56,10.18,559131612.8366394,54231968.0,0.0067000003,-4.5,164300,159973,193906,0.038
2465,EPRT,Real Estate,REIT - Retail,S&P 600,97.77,58,43,52,41,32.1,6612801287.401743,216245955.0,0.1014,-7.57,1866956,2043925,1945133,0.228
2466,PC,Industrials,Specialty Business Services,NASDAQ,97.77,58,60,53,65,9.4,30497781.762342453,3244445.0,0.0986,-32.86,0,0,0,-0.118
2467,RH,Consumer Cyclical,Specialty Retail,S&P 400,97.77,58,37,14,34,177.68,2806575292.635025,18900769.0,0.5729,-30.86,755510,870353,920894,0.037
2468,MLP,Real Estate,Real Estate Services,NYSE,97.75,58,53,34,51,17.26,336307785.64219666,19864606.0,0.029000001,-15.14,14428,19456,17759,-0.413
2469,RSF,Financial Services,Asset Management,NYSE,97.72,58,52,54,48,14.58,62080106.82203293,4252062.0,2.38,-3.25,11132,11000,10494,
2470,SDRL,Energy,Oil & Gas Drilling,NYSE,97.72,58,60,91,80,41.01,2949563947.86322,62530508.0,0.0715,-26.07,611699,946916,834451,0.088
2471,SGU,Energy,Oil & Gas Refining & Marketing,NYSE,97.72,58,60,57,64,12.64,412065865.4125757,32833933.0,0.0018000001,-6.58,22360,24180,22628,0.032
2472,MSBIP,Financial Services,Banks - Regional,NASDAQ,97.7,58,53,58,60,25.15,,,8.41,-3.05,2103,3791,3218,0.143
2473,RGS,Consumer Cyclical,Personal Services,NASDAQ,97.7,58,55,77,37,27.29,70565490.1480751,2498778.0,0.024300002,-13.37,7547,6409,6027,-0.08
2474,DUK,Utilities,Utilities - Regulated Electric,S&P 500,97.68,58,50,58,47,129.24,95679846329.46274,779596217.0,0.023,-3.9,3660468,3861189,3604147,0.113
2475,APH,Technology,Electronic Components,S&P 500,97.68,58,84,79,87,143.85,183009669280.32037,1230234445.0,0.0147,-13.88,6302185,7616015,8947105,0.584
2476,AIRTP,Industrials,Conglomerates,NASDAQ,97.67,58,57,57,71,19.2,,,1.03,-8.57,4803,2774,2084,-0.087
2477,GLP,Energy,Oil & Gas Midstream,NYSE,97.65,58,52,49,39,48.63,1608206554.5836258,33971410.0,0.010299999,-13.94,52790,126756,111894,0.159
2478,GATX,Industrials,Rental & Leasing Services,S&P 400,97.65,58,53,74,71,185.8,6002806387.647491,35502758.0,0.0442,-9.61,204940,248200,236526,0.384
2479,RFMZ,Financial Services,Asset Management,NYSE,97.65,58,59,54,50,13.1,321686710.8989458,24351757.0,0.66,-3.11,41710,39716,43762,
2480,NMS,Financial Services,Asset Management,NYSE,97.64,58,50,57,53,12.08,76208649.38754272,6231288.0,0.0013,-3.28,15993,11781,10902,
2481,MTH,Consumer Cyclical,Residential Construction,S&P 600,97.62,58,79,41,53,73.24,4358075241.898384,66800665.0,0.0691,-13.57,837784,958584,913708,-0.177
2482,KCHVU,Financial Services,Shell Companies,NASDAQ,97.6,57,38,45,45,11.0,,,1412.0,0.0,610,210,132,
2483,HBAN,Financial Services,Banks - Regional,S&P 500,97.6,57,59,55,70,17.3,33163857640.58232,2027130587.0,0.028099999,-11.1,31580158,24247422,23467857,0.336
2484,URBN,Consumer Cyclical,Apparel Retail,S&P 600,97.6,57,50,55,70,75.2,6515175055.189201,89678939.0,0.1263,-10.85,1135960,1185346,1264882,0.114
2485,VET,Energy,Oil & Gas E&P,NYSE,97.59,57,34,92,82,10.36,1705116017.5323486,153200000.0,8.58,-30.09,1765330,1513886,1489464,0.099
2486,BSBK,Financial Services,Banks - Regional,NASDAQ,97.59,57,54,47,54,8.99,107976955.09643555,12854400.0,0.0045,-5.37,9640,7876,13832,0.03
2487,SBR,Energy,Oil & Gas Midstream,NYSE,97.58,57,43,66,55,73.12,1090097576.708107,14579345.0,0.0021,-13.35,34095,33691,36329,-0.302
2488,APT,Industrials,Building Products & Equipment,NYSE ARCA,97.56,57,68,35,49,5.0,59462545.993852615,10216932.0,0.0241,-33.33,39438,53289,66729,0.055
2489,ETB,Financial Services,Asset Management,NYSE,97.56,57,57,61,59,15.31,458245565.2055645,29374715.0,0.1,-2.3,33381,39963,45326,-0.102
2490,BKR,Energy,Oil & Gas Equipment & Services,S&P 500,97.54,57,63,87,80,58.46,63373349424.00369,992068697.0,0.025799999,-16.97,10197807,9818355,8925829,0.025
2491,AMH,Real Estate,REIT - Residential,S&P 400,97.54,57,59,38,29,33.78,11567907251.630249,360595592.0,0.028199999,-10.87,1958920,2271030,2504824,0.028
2492,AES,Utilities,Utilities - Diversified,S&P 500,97.53,57,63,65,83,14.83,10462023704.119616,713157713.0,0.0249,-15.98,6360846,7917925,8445209,0.087
2493,VMO,Financial Services,Asset Management,NYSE,97.52,57,57,56,55,9.68,658221101.0359478,67440685.0,0.0033000002,-4.16,197890,231613,248010,-0.004
2494,LOVE,Consumer Cyclical,"Furnishings, Fixtures & Appliances",NASDAQ,97.51,57,52,50,19,16.97,227314863.69142532,14779900.0,0.2317,-19.76,227796,239935,210901,0.027
2495,PRVA,Healthcare,Health Information Services,S&P 600,97.49,57,65,59,37,24.83,2710526193.5819435,126012374.0,0.0402,-6.34,1227821,1250457,1108664,0.258
2496,ADAMM,Real Estate,REIT - Mortgage,NASDAQ,97.45,57,54,58,56,25.06,,,1.49,-2.19,11287,19562,16109,0.107
2497,KVAC,Financial Services,Shell Companies,NASDAQ,97.45,57,49,51,51,12.5,67509948.72034264,5506521.0,0.0001,-0.4,15417,6835,5181,
2498,CATO,Consumer Cyclical,Apparel Retail,NYSE,97.44,57,51,36,34,3.37,64666700.1103425,19958858.0,0.0295,-31.5,106987,76249,94597,0.005
2499,RQI,Financial Services,Asset Management,NYSE,97.44,57,56,68,51,12.72,1793315443.45261,134431441.0,0.0023999999,-6.26,964511,955907,818736,-0.052
2500,SII,Financial Services,Asset Management,NYSE,97.44,57,66,90,95,105.83,3377775795.1820526,25782581.0,2.02,-37.61,130670,185083,181576,2.297
2501,VRSN,Technology,Software - Infrastructure,S&P 500,97.42,57,33,56,36,281.15,25969580444.335938,91000000.0,0.0229,-10.03,947680,878106,847838,0.066
2502,POWWP,Industrials,Aerospace & Defense,NASDAQ,97.39,57,48,61,60,24.29,,,0.18,-4.73,1700,1743,2086,0.532
2503,GBCI,Financial Services,Banks - Regional,S&P 400,97.36,57,65,62,73,49.51,6188283098.409035,130142654.0,0.0533,-8.3,1412462,1377364,1169888,0.397
2504,WTRG,Utilities,Utilities - Regulated Water,S&P 400,97.35,57,37,41,43,40.71,10463220569.754166,283632983.0,0.0163,-3.92,2137080,2227230,1951744,0.1
2505,ALLY,Financial Services,Credit Services,S&P 400,97.31,57,69,69,65,44.11,13122252705.165367,306523062.0,0.0385,-6.69,3915071,3252187,3296142,0.197
2506,XEL,Utilities,Utilities - Regulated Electric,S&P 500,97.3,57,57,63,49,80.33,49629430020.0,624269560.0,0.059299998,-4.63,4718040,5400040,5598212,0.029
2507,DMLP,Energy,Oil & Gas E&P,NASDAQ,97.26,57,44,64,38,27.02,1306757582.3184013,48255450.0,0.0125,-6.67,350012,230260,196816,0.364
2508,MA,Financial Services,Credit Services,S&P 500,97.25,57,32,31,38,562.75,436472762400.2422,883583855.0,0.0081,-6.48,2720984,3580878,3626670,0.158
2509,USNA,Consumer Defensive,Packaged Foods,NYSE,97.24,57,33,22,21,23.24,337873087.2138405,18463011.0,0.0546,-39.35,97070,108053,110094,0.003
2510,ALLE,Industrials,Security & Protection Services,S&P 500,97.23,57,29,26,61,161.23,11177678069.683044,85935861.0,0.0419,-11.95,1663976,1395155,1227127,0.097
2511,SEB,Industrials,Conglomerates,NYSE ARCA,97.2,57,58,90,92,4548.61,4867447312.712402,957795.0,0.1024,-24.06,3644,6334,8196,0.036
2512,VOR,Healthcare,Biotechnology,NASDAQ,97.2,57,48,23,11,20.0,811162593.1591902,54185877.0,0.1014,-69.6,863360,1583756,1256718,
2513,ABOS,Healthcare,Biotechnology,NASDAQ,97.2,57,90,82,91,2.28,187791701.1118412,72227580.0,0.0347,-36.67,390909,603653,498529,
2514,CSW,Industrials,Specialty Industrial Machinery,S&P 600,97.19,57,38,58,33,298.93,4520007226.431244,16319483.0,0.093,-11.3,158627,152262,143661,0.34
2515,EMD,Financial Services,Asset Management,NYSE,97.19,57,62,64,66,10.54,620833148.9800034,58130443.0,0.0022,-6.73,206674,180454,185272,-0.03
2516,CLAR,Consumer Cyclical,Leisure,NASDAQ,97.18,57,51,17,57,3.33,118015359.45375395,38441486.0,0.071100004,-17.37,80030,313676,265868,0.025
2517,SRI,Consumer Cyclical,Auto Parts,NYSE,97.18,57,80,69,82,7.38,210917274.22600985,28235245.0,0.018099999,-24.0,143660,304350,247618,-0.262
2518,IMCR,Healthcare,Biotechnology,NASDAQ,97.17,57,32,26,42,33.51,1469506401.8141174,50865574.0,0.19620001,-17.7,512773,646614,563240,0.136
2519,WYHG,Consumer Defensive,Packaged Foods,NASDAQ,97.16,57,86,26,2,3.44,41019706.20000172,50330928.0,0.0053,82.01,60740,256763,201959,-0.117
2520,GFS,Technology,Semiconductors,NASDAQ,97.15,57,95,92,62,49.02,43856863376.25366,548416440.0,0.2208,-47.03,3911699,3301983,4561729,0.031
2521,MBNKO,Financial Services,Banks - Regional,NASDAQ,97.15,57,55,56,55,25.46,,,2.33,-9.07,1670,3366,2956,0.267
2522,RFI,Financial Services,Asset Management,NYSE,97.15,57,49,55,36,11.7,301190503.2422943,26748712.0,0.00029999999,-3.94,90868,105686,117211,0.97
2523,ICFI,Industrials,Consulting Services,NASDAQ,97.14,57,33,22,48,83.14,1246291684.9005127,18104180.0,0.0272,-18.26,222948,284992,275929,-0.103
2524,OIA,Financial Services,Asset Management,NYSE,97.11,57,54,56,58,6.11,295410965.6528473,47878600.0,0.0017,-4.53,92298,123176,117647,0.044
2525,OXLCN,Financial Services,Asset Management,NASDAQ,97.1,57,49,53,53,24.78,,,1.32,-1.27,2732,2250,2862,-0.102
2526,TRTX,Real Estate,REIT - Mortgage,NYSE,97.1,57,59,53,65,8.54,649388926.1092587,77308209.0,0.044499997,-13.3,570390,718163,646934,0.119
2527,NAC,Financial Services,Asset Management,NYSE,97.07,57,58,57,56,11.82,1894679561.8698292,156326698.0,0.0050999997,-3.51,348291,353473,455860,
2528,MBINM,Financial Services,Banks - Regional,NASDAQ,97.06,57,49,53,54,25.41,,,1.3,-2.12,6174,8694,8274,0.158
2529,CIG,Utilities,Utilities - Regulated Electric,NYSE,97.06,57,45,80,68,2.17,6150466321.265884,2860681883.0,0.0,-21.38,5503545,6884838,6928333,0.063
2530,TCBI,Financial Services,Banks - Regional,S&P 400,97.06,57,65,70,81,98.71,4344821627.8188095,43670939.0,0.1009,-9.37,598740,588173,543064,0.169
2531,CCNEP,Financial Services,Banks - Regional,NASDAQ,97.04,57,47,52,52,25.43,,,1.24,-0.04,1170,1193,1162,0.486
2532,TSN,Consumer Defensive,Farm Products,S&P 500,97.03,57,41,63,72,61.18,21486936271.232048,352129402.0,0.042600002,-11.95,3032680,3170896,3373878,0.044
2533,APD,Basic Materials,Specialty Chemicals,S&P 500,97.03,57,37,64,49,292.85,62043291646.01196,222680686.0,0.0143,-4.91,1049341,1450420,1340778,0.088
2534,VTOL,Energy,Oil & Gas Equipment & Services,S&P 600,97.03,57,52,81,76,45.35,1232786076.8900452,29605814.0,0.0251,-9.98,149970,250176,226096,0.109
2535,WATT,Technology,Communication Equipment,NASDAQ,97.02,57,98,99,38,13.23,154030828.0,5501101.0,0.1028,-64.22,187860,262133,263144,7.985
2536,BRT,Real Estate,REIT - Residential,NYSE,97.01,57,56,44,37,15.09,272735412.49191284,18822320.0,0.0148,-9.59,27777,44022,36915,-0.009
2537,MNSBP,Financial Services,Banks - Regional,NASDAQ,97.01,57,48,58,52,25.02,,,4.23,-11.43,530,1173,1534,0.037
2538,ZM,Technology,Software - Application,NASDAQ,97.01,57,50,69,58,91.48,29789459952.771545,293232218.0,0.0252,-19.56,3107370,3621333,4246500,0.055
2539,OXLCO,Financial Services,Asset Management,NASDAQ,97.0,57,52,55,52,23.95,,,0.32,-4.12,1330,2000,2598,-0.102
2540,TCBS,Financial Services,Banks - Regional,NASDAQ,97.0,57,51,54,57,17.42,48330316.0,2885392.0,0.0011,-12.9,450,1570,2816,0.121
2541,JCTC,Basic Materials,Lumber & Wood Production,NASDAQ,96.99,57,37,17,11,2.51,7709047.671422482,3520113.0,0.00090000004,-37.56,15671,23043,26278,0.164
2542,TT,Industrials,Building Products & Equipment,S&P 500,96.99,57,66,71,52,470.03,99762334071.66888,221055477.0,0.0195,-6.64,1170900,1235383,1309622,0.06
2543,ANGX,Communication Services,Entertainment,NYSE,96.96,56,21,5,5,4.09,516362244.7244663,186412364.0,0.0419,-79.94,1306817,1331949,1235461,1.426
2544,AXIA,Utilities,Utilities - Renewable,NYSE,96.95,56,68,87,86,10.19,23299920211.777817,2249027122.0,0.0054,-24.74,1899153,2007661,2060898,0.221
2545,ACEL,Consumer Cyclical,Gambling,NYSE,96.93,56,63,64,47,12.35,967761608.9440346,81392900.0,0.0304,-7.21,249608,316326,299813,0.085
2546,NEE,Utilities,Utilities - Regulated Electric,S&P 500,96.93,56,58,78,73,89.28,181468526654.9137,2085605358.0,0.0001,-9.59,9126403,11143041,12399740,0.073
2547,AGNCP,Real Estate,REIT - Mortgage,NASDAQ,96.92,56,51,52,52,25.05,,,0.28,-2.03,65691,67063,55414,
2548,CRAI,Industrials,Consulting Services,NASDAQ,96.92,56,19,28,35,179.98,896746522.5,6463038.0,0.041100003,-20.81,140987,169972,161897,0.105
2549,CET,Financial Services,Asset Management,NYSE ARCA,96.91,56,54,62,63,52.65,1575862356.5563202,29549265.0,0.0011,-3.0,34066,39315,36651,0.484
2550,ATR,Healthcare,Medical Instruments & Supplies,S&P 400,96.91,56,33,31,33,137.81,7393583511.217926,63820316.0,0.033,-16.11,420036,466368,461521,0.108
2551,SO,Utilities,Utilities - Regulated Electric,S&P 500,96.89,56,50,57,42,96.78,103768069511.14993,1127301098.0,0.0231,-4.03,4543030,5847843,5885066,0.08
2552,AGNCM,Real Estate,REIT - Mortgage,NASDAQ,96.87,56,49,54,53,24.97,,,1.09,-1.54,9223,18457,16076,
2553,XGN,Healthcare,Diagnostics & Research,NASDAQ,96.86,56,56,8,8,4.45,120315998.68081236,24159839.0,0.0327,-63.61,239410,232816,303020,0.117
2554,OYSEU,Financial Services,Shell Companies,NASDAQ,96.86,56,52,43,46,10.83,,,,-8.14,0,6,8,
2555,NGVC,Consumer Defensive,Grocery Stores,NYSE,96.86,56,50,25,17,32.31,676477491.0229797,23040786.0,0.059899997,-34.29,110882,122134,127150,0.005
2556,NATR,Consumer Defensive,Packaged Foods,NASDAQ,96.86,56,60,91,93,20.74,374206066.9545727,17584871.0,0.0231,-26.3,96071,118793,128652,0.085
2557,QCOM,Technology,Semiconductors,S&P 500,96.85,56,76,70,31,162.88,264575084503.17383,1054000000.0,0.053600002,-37.33,12104932,17563160,19467666,-0.035
2558,INMD,Healthcare,Medical Devices,NASDAQ,96.85,56,48,37,55,15.47,847065906.0573578,60808750.0,0.0543,-7.59,558007,767245,794113,0.053
2559,REGN,Healthcare,Biotechnology,S&P 500,96.84,56,33,60,72,695.18,64452943164.416016,104839032.0,0.027999999,-15.34,732696,906968,1039069,0.19
2560,KYTX,Healthcare,Biotechnology,NASDAQ,96.84,56,86,94,96,7.49,517975234.0698395,60795212.0,0.1024,-45.21,1051243,1304767,1108088,
2561,PPLI,Communication Services,Internet Content & Information,S&P 600,96.83,56,70,76,58,42.09,,,,,804242,886220,949620,
2562,IMPPP,Energy,Oil & Gas Midstream,NASDAQ,96.83,56,51,57,55,25.92,,,1.75,-6.7,665,1235,953,0.923
2563,BKHA,Financial Services,Shell Companies,NASDAQ,96.82,56,50,52,49,12.1,49219900.884464264,4153578.0,0.09,1.0,1021,1063,930,
2564,CVSA,Consumer Defensive,Education & Training Services,S&P 600,96.8,56,44,48,33,126.3,4008838592.4540253,34030887.0,0.0644,-19.17,373323,373554,331864,0.045
2565,NBH,Financial Services,Asset Management,NYSE ARCA,96.8,56,56,49,53,10.35,308323989.67064285,29618059.0,0.0018000001,-2.73,81224,110021,94920,0.005
2566,AOMR,Real Estate,REIT - Mortgage,NYSE,96.79,56,58,57,48,8.97,205047533.4049797,24914647.0,0.0234,-11.55,99419,146829,145745,
2567,SABS,Healthcare,Biotechnology,NASDAQ,96.79,56,86,85,93,3.45,275270731.10781574,76464094.0,0.0373,-47.73,568545,1009848,767197,
2568,TRU,Financial Services,Financial Data & Stock Exchanges,S&P 400,96.78,56,29,25,20,83.8,13796767529.296875,192800000.0,0.048600003,-15.69,2503860,2847436,2502492,0.137
2569,NERV,Healthcare,Biotechnology,NASDAQ,96.77,56,92,97,95,4.28,228750554.08112717,46588709.0,0.026700001,-65.65,176935,321325,247033,
2570,NBXG,Financial Services,Asset Management,NYSE,96.76,56,74,59,50,14.54,1314529410.3031769,78761496.0,0.00029999999,-14.17,289923,261764,258304,
2571,API,Technology,Software - Application,NASDAQ,96.76,56,62,33,57,3.94,346654114.53670406,84549786.0,0.0081,-23.48,223216,345792,471473,0.135
2572,LXU,Basic Materials,Chemicals,NYSE,96.75,56,51,93,71,11.43,902113113.5557508,71938845.0,0.0307,-33.62,706134,765674,822588,0.182
2573,TITN,Industrials,Industrial Distribution,NASDAQ,96.72,56,73,76,35,19.64,508606016.82660675,23309167.0,0.041199997,-11.61,160430,185076,211940,-0.155
2574,PD,Technology,Software - Application,NYSE,96.71,56,36,7,9,10.31,767369507.0400381,77122565.0,0.12529999,-42.72,1484400,1910833,2047074,0.01
2575,FG,Financial Services,Insurance - Life,S&P 600,96.71,56,32,34,24,30.45,3672483831.829777,132484990.0,0.099300005,-17.03,696469,718239,844807,0.307
2576,FDS,Financial Services,Financial Data & Stock Exchanges,S&P 500,96.71,56,26,18,13,283.87,8942748789.16159,36431127.0,0.18110001,-37.91,953715,1000318,978961,0.071
2577,SUPN,Healthcare,Drug Manufacturers - Specialty & Generic,S&P 600,96.7,56,51,65,67,47.73,2680274333.492317,58039721.0,0.1001,-20.02,507890,848966,741802,0.386
2578,NWSA,Communication Services,Entertainment,S&P 500,96.7,56,30,36,30,28.18,14239264821.516796,545565694.0,0.0399,-10.85,3177072,5576160,5012792,0.088
2579,EOT,Financial Services,Asset Management,NYSE,96.69,56,57,50,57,17.24,268123641.97582626,15624921.0,0.11,-4.22,25153,26774,34504,
2580,MSA,Industrials,Security & Protection Services,S&P 400,96.69,56,49,37,65,179.73,6400558074.01033,38604089.0,0.0394,-13.97,228363,295891,312658,0.1
2581,NX,Industrials,Building Products & Equipment,S&P 600,96.69,56,59,68,68,19.45,854913652.0385742,45938400.0,0.072399996,-15.36,299413,385241,409202,0.023
2582,ATKR,Industrials,Electrical Equipment & Parts,NYSE,96.69,56,70,65,50,77.45,2796267215.0203857,33767266.0,0.0291,-14.1,332233,343781,408904,0.042
2583,OMAB,Industrials,Airports & Air Services,NASDAQ,96.66,56,53,49,81,108.27,4842564562.228806,48271178.0,0.0091,-19.79,65356,95022,88139,0.069
2584,PGR,Financial Services,Insurance - Property & Casualty,S&P 500,96.66,56,40,31,30,219.52,111098396438.59863,583500000.0,0.012,-24.29,3506051,3632673,3476846,0.087
2585,IRON,Healthcare,Biotechnology,NASDAQ,96.65,56,66,38,75,74.65,2657510610.072563,38199089.0,0.1732,-24.97,331878,681569,585973,
2586,AGNCO,Real Estate,REIT - Mortgage,NASDAQ,96.64,56,50,54,53,25.38,,,0.71,-1.89,23981,36820,27936,
2587,AGNCN,Real Estate,REIT - Mortgage,NASDAQ,96.63,56,50,55,52,25.62,,,4.24,-1.88,20060,32330,26810,
2588,MACIU,Financial Services,Shell Companies,NASDAQ,96.62,56,47,43,44,11.3,,,0.0,-16.91,343,114,966,
2589,CXDO,Communication Services,Telecom Services,NASDAQ,96.61,56,69,58,59,6.87,320263888.94964504,32415373.0,0.026800001,-32.65,595315,558835,682007,0.29
2590,XRAY,Healthcare,Medical Instruments & Supplies,S&P 400,96.61,56,26,29,26,13.49,2097420424.5029955,200326683.0,0.1319,-21.06,5292660,5924546,5935222,0.001
2591,TXO,Energy,Oil & Gas E&P,NYSE,96.59,56,39,36,24,12.77,702684703.7913408,55242507.0,0.0234,-21.46,99090,124723,170378,-0.665
2592,TXT,Industrials,Aerospace & Defense,S&P 500,96.58,56,51,72,66,89.96,15956053268.02694,173888981.0,0.035,-11.43,1928410,1741616,1546860,0.118
2593,PAYC,Technology,Software - Application,S&P 600,96.54,56,20,17,12,161.72,6512406692.283234,46627098.0,0.1033,-39.6,678290,961823,910214,0.078
2594,MKL,Financial Services,Insurance - Property & Casualty,NYSE,96.53,56,36,30,54,2039.35,22719766311.185303,12513710.0,0.019,-7.62,51839,69013,72115,-0.169
2595,REXR,Real Estate,REIT - Industrial,S&P 400,96.53,56,33,36,56,38.73,8006221956.464813,225718119.0,0.0618,-12.73,3651034,3065758,2684202,-0.029
2596,DTSQ,Financial Services,Shell Companies,NASDAQ,96.5,56,49,54,52,11.35,41173921.10239792,3653409.0,0.0014,-12.02,5390,3936,2896,
2597,ANSCU,Financial Services,Shell Companies,NASDAQ,96.5,56,49,53,46,11.69,,,0.05,-1.76,10,163,678,
2598,IRS,Real Estate,Real Estate Services,NYSE,96.5,56,51,28,63,15.36,1306402944.975563,84611592.0,0.002,-19.75,173198,133316,155099,0.293
2599,XPEL,Consumer Cyclical,Auto Parts,S&P 600,96.48,56,73,77,89,43.94,1260088267.8437805,27560985.0,0.1362,-21.41,224150,264786,261230,0.131
2600,CCM,Healthcare,Medical Care Facilities,NYSE,96.47,56,51,20,16,4.6,21404693.64469385,4341723.0,0.0054,-57.29,52567,60889,51625,0.574
2601,VERA,Healthcare,Biotechnology,NASDAQ,96.47,56,77,74,92,33.32,2549728782.9396057,71782904.0,0.1599,-40.55,1633930,2314893,1830528,
2602,BV,Industrials,Specialty Business Services,NYSE,96.46,55,57,26,36,14.0,1151951968.0023193,93200000.0,0.3443,-18.15,838311,876453,741896,0.061
2603,EXC,Utilities,Utilities - Regulated Electric,S&P 500,96.46,55,50,48,41,47.31,46699218976.36331,1023208142.0,0.040799998,-6.59,8435720,9187413,8808300,0.079
2604,GLU,Financial Services,Asset Management,NYSE ARCA,96.43,55,51,60,73,19.21,116212904.11486053,5990356.0,0.00090000004,-11.43,6149,6966,7747,0.219
2605,LII,Industrials,Building Products & Equipment,S&P 500,96.43,55,65,49,32,544.11,17475152058.32129,34799968.0,0.0842,-21.08,418988,432126,413219,0.058
2606,BPYPM,Financial Services,Asset Management,NASDAQ,96.38,55,50,64,58,15.89,,,77.71,-11.23,14104,30021,23374,
2607,STVN,Healthcare,Medical Instruments & Supplies,NYSE,96.37,55,32,26,13,20.15,5094248888.382942,273003694.0,0.0207,-28.04,295710,324866,330040,0.066
2608,RYAN,Financial Services,Insurance - Specialty,S&P 400,96.35,55,25,12,21,46.01,4123560180.9881744,129468136.0,0.1176,-36.53,2080780,2314040,2385114,0.158
2609,SBS,Utilities,Utilities - Regulated Water,NYSE,96.35,55,63,86,82,5.52,19356585781.03638,3506627871.0,0.0062,-22.88,5427785,6202258,6201653,0.183
2610,SKYH,Real Estate,Real Estate - Development,NYSE,96.33,55,42,59,29,10.63,323782123.15831375,34481588.0,0.1233,-4.84,129210,167333,175070,0.56
2611,ENSG,Healthcare,Medical Care Facilities,S&P 400,96.33,55,25,70,60,183.14,9798370953.277588,58445400.0,0.0405,-15.99,522337,938159,878149,0.184
2612,CVLT,Technology,Software - Application,S&P 400,96.32,55,78,23,8,120.02,4898511956.25,41250627.0,0.082100004,-40.19,708986,837308,794495,0.133
2613,JD,Consumer Cyclical,Internet Retail,NASDAQ,96.32,55,22,45,23,31.79,38934914896.96503,1350500000.0,0.022,-13.75,7601179,8364129,8464021,0.049
2614,YORW,Utilities,Utilities - Regulated Water,NASDAQ,96.31,55,36,29,54,31.91,484659229.9166279,16209339.0,0.0318,-6.97,128260,179316,152398,0.088
2615,SEER,Healthcare,Biotechnology,NASDAQ,96.31,55,25,38,23,2.14,102815500.63217247,54981551.0,0.0093,-11.2,1112405,1782128,1152403,0.05
2616,AGNCL,Real Estate,REIT - Mortgage,NASDAQ,96.3,55,49,52,52,24.96,,,0.48,-1.89,11961,12223,11306,
2617,ATOM,Technology,Semiconductor Equipment & Materials,NASDAQ,96.29,55,96,97,14,4.83,386385662.2772217,38716000.0,0.1547,-60.94,653157,831465,1104739,1.75
2618,EIIA,Financial Services,Asset Management,NYSE,96.29,55,50,54,52,25.23,,,0.1,-4.18,3489,5559,4387,
2619,SCI,Consumer Cyclical,Personal Services,S&P 400,96.29,55,31,49,49,84.98,10374039676.463257,137970998.0,0.0573,-4.16,1242617,1376835,1508017,0.021
2620,BWBBP,Financial Services,Banks - Regional,NASDAQ,96.28,55,50,55,45,19.99,,,1.8,-11.08,2202,2967,2546,0.462
2621,GMAB,Healthcare,Biotechnology,NASDAQ,96.26,55,36,42,85,29.0,16164883226.36055,613934040.0,0.0167,-18.15,1645887,1954122,1938701,0.253
2622,CDNS,Technology,Software - Application,S&P 500,96.25,55,73,51,22,344.72,103411690859.86328,275816000.0,0.0198,-10.18,2901449,2483516,2456429,0.187
2623,LFMDP,Healthcare,Health Information Services,NASDAQ,96.25,55,53,56,41,23.46,,,1.35,-5.21,962,2410,2138,-0.014
2624,AVB,Real Estate,REIT - Residential,S&P 500,96.18,55,56,44,31,190.39,25893070533.86345,141872069.0,0.0394,-9.28,792046,1013872,1074925,0.025
2625,WPP,Communication Services,Advertising Agencies,NYSE,96.16,55,20,17,16,21.3,4012111352.484892,215704907.0,0.0146,-46.4,368380,531170,483944,-0.083
2626,VTN,Financial Services,Asset Management,NYSE,96.16,55,59,56,62,11.01,162102289.62119293,14643387.0,0.0032,-9.01,18020,22253,23436,-0.172
2627,PDPA,Financial Services,Asset Management,NYSE,96.16,55,46,53,52,25.14,,,1.68,-3.86,6403,3391,2404,
2628,JFR,Financial Services,Asset Management,NYSE,96.15,55,51,42,46,7.64,1228181471.1712599,160967425.0,0.0013,-11.06,445473,497081,588074,0.043
2629,UVV,Consumer Defensive,Tobacco,S&P 600,96.14,55,37,42,63,54.75,1292781710.8988342,24923496.0,0.0863,-18.38,234290,262833,266172,0.018
2630,JRI,Financial Services,Asset Management,NYSE,96.13,55,52,54,52,12.91,354631740.93413734,27448277.0,0.0044,-9.53,125089,120933,136479,
2631,GNRC,Industrials,Specialty Industrial Machinery,S&P 500,96.12,55,92,90,63,195.6,16360195352.293549,58868681.0,0.045300003,-31.87,1037380,995590,951452,0.124
2632,MNKD,Healthcare,Biotechnology,NASDAQ,96.11,55,73,9,74,3.91,1164742119.9272432,308950166.0,0.096499994,-39.94,4673245,5170955,5219855,0.151
2633,PERF,Technology,Software - Application,NYSE,96.11,55,28,33,17,1.92,176198202.77260923,101848671.0,0.00029999999,-28.09,378196,331245,231653,0.12
2634,CEV,Financial Services,Asset Management,NYSE ARCA,96.11,55,56,56,55,10.17,72727166.57323837,7033575.0,0.32,-5.66,30599,25729,26085,0.058
2635,ISBA,Financial Services,Banks - Regional,NASDAQ,96.1,55,45,65,91,39.98,293736006.747345,7202943.0,0.0255,-32.04,60156,85028,63965,0.137
2636,CCID,Financial Services,Asset Management,NYSE,96.1,55,49,51,46,25.34,,,1.33,-0.74,488,2692,2617,
2637,RNGTU,Financial Services,Shell Companies,NASDAQ,96.09,55,40,44,43,10.6,,,137.03,-0.0,410,213,172,
2638,ATO,Utilities,Utilities - Regulated Gas,S&P 500,96.07,55,46,69,54,179.38,28231150309.898193,166919822.0,0.023,-6.82,956691,1177977,1494266,0.006
2639,WFC,Financial Services,Banks - Diversified,S&P 500,96.07,55,45,42,66,86.87,237287096166.44714,3060189494.0,0.0,-11.14,17231600,16665983,16095982,0.057
2640,RMAX,Real Estate,Real Estate Services,NYSE,96.05,55,82,83,26,9.66,202561054.2900324,21232815.0,0.061300002,-16.87,344954,366461,348402,-0.057
2641,DTE,Utilities,Utilities - Regulated Electric,S&P 500,96.04,55,62,64,50,146.08,29721004062.546753,208028313.0,0.0296,-5.53,1250604,1314388,1396918,0.158
2642,OCCIM,Financial Services,Asset Management,NASDAQ,96.04,55,49,52,53,25.08,,,1.24,-3.76,889,856,1365,0.092
2643,NVG,Financial Services,Asset Management,NYSE,96.03,55,57,56,58,12.42,2706028575.72468,213577629.0,0.0028,-8.61,438178,460506,486789,-0.02
2644,MDU,Utilities,Utilities - Regulated Gas,S&P 600,96.03,55,64,74,67,20.64,4405846969.974106,209006024.0,0.0646,-10.18,1129417,1515145,1640457,-0.102
2645,RMMZ,Financial Services,Asset Management,NYSE,96.02,55,51,55,49,14.61,125641297.09720612,8455000.0,0.0041,-4.45,14049,15126,16181,
2646,NZF,Financial Services,Asset Management,NYSE,96.01,55,56,57,53,12.33,2442923253.988409,193729050.0,0.0023999999,-5.3,454819,510579,528351,-0.012
2647,SPME,Financial Services,Asset Management,NYSE,96.0,55,50,48,50,25.1,,,2.13,-3.46,2060,1640,2006,
2648,KRO,Basic Materials,Specialty Chemicals,NYSE,96.0,55,59,83,44,6.19,827231910.6233921,115053116.0,0.070199996,-21.55,460095,368455,321689,0.041
2649,TBBK,Financial Services,Banks - Regional,S&P 600,95.99,55,45,40,40,68.81,2296555648.887089,41634439.0,0.12640001,-15.73,412190,447230,423520,0.041
2650,ENR,Industrials,Electrical Equipment & Parts,S&P 600,95.98,55,63,26,27,21.85,1247586849.6829891,68473485.0,0.1116,-27.86,1042117,1031642,1062453,-0.03
2651,IHRT,Communication Services,Broadcasting,NASDAQ,95.94,55,91,98,91,3.55,651466822.4209905,151152397.0,0.0548,-45.88,596674,857231,1056018,0.096
2652,HERZ,Financial Services,Asset Management,NASDAQ,95.94,55,59,70,87,15.79,35031655.74810791,1948368.0,0.0013,-49.06,22270,29056,22114,1.712
2653,WAFDP,Financial Services,Banks - Regional,NASDAQ,95.94,55,49,50,51,16.48,,,1.39,-5.77,17510,31006,26262,0.092
2654,MTD,Healthcare,Diagnostics & Research,S&P 500,95.93,55,39,35,55,1388.38,23856688700.55066,20207601.0,0.038399998,-8.97,175203,202341,211832,0.072
2655,DMAAU,Financial Services,Shell Companies,NASDAQ,95.93,55,41,44,45,10.99,312425695.1128006,29171400.0,16.44,-12.08,10,84,798,
2656,NAD,Financial Services,Asset Management,NYSE,95.92,55,56,52,56,11.7,2785228752.6976395,233464265.0,0.0026,-4.96,524395,542435,597555,-0.016
2657,AVK,Financial Services,Asset Management,NYSE,95.91,55,66,58,60,12.23,577024096.746872,44148746.0,0.0002,-6.93,143141,132050,142886,0.081
2658,SYF,Financial Services,Credit Services,S&P 500,95.91,55,58,67,61,77.12,24030290909.69641,336370242.0,0.08140001,-13.12,4240820,4001806,3888366,0.061
2659,MFIN,Financial Services,Credit Services,NASDAQ,95.9,55,60,36,60,9.92,232060167.99235153,23849967.0,0.0434,-9.82,32625,82751,81489,-0.064
2660,ECL,Basic Materials,Specialty Chemicals,S&P 500,95.89,54,50,38,60,282.9,72048000512.0,281437502.0,0.014199999,-8.53,1262778,1476942,1623941,0.1
2661,SPMA,Financial Services,Asset Management,NYSE,95.89,54,48,53,53,25.05,,,0.34,-3.58,2770,3513,5018,
2662,COLAU,Financial Services,Shell Companies,NASDAQ,95.88,54,49,36,66,11.05,91279890.28169632,7944290.0,0.0,-19.34,0,63,110,
2663,MDLZ,Consumer Defensive,Confectioners,S&P 500,95.88,54,42,47,42,62.48,78520853835.78708,1283649766.0,0.03,-12.19,9374916,10047502,9011643,0.082
2664,SLNG,Energy,Oil & Gas Integrated,NASDAQ,95.86,54,27,22,54,4.79,68434388.92143703,18596301.0,0.0022,-24.69,69040,42980,47288,-0.401
2665,LCCCU,Financial Services,Shell Companies,NASDAQ,95.85,54,42,45,45,10.84,,,2.95,-6.55,310,390,1830,
2666,MUZEU,Financial Services,Shell Companies,NASDAQ,95.85,54,38,41,39,10.42,,,0.07,0.58,402,217,504,
2667,IMDX,Healthcare,Diagnostics & Research,NASDAQ,95.85,54,91,35,95,4.61,200521938.30177212,32290167.0,0.0747,-45.83,105693,215621,252626,-0.985
2668,ALISU,Financial Services,Shell Companies,NASDAQ,95.85,54,50,49,54,10.79,,,0.1,-2.88,1740,743,808,
2669,NMCO,Financial Services,Asset Management,NYSE,95.84,54,54,56,52,10.56,599866428.8441296,55389329.0,0.0093,-3.91,155924,160861,160988,
2670,ARR,Real Estate,REIT - Mortgage,S&P 600,95.79,54,67,67,63,16.41,2127390842.080162,124046116.0,0.0001,-15.02,4404423,4333971,3798712,
2671,AGNCZ,Real Estate,REIT - Mortgage,NASDAQ,95.77,54,48,51,53,25.29,,,0.6,-4.1,28306,45225,43801,
2672,CRESY,Industrials,Conglomerates,NASDAQ,95.77,54,47,36,70,11.39,844719073.537674,70925196.0,0.0324,-19.85,263742,297670,298046,0.05
2673,NDAQ,Financial Services,Financial Data & Stock Exchanges,S&P 500,95.76,54,24,50,48,95.96,52323832732.4771,565540798.0,0.018,-5.73,4365914,4908628,4210176,0.137
2674,VELO,Technology,Computer Hardware,NASDAQ,95.74,54,97,93,97,9.44,715522064.840908,29801002.0,0.2038,-64.38,1691360,2941806,3611086,0.482
2675,CRTO,Communication Services,Advertising Agencies,NASDAQ,95.74,54,29,23,16,21.15,916962617.75,50244527.0,0.0275,-22.58,247898,417422,374057,-0.059
2676,IR,Industrials,Specialty Industrial Machinery,S&P 500,95.73,54,39,36,69,86.5,28035370548.90695,391336834.0,0.0458,-14.32,4397404,4368178,4158066,0.076
2677,AXINU,Financial Services,Shell Companies,NASDAQ,95.73,54,49,45,41,10.65,,,0.0,-9.36,380,1473,3398,
2678,UYSC,Financial Services,Shell Companies,NASDAQ,95.72,54,48,52,46,10.78,81944322.13928604,7658348.0,0.0088,-8.26,700,553,486,
2679,FMN,Financial Services,Asset Management,NYSE,95.72,54,55,52,52,11.11,88273133.99174023,7818701.0,0.0019,-2.54,23976,26202,21537,-0.223
2680,WTFCN,Financial Services,Banks - Regional,NASDAQ,95.7,54,49,54,54,26.21,,,1.39,-4.03,12620,49403,47990,0.104
2681,UYSCU,Financial Services,Shell Companies,NASDAQ,95.69,54,46,50,36,10.74,85138125.0,6677500.0,11.66,-23.72,0,43,266,
2682,EOLS,Healthcare,Drug Manufacturers - Specialty & Generic,NASDAQ,95.69,54,79,23,10,6.22,432007162.7917609,65854751.0,0.0949,-41.43,699693,777024,757692,0.067
2683,TAYD,Industrials,Specialty Industrial Machinery,NASDAQ,95.68,54,35,67,95,55.77,164174712.0,3219112.0,0.012999999,-38.29,49240,51863,39898,0.058
2684,FLGT,Healthcare,Diagnostics & Research,NASDAQ,95.67,54,52,16,78,19.63,515187283.8856354,28400623.0,0.1509,-36.76,225927,268759,359921,-0.032
2685,WSBCO,Financial Services,Banks - Regional,NASDAQ,95.67,54,44,51,48,25.67,,,0.0018000001,-1.38,7050,23456,30116,1.077
2686,WTW,Financial Services,Insurance Brokers,S&P 500,95.66,54,23,22,53,316.16,23580825994.98059,94447976.0,0.0335,-10.38,498530,609740,648832,0.085
2687,DDS,Consumer Cyclical,Department Stores,NYSE,95.65,54,39,69,84,588.95,9217351818.058533,15617071.0,0.3066,-20.62,112823,121511,122800,0.027
2688,ENTG,Technology,Semiconductor Equipment & Materials,S&P 400,95.64,54,93,87,79,118.16,21137715977.478027,152300000.0,0.0735,-25.76,2799281,3465700,3300996,0.05
2689,EW,Healthcare,Medical Devices,S&P 500,95.64,54,62,52,51,83.68,49789426702.88086,575800000.0,0.0225,-5.21,6167942,5202440,5179914,0.167
2690,RA,Financial Services,Asset Management,NYSE,95.63,54,50,53,52,12.79,706155000.1254044,55254696.0,0.32,-5.89,140816,144472,147165,
2691,SLMBP,Financial Services,Credit Services,NASDAQ,95.63,54,47,52,48,74.64,,,3.12,-10.23,2130,3360,3362,0.025
2692,NXP,Financial Services,Asset Management,NYSE,95.63,54,47,49,42,14.26,743694189.7194691,52006586.0,0.00090000004,-2.66,129423,133564,129152,0.091
2693,OCCIN,Financial Services,Asset Management,NASDAQ,95.61,54,48,51,51,24.78,,,0.46,-0.6,1210,1366,1776,0.092
2694,JOE,Real Estate,Real Estate - Diversified,S&P 600,95.6,54,61,75,77,62.26,3652982199.3002243,57409746.0,0.028099999,-15.34,218552,294427,250562,0.051
2695,FOF,Financial Services,Asset Management,NYSE,95.6,54,59,60,70,13.45,389665705.0836086,27773750.0,0.0022,-10.57,35819,44413,48501,
2696,CHT,Communication Services,Telecom Services,NYSE,95.58,54,47,50,39,43.24,33954343904.45772,775744655.0,0.0064,-8.06,178117,171702,158241,0.075
2697,CAPN,Financial Services,Shell Companies,NASDAQ,95.56,54,46,51,49,11.1,58169012.0,5288092.0,0.00059999997,-2.97,51,997,740,
2698,UMH,Real Estate,REIT - Residential,NYSE,95.56,54,49,45,37,15.69,1279196287.8859901,85166195.0,0.0001,-10.03,456640,588336,617398,0.076
2699,NCLH,Consumer Cyclical,Travel Services,S&P 500,95.55,54,54,26,41,21.22,8420080037.654648,459110140.0,0.17559999,-21.93,12406866,15742095,18356593,0.096
2700,FSS,Industrials,Farm & Heavy Construction Machinery,S&P 600,95.55,54,64,66,50,117.8,6508940529.035889,61002256.0,0.0838,-11.36,423125,611671,543701,0.349
2701,VNOM,Energy,Oil & Gas Midstream,S&P 400,95.55,54,50,78,56,42.04,8836783182.5,194215015.0,0.041100003,-17.78,1417540,1815003,1779094,1.091
2702,TGS,Energy,Oil & Gas Integrated,NYSE,95.53,54,46,49,54,29.52,4679162737.473778,150552212.0,0.0081,-18.79,161660,239063,314738,0.413
2703,FICO,Technology,Software - Application,S&P 500,95.52,54,24,12,20,1336.22,29002314341.88208,23190906.0,0.0921,-33.12,226512,274967,299330,0.387
2704,DT,Technology,Software - Application,S&P 400,95.52,54,41,22,15,43.9,12413951512.945667,291475733.0,0.0446,-23.72,3762712,5118317,5215048,0.194
2705,BBCQU,Financial Services,Shell Companies,NASDAQ,95.52,54,55,58,43,10.78,,,0.32,-20.15,150,286,1888,
2706,TUSK,Industrials,Conglomerates,NASDAQ,95.5,54,68,74,37,2.6,161371662.85608912,48170647.0,0.0304,-27.78,139380,343660,344176,0.894
2707,AFB,Financial Services,Asset Management,NYSE,95.49,54,60,56,52,10.94,320793481.37387085,28744936.0,0.74,-2.76,82967,86202,93425,0.071
2708,FSHP,Financial Services,Shell Companies,NASDAQ,95.49,54,48,49,48,11.19,55129922.83195782,5025517.0,0.00029999999,-6.75,20,206,15912,
2709,LKFN,Financial Services,Banks - Regional,S&P 600,95.48,54,48,52,51,63.7,1510510745.7905807,24913586.0,0.0919,-8.21,166893,235604,209826,0.188
2710,SRTA,Healthcare,Medical Care Facilities,NASDAQ,95.48,54,66,76,71,5.09,545982651.74891,86526570.0,0.1014,-21.69,918530,1224553,1150518,0.874
2711,VLTO,Industrials,Pollution & Treatment Controls,S&P 500,95.47,54,29,28,35,98.47,20195628467.640427,245599266.0,0.028499998,-10.57,1864560,2284730,2324836,0.068
2712,AVPT,Technology,Software - Infrastructure,NASDAQ,95.47,54,26,15,14,12.91,2313107576.0087433,212017196.0,0.0614,-35.29,2302714,2672751,2369318,0.26
2713,BANX,Financial Services,Asset Management,NASDAQ,95.47,54,42,41,61,20.02,191777664.41036606,9685741.0,0.0027,-15.42,21581,27403,32738,-0.101
2714,RACE,Consumer Cyclical,Auto Manufacturers,NYSE,95.46,54,32,30,20,390.14,59938719104.57428,176171170.0,0.0273,-24.84,376894,473711,577086,0.032
2715,CRGY,Energy,Oil & Gas E&P,S&P 600,95.45,54,35,88,52,10.42,3817708958.259098,330251628.0,0.1154,-27.08,6064934,6330244,6341380,0.245
2716,AEAQU,Financial Services,Shell Companies,NASDAQ,95.45,54,40,43,40,10.43,,,51.02,-1.37,1330,2550,3308,
2717,VLYPN,Financial Services,Banks - Regional,NASDAQ,95.44,53,50,55,54,25.8,,,0.45,-3.06,5930,10710,12090,0.238
2718,RIBB,Financial Services,Shell Companies,NASDAQ,95.44,53,47,49,48,10.82,52679970.44286728,4793446.0,0.00059999997,-1.55,1600,1276,1152,
2719,CLM,Financial Services,Asset Management,NYSE ARCA,95.44,53,53,55,62,7.38,2282082344.320713,297921983.0,20.28,-13.48,1512537,1550365,1576609,1.473
2720,MFM,Financial Services,Asset Management,NYSE,95.44,53,57,50,55,5.37,223236963.16236687,41187631.0,0.53,-5.29,221125,232921,219897,0.014
2721,NEA,Financial Services,Asset Management,NYSE,95.43,53,55,54,55,11.28,3450943883.8724556,299041932.0,0.0044,-5.21,780952,722517,773092,-0.014
2722,NC,Energy,Thermal Coal,NYSE,95.43,53,51,68,88,47.57,381554854.49394226,7540610.0,0.0046,-19.94,11589,14506,12957,-0.043
2723,EICA,Financial Services,Asset Management,NYSE,95.42,53,47,51,51,24.96,,,0.48,-3.7,1875,2661,2727,-0.085
2724,NMZ,Financial Services,Asset Management,NYSE,95.41,53,53,47,48,10.21,1211426152.475007,117500107.0,0.0028,-5.2,608948,599759,668747,
2725,SSP,Communication Services,Broadcasting,NASDAQ,95.39,53,36,96,94,3.08,310323402.9630146,91540824.0,0.0651,-42.86,602950,794190,722308,-0.014
2726,TACHU,Financial Services,Shell Companies,NASDAQ,95.38,53,48,44,47,10.75,,,0.73,-2.27,0,210,812,
2727,DRVN,Consumer Cyclical,Auto & Truck Dealerships,NASDAQ,95.38,53,34,25,43,14.97,2282671928.6067696,164932941.0,0.1838,-24.16,681395,890278,1179085,0.041
2728,AWK,Utilities,Utilities - Regulated Water,S&P 500,95.35,53,35,36,34,138.04,24072229168.12626,195280521.0,0.0732,-6.65,2104973,2310581,2218368,0.057
2729,ONBPO,Financial Services,Banks - Regional,NASDAQ,95.34,53,45,49,50,25.05,,,1.96,-1.73,4690,6890,5904,0.462
2730,NUV,Financial Services,Asset Management,NYSE,95.34,53,52,54,54,9.08,1896930258.6937523,207541596.0,0.0022,-1.94,452154,495388,524266,0.062
2731,FSHPU,Financial Services,Shell Companies,NASDAQ,95.34,53,41,49,46,11.19,,,0.0,-16.49,10,132,421,
2732,CHAR,Financial Services,Shell Companies,NASDAQ,95.33,53,46,50,47,10.9,114718130.5,10671454.0,0.64,-3.54,530,510,4966,
2733,APPN,Technology,Software - Infrastructure,NASDAQ,95.31,53,19,16,24,27.35,1717843579.9954987,73412120.0,0.1523,-40.62,804388,824962,901303,0.215
2734,GTLB,Technology,Software - Infrastructure,NASDAQ,95.3,53,35,8,13,32.97,5242849596.326267,168851843.0,0.1292,-37.06,3873670,4439873,5667940,0.232
2735,REZI,Industrials,Industrial Distribution,S&P 600,95.29,53,31,86,82,36.65,4735099219.517441,151426260.0,0.0446,-19.08,1720166,1667245,1519677,0.08
2736,DX,Real Estate,REIT - Mortgage,NYSE,95.28,53,63,60,67,12.91,2816325405.459423,215150907.0,0.044899996,-13.53,7493471,5962737,5238412,
2737,CCAQU,Financial Services,Shell Companies,NASDAQ,95.28,53,46,45,48,10.74,,,,1.32,10,216,560,
2738,YHNAU,Financial Services,Shell Companies,NASDAQ,95.28,53,46,53,43,10.89,,,0.15,-9.7,0,22,230,
2739,ONBPP,Financial Services,Banks - Regional,NASDAQ,95.26,53,47,48,50,25.05,,,0.37,-2.15,4036,6892,8693,0.462
2740,PLRZ,Healthcare,Biotechnology,NASDAQ,95.25,53,91,87,88,11.26,32139630.30281067,1871848.0,0.020499999,-38.13,57663,50807,43116,
2741,FCT,Financial Services,Asset Management,NYSE,95.25,53,48,52,56,9.65,250999524.11524963,25983388.0,0.005,-6.22,209111,151797,136086,-0.026
2742,VLYPP,Financial Services,Banks - Regional,NASDAQ,95.25,53,46,52,50,25.02,,,17.4,-4.17,3990,4403,5022,0.238
2743,ADUR,Industrials,Pollution & Treatment Controls,NASDAQ,95.24,53,87,85,85,12.99,568305068.415945,33727303.0,5.91,-26.44,781094,583814,591026,
2744,APAM,Financial Services,Asset Management,S&P 600,95.24,53,28,32,54,40.88,2657987444.585598,70993257.0,0.1091,-15.71,923045,888811,843237,0.093
2745,ALGN,Healthcare,Medical Instruments & Supplies,S&P 500,95.24,53,56,70,39,175.6,12529591100.088821,71618127.0,0.0784,-15.7,867001,1015560,1031826,0.062
2746,SVAQU,Financial Services,Shell Companies,NASDAQ,95.23,53,49,43,41,10.35,,,14.22,2.93,1640,7126,4706,
2747,GUG,Financial Services,Asset Management,NYSE,95.23,53,55,56,54,15.38,534277369.7618065,32980083.0,0.81,-6.79,99000,85103,90132,
2748,HPF,Financial Services,Asset Management,NYSE,95.21,53,50,52,48,15.8,350310419.82730865,21650829.0,2.43,-7.76,26668,27502,33501,0.013
2749,HPI,Financial Services,Asset Management,NYSE,95.21,53,50,50,42,16.07,435104509.8677635,26792150.0,1.17,-8.75,41386,46942,48661,0.012
2750,TV,Communication Services,Telecom Services,NYSE,95.2,53,43,59,87,2.78,1401979645.2379227,527060000.0,0.51,-20.34,1014780,937006,964966,-0.031
2751,RPM,Basic Materials,Specialty Chemicals,S&P 400,95.19,53,51,33,37,111.77,13572180389.822388,128075684.0,0.0317,-13.44,1185709,952453,906147,0.089
2752,TYG,Financial Services,Asset Management,NYSE,95.18,53,43,75,57,43.33,946405383.0907059,21514102.0,0.0546,-15.34,138760,183810,197078,0.931
2753,BACC,Financial Services,Shell Companies,NASDAQ,95.18,53,44,45,46,10.5,291225926.57832813,27962163.0,0.00029999999,0.0,104659,319786,219741,
2754,HNI,Consumer Cyclical,"Furnishings, Fixtures & Appliances",S&P 600,95.18,53,45,22,66,44.1,2245458838.968361,71992908.0,0.0396,-17.25,570367,741992,700899,1.247
2755,SRE,Utilities,Utilities - Diversified,S&P 500,95.18,53,54,67,51,90.56,58263392004.566666,653690046.0,0.0167,-10.37,2537000,3658783,3606744,-0.039
2756,IVR,Real Estate,REIT - Mortgage,NYSE,95.17,53,61,68,78,7.51,730519116.4072199,92823269.0,0.09020001,-20.95,3040781,2944003,2680782,
2757,MUC,Financial Services,Asset Management,NYSE,95.16,53,54,52,54,10.68,1019070018.1173477,94183923.0,0.00090000004,-3.26,321113,327857,330878,0.073
2758,VCV,Financial Services,Asset Management,NYSE,95.15,53,53,52,55,10.59,517105655.438118,48508974.0,0.0033000002,-6.94,115950,101923,97376,-0.033
2759,CRCT,Technology,Computer Hardware,NASDAQ,95.14,53,31,32,30,4.7,871079351.1174936,209898634.0,0.1027,-35.88,477199,527176,514807,-0.019
2760,NKX,Financial Services,Asset Management,NYSE,95.14,53,53,52,55,12.25,677667451.0297546,53443804.0,0.0047999998,-7.2,147230,128780,127778,
2761,AGO,Financial Services,Insurance - Specialty,S&P 600,95.14,53,31,37,39,85.48,3286201612.8981934,44282464.0,0.064899996,-7.49,294536,365075,369903,-0.062
2762,NGG,Utilities,Utilities - Regulated Electric,NYSE,95.13,53,58,70,75,80.86,81131268167.26685,995109400.0,0.0015,-14.56,748477,1030632,1202605,0.02
2763,CCEC,Industrials,Marine Shipping,NASDAQ,95.13,53,36,35,55,22.66,1336923003.0411243,60113445.0,0.0022,-8.74,9975,13265,14171,-0.039
2764,VKTX,Healthcare,Biotechnology,NASDAQ,95.13,53,80,45,27,33.86,3801298946.6994667,116105643.0,0.2028,-21.53,1903300,2625280,2380486,
2765,IPI,Basic Materials,Agricultural Inputs,NYSE,95.1,53,30,77,72,35.28,524828478.0005646,13433030.0,0.0207,-29.92,148416,214895,208225,0.062
2766,AAON,Industrials,Building Products & Equipment,S&P 400,95.09,53,89,47,34,93.74,11484021492.0253,81911710.0,0.0794,-37.09,1072891,978580,1004772,0.543
2767,TAVI,Financial Services,Shell Companies,NASDAQ,95.09,53,43,48,46,10.83,169238456.61199474,15920833.0,0.010299999,-3.69,1130,1610,34562,
2768,DMAC,Healthcare,Biotechnology,NASDAQ,95.09,53,68,54,89,6.64,322761224.21708107,53883345.0,0.134,-36.27,177490,239970,209922,
2769,MSI,Technology,Communication Equipment,S&P 500,95.08,53,35,52,37,440.31,66942698106.328674,165995582.0,0.023599999,-10.55,846901,1028860,1074562,0.074
2770,LPAAU,Financial Services,Shell Companies,NASDAQ,95.08,53,39,42,50,11.11,,,0.5,1.55,250,173,106,
2771,MMSI,Healthcare,Medical Instruments & Supplies,S&P 600,95.07,53,26,22,26,78.29,3761835238.2234764,59654855.0,0.0652,-19.07,728053,794437,767478,0.075
2772,COF,Financial Services,Credit Services,S&P 500,95.06,53,37,31,56,212.41,116947478151.38153,622292783.0,0.016,-18.19,4817994,4742211,4791926,0.463
2773,ALHC,Healthcare,Healthcare Plans,S&P 600,95.06,53,83,75,87,18.43,3167162105.269844,206733823.0,0.1247,-22.79,3681093,4817054,5360850,0.333
2774,ARI,Real Estate,REIT - Mortgage,NYSE,95.03,53,55,66,71,6.73,1456032738.987814,132849702.0,0.053400002,-40.12,8464420,6122100,4148930,0.002
2775,IPEXU,Financial Services,Shell Companies,NASDAQ,95.03,53,41,40,44,11.08,,,10.13,-24.11,0,3,28,
2776,KNF,Basic Materials,Building Materials,S&P 400,95.02,53,58,78,32,79.0,4455745277.289314,56753855.0,0.0675,-17.81,404618,546706,549895,0.16
2777,GSRFU,Financial Services,Shell Companies,NASDAQ,95.02,53,42,40,51,10.58,276258027.9331207,26360500.0,0.33,-3.82,804,478,1314,
2778,PDT,Financial Services,Asset Management,NYSE,95.0,53,46,55,52,12.95,633505703.6288023,49185225.0,0.2,-5.13,97278,115206,124883,0.067
2779,EVTC,Technology,Software - Infrastructure,S&P 600,94.98,52,27,32,29,31.51,1507849775.3686676,61620344.0,0.048299998,-17.12,356479,549523,609013,0.084
2780,WAL,Financial Services,Banks - Regional,S&P 400,94.97,52,55,50,70,83.65,8696614090.603638,109185360.0,0.0011999999,-13.97,1156300,1126633,1079448,0.079
2781,DEI,Real Estate,REIT - Office,S&P 600,94.95,52,51,30,19,12.01,1949528565.381503,167485267.0,0.2789,-29.31,1810405,2093995,2287843,-0.002
2782,SSTI,Technology,Software - Application,NASDAQ,94.95,52,48,17,12,8.49,97284069.83492088,12953937.0,0.0875,-49.82,64570,140690,128882,-0.147
2783,MMD,Financial Services,Asset Management,NYSE,94.95,52,55,46,54,15.03,286950036.82534504,18779453.0,0.13,-4.99,31102,44347,49000,-0.15
2784,MYI,Financial Services,Asset Management,NYSE,94.93,52,55,49,54,10.75,731139761.0,66467251.0,0.0008,-6.2,231403,271051,275602,0.063
2785,BRBS,Financial Services,Banks - Regional,NYSE ARCA,94.93,52,49,53,71,3.58,296708642.0126755,89911711.0,0.0326,-25.18,306532,394144,317100,-0.1
2786,BFRI,Healthcare,Drug Manufacturers - Specialty & Generic,NASDAQ,94.92,52,81,70,26,1.11,11343762.497059822,12803344.0,0.0069,-6.72,253087,357325,296395,0.174
2787,AFYA,Consumer Defensive,Education & Training Services,NASDAQ,94.91,52,35,38,35,14.45,1247048613.5730743,89011320.0,0.0683,-22.79,85026,112985,101531,0.082
2788,PFE,Healthcare,Drug Manufacturers - General,S&P 500,94.91,52,35,61,58,25.25,149211450083.75232,5699444169.0,0.0276,-12.17,38621639,47111146,41974609,0.054
2789,PMO,Financial Services,Asset Management,NYSE,94.9,52,56,50,56,10.3,294050583.3959465,28058263.0,0.00059999997,-5.24,54691,64623,60522,0.006
2790,CLF,Basic Materials,Steel,S&P 400,94.9,52,37,27,84,11.98,7757639552.795923,570414657.0,0.1391,-28.26,33339019,24320756,22293517,0.063
2791,PW,Real Estate,REIT - Specialty,NYSE ARCA,94.9,52,56,23,38,8.8,2864374.3949353695,3672275.0,0.0128999995,348.98,10945,9741,16795,-0.011
2792,AHCO,Healthcare,Medical Devices,S&P 600,94.89,52,38,84,53,11.22,1378228575.330162,136054152.0,0.0698,-16.46,1059997,1443402,1323543,0.054
2793,VTEX,Technology,Software - Application,NYSE,94.88,52,35,30,11,4.37,642732665.3782353,170486119.0,0.0419,-35.92,886250,1445420,1443810,0.121
2794,VLYPO,Financial Services,Banks - Regional,NASDAQ,94.88,52,47,51,51,24.76,,,1.2,-3.81,7560,8223,6918,0.238
2795,SIMA,Financial Services,Shell Companies,NASDAQ,94.88,52,45,46,47,10.94,88441122.48127937,8219435.0,0.0042,-15.19,590,1176,8140,
2796,XLO,Healthcare,Biotechnology,NASDAQ,94.88,52,40,24,18,9.15,55625676.19082165,6575139.0,0.0324,-28.18,46820,51453,41236,3.317
2797,AII,Financial Services,Insurance - Property & Casualty,NYSE,94.88,52,37,59,32,19.61,320505778.07728577,19590817.0,0.0174,-25.61,63315,122538,122959,0.265
2798,SPPL,Industrials,Specialty Industrial Machinery,NASDAQ,94.87,52,77,14,18,3.17,35132403.310045004,9786185.0,0.0466,-54.71,59630,555630,1073312,0.026
2799,PJT,Financial Services,Capital Markets,S&P 600,94.86,52,29,31,38,173.23,3948580876.5791626,25824598.0,0.083900005,-11.45,410937,517669,447135,0.289
2800,SA,Basic Materials,Gold,NYSE,94.85,52,63,85,93,25.03,3671018514.977829,107622939.0,0.0429,-37.52,476706,603122,803355,
2801,PGAC,Financial Services,Shell Companies,NASDAQ,94.83,52,44,47,46,10.72,116539531.63528442,11025500.0,0.0001,1.32,450,3053,3366,
2802,PGACU,Financial Services,Shell Companies,NASDAQ,94.82,52,43,45,48,10.78,,,0.0,-2.0,52,260,334,
2803,MYN,Financial Services,Asset Management,NYSE,94.81,52,54,53,53,9.8,384281466.0092697,38313208.0,0.0015,-4.48,172586,134315,128773,0.065
2804,MBINN,Financial Services,Banks - Regional,NASDAQ,94.8,52,51,55,47,20.11,,,3.43,-6.9,4707,8069,8813,0.158
2805,NWS,Communication Services,Entertainment,S&P 500,94.8,52,29,37,30,31.81,16268768828.586563,545565694.0,0.1767,-10.6,1016148,1812852,1610473,0.088
2806,HIVE,Financial Services,Capital Markets,NASDAQ,94.79,52,92,33,26,2.84,1144720595.5695105,253256770.0,1.81,-63.78,15144762,24276094,30116224,2.186
2807,IRT,Real Estate,REIT - Residential,S&P 400,94.78,52,52,39,33,16.69,3825649180.9583817,235714682.0,0.060399998,-10.94,2233115,2774665,2872267,0.023
2808,BIPC,Utilities,Utilities - Regulated Gas,NYSE,94.78,52,32,28,70,42.52,5107802291.904907,122990668.0,6.16,-17.79,1041488,977392,1016041,-0.048
2809,ADSE,Industrials,Electrical Equipment & Parts,NASDAQ,94.77,52,37,37,29,11.98,859704458.726737,72002051.0,0.0025,-13.81,13440,15136,10450,-0.449
2810,SPEGU,Financial Services,Shell Companies,NASDAQ,94.77,52,46,44,44,10.6,,,0.04,-22.4,0,0,322,
2811,CUBWU,Financial Services,Shell Companies,NASDAQ,94.76,52,46,44,48,11.05,,,0.23,-14.34,10,83,221,
2812,FT,Financial Services,Asset Management,NYSE,94.76,52,51,58,57,7.99,202311751.49352837,25131894.0,0.48,-4.31,31583,32757,35734,
2813,BORR,Energy,Oil & Gas Drilling,NYSE,94.74,52,73,96,94,3.9,1546520592.9627857,308686731.0,0.094799995,-41.4,3582701,4940607,7173494,0.14
2814,CYPH,Financial Services,Asset Management,NASDAQ,94.72,52,81,94,92,0.61,120304864.15233779,106464482.0,0.0704,-83.51,1303530,2467813,4468348,
2815,ANIP,Healthcare,Drug Manufacturers - Specialty & Generic,S&P 600,94.72,52,56,50,56,81.04,1784894907.7463837,22734618.0,0.19440001,-18.55,273195,315358,316333,0.205
2816,GPATU,Financial Services,Shell Companies,NASDAQ,94.71,52,43,47,44,11.09,,,,-5.13,10,53,152,
2817,CHSCL,Consumer Defensive,Farm Products,NASDAQ,94.71,52,46,51,51,25.32,,,1.73,-2.95,19773,34674,27110,0.072
2818,QSEA,Financial Services,Shell Companies,NASDAQ,94.71,52,45,48,44,10.57,119689848.38848114,11409900.0,0.0002,-2.63,3803,9377,51574,
2819,MCHP,Technology,Semiconductors,S&P 500,94.7,52,84,87,82,75.71,51307804773.79734,542079281.0,0.0629,-28.51,10434387,11954939,11737875,0.351
2820,TDAC,Financial Services,Shell Companies,NASDAQ,94.69,52,44,47,47,10.84,235505625.0,21907500.0,0.02,0.37,33870,23843,128842,
2821,SCPQU,Financial Services,Shell Companies,NASDAQ,94.69,52,44,41,39,10.3,,,0.28,-8.44,150,353,526,
2822,NTES,Communication Services,Electronic Gaming & Multimedia,NASDAQ,94.68,52,47,33,52,127.35,78692673707.04916,640715469.0,0.0081,-20.18,902541,1021703,1088768,0.061
2823,RFAI,Financial Services,Shell Companies,NASDAQ,94.68,52,44,48,46,11.1,91697975.44026375,8343765.0,0.07,-2.93,3354,1974,1482,
2824,SVV,Consumer Cyclical,Specialty Retail,NYSE,94.68,52,55,21,60,10.25,1378176084.7294712,153986158.0,0.2077,-26.21,730190,802163,956578,0.089
2825,NI,Utilities,Utilities - Regulated Gas,S&P 500,94.68,52,60,68,58,45.73,22159682489.152985,479439245.0,0.0315,-6.64,4490183,4763231,4273044,0.082
2826,YHNA,Financial Services,Shell Companies,NASDAQ,94.67,52,44,49,48,10.93,46544014.58858013,4285821.0,0.0001,-4.12,1810,633,502,
2827,PHK,Financial Services,Asset Management,NYSE,94.67,52,50,48,58,4.62,850288050.130291,186466680.0,0.28,-8.33,1598056,1017838,879675,-0.015
2828,STRA,Consumer Defensive,Education & Training Services,S&P 600,94.66,52,30,39,42,81.39,1744557586.0,22730392.0,0.066300005,-12.91,312620,302480,274846,0.008
2829,NIM,Financial Services,Asset Management,NYSE,94.65,52,48,48,54,9.34,116251217.87919998,12446597.0,0.0008,-6.04,13443,14324,15642,0.035
2830,COO,Healthcare,Medical Instruments & Supplies,S&P 500,94.64,52,37,23,50,72.06,11942952122.947433,195114398.0,0.0299,-19.78,1938371,2648387,3012682,0.062
2831,QETA,Financial Services,Shell Companies,NASDAQ,94.63,52,51,47,52,11.74,43886129.22296524,3747748.0,0.0005,-10.18,0,3513,2198,
2832,HLXC,Financial Services,Shell Companies,NASDAQ,94.62,52,44,39,38,10.51,225232600.84152222,22060000.0,0.42,1.5,4038,14296,17303,
2833,NAN,Financial Services,Asset Management,NYSE,94.61,52,55,55,51,11.24,367400286.5,31947851.0,0.0072000003,-3.68,59074,64111,66524,
2834,J,Industrials,Engineering & Construction,S&P 500,94.61,52,30,33,32,140.61,14153174229.010849,118080879.0,0.0635,-16.52,772532,1104194,1150870,0.27
2835,PRAA,Financial Services,Credit Services,NASDAQ,94.59,52,61,88,17,18.04,582029959.6097565,38140888.0,0.030199999,-20.0,345925,713018,651161,0.167
2836,FBYD,Industrials,Conglomerates,NASDAQ,94.59,52,90,97,22,10.5,759688511.0,49012162.0,0.0306,-63.82,144162,189457,148256,2.148
2837,MSD,Financial Services,Asset Management,NYSE,94.58,52,47,47,55,7.33,148497620.3070488,20231283.0,0.25,-7.68,75045,90188,96693,-0.516
2838,EVR,Financial Services,Capital Markets,S&P 400,94.57,51,58,62,74,340.5,13185310929.60205,38682484.0,0.0286,-12.4,447126,417592,404795,1.003
2839,COLL,Healthcare,Drug Manufacturers - Specialty & Generic,S&P 600,94.57,51,48,35,87,35.9,1090099331.9860077,32433779.0,0.2199,-29.31,327771,429193,404178,0.089
2840,CRF,Financial Services,Asset Management,NYSE ARCA,94.57,51,54,55,60,7.03,1187302307.643435,162199765.0,0.111899994,-14.79,908702,1083504,1097572,12.282
2841,FRHC,Financial Services,Financial Conglomerates,NASDAQ,94.56,51,26,52,20,154.63,8739232656.872864,61190535.0,0.053200003,-20.3,120505,187885,183213,-0.141
2842,NAZ,Financial Services,Asset Management,NYSE,94.55,51,55,60,49,12.12,164347821.3527012,12809651.0,0.0041,-6.77,39032,26967,22476,
2843,DFP,Financial Services,Asset Management,NYSE,94.54,51,49,53,55,20.75,424728679.427742,20538137.0,0.45,-6.15,50414,48328,58820,
2844,ANSC,Financial Services,Shell Companies,NASDAQ,94.53,51,45,48,49,11.47,470730192.0401974,41547237.0,0.0001,0.79,6818,14106,35535,
2845,CHSCN,Consumer Defensive,Farm Products,NASDAQ,94.52,51,47,50,50,25.02,,,1.37,-2.95,14744,38368,32064,0.072
2846,DMAA,Financial Services,Shell Companies,NASDAQ,94.51,51,44,47,46,10.71,257578038.59518337,24276913.0,0.0036000002,0.94,22911,40863,43238,
2847,WTG,Financial Services,Shell Companies,NASDAQ,94.51,51,44,46,44,10.47,75592004.03609276,7303575.0,0.0004,1.16,12220,41606,25658,
2848,DTF,Financial Services,Asset Management,NYSE,94.51,51,47,49,49,11.47,80488540.8092165,7029567.0,0.0026,-1.12,3283,4871,6148,-0.052
2849,SPKL,Financial Services,Shell Companies,NASDAQ,94.49,51,58,47,46,11.62,103212789.38061333,8658791.0,1.6538,-7.67,49110,72346,99902,
2850,SBI,Financial Services,Asset Management,NYSE,94.48,51,51,50,52,7.65,110123713.53738976,14082316.0,1.22,-4.49,56626,60332,47433,-0.017
2851,MQY,Financial Services,Asset Management,NYSE,94.48,51,53,48,54,11.29,822494900.9488249,71833617.0,0.002,-5.44,374492,376597,383890,0.071
2852,ERIC,Technology,Communication Equipment,NASDAQ,94.46,51,68,80,80,9.97,43406025882.79191,3323585336.0,0.0149,-27.39,16973859,14532503,12914091,-0.103
2853,ARCIU,Financial Services,Shell Companies,NASDAQ,94.46,51,40,38,39,10.35,,,0.07,1.47,10180,4653,3518,
2854,BKNG,Consumer Cyclical,Travel Services,S&P 500,94.45,51,30,23,30,199.31,129737890864.10083,774878436.0,0.033299997,-14.67,5699887,7543219,7495481,0.162
2855,IBN,Financial Services,Banks - Regional,NYSE,94.45,51,45,25,36,30.26,94025717924.65134,3584663346.0,0.0155,-12.47,6323152,7175367,7320496,0.669
2856,FINS,Financial Services,Asset Management,NYSE,94.44,51,48,51,54,12.53,431745717.4695034,33416851.0,0.92,-7.53,42753,45661,39368,
2857,TLS,Technology,Software - Infrastructure,NASDAQ,94.44,51,47,58,88,4.6,358383845.395875,74819175.0,0.0242,-44.98,413300,650750,781262,0.559
2858,MAA,Real Estate,REIT - Residential,S&P 500,94.44,51,54,34,33,135.64,15021787246.567749,116384802.0,0.0279,-13.18,1019068,1042249,1011247,0.008
2859,CAPNU,Financial Services,Shell Companies,NASDAQ,94.44,51,50,40,62,11.17,,,3.0,-5.0,0,6,12,
2860,GLPI,Real Estate,REIT - Specialty,S&P 400,94.42,51,50,62,37,45.85,13302930217.499786,283221841.0,0.06,-8.21,1911629,2562956,2390795,0.063
2861,ONL,Real Estate,REIT - Office,NYSE,94.42,51,82,79,34,2.61,169353603.72394753,56830068.0,0.0094,-14.43,184103,485867,424786,-0.039
2862,BGY,Financial Services,Asset Management,NYSE,94.42,51,53,50,61,5.66,522845403.62166643,90614455.0,0.0007,-9.15,216664,239861,291664,0.115
2863,KREF,Real Estate,REIT - Mortgage,NYSE,94.41,51,36,19,36,7.33,428883786.2957325,64300417.0,0.0986,-26.58,1588561,1199137,1148996,
2864,KTF,Financial Services,Asset Management,NYSE,94.41,51,55,55,51,8.82,358431452.7567482,39172838.0,0.58,-5.87,255879,148786,128683,-0.015
2865,EFSCP,Financial Services,Banks - Regional,NASDAQ,94.41,51,43,54,54,20.04,,,0.010199999,-16.78,1741,1597,1746,0.126
2866,FFC,Financial Services,Asset Management,NYSE,94.4,51,49,49,56,16.07,775182353.9913635,48177896.0,0.41,-5.47,85173,97864,116346,-0.012
2867,MHK,Consumer Cyclical,"Furnishings, Fixtures & Appliances",S&P 600,94.39,51,60,31,61,117.14,6547586724.291458,60953145.0,0.14649999,-18.16,655377,751082,716743,0.08
2868,WMS,Industrials,Building Products & Equipment,S&P 400,94.39,51,66,64,76,145.06,10659059005.78186,76595708.0,0.0434,-19.1,573360,785103,900112,0.099
2869,GIWWU,Financial Services,Shell Companies,NASDAQ,94.37,51,41,42,42,10.46,,,2.33,-1.97,143,97,222,
2870,SJ,Communication Services,Internet Content & Information,NASDAQ,94.37,51,44,75,96,0.92,50106064.01273918,42462768.0,0.0004,-43.56,16300,52266,71748,-0.08
2871,RIV,Financial Services,Asset Management,NYSE,94.37,51,55,58,60,11.24,322159789.8095703,27371264.0,0.0011999999,-9.06,76825,70448,70245,
2872,SSBI,Financial Services,Banks - Regional,NASDAQ,94.36,51,66,66,84,13.17,91889605.75349426,6771526.0,0.0023,-5.93,6380,5753,4966,-0.036
2873,UGI,Utilities,Utilities - Regulated Gas,S&P 400,94.35,51,35,47,73,36.94,7486628030.473389,214393712.0,0.0713,-10.64,1103790,1359766,1589996,0.007
2874,RFAIU,Financial Services,Shell Companies,NASDAQ,94.35,51,45,45,45,11.07,,,,-1.95,0,20,478,
2875,JBS,Consumer Defensive,Packaged Foods,NYSE,94.35,51,22,63,67,13.93,13353834767.564972,1070876863.0,0.1022,-25.31,4709400,5925660,7357358,0.107
2876,APXTU,Financial Services,Shell Companies,NASDAQ,94.34,51,42,42,40,10.35,,,33.42,-0.58,25207,18452,11311,
2877,REGCP,Real Estate,REIT - Retail,NASDAQ,94.33,51,41,46,44,23.08,,,0.56,-6.75,1439,3823,3357,0.1
2878,RERE,Consumer Cyclical,Internet Retail,NYSE,94.33,51,28,74,93,4.33,1029932557.3230152,221490868.0,0.0235,-33.08,981080,943620,1172390,0.324
2879,GAB,Financial Services,Asset Management,NYSE,94.32,51,49,49,62,5.65,1745813539.7692423,311196702.0,0.01,-10.42,1002479,1057599,1086147,0.194
2880,LCCC,Financial Services,Shell Companies,NASDAQ,94.32,51,43,47,45,10.48,92611996.60301208,8905000.0,0.00090000004,0.29,17468,23236,43979,
2881,GRF,Financial Services,Asset Management,NYSE ARCA,94.3,51,44,50,68,10.41,40313213.154556274,3967836.0,0.01,-12.15,1478,2052,3971,-0.02
2882,FNF,Financial Services,Insurance - Specialty,S&P 400,94.3,51,31,35,38,54.1,12744609108.298187,269157540.0,0.0279,-8.63,1590567,1719715,1548339,0.167
2883,PNI,Financial Services,Asset Management,NYSE,94.29,51,52,54,50,6.85,78799272.35174179,11209000.0,0.68,-4.86,54493,76611,64686,0.87
2884,CRAQU,Financial Services,Shell Companies,NASDAQ,94.28,51,39,42,43,10.55,,,,-8.26,50,33,24,
2885,DSM,Financial Services,Asset Management,NYSE,94.28,51,55,54,58,5.89,303986454.3638873,49428691.0,0.0023,-6.51,117388,124299,113319,0.015
2886,RNP,Financial Services,Asset Management,NYSE,94.28,51,47,51,37,20.74,1009921706.1053848,48000079.0,0.00029999999,-9.79,81759,106896,113767,-0.002
2887,DMB,Financial Services,Asset Management,NYSE,94.28,51,56,52,57,10.62,201913528.72492504,18405973.0,0.49,-5.85,49892,62140,50968,-0.0
2888,PFN,Financial Services,Asset Management,NYSE,94.27,51,51,48,54,7.02,688228734.7806478,98600105.0,0.45,-8.47,800360,591276,496588,-0.034
2889,WEC,Utilities,Utilities - Regulated Electric,S&P 500,94.24,51,56,58,53,113.61,36171837535.93588,325725678.0,0.052199997,-5.02,1881540,2089910,2160716,0.09
2890,NTWO,Financial Services,Shell Companies,NASDAQ,94.24,51,43,47,46,10.74,257321723.0899334,24116375.0,0.08,0.66,30,1003,2740,
2891,FTHY,Financial Services,Asset Management,NYSE,94.24,51,47,46,49,13.62,508570435.0644436,36772989.0,0.0037,-9.08,87410,81533,91500,
2892,ONEW,Consumer Cyclical,Specialty Retail,NASDAQ,94.23,51,47,12,31,13.05,182959130.2134533,16617541.0,0.1302,-27.18,104829,108966,98317,-0.085
2893,AXP,Financial Services,Credit Services,S&P 500,94.22,51,50,44,60,336.63,215935850249.12802,682326443.0,0.0232,-13.13,3129658,3310462,3121599,0.116
2894,EXP,Basic Materials,Building Materials,S&P 400,94.22,51,61,36,36,222.05,6845110926.789001,30948147.0,0.08,-8.86,549591,488597,480050,0.019
2895,ERH,Financial Services,Asset Management,NYSE ARCA,94.22,51,52,62,49,11.95,106074255.63152122,8832161.0,0.23,-8.57,35771,24367,26472,-0.06
2896,LPBBU,Financial Services,Shell Companies,NASDAQ,94.21,51,44,43,45,10.86,,,,-6.94,360,153,106,
2897,EVN,Financial Services,Asset Management,NYSE,94.19,50,57,47,52,10.55,428998605.25,39906847.0,1.03,-6.06,69708,70432,71963,0.077
2898,DDL,Consumer Defensive,Grocery Stores,NYSE,94.19,50,20,60,86,2.41,551015935.7094464,218657119.0,0.0161,-29.33,380002,531324,490942,1.952
2899,JGH,Financial Services,Asset Management,NYSE,94.18,50,51,51,52,12.48,360854473.734169,28125836.0,0.0018000001,-8.91,146526,114698,103655,
2900,BJ,Consumer Defensive,Discount Stores,S&P 400,94.16,50,27,34,33,97.16,10889743055.483551,127693987.0,0.0637,-15.83,1556148,1953942,2260603,0.099
2901,OPP,Financial Services,Asset Management,NYSE,94.16,50,47,51,46,7.6,191424399.64680862,24990131.0,1.23,-13.83,85051,77143,81728,
2902,MHD,Financial Services,Asset Management,NYSE,94.15,50,53,52,54,11.5,607971234.6038208,52141616.0,0.0021,-4.56,255974,354164,367490,0.112
2903,OBAWU,Financial Services,Shell Companies,NASDAQ,94.15,50,40,44,45,10.39,,,53.67,-7.6,10,23,68,
2904,SBXE,Financial Services,Shell Companies,NYSE,94.14,50,40,42,39,10.17,343620001.31607056,34500000.0,0.51,-0.68,5062,59894,67532,
2905,NMP,Financial Services,Shell Companies,NASDAQ,94.14,50,44,47,43,10.3,163221927.74467278,15970834.0,0.0026,0.59,56627,44749,27411,
2906,CLSK,Financial Services,Capital Markets,S&P 600,94.14,50,88,58,34,13.48,4693371638.672195,256608606.0,0.4584,-42.91,24549079,22197973,23294041,-0.249
2907,CARG,Consumer Cyclical,Auto & Truck Dealerships,S&P 600,94.13,50,31,66,27,36.42,2692986801.325836,90187098.0,0.1667,-7.61,989845,1329448,1431441,0.148
2908,CCAQ,Financial Services,Shell Companies,NASDAQ,94.12,50,44,47,44,10.48,210016601.2554617,20232813.0,0.0001,-0.19,88442,102204,61796,
2909,ATHE,Healthcare,Biotechnology,NASDAQ,94.12,50,81,73,15,4.57,77905238.51603222,18909039.0,0.0005,-34.71,13905,21295,54171,0.746
2910,KFII,Financial Services,Shell Companies,NASDAQ,94.11,50,44,47,47,10.6,413366301.31750107,39256060.0,0.04,0.66,4933,39281,27672,
2911,EEFT,Technology,Software - Infrastructure,S&P 400,94.11,50,29,27,20,82.74,2759682940.935562,38075094.0,0.1309,-27.58,638989,691596,693543,0.105
2912,NPB,Financial Services,Banks - Regional,NYSE,94.11,50,65,66,68,17.3,590657858.7216148,34581842.0,0.0094,-11.17,225915,219751,183321,0.279
2913,AACB,Financial Services,Shell Companies,NASDAQ,94.1,50,44,45,48,10.55,289480501.05571747,27675000.0,0.0001,0.86,19120,25406,21306,
2914,NVMI,Technology,Semiconductor Equipment & Materials,NASDAQ,94.1,50,88,90,91,402.32,15977188428.045319,31806161.0,0.0543,-28.79,555124,549931,512976,0.103
2915,ARE,Real Estate,REIT - Office,S&P 500,94.09,50,44,13,21,54.0,8657707819.582825,174269480.0,0.0579,-38.8,1417730,1635166,1801520,-0.115
2916,MFA,Real Estate,REIT - Mortgage,NYSE,94.08,50,58,71,60,9.2,980101114.1457176,102093862.0,0.0328,-12.96,1335429,1712549,1530687,-0.465
2917,ADACU,Financial Services,Shell Companies,NASDAQ,94.08,50,43,42,39,10.23,,,1.66,-0.2,0,170,542,
2918,THM,Basic Materials,Gold,NYSE ARCA,94.07,50,78,93,98,1.91,720384451.2104006,265824517.0,0.024500001,-47.67,604830,1005336,957840,
2919,DECK,Consumer Cyclical,Footwear & Accessories,S&P 500,94.07,50,39,35,59,103.92,15811596742.534477,138880957.0,0.0493,-17.85,2739969,2434326,2360579,0.096
2920,CHARU,Financial Services,Shell Companies,NASDAQ,94.07,50,41,48,44,10.8,,,0.0,-13.25,0,0,74,
2921,GDL,Financial Services,Asset Management,NYSE,94.07,50,47,51,55,8.39,92995640.07117653,10927807.0,0.0005,-3.23,7603,8194,9500,
2922,COLA,Financial Services,Shell Companies,NASDAQ,94.06,50,45,48,50,10.67,48652301.31775379,4494439.0,0.0058,-4.3,21974,18808,40974,
2923,LEO,Financial Services,Asset Management,NYSE,94.06,50,56,53,58,6.19,400530180.52706623,62290854.0,0.0011999999,-5.5,209438,253122,229297,0.035
2924,GTIM,Consumer Cyclical,Restaurants,NASDAQ,94.06,50,47,30,17,1.42,13619685.43724823,10557896.0,0.007900001,-32.06,19552,30597,28910,-0.031
2925,CMS,Utilities,Utilities - Regulated Electric,S&P 500,94.06,50,54,57,45,74.37,22418295422.86522,308919602.0,0.0,-7.45,3836774,3435288,3441202,0.116
2926,HTHT,Consumer Cyclical,Lodging,NASDAQ,94.05,50,47,82,84,42.85,13804744047.212357,307523819.0,0.0401,-24.35,1596903,1809337,2094002,0.111
2927,WAVE,Utilities,Utilities - Renewable,NASDAQ,94.05,50,84,63,14,7.37,51505834.69787598,5839664.0,0.28,-29.81,26080,123366,85754,
2928,RVSB,Financial Services,Banks - Regional,NASDAQ,94.05,50,35,38,46,5.37,115368076.3356862,20564719.0,0.026099999,-10.35,61894,166878,116984,-0.922
2929,ERC,Financial Services,Asset Management,NYSE ARCA,94.05,50,50,49,53,9.03,257533901.74134064,28053801.0,0.77,-7.67,33656,45488,65841,-0.066
2930,XRPNU,Financial Services,Shell Companies,NASDAQ,94.05,50,45,38,35,10.8,,,25.71,-21.97,330,896,6600,
2931,ALLO,Healthcare,Biotechnology,NASDAQ,94.04,50,85,84,80,1.66,748985423.7032032,345154561.0,0.1356,-62.78,5667433,9158747,8437112,
2932,DSACU,Financial Services,Shell Companies,NASDAQ,94.04,50,45,40,41,10.28,,,0.0,-6.55,30,10546,6670,
2933,IAF,Financial Services,Asset Management,NYSE ARCA,94.04,50,44,47,64,12.71,123229313.49015331,9582373.0,0.37,-12.59,12013,15981,19420,-0.071
2934,ITRI,Technology,Scientific & Technical Instruments,S&P 600,94.04,50,21,17,30,107.02,3657109489.4042435,44339347.0,0.1933,-24.63,1286536,865798,776809,-0.033
2935,LEG,Consumer Cyclical,"Furnishings, Fixtures & Appliances",S&P 600,94.02,50,71,54,82,10.74,1401161385.573822,136432456.0,0.1864,-17.38,1882555,2567421,2590655,-0.102
2936,SVCC,Financial Services,Shell Companies,NASDAQ,94.02,50,43,46,45,10.64,228469750.65364838,21614925.0,0.0008,0.66,6890,5180,5358,
2937,COPL,Financial Services,Shell Companies,NYSE,94.01,50,43,46,46,10.47,247961702.3241682,23728393.0,0.05,-2.06,71960,52070,62396,
2938,LYB,Basic Materials,Specialty Chemicals,S&P 500,94.0,50,30,87,51,58.22,21513605612.980476,322784773.0,0.04,-30.64,4300652,5266600,5191730,-0.063
2939,CHPGU,Financial Services,Shell Companies,NASDAQ,94.0,50,44,44,44,10.48,,,,-13.39,0,0,6,
2940,MACI,Financial Services,Shell Companies,NASDAQ,93.98,50,43,48,47,10.91,234162164.61040115,21621622.0,0.06,-4.09,625,271,14085,
2941,RANG,Financial Services,Shell Companies,NASDAQ,93.98,50,45,47,45,10.72,170157869.49396133,16037500.0,0.0001,-7.82,140,1583,6204,
2942,JACS,Financial Services,Shell Companies,NYSE,93.97,50,44,47,45,10.7,314245796.61369324,29590000.0,0.0002,0.47,30296,37855,34179,
2943,CAR,Industrials,Rental & Leasing Services,S&P 400,93.96,50,51,87,51,166.32,6211545408.876038,35324986.0,0.60080004,-80.38,545283,641377,760852,0.041
2944,ABLV,Consumer Cyclical,Specialty Retail,NASDAQ,93.95,50,87,17,17,0.87,54328915.3775475,49389922.0,0.0061000003,-50.85,39592,71324,91898,-0.106
2945,GTERA,Financial Services,Shell Companies,NASDAQ,93.95,50,44,46,44,10.35,244150829.09488678,23727000.0,0.0013,0.53,3720,5466,21562,
2946,BLRKU,Financial Services,Shell Companies,NASDAQ,93.94,50,39,41,40,10.23,,,80.29,-6.92,747,365,243,
2947,LKSPU,Financial Services,Shell Companies,NASDAQ,93.94,50,44,44,45,10.35,,,1.05,-0.12,0,123,114,
2948,KBH,Consumer Cyclical,Residential Construction,S&P 400,93.94,50,64,32,39,57.8,3058636038.208008,62600000.0,0.17870001,-15.88,993214,1422061,1283586,-0.226
2949,UMBFO,Financial Services,Banks - Regional,NASDAQ,93.93,50,47,51,52,26.21,,,1.32,-6.56,9790,17166,14372,0.49
2950,SPEG,Financial Services,Shell Companies,NASDAQ,93.93,50,43,46,44,10.32,157013326.4104786,15333333.0,0.00029999999,-6.44,17440,24270,16276,
2951,GENC,Industrials,Farm & Heavy Construction Machinery,NYSE ARCA,93.92,50,49,56,48,15.06,206820170.18767738,14657702.0,0.0061000003,-13.45,31205,32955,34535,-0.115
2952,RNW,Utilities,Utilities - Renewable,NASDAQ,93.91,50,61,25,19,6.09,2327222730.394372,364197618.0,0.0468,-26.09,1466557,1421669,1438417,0.095
2953,OXM,Consumer Cyclical,Apparel Manufacturing,NYSE,93.9,50,32,64,24,41.08,664874527.8642082,14900819.0,0.3502,-27.15,385951,528793,496516,-0.041
2954,TVAI,Financial Services,Shell Companies,NASDAQ,93.9,50,44,46,44,10.36,280389049.6418257,27195833.0,0.00029999999,-1.33,134000,55413,42498,
