Rank,Ticker,Sector,Industry,Exchange,Relative Strength,Percentile,1M_RS_Percentile,3M_RS_Percentile,6M_RS_Percentile,Price,MarketCap,Float,ShortFloatPct,PctFrom52WkHigh,AvgVol10,AvgVol30,AvgVol50,RevenueGrowth
2955,INAC,Financial Services,Shell Companies,NASDAQ,93.89,49,42,45,43,10.29,150943643.24569702,14755000.0,0.0001,0.49,4230,11860,8808,
2956,LDP,Financial Services,Asset Management,NYSE,93.89,49,53,50,52,20.61,603684655.3757057,29079222.0,0.0016,-6.53,48768,46896,58963,
2957,QUMS,Financial Services,Shell Companies,NASDAQ,93.88,49,43,45,43,10.27,116347838.02435398,11406651.0,0.00090000004,0.39,16150,35480,26060,
2958,IPEX,Financial Services,Shell Companies,NASDAQ,93.88,49,43,46,45,10.54,124810244.54832077,11909375.0,0.01,0.48,38879,17773,13719,
2959,CRAQ,Financial Services,Shell Companies,NASDAQ,93.88,49,43,44,43,10.35,400055876.9245148,38991800.0,0.08,-0.86,0,7413,12248,
2960,CBLL,Healthcare,Medical Devices,NASDAQ,93.87,49,68,77,85,17.83,700042843.9479828,37942700.0,0.0798,-26.72,369265,387598,347393,0.293
2961,CODA,Industrials,Aerospace & Defense,NASDAQ,93.87,49,45,79,83,9.92,141402945.64984894,11276152.0,0.020399999,-42.59,81452,170567,148472,0.288
2962,CHPG,Financial Services,Shell Companies,NASDAQ,93.84,49,42,46,46,10.42,103468279.53113747,9987286.0,0.00090000004,0.58,1340,4613,5910,
2963,DIBS,Communication Services,Internet Content & Information,NASDAQ,93.83,49,82,79,92,4.13,159707469.04606676,35333511.0,0.024300002,-37.66,80467,248002,246161,-0.007
2964,MHF,Financial Services,Asset Management,NYSE,93.83,49,53,46,44,6.81,154115533.3306861,22206849.0,1.22,-10.86,61636,73732,65257,-0.017
2965,SSEA,Financial Services,Shell Companies,NASDAQ,93.83,49,43,46,44,10.3,78038613.8789978,7635872.0,0.0001,0.1,24980,13033,10336,
2966,SDHI,Financial Services,Shell Companies,NASDAQ,93.83,49,42,46,43,10.47,361966831.9606781,34838000.0,0.0002,0.19,2441,24417,24060,
2967,DSAC,Financial Services,Shell Companies,NASDAQ,93.83,49,40,41,39,10.18,339843138.8838215,34018333.0,0.0001,1.39,77727,80965,61127,
2968,CRANU,Financial Services,Shell Companies,NASDAQ,93.83,49,42,43,43,10.34,,,0.37,-7.93,6930,2490,2040,
2969,MSCI,Financial Services,Financial Data & Stock Exchanges,S&P 500,93.82,49,39,50,47,579.39,45918747392.075195,72727592.0,0.024400001,-9.51,941312,796420,729604,0.141
2970,LTRX,Technology,Communication Equipment,NASDAQ,93.82,49,75,92,95,5.33,300617829.0944767,39816930.0,0.0111,-39.09,822635,1221261,1367769,0.059
2971,SOCA,Financial Services,Shell Companies,NASDAQ,93.82,49,43,45,42,10.3,242273613.92883682,23590419.0,0.0001,0.29,43880,18813,13400,
2972,NNI,Financial Services,Credit Services,NYSE,93.82,49,48,67,62,136.94,4691905646.298645,35934023.0,0.0275,-5.15,83146,123285,129273,-0.071
2973,LPBB,Financial Services,Shell Companies,NASDAQ,93.81,49,42,46,46,10.76,307337487.9360199,28750000.0,0.0001,0.56,136683,67767,50242,
2974,STRS,Real Estate,Real Estate - Diversified,NASDAQ,93.8,49,65,87,92,19.58,228305880.84516716,7982723.0,0.0177,-40.54,68240,82023,85200,-0.248
2975,PACHU,Financial Services,Shell Companies,NASDAQ,93.8,49,41,46,44,10.4,,,0.01,-7.14,250,243,400,
2976,POLE,Financial Services,Shell Companies,NASDAQ,93.79,49,43,46,44,10.8,316642286.49139404,29510000.0,0.01,-0.92,13529,11129,9901,
2977,ATIIU,Financial Services,Shell Companies,NASDAQ,93.79,49,61,59,51,11.23,317141385.3931427,25765000.0,0.0,-77.98,140,1430,2378,
2978,WSTN,Financial Services,Shell Companies,NASDAQ,93.78,49,42,44,42,10.16,81194399.38545227,8055000.0,14.28,0.59,76580,26776,16814,
2979,CHSCM,Consumer Defensive,Farm Products,NASDAQ,93.78,49,45,52,52,24.41,,,1.17,-3.9,23109,37206,29903,0.072
2980,HAVAU,Financial Services,Shell Companies,NASDAQ,93.77,49,42,44,42,10.26,188443123.10385895,18339964.0,328.15,-6.96,49,16,3605,
2981,NMPAU,Financial Services,Shell Companies,NASDAQ,93.77,49,44,49,43,10.48,,,0.08,-8.15,1140,383,352,
2982,IRHOU,Financial Services,Shell Companies,NASDAQ,93.76,49,44,41,38,10.2,,,0.02,-9.65,0,266,374,
2983,FACTU,Financial Services,Shell Companies,NASDAQ,93.76,49,44,49,49,10.83,,,0.54,-9.83,50,243,536,
2984,USPH,Healthcare,Medical Care Facilities,S&P 600,93.76,49,26,30,48,79.0,977959413.6508408,15218789.0,0.0728,-15.51,212810,224846,219706,0.079
2985,BBN,Financial Services,Asset Management,NYSE,93.76,49,50,49,44,15.82,991151981.1327362,61792514.0,0.0013,-9.34,94064,134794,147616,
2986,MMU,Financial Services,Asset Management,NYSE,93.76,49,54,49,57,10.06,563120345.7989807,54618848.0,0.0011,-6.07,90111,122643,126504,-0.021
2987,DAKT,Technology,Electronic Components,NASDAQ,93.75,49,55,60,86,19.73,1008104891.1166534,48747818.0,0.0476,-30.21,413165,592385,483337,0.216
2988,MPT,Real Estate,REIT - Healthcare Facilities,S&P 600,93.75,49,43,54,61,4.83,3056291079.854965,598100000.0,0.2974,-25.35,4702801,6323393,5800808,0.126
2989,GSHR,Financial Services,Shell Companies,NASDAQ,93.75,49,42,45,46,10.49,212722725.79737663,20454109.0,0.05,-6.34,110,4326,3968,
2990,PTORU,Financial Services,Shell Companies,NASDAQ,93.74,49,41,40,40,10.15,,,0.42,-2.4,920,1490,6060,
2991,BMN,Financial Services,Asset Management,NYSE,93.73,49,43,50,53,25.3,158916832.3951435,6147653.0,1.21,-9.51,7191,7710,7598,
2992,ALDF,Financial Services,Shell Companies,NASDAQ,93.73,49,41,46,47,10.74,318693845.6587639,29868214.0,0.0001,0.66,9397,17522,13867,
2993,TACOU,Financial Services,Shell Companies,NASDAQ,93.73,49,45,44,39,10.87,,,0.99,-3.46,200,2160,2546,
2994,CEPV,Financial Services,Shell Companies,NASDAQ,93.73,49,39,39,38,10.45,327437006.0634613,31790000.0,0.02,0.87,49592,79824,62696,
2995,APAC,Financial Services,Shell Companies,NASDAQ,93.72,49,42,44,44,10.19,81550725.13129711,8050417.0,0.004,0.59,27076,10588,7431,
2996,HBANL,Financial Services,Banks - Regional,NASDAQ,93.71,49,45,52,48,25.02,,,1.69,-5.32,31056,26152,21573,0.336
2997,FSUN,Financial Services,Banks - Regional,NASDAQ,93.71,49,49,36,66,39.34,1656816227.9072762,46736705.0,0.0294,-7.09,273691,346127,272418,0.101
2998,CHECU,Financial Services,Shell Companies,NASDAQ,93.71,49,44,43,44,10.25,0.0,0.0,82.17,-1.49,1060,376,230,
2999,GIXXU,Financial Services,Shell Companies,NASDAQ,93.69,49,40,43,39,10.24,,,1.72,-4.39,451,170,128,
3000,CRAN,Financial Services,Shell Companies,NASDAQ,93.68,49,43,43,42,10.14,470406987.4763489,46900000.0,0.04,0.4,32074,77308,53000,
3001,SAAQU,Financial Services,Shell Companies,NASDAQ,93.68,49,47,45,39,10.44,,,1.39,-4.22,30,433,3066,
3002,FIGXU,Financial Services,Shell Companies,NASDAQ,93.68,49,42,43,43,10.34,,,0.53,-8.54,8700,2910,1760,
3003,RCEL,Healthcare,Medical Devices,NASDAQ,93.68,49,46,27,21,4.61,133263061.02192497,30776689.0,0.1164,-35.25,294103,347401,320078,0.04
3004,XRPN,Financial Services,Shell Companies,NASDAQ,93.68,49,41,45,42,10.45,410093313.5509491,39470000.0,0.0042,-4.18,47130,40143,48962,
3005,MGRC,Industrials,Rental & Leasing Services,NASDAQ,93.67,49,55,38,49,119.98,2676987259.8303986,24561770.0,0.0186,-6.56,151084,206474,185334,0.016
3006,SIMAU,Financial Services,Shell Companies,NASDAQ,93.66,49,48,45,47,10.91,,,0.0,-27.22,330,850,2076,
3007,RYN,Real Estate,REIT - Specialty,S&P 400,93.66,49,45,35,48,22.09,6282609304.908463,300747223.0,0.0381,-19.2,2256813,2434741,2533352,2.338
3008,GSHRU,Financial Services,Shell Companies,NASDAQ,93.65,49,42,43,43,10.53,,,,-0.66,0,0,100,
3009,APACU,Financial Services,Shell Companies,NASDAQ,93.65,49,46,49,47,10.3,,,0.46,-2.51,3512,1314,1004,
3010,HAVA,Financial Services,Shell Companies,NASDAQ,93.64,49,42,44,42,10.15,208587343.54123497,20693189.0,0.00029999999,0.4,12217,7035,12385,
3011,YCY,Financial Services,Shell Companies,NYSE,93.64,49,42,44,43,10.2,149710137.75157928,14735250.0,0.0,0.39,980,2503,14042,
3012,AXIN,Financial Services,Shell Companies,NASDAQ,93.64,49,45,44,42,10.28,283300679.4912672,27266667.0,0.03,-1.25,114488,63879,150235,
3013,NMAX,Communication Services,Broadcasting,NYSE,93.63,49,43,12,6,7.97,1099157118.5125256,129160645.0,0.92370003,-59.75,700311,1093380,1279854,0.14
3014,SOR,Financial Services,Asset Management,NYSE,93.62,48,49,54,66,45.24,376813842.332428,8230971.0,0.0,-10.26,9090,11433,11142,0.138
3015,WFG,Basic Materials,Lumber & Wood Production,NYSE,93.62,48,47,32,50,67.44,5388869006.14357,78303822.0,11.43,-14.14,237630,202416,204830,-0.086
3016,NCMI,Communication Services,Advertising Agencies,NASDAQ,93.62,48,46,22,17,3.96,294470117.29794383,93780289.0,0.124,-28.52,310921,418167,400030,-0.026
3017,CAMT,Technology,Semiconductor Equipment & Materials,NASDAQ,93.62,48,83,93,88,140.06,7903995090.439911,46044477.0,0.1026,-35.15,469051,515127,507110,0.025
3018,HUN,Basic Materials,Chemicals,NYSE,93.61,48,46,84,81,11.43,2691608936.090378,175349112.0,0.1735,-28.11,3585620,7052726,5972408,0.007
3019,FERAU,Financial Services,Shell Companies,NASDAQ,93.61,48,44,42,49,10.74,,,0.0,-1.47,0,1746,1082,
3020,BLK,Financial Services,Asset Management,S&P 500,93.6,48,30,44,51,1097.55,162511359162.29846,155233989.0,0.014199999,-10.03,884226,880902,810671,0.27
3021,BLUW,Financial Services,Shell Companies,NASDAQ,93.6,48,42,44,49,10.35,331803174.7894287,32308000.0,0.01,-0.58,35704,20258,24964,
3022,TACH,Financial Services,Shell Companies,NASDAQ,93.59,48,43,45,45,10.43,357756949.2815685,34432814.0,0.21,0.38,116620,148866,115010,
3023,VIV,Communication Services,Telecom Services,NYSE,93.59,48,53,80,84,13.15,20995134281.202187,1597803176.0,0.0137,-23.81,1254130,1170010,1114364,0.074
3024,IGACU,Financial Services,Shell Companies,NASDAQ,93.58,48,40,45,42,10.3,,,0.0,-7.52,730,330,300,
3025,SDHY,Financial Services,Asset Management,NYSE,93.58,48,48,48,52,15.96,396989474.8048096,24673056.0,0.43,-7.1,51182,55460,64304,
3026,PACH,Financial Services,Shell Companies,NASDAQ,93.57,48,42,45,43,10.27,322891251.206398,31625000.0,0.0001,0.54,59770,55696,40108,
3027,PCQ,Financial Services,Asset Management,NYSE,93.57,48,52,49,52,8.62,167981857.24067688,18981000.0,0.93,-6.2,125749,119946,138623,1.649
3028,KCHV,Financial Services,Shell Companies,NASDAQ,93.57,48,44,46,43,10.37,354221355.78726196,34257384.0,0.05,0.29,24008,22936,27055,
3029,EVAC,Financial Services,Shell Companies,NYSE,93.56,48,41,44,44,10.24,594706966.2980442,58447858.0,0.02,0.39,82920,87793,77506,
3030,HIX,Financial Services,Asset Management,NYSE,93.56,48,49,47,56,3.88,362980946.167377,90069709.0,0.34,-11.82,346389,311636,334309,-0.081
3031,NVO,Healthcare,Drug Manufacturers - General,NYSE,93.56,48,52,20,28,50.96,201954307397.15424,4430765671.0,0.0068,-37.43,8630089,10192226,11500047,0.24
3032,SBXD,Financial Services,Shell Companies,NYSE,93.55,48,40,45,45,10.84,274914004.85515594,25455000.0,0.0,-6.87,16853,24111,18522,
3033,MKLY,Financial Services,Shell Companies,NASDAQ,93.55,48,43,46,44,10.18,248068946.85470295,24344353.0,0.00059999997,-0.1,3191,11860,16366,
3034,CRAC,Financial Services,Shell Companies,NASDAQ,93.54,48,41,45,43,10.15,226148054.82029915,22368750.0,0.0004,0.4,42047,56022,36621,
3035,LWAC,Financial Services,Shell Companies,NASDAQ,93.54,48,40,45,41,10.26,307065751.1472702,30075000.0,0.06,0.49,6569,7249,6319,
3036,SWKS,Technology,Semiconductors,S&P 500,93.54,48,57,64,20,64.68,11709103990.048714,150405963.0,0.2575,-28.84,5272820,5584953,5388804,-0.01
3037,GPAT,Financial Services,Shell Companies,NASDAQ,93.54,48,41,46,46,10.91,389203122.25818634,35937500.0,0.0,-2.68,42992,62347,38476,
3038,HPS,Financial Services,Asset Management,NYSE,93.53,48,49,53,47,14.19,471595497.35142136,32168861.0,3.22,-9.5,49210,50866,52126,0.011
3039,VNME,Financial Services,Shell Companies,NASDAQ,93.53,48,41,45,44,10.24,254999995.23162842,25000000.0,0.0022,0.39,50,5646,8832,
3040,ORIQ,Financial Services,Shell Companies,NASDAQ,93.52,48,43,45,44,10.33,88837501.6450882,8625000.0,0.0015,-0.48,10,886,9482,
3041,ARTCU,Financial Services,Shell Companies,NASDAQ,93.52,48,39,40,40,10.15,,,0.11,1.4,1120,2566,1752,
3042,ALIS,Financial Services,Shell Companies,NASDAQ,93.52,48,43,44,41,10.16,84949199.35703278,8427500.0,0.001,0.59,41139,33793,26455,
3043,SOUL,Financial Services,Shell Companies,NYSE,93.52,48,43,46,45,10.39,350737927.29956627,33953333.0,0.0002,-5.55,30030,22420,20286,
3044,HCACU,Financial Services,Shell Companies,NASDAQ,93.51,48,40,44,46,10.3,262382266.72101593,25424639.0,1.73,-7.99,4198,2292,2175,
3045,TAVIU,Financial Services,Shell Companies,NASDAQ,93.51,48,41,46,44,10.73,159657950.0,13883300.0,7.33,-9.83,0,96,373,
3046,CHH,Consumer Cyclical,Lodging,S&P 400,93.51,48,51,30,28,114.64,4953549152.882896,45495493.0,0.3464,-15.98,562137,619449,642311,0.035
3047,SFBC,Financial Services,Banks - Regional,NASDAQ,93.51,48,32,30,32,44.32,99271579.37102509,2378902.0,0.0368,-12.57,8709,16369,11999,0.049
3048,CCL,Consumer Cyclical,Travel Services,S&P 500,93.51,48,55,45,73,28.23,38867015790.875656,1385139577.0,0.0427,-17.04,19131653,22347961,23781880,0.061
3049,IQMX,Technology,Computer Hardware,NASDAQ,93.5,48,48,54,44,10.72,,,,,307307,819922,619581,
3050,APXT,Financial Services,Shell Companies,NASDAQ,93.49,48,40,43,41,10.12,461898008.7661743,45960000.0,0.00059999997,0.7,682280,313440,215252,
3051,IBAC,Financial Services,Shell Companies,NASDAQ,93.49,48,43,49,44,10.79,53738294.8774147,5008229.0,0.0019,-5.76,313,1774,3448,
3052,SOCAU,Financial Services,Shell Companies,NASDAQ,93.47,48,41,45,42,10.37,,,0.01,-4.16,900,350,256,
3053,BLUWU,Financial Services,Shell Companies,NASDAQ,93.46,48,42,48,51,10.5,,,19.75,-4.55,51,123,548,
3054,QETAU,Financial Services,Shell Companies,NASDAQ,93.46,48,47,60,45,11.51,,,0.0,-16.53,40,386,866,
3055,LKSP,Financial Services,Shell Companies,NASDAQ,93.46,48,42,45,41,10.17,159130402.0078783,15693333.0,1.41,0.3,10842,45424,33126,
3056,AXON,Industrials,Aerospace & Defense,S&P 500,93.45,48,30,13,13,547.65,36167764089.83121,80602077.0,0.0494,-38.18,704589,1033379,1082167,0.337
3057,DMII,Financial Services,Shell Companies,NASDAQ,93.45,48,41,44,43,10.11,659684527.516365,65575000.0,0.001,0.4,95519,113126,72139,
3058,DEO,Consumer Defensive,Beverages - Wineries & Distilleries,NYSE,93.45,48,39,25,30,88.9,45839215728.001656,555896389.0,0.0072000003,-23.63,956501,1020193,1073512,-0.04
3059,UEIC,Technology,Consumer Electronics,NASDAQ,93.45,48,51,34,19,4.6,52542054.39276886,12630302.0,0.0143,-38.67,21330,34863,35280,-0.144
3060,HCMAU,Financial Services,Shell Companies,NASDAQ,93.45,48,42,41,43,10.48,,,0.0,-4.64,2520,1103,858,
3061,SZZL,Financial Services,Shell Companies,NASDAQ,93.44,48,43,45,47,10.39,322984667.7245426,31266667.0,0.0004,-1.05,33930,38820,31788,
3062,LPAA,Financial Services,Shell Companies,NASDAQ,93.44,48,44,47,47,10.79,309924992.32292175,28750000.0,0.0001,-0.09,6518,27412,40607,
3063,PRDO,Consumer Defensive,Education & Training Services,S&P 600,93.44,48,30,65,51,32.84,2030327513.5141716,62703133.0,0.0694,-14.7,967543,779834,728812,0.041
3064,ATII,Financial Services,Shell Companies,NASDAQ,93.43,48,48,48,51,10.68,331999807.90138245,29590000.0,0.0004,-6.32,217233,205927,276692,
3065,TVAIU,Financial Services,Shell Companies,NASDAQ,93.43,48,42,49,43,10.5,,,0.85,-28.33,250,90,1048,
3066,EMIS,Financial Services,Shell Companies,NASDAQ,93.43,48,41,44,43,10.19,159809190.0954008,15775833.0,0.0008,0.39,1070,1946,1462,
3067,FIGS,Consumer Cyclical,Apparel Manufacturing,NYSE,93.43,48,69,96,93,10.33,1964475733.514082,167047253.0,0.145,-40.9,2548813,3077091,2907648,0.28
3068,NNY,Financial Services,Asset Management,NYSE,93.43,48,53,53,51,8.32,162231189.56178284,18886052.0,0.0008,-6.94,35843,25417,28738,
3069,OBA,Financial Services,Shell Companies,NASDAQ,93.43,48,43,44,43,10.26,322891251.206398,31625000.0,0.03,0.1,391,4420,4390,
3070,PAII,Financial Services,Shell Companies,NYSE,93.42,48,41,43,45,10.24,351134607.266304,34492593.0,0.0,0.2,16296,25045,18867,
3071,TKO,Communication Services,Entertainment,S&P 500,93.42,48,54,48,70,186.06,15381866597.060364,74967673.0,0.1435,-18.01,861170,1492520,1392702,0.259
3072,LEDS,Technology,Semiconductors,NASDAQ,93.42,48,53,23,19,1.88,18662295.701248884,8257653.0,0.0025,-44.21,1084013,1894544,1155686,-0.902
3073,ORIQU,Financial Services,Shell Companies,NASDAQ,93.42,48,40,43,43,10.35,146054002.70462036,14180000.0,0.0,-3.18,0,36,122,
3074,MCHPP,Technology,Semiconductors,NASDAQ,93.42,48,79,83,75,65.4,,,0.49,-25.68,367333,226827,241150,0.351
3075,TLNC,Financial Services,Shell Companies,NASDAQ,93.41,47,44,47,44,10.26,349643908.703804,33979000.0,0.0005,-9.2,2390,12686,9666,
3076,AS,Consumer Cyclical,Leisure,NYSE,93.4,47,33,57,66,35.99,20701228679.267944,581822024.0,0.0799,-15.83,4428313,3851994,4387430,0.321
3077,NBRGU,Financial Services,Shell Companies,NASDAQ,93.39,47,42,42,39,10.15,,,0.0,-8.06,223,681,668,
3078,KOYN,Financial Services,Shell Companies,NASDAQ,93.39,47,41,44,41,10.18,319366116.428483,31557917.0,0.05,0.49,86880,40956,27782,
3079,OTGAU,Financial Services,Shell Companies,NASDAQ,93.39,47,42,43,44,10.34,,,0.0,0.19,330,1510,1656,
3080,JENA,Financial Services,Shell Companies,NYSE,93.39,47,44,42,43,10.39,299601504.42123413,28975000.0,0.00059999997,-1.05,7570,16476,13806,
3081,BLRK,Financial Services,Shell Companies,NASDAQ,93.38,47,38,40,38,10.1,229310006.1416626,23000000.0,0.03,1.0,19228,12492,9307,
3082,SCII,Financial Services,Shell Companies,NASDAQ,93.38,47,39,43,40,10.1,249974483.33022213,24897857.0,0.0001,0.3,32730,17690,18358,
3083,LAFA,Financial Services,Shell Companies,NASDAQ,93.38,47,42,43,43,10.11,158547532.36766434,15713333.0,0.01,-0.88,3923,3404,2592,
3084,CUB,Financial Services,Shell Companies,NASDAQ,93.38,47,41,47,46,10.81,332120001.270319,30666667.0,0.05,-1.73,348174,331204,473344,
3085,SVCCU,Financial Services,Shell Companies,NASDAQ,93.38,47,46,44,42,10.65,229550235.526371,21614900.0,0.02,-10.62,200,100,516,
3086,LIEN,Financial Services,Asset Management,NASDAQ,93.38,47,53,35,50,9.4,228205900.0,22820590.0,0.0045,-17.83,46304,78711,75994,0.401
3087,LWACU,Financial Services,Shell Companies,NASDAQ,93.37,47,41,43,43,10.32,,,0.0,-1.71,10,6,4,
3088,SAIL,Technology,Software - Infrastructure,NASDAQ,93.37,47,20,11,16,15.78,10680801269.934351,567222587.0,0.162,-36.75,3376440,4536060,4824920,0.227
3089,CRUS,Technology,Semiconductors,S&P 400,93.37,47,66,84,62,136.16,8596562510.983261,50582893.0,0.0618,-24.53,621770,626233,595080,0.057
3090,CARR,Industrials,Building Products & Equipment,S&P 500,93.34,47,75,59,36,63.16,53049170729.8544,830580423.0,0.028299998,-22.11,6962045,6001481,6420363,0.024
3091,DRDB,Financial Services,Shell Companies,NASDAQ,93.34,47,40,45,47,10.61,322613350.8780861,30666667.0,0.0,0.57,42656,69588,69875,
3092,MDIA,Communication Services,Broadcasting,NASDAQ,93.33,47,61,43,12,0.97,69306478.6535967,81729339.0,0.0019,-39.38,22856,53008,132795,0.12
3093,CWST,Industrials,Waste Management,S&P 600,93.32,47,47,20,49,91.1,5226828735.496719,63609941.0,0.0864,-23.39,732990,767743,703512,0.096
3094,CDW,Technology,Information Technology Services,S&P 500,93.31,47,39,33,19,144.03,16026670038.077408,127753451.0,0.0795,-21.68,1829794,1961834,2000580,0.092
3095,ALF,Financial Services,Shell Companies,NASDAQ,93.31,47,42,47,46,10.84,389921888.7090683,35937500.0,0.01,-0.46,166,822,78055,
3096,CIM,Real Estate,REIT - Mortgage,NYSE,93.3,47,59,69,41,12.69,1139258755.587473,83646018.0,0.0201,-14.72,561670,744933,675644,-0.766
3097,CHEC,Financial Services,Shell Companies,NASDAQ,93.3,47,41,44,41,10.19,174646877.43921375,17274667.0,0.1,-3.5,2910,5373,11618,
3098,GTEN,Financial Services,Shell Companies,NASDAQ,93.3,47,42,41,40,10.51,467427744.8415756,45075000.0,0.01,-0.19,3230,28480,30138,
3099,TWLVU,Financial Services,Shell Companies,NASDAQ,93.29,47,43,43,42,10.2,,,5.05,-2.02,0,1903,5134,
3100,VALU,Financial Services,Financial Data & Stock Exchanges,NASDAQ,93.29,47,57,33,38,36.65,302269070.7618942,9387238.0,0.0126,-9.51,3130,3336,3136,-0.077
3101,BANF,Financial Services,Banks - Regional,S&P 600,93.28,47,34,38,37,115.72,3704242652.9792557,33586387.0,0.040900003,-16.61,155844,205994,184506,0.083
3102,CCIIU,Financial Services,Shell Companies,NASDAQ,93.28,47,40,41,43,10.57,,,0.1,-1.26,240,240,688,
3103,NVDA,Technology,Semiconductors,S&P 500,93.28,47,63,73,68,197.01,5114021925216.675,24221000000.0,0.0128,-16.71,123193195,138125035,153291049,0.852
3104,FIGX,Financial Services,Shell Companies,NASDAQ,93.27,47,42,46,43,10.25,198120724.75651073,19385589.0,0.02,0.29,21732,23767,31672,
3105,NUW,Financial Services,Asset Management,NYSE,93.26,47,50,47,54,13.98,254908967.77605438,17951336.0,0.0023999999,-4.9,40034,41481,47598,
3106,WOR,Industrials,Metal Fabrication,S&P 600,93.26,47,37,38,56,57.18,2812759482.8206253,49546582.0,0.028299998,-19.36,217300,324326,261754,0.244
3107,HIFS,Financial Services,Banks - Regional,NASDAQ,93.24,47,62,52,70,288.37,635862209.6862793,2197250.0,0.1496,-14.68,41667,34572,30235,-0.305
3108,KIO,Financial Services,Asset Management,NYSE,93.24,47,48,46,45,11.03,463542233.34805965,40985165.0,0.81,-14.03,243131,199460,177950,
3109,WFCF,Industrials,Specialty Business Services,NASDAQ,93.23,47,32,59,32,12.01,59110705.173202515,5039276.0,0.0117,-45.78,1650,9480,13134,0.017
3110,BCARU,Financial Services,Shell Companies,NASDAQ,93.22,47,57,45,57,10.61,,,327.78,-10.54,1620,1866,1290,
3111,ENPH,Technology,Solar,S&P 600,93.22,47,80,31,46,36.32,9009726399.64325,131798220.0,0.2743,-50.75,4153822,5808850,7311530,-0.206
3112,SUI,Real Estate,REIT - Residential,NYSE,93.21,47,34,53,50,124.09,15238715861.90451,123230757.0,0.0355,-9.98,2385310,1619356,1423352,0.086
3113,EIM,Financial Services,Asset Management,NYSE ARCA,93.21,47,52,52,50,9.6,507047546.2508726,51372599.0,0.64,-8.92,171244,145524,135232,0.651
3114,TARS,Healthcare,Biotechnology,NASDAQ,93.21,47,47,67,73,58.95,2555623230.2493515,43023959.0,0.1178,-30.85,1057650,1252810,1005762,1.069
3115,OYSE,Financial Services,Shell Companies,NASDAQ,93.21,47,42,45,45,10.28,347960223.02235603,33914251.0,0.0002,0.0,636,4392,5195,
3116,HVMC,Financial Services,Shell Companies,NASDAQ,93.2,47,41,44,42,10.19,298511488.78097534,29410000.0,0.0004,0.39,150115,65118,42645,
3117,TCBIO,Financial Services,Banks - Regional,NASDAQ,93.19,47,39,59,55,20.46,,,0.81,-10.83,12910,17450,16748,0.169
3118,EDUC,Communication Services,Publishing,NASDAQ,93.19,47,63,43,35,1.43,12426591.76468277,8511364.0,0.0002,-22.28,338905,255941,179899,-0.37
3119,CLBT,Technology,Software - Infrastructure,NASDAQ,93.18,47,28,22,22,14.85,3674248390.2255135,249439817.0,0.033299997,-25.68,1240969,1839099,2026975,0.193
3120,MNRO,Consumer Cyclical,Auto Parts,NASDAQ,93.18,47,49,66,76,17.2,493915648.60746,30025266.0,0.27879998,-28.06,666659,1010499,1148581,-0.072
3121,SAC,Financial Services,Shell Companies,NYSE,93.17,47,38,43,39,10.13,315548683.1819773,31366667.0,0.0001,-8.03,110,8286,6366,
3122,GIW,Financial Services,Shell Companies,NASDAQ,93.17,47,40,43,41,10.1,366544179.8064928,36472057.0,0.0002,0.4,34833,62477,43364,
3123,KFIIU,Financial Services,Shell Companies,NASDAQ,93.16,47,40,49,47,10.66,274562272.9558945,25829000.0,4.71,-13.19,0,100,460,
3124,PFD,Financial Services,Asset Management,NYSE,93.16,47,49,53,56,11.3,147804405.5,12852557.0,0.4,-7.07,26636,24878,25067,-0.009
3125,HCMA,Financial Services,Shell Companies,NASDAQ,93.16,47,43,40,41,10.3,346441345.3518944,33733333.0,0.0001,-1.81,14964,13124,43106,
3126,AIIA,Financial Services,Shell Companies,NYSE,93.15,47,42,44,41,10.16,195214797.7924347,19290000.0,0.0011,-0.78,23211,9293,15856,
3127,PHAT,Healthcare,Biotechnology,NASDAQ,93.14,47,30,78,96,11.66,764859601.4397926,79755953.0,0.1359,-36.32,782502,1056090,1084422,1.044
3128,FTF,Financial Services,Asset Management,NYSE ARCA,93.14,47,42,43,50,5.76,237583603.7440281,40405374.0,0.35,-12.06,195252,240544,236842,-0.089
3129,DOV,Industrials,Specialty Industrial Machinery,S&P 500,93.13,47,67,75,68,203.08,28462036545.230804,134661414.0,0.026500002,-14.51,1465684,1257601,1090746,0.101
3130,DMIIU,Financial Services,Shell Companies,NASDAQ,93.12,47,41,42,40,10.16,,,0.08,-5.93,990,356,674,
3131,BIXI,Financial Services,Shell Companies,NASDAQ,93.12,47,40,43,41,10.03,301033330.0,30103333.0,0.00059999997,0.3,3443,9841,6746,
3132,MPA,Financial Services,Asset Management,NYSE,93.12,47,52,52,52,10.98,147366790.88196754,12949630.0,0.001,-5.75,27064,30564,29430,0.036
3133,BEAGU,Financial Services,Shell Companies,NASDAQ,93.12,47,46,38,45,11.03,,,0.0,-5.08,10,100,1502,
3134,TDWD,Financial Services,Shell Companies,NASDAQ,93.11,46,42,44,41,10.04,236627254.49085236,23545000.0,0.0005,-0.99,11110,29630,29274,
3135,HCAC,Financial Services,Shell Companies,NASDAQ,93.11,46,39,41,42,10.06,291710920.3865833,29200293.0,0.0001,0.05,72088,104709,79813,
3136,MMTX,Financial Services,Shell Companies,NASDAQ,93.1,46,42,44,42,10.1,88987247.32646942,8828100.0,0.0001,0.1,15539,12676,8925,
3137,JPC,Financial Services,Asset Management,NYSE,93.1,46,53,52,56,7.72,2952037479.0271473,370858978.0,0.0081,-6.99,766861,852740,906032,
3138,PMTRU,Financial Services,Shell Companies,NASDAQ,93.1,46,37,44,38,10.88,,,13.04,-12.26,20,6,344,
3139,EGHA,Financial Services,Shell Companies,NASDAQ,93.08,46,42,43,47,10.33,212175007.8201294,20500000.0,0.001,-4.31,4741,49823,40810,
3140,AACBU,Financial Services,Shell Companies,NASDAQ,93.08,46,39,42,49,10.68,273652247.1189499,25175000.0,0.5,-12.1,10,46,262,
3141,CHSCO,Consumer Defensive,Farm Products,NASDAQ,93.08,46,45,49,49,25.65,,,0.7,-6.22,18795,33878,26877,0.072
3142,HIPO,Financial Services,Insurance - Property & Casualty,NYSE,93.06,46,30,31,45,30.29,673549194.6402111,26035917.0,0.0247,-22.29,119329,164943,148883,0.089
3143,VNMEU,Financial Services,Shell Companies,NASDAQ,93.04,46,41,45,45,10.3,,,0.0,-9.01,30,16,192,
3144,VSTM,Healthcare,Biotechnology,NASDAQ,93.04,46,12,21,25,6.23,380492850.1657734,87873639.0,0.20459999,-44.62,2228230,2913130,2669982,
3145,BCSS,Financial Services,Shell Companies,NYSE,93.03,46,42,41,41,10.25,595095975.4943848,58400000.0,0.0002,0.15,42160,50473,56514,
3146,SD,Energy,Oil & Gas E&P,NYSE,93.03,46,46,81,88,13.15,541590862.3466396,36918259.0,0.047,-28.73,252001,328123,337044,0.168
3147,BBCQ,Financial Services,Shell Companies,NASDAQ,93.02,46,46,49,39,10.2,405950002.3192024,38333333.0,0.00090000004,-6.16,135608,114472,306081,
3148,INACU,Financial Services,Shell Companies,NASDAQ,93.02,46,41,46,44,10.33,,,1.06,-9.7,0,100,270,
3149,XSLLU,Financial Services,Shell Companies,NASDAQ,93.01,46,40,43,39,10.03,,,0.11,0.4,570,696,1474,
3150,IGAC,Financial Services,Shell Companies,NASDAQ,93.01,46,40,43,40,10.03,238938705.46340942,23870000.0,0.0002,0.1,98188,45952,28009,
3151,ETJ,Financial Services,Asset Management,NYSE,93.0,46,43,45,49,8.36,574084225.138484,67301787.0,0.56,-8.33,113435,128745,128133,
3152,OACC,Financial Services,Shell Companies,NASDAQ,93.0,46,40,42,47,10.74,262543969.74206543,24582768.0,0.0014,0.04,24695,27091,17835,
3153,UTG,Financial Services,Asset Management,NYSE ARCA,93.0,46,59,73,57,38.71,3881125037.2541428,91428150.0,0.0011999999,-11.82,260420,272833,259802,-0.056
3154,OTGA,Financial Services,Shell Companies,NASDAQ,93.0,46,40,42,40,10.18,358393994.61746216,35275000.0,0.03,0.1,27246,56448,41295,
3155,ALDFU,Financial Services,Shell Companies,NASDAQ,92.99,46,38,45,46,10.82,,,0.01,-14.13,367,275,1145,
3156,FERA,Financial Services,Shell Companies,NASDAQ,92.99,46,42,45,45,10.44,324860680.8645582,31266667.0,0.0,-0.57,111214,119508,82070,
3157,CRACU,Financial Services,Shell Companies,NASDAQ,92.99,46,39,42,44,10.25,,,12.01,-4.74,660,413,296,
3158,SELF,Real Estate,REIT - Specialty,NASDAQ,92.98,46,49,65,44,5.09,58936135.37718201,11421732.0,0.0117999995,-12.69,18659,17266,16735,0.015
3159,LAFAU,Financial Services,Shell Companies,NASDAQ,92.98,46,40,40,45,10.16,139433157.52824497,13683333.0,0.0,-8.47,10,743,1118,
3160,NPAC,Financial Services,Shell Companies,NASDAQ,92.98,46,41,41,41,10.41,397191464.61274624,38390825.0,0.0034,-1.33,355331,157373,103250,
3161,VLOSU,Financial Services,Shell Companies,NASDAQ,92.97,46,35,33,42,10.81,,,,,470,1336,2552,
3162,LATAU,Financial Services,Shell Companies,NASDAQ,92.96,46,40,40,44,10.18,,,582.35,-9.91,510,300,578,
3163,WFRD,Energy,Oil & Gas Equipment & Services,S&P 400,92.94,46,60,92,90,83.58,7454341364.580261,71925332.0,0.0689,-26.13,1745120,1628543,1385260,-0.034
3164,PAAS,Basic Materials,Gold,NYSE,92.94,46,52,87,95,43.23,24012737207.221985,421350000.0,0.7,-38.23,3473140,4287116,4643806,0.493
3165,GTENU,Financial Services,Shell Companies,NASDAQ,92.93,46,41,45,40,10.68,,,0.05,-5.65,130,226,144,
3166,FLC,Financial Services,Asset Management,NYSE,92.93,46,46,51,56,16.72,177347674.58649445,10456821.0,0.649,-7.57,22017,21282,20953,-0.014
3167,EVOXU,Financial Services,Shell Companies,NASDAQ,92.93,46,38,41,42,10.25,,,0.85,-0.49,678,1063,1202,
3168,HIHO,Industrials,Metal Fabrication,NASDAQ,92.93,46,15,10,10,1.09,3546673.7154951096,4666676.0,0.0058999998,-50.68,9283605,3145848,2164189,-0.405
3169,RNGT,Financial Services,Shell Companies,NASDAQ,92.93,46,39,43,40,10.11,316712602.7248421,31326668.0,0.08,0.0,196,23578,14777,
3170,NPK,Industrials,Aerospace & Defense,S&P 600,92.92,46,54,81,83,123.35,907006060.3230972,7166043.0,0.0879,-17.69,83794,99914,121818,0.145
3171,DYOR,Financial Services,Shell Companies,NASDAQ,92.91,46,41,42,39,10.07,230919999.12261963,23000000.0,0.0001,-3.82,20541,27490,19552,
3172,GPAC,Financial Services,Shell Companies,NASDAQ,92.9,46,39,42,40,10.02,293511786.5371704,29410000.0,0.0001,0.1,208826,93582,56985,
3173,DSP,Technology,Software - Application,NASDAQ,92.9,46,69,31,32,11.36,254676105.6663723,20021706.0,0.0525,-25.16,225942,265607,272606,0.253
3174,ARL,Real Estate,Real Estate Services,NYSE,92.9,46,87,37,77,14.91,242280645.0,16152043.0,0.0221,-25.45,13966,20532,16335,0.042
3175,FNV,Basic Materials,Gold,NYSE,92.9,46,36,73,85,210.6,44491770182.45163,192855530.0,3.42,-26.28,702560,774566,841120,0.777
3176,EVOX,Financial Services,Shell Companies,NASDAQ,92.9,46,39,42,44,10.05,320640014.6484375,32000000.0,0.0004,-0.4,4022,12774,18518,
3177,CEPF,Financial Services,Shell Companies,NASDAQ,92.9,46,42,39,45,10.42,590931008.720398,57150000.0,0.0001,-2.34,45094,38968,53394,
3178,STC,Financial Services,Insurance - Property & Casualty,S&P 600,92.89,46,45,55,47,69.5,1977151955.481697,30427083.0,0.0249,-11.59,282150,280396,233206,0.277
3179,NVA,Basic Materials,Other Industrial Metals & Mining,NYSE ARCA,92.89,46,54,85,97,4.58,264670202.29660416,39385448.0,0.0625,-71.87,287481,356333,347584,
3180,IEAGU,Financial Services,Shell Companies,NASDAQ,92.88,46,38,40,39,10.32,,,0.18,-11.72,19360,6933,6868,
3181,TXNM,Utilities,Utilities - Regulated Electric,S&P 400,92.88,46,37,54,60,58.05,6554976585.614479,110707257.0,0.0746,-2.49,888600,1570213,1603292,0.046
3182,USA,Financial Services,Asset Management,NYSE,92.88,46,42,39,37,5.8,1761061477.6131248,301551615.0,0.00029999999,-16.67,1562430,1682700,1505210,-0.098
3183,HAL,Energy,Oil & Gas Equipment & Services,S&P 500,92.88,46,70,91,86,31.23,32455200730.034218,835397735.0,0.0519,-28.36,14440930,12856953,12383300,-0.003
3184,TCI,Real Estate,Real Estate Services,NYSE,92.87,46,59,25,89,42.55,334859912.41919327,8639317.0,0.0092,-28.67,16410,11453,8294,0.028
3185,PFO,Financial Services,Asset Management,NYSE,92.87,46,48,48,57,9.08,120311396.70569801,13077326.0,0.08,-8.28,29248,21236,27313,-0.011
3186,NTWOU,Financial Services,Shell Companies,NASDAQ,92.87,46,38,43,47,10.65,,,0.25,-3.09,0,0,3,
3187,P,Technology,Computer Hardware,S&P 400,92.87,46,63,62,43,72.99,26409454253.594513,332152604.0,0.0436,-27.44,2100158,2705906,3298185,
3188,CTKB,Healthcare,Medical Devices,NASDAQ,92.86,46,53,59,73,4.46,541107446.9195981,129142587.0,0.0674,-27.83,678463,1711807,1474820,0.065
3189,PUK,Financial Services,Insurance - Life,NYSE,92.86,46,33,63,87,29.04,36021056640.82779,1252470666.0,0.001,-14.66,952978,992822,1167835,0.188
3190,PLMK,Financial Services,Shell Companies,NASDAQ,92.85,46,41,47,47,10.6,257944198.3231306,24242875.0,0.02,-2.21,7873,104251,74486,
3191,VHCPU,Financial Services,Shell Companies,NASDAQ,92.85,46,39,40,40,10.13,,,0.0,0.4,120,1793,2398,
3192,GSRF,Financial Services,Shell Companies,NASDAQ,92.84,46,40,42,38,10.17,297877718.3651924,29405500.0,0.02,-0.29,8580,38046,25890,
3193,LFACU,Financial Services,Shell Companies,NASDAQ,92.83,45,38,42,40,10.14,,,3.97,-3.34,630,1636,1002,
3194,QSEAU,Financial Services,Shell Companies,NASDAQ,92.83,45,45,55,44,10.71,,,11.0,-7.19,0,66,358,
3195,ALUB,Financial Services,Shell Companies,NYSE,92.83,45,38,41,41,10.1,360453115.4036522,35937500.0,0.0,-0.0,49490,50183,34720,
3196,KRSP,Financial Services,Shell Companies,NYSE,92.82,45,41,41,38,10.47,477046967.1054201,46002601.0,0.0008,-4.82,2014,9214,20106,
3197,GPACU,Financial Services,Shell Companies,NASDAQ,92.82,45,39,43,44,10.13,,,0.0,-3.52,2140,11053,6670,
3198,BIRK,Consumer Cyclical,Footwear & Accessories,NYSE,92.81,45,54,30,21,41.85,8288645887.796326,183906056.0,0.1656,-26.84,1299373,1748464,2291072,0.077
3199,QUMSU,Financial Services,Shell Companies,NASDAQ,92.81,45,41,47,42,10.33,,,12.74,-0.19,80,73,160,
3200,BIXIU,Financial Services,Shell Companies,NASDAQ,92.8,45,40,42,40,10.1,,,0.1,-3.81,60,386,682,
3201,KBON,Financial Services,Shell Companies,NASDAQ,92.8,45,38,41,41,10.14,446312115.111351,44015000.0,0.0002,-0.1,24020,45223,54446,
3202,COR,Healthcare,Medical Distribution,S&P 500,92.79,45,27,35,71,319.58,52406964271.58447,194561060.0,0.0309,-15.35,1296598,1562992,1576703,0.038
3203,JHI,Financial Services,Asset Management,NYSE,92.78,45,49,47,51,13.08,117351821.40715599,8744547.0,0.0008,-9.86,11226,10382,13055,0.055
3204,DYNC,Financial Services,Shell Companies,NASDAQ,92.77,45,47,50,43,10.79,238818662.22568035,22133333.0,0.0078,-29.2,30194,52358,76146,
3205,ETN,Industrials,Specialty Industrial Machinery,S&P 500,92.77,45,68,76,53,386.26,155552982369.99512,388300000.0,0.023699999,-11.29,2159960,2285336,2394820,0.168
3206,KTWOU,Financial Services,Shell Companies,NASDAQ,92.76,45,40,43,40,10.15,,,0.05,-9.62,340,186,614,
3207,TLF,Consumer Cyclical,Specialty Retail,NASDAQ,92.76,45,50,52,29,2.38,19137386.37336874,8143569.0,0.0401,-37.04,7360,28180,40054,0.032
3208,EGHT,Technology,Software - Application,NASDAQ,92.75,45,28,58,23,1.91,292262812.40456605,141189769.0,0.0172,-33.68,1972955,2039005,1998735,0.046
3209,WENN,Financial Services,Shell Companies,NASDAQ,92.74,45,40,42,37,10.33,386067936.06877327,37518750.0,0.01,-0.67,44330,58400,42230,
3210,EOI,Financial Services,Asset Management,NYSE,92.73,45,45,46,52,19.6,823315096.7118149,41001748.0,0.04,-9.18,57708,65652,65791,
3211,VACI,Financial Services,Shell Companies,NYSE,92.73,45,45,44,41,10.12,324231015.4001751,31326667.0,0.00029999999,-3.53,107230,94923,217726,
3212,EGHAU,Financial Services,Shell Companies,NASDAQ,92.73,45,45,56,42,10.66,,,0.05,-14.58,0,106,940,
3213,PML,Financial Services,Asset Management,NYSE,92.72,45,50,46,48,7.33,500034878.7317276,66494000.0,0.34,-8.49,388826,398698,437319,0.729
3214,WIW,Financial Services,Asset Management,NYSE,92.71,45,45,49,48,8.29,520677002.85393715,61184135.0,0.26,-8.19,199050,320923,298884,0.243
3215,EVG,Financial Services,Asset Management,NYSE,92.7,45,48,46,49,10.53,146814842.4066391,13456906.0,3.95,-8.03,23878,30242,28645,-0.11
3216,BTT,Financial Services,Asset Management,NYSE,92.7,45,45,52,52,22.5,1453204396.9484673,63625411.0,0.00090000004,-3.18,72675,93405,86379,0.006
3217,BCPC,Basic Materials,Specialty Chemicals,S&P 600,92.7,45,50,44,59,165.79,5035709059.006531,32129836.0,0.0159,-9.85,165701,248317,225324,0.081
3218,OIMAU,Financial Services,Shell Companies,NASDAQ,92.7,45,39,43,41,10.19,,,0.08,-6.99,80,1856,1410,
3219,YUM,Consumer Cyclical,Restaurants,S&P 500,92.69,45,49,58,66,150.28,40778155994.77084,275621202.0,0.0277,-11.28,2862490,2694476,2482292,0.152
3220,PDO,Financial Services,Asset Management,NYSE,92.69,45,50,50,57,12.9,1873685112.2460709,142485564.0,0.15,-9.47,510951,558650,586514,
3221,MESH,Financial Services,Shell Companies,NASDAQ,92.68,45,39,42,39,10.01,430387480.25894165,43125000.0,0.0001,0.2,141612,77474,47936,
3222,SSNC,Technology,Software - Application,NASDAQ,92.68,45,21,25,28,77.9,16261113504.816124,240834039.0,0.0326,-14.46,2143860,1958853,2227130,0.088
3223,AEAQ,Financial Services,Shell Companies,NASDAQ,92.68,45,39,43,39,10.01,313586355.75500774,31311667.0,0.0001,-0.79,9891,18400,12752,
3224,ITHAU,Financial Services,Shell Companies,NASDAQ,92.68,45,43,41,40,10.06,,,5.46,-8.55,270,103,94,
3225,ITHA,Financial Services,Shell Companies,NASDAQ,92.68,45,39,42,40,9.98,304826667.051754,30666668.0,0.0004,-0.2,304,2478,1690,
3226,WIA,Financial Services,Asset Management,NYSE,92.68,45,46,47,48,7.95,189843179.9870615,23322257.0,0.24,-6.91,45450,37083,37954,0.25
3227,KBONU,Financial Services,Shell Companies,NASDAQ,92.68,45,41,43,45,10.23,,,0.33,-7.8,2255,13608,14477,
3228,KOYNU,Financial Services,Shell Companies,NASDAQ,92.67,45,42,43,41,10.23,,,2.6,-3.49,300,103,224,
3229,INTA,Technology,Software - Application,NASDAQ,92.67,45,14,9,13,30.6,1779352240.3086662,77061595.0,0.0946,-47.95,720278,833552,973739,0.131
3230,NDMO,Financial Services,Asset Management,NYSE,92.66,45,52,51,48,10.04,620756441.9310646,59630783.0,0.0027,-7.21,97363,108837,112682,
3231,BUSEP,Financial Services,Banks - Regional,NASDAQ,92.66,45,39,43,48,26.03,,,1.3,-2.33,10191,14727,18046,1.434
3232,CCII,Financial Services,Shell Companies,NASDAQ,92.66,45,41,41,42,10.34,356647453.9758806,34693333.0,0.0002,-1.19,4370,30716,33800,
3233,EVCM,Technology,Software - Application,NASDAQ,92.66,45,22,50,51,12.0,1990695386.25,176950701.0,0.1009,-16.72,197771,183523,163020,0.036
3234,RAC,Financial Services,Shell Companies,NYSE,92.66,45,38,44,46,10.47,304971759.8929653,29267923.0,0.0,-0.0,13492,19127,25704,
3235,HLF,Consumer Defensive,Packaged Foods,NYSE,92.65,45,60,90,96,12.54,1239886219.3146744,103669416.0,0.088999994,-38.53,1261522,1655190,1600050,0.078
3236,MBVIU,Financial Services,Shell Companies,NASDAQ,92.65,45,40,40,46,10.26,0.0,0.0,0.0,-2.29,6870,2296,1444,
3237,VC,Consumer Cyclical,Auto Parts,S&P 400,92.64,45,37,72,44,106.93,3157635768.529106,26694021.0,0.1246,-17.17,525190,692083,584902,0.021
3238,SNN,Healthcare,Medical Devices,NYSE,92.64,45,31,37,57,32.56,12615425342.183674,424904854.0,0.0076,-16.06,1934280,1631660,1442078,0.074
3239,OGS,Utilities,Utilities - Regulated Gas,S&P 400,92.64,45,37,68,55,80.7,4879159181.344765,62762533.0,0.061300002,-11.1,443014,666564,684452,-0.111
3240,TWLV,Financial Services,Shell Companies,NASDAQ,92.64,45,39,43,40,9.99,233906239.27116394,23437500.0,0.0004,-3.76,8570,7046,10516,
3241,MESHU,Financial Services,Shell Companies,NASDAQ,92.63,45,41,41,40,10.1,,,0.03,-3.81,33440,11353,10002,
3242,SABA,Financial Services,Asset Management,NYSE,92.63,45,44,51,33,8.25,238759698.79948425,27730512.0,0.0011,-12.79,34204,54871,51566,-0.167
3243,COST,Consumer Defensive,Discount Stores,S&P 500,92.63,45,37,57,45,966.58,424141311728.39355,443514000.0,0.0166,-11.85,2074067,2522069,2525055,0.215
3244,GTERU,Financial Services,Shell Companies,NASDAQ,92.63,45,42,45,42,10.41,,,0.03,-5.71,360,136,100,
3245,ABT,Healthcare,Medical Devices,S&P 500,92.62,45,19,19,25,107.27,149099203324.60406,1741813154.0,0.0149,-22.86,14751151,13876387,13145456,0.078
3246,DAAQ,Financial Services,Shell Companies,NASDAQ,92.62,45,40,40,37,10.41,236209120.41370392,22910680.0,0.00059999997,-7.38,18362,52494,52066,
3247,ANGH,Communication Services,Entertainment,NASDAQ,92.61,45,42,72,14,3.66,32633307.935512543,9064808.0,0.0099,-48.09,30127,39249,32395,0.053
3248,MGEE,Utilities,Utilities - Regulated Electric,S&P 600,92.61,45,38,36,31,81.99,2849862335.5,37746521.0,0.0559,-10.38,184702,277184,290594,0.108
3249,SDHIU,Financial Services,Shell Companies,NASDAQ,92.58,45,42,48,44,10.56,,,5.13,-6.96,0,73,48,
3250,MEVOU,Financial Services,Shell Companies,NASDAQ,92.58,45,43,41,39,10.1,,,0.01,-3.81,1180,1220,964,
3251,BLZRU,Financial Services,Shell Companies,NASDAQ,92.58,45,37,42,42,10.26,,,0.0,-6.73,1678,2219,1375,
3252,VRSK,Industrials,Consulting Services,S&P 500,92.57,44,20,19,19,212.26,22927512501.324463,131021840.0,0.0651,-34.27,1723660,2734673,2424526,0.039
3253,ACRE,Real Estate,REIT - Mortgage,NYSE,92.57,44,36,74,74,4.62,274076701.39465475,55481113.0,0.0355,-21.56,342176,440578,421251,-0.886
3254,TACO,Financial Services,Shell Companies,NASDAQ,92.57,44,42,43,38,10.48,393384080.8689594,37518750.0,0.0002,-7.42,42880,86766,96726,
3255,ALFUU,Financial Services,Shell Companies,NASDAQ,92.57,44,40,42,43,10.91,,,0.0,-1.62,94,283,447,
3256,ZKP,Financial Services,Shell Companies,NASDAQ,92.57,44,38,41,39,9.98,388196808.62033844,39093333.0,0.0001,-0.6,7470,43736,27812,
3257,LFAC,Financial Services,Shell Companies,NASDAQ,92.55,44,39,43,40,10.0,190900004.05115032,19166667.0,1.24,-0.1,3391,14950,12154,
3258,OZKAP,Financial Services,Banks - Regional,NASDAQ,92.55,44,41,47,41,16.45,,,0.39,-7.84,20577,28475,25115,0.014
3259,KAI,Industrials,Specialty Industrial Machinery,S&P 600,92.54,44,51,32,56,315.1,3769024814.672241,11808462.0,0.1364,-14.83,119764,142068,145620,0.177
3260,LZ,Industrials,Specialty Business Services,S&P 600,92.54,44,19,17,23,8.08,1079664429.0121574,171647764.0,0.1308,-34.84,2060384,2662444,2670346,0.129
3261,FGIIU,Financial Services,Shell Companies,NASDAQ,92.54,44,38,40,39,10.05,,,0.15,-8.93,8960,6673,5832,
3262,REGCO,Real Estate,REIT - Retail,NASDAQ,92.53,44,39,42,47,21.85,,,1.12,-9.86,1470,3060,3178,0.1
3263,DNMX,Financial Services,Shell Companies,NASDAQ,92.53,44,39,41,39,10.02,268601669.4716625,26833333.0,0.0001,-0.0,8458,18886,19011,
3264,RDAG,Financial Services,Shell Companies,NASDAQ,92.53,44,40,39,37,10.35,387750005.7220459,37500000.0,0.0001,-18.12,50294,40818,34700,
3265,PRPO,Healthcare,Diagnostics & Research,NASDAQ,92.52,44,80,96,96,22.67,40752080.236343384,1787372.0,0.0044,-32.59,132729,78783,60907,0.229
3266,NL,Industrials,Security & Protection Services,NYSE,92.52,44,57,37,36,5.95,296815323.774024,48898734.0,0.0123000005,-30.81,34445,42675,68313,0.007
3267,TNDM,Healthcare,Medical Devices,S&P 600,92.52,44,26,64,57,17.76,1178700383.0835457,68529089.0,0.21219999,-40.1,1637320,1829553,2301018,0.055
3268,AQN,Utilities,Utilities - Diversified,NYSE,92.52,44,44,56,74,6.08,4533329951.398563,769665544.0,3.06,-14.49,3641381,4178350,4611816,0.144
3269,SORNU,Financial Services,Shell Companies,NASDAQ,92.52,44,37,40,39,10.05,,,0.39,-0.0,1490,610,1604,
3270,BGT,Financial Services,Asset Management,NYSE,92.51,44,37,39,39,10.8,323299969.3508911,29824720.0,0.0041,-15.36,143814,118051,113760,-0.044
3271,NATH,Consumer Cyclical,Restaurants,NASDAQ,92.51,44,37,49,54,99.4,413125470.7475662,4094405.0,0.0638,-16.12,25724,28184,24596,0.089
3272,BEAG,Financial Services,Shell Companies,NASDAQ,92.51,44,42,40,44,10.67,334946000.4425049,31318000.0,0.00029999999,-2.56,15248,19292,41029,
3273,JQC,Financial Services,Asset Management,NYSE,92.51,44,46,39,46,4.75,713954548.2924824,147816679.0,0.0008,-14.87,558424,580184,582492,-0.009
3274,ASM,Basic Materials,Other Precious Metals & Mining,NYSE ARCA,92.5,44,71,89,99,5.5,1282983918.4472651,175271023.0,0.0295,-54.13,3174818,3460256,3736441,1.093
3275,ASIX,Basic Materials,Chemicals,NYSE,92.5,44,30,83,23,20.43,604960782.2376785,26959036.0,0.0252,-23.57,220717,258652,237525,0.07
3276,NBB,Financial Services,Asset Management,NYSE,92.49,44,49,51,48,15.28,466494710.8760376,29394752.0,0.0039,-8.06,46360,53003,51226,
3277,MKLYU,Financial Services,Shell Companies,NASDAQ,92.49,44,44,46,43,10.21,,,1.6,-10.52,283,97,256,
3278,LATA,Financial Services,Shell Companies,NASDAQ,92.48,44,38,40,37,10.13,232529992.10357666,23000000.0,0.01,-0.69,3032,26240,16916,
3279,ONCH,Financial Services,Shell Companies,NASDAQ,92.48,44,38,40,38,10.28,220586665.1495037,21541667.0,0.03,-3.28,69299,31306,22765,
3280,HVII,Financial Services,Shell Companies,NASDAQ,92.48,44,41,44,44,10.48,270902892.5591545,26023333.0,0.04,-4.64,11600,16876,53388,
3281,LPCVU,Financial Services,Shell Companies,NASDAQ,92.46,44,39,42,39,10.05,,,0.04,-12.15,20301,6810,4384,
3282,MGIH,Consumer Cyclical,Packaging & Containers,NASDAQ,92.46,44,30,35,37,1.63,16312500.536441803,11250000.0,0.0041,-66.32,57147,97439,80325,-0.24
3283,AZN,Healthcare,Drug Manufacturers - General,NYSE,92.45,44,62,68,73,172.48,287945960730.92236,1550848083.0,0.0014,-18.91,2598006,2546602,2316123,0.125
3284,NCA,Financial Services,Asset Management,NYSE,92.44,44,52,56,63,8.99,308034485.41751766,33121987.0,0.0032,-8.27,71545,56418,57417,0.01
3285,HUBB,Industrials,Electrical Equipment & Parts,S&P 500,92.44,44,65,67,71,483.66,25026393230.920532,52841777.0,0.0585,-14.47,629504,600578,640733,0.111
3286,ALCO,Consumer Defensive,Farm Products,NASDAQ,92.43,44,61,72,81,38.32,301473703.86641693,7416327.0,0.023699999,-14.86,19361,22443,20572,-0.703
3287,MBVI,Financial Services,Shell Companies,NASDAQ,92.43,44,39,40,41,10.17,436856254.9352646,43125000.0,0.04,-3.14,33649,25276,26027,
3288,AWI,Industrials,Building Products & Equipment,S&P 600,92.41,44,29,36,58,178.65,6738987786.009064,42678835.0,0.0295,-13.31,686486,519148,480981,0.071
3289,BLZR,Financial Services,Shell Companies,NASDAQ,92.39,44,38,40,38,10.16,347874996.06609344,34375000.0,0.0001,-0.1,57375,53908,45215,
3290,RJET,Industrials,Airlines,NASDAQ,92.39,44,49,34,39,18.42,952979854.4640274,46829476.0,0.0272,-31.01,98582,162114,179876,0.336
3291,SPH,Utilities,Utilities - Regulated Gas,NYSE,92.38,44,30,56,59,18.74,1287055280.4921322,66343057.0,0.007900001,-9.9,129550,249753,208576,-0.062
3292,RYAAY,Industrials,Airlines,NASDAQ,92.37,44,55,29,76,59.79,31617544336.834473,520196528.0,0.005,-19.46,1975028,1623152,1532779,0.094
3293,BGH,Financial Services,Asset Management,NYSE,92.37,44,45,42,50,14.03,284768594.10866547,20082411.0,0.0021,-16.98,82631,91867,87414,
3294,SCIIU,Financial Services,Shell Companies,NASDAQ,92.36,44,39,46,44,10.22,155295904.65545654,15255000.0,0.61,-9.52,790,280,172,
3295,TR,Consumer Defensive,Confectioners,S&P 600,92.34,44,46,74,60,39.11,2834705166.6887283,75171181.0,0.0884,-13.2,169070,298830,253470,0.021
3296,DMA,Financial Services,Asset Management,NYSE,92.33,44,29,29,53,7.59,64624953.53192043,8963239.0,0.00090000004,-17.05,16810,16736,21082,
3297,HTGC,Financial Services,Asset Management,NYSE,92.33,44,42,32,38,16.24,2890982179.8099613,187118590.0,0.0579,-17.44,1379257,1359429,1452957,0.184
3298,SPXC,Industrials,Building Products & Equipment,S&P 400,92.33,44,75,73,70,204.28,10847048201.082916,50064839.0,0.0418,-17.19,569970,835540,776684,0.174
3299,ELF,Consumer Defensive,Household & Personal Products,S&P 400,92.31,44,23,16,25,84.1,3328669456.0,59440526.0,0.1784,-44.3,2297726,2991035,3681293,0.351
3300,FAX,Financial Services,Asset Management,NYSE ARCA,92.3,44,46,48,55,14.42,613459837.9067345,41282628.0,0.64,-14.67,138083,151874,166298,-0.276
3301,VMC,Basic Materials,Building Materials,S&P 500,92.3,44,57,55,61,288.42,36710253806.51413,129754885.0,0.0374,-12.89,895500,1120973,1169740,0.074
3302,PMTR,Financial Services,Shell Companies,NASDAQ,92.3,44,41,40,41,10.4,321509974.40719604,30825500.0,0.04,-5.45,39097,25179,31727,
3303,ZKPU,Financial Services,Shell Companies,NASDAQ,92.29,44,37,39,40,9.99,,,4.98,-1.09,1080,360,346,
3304,NPV,Financial Services,Asset Management,NYSE,92.28,44,51,56,46,10.94,220134239.934906,19158768.0,0.0004,-7.37,70539,53083,45881,0.067
3305,ALOVU,Financial Services,Shell Companies,NASDAQ,92.28,44,39,41,39,10.01,,,1.48,-0.89,750,440,374,
3306,OBIO,Healthcare,Biotechnology,NASDAQ,92.27,44,84,73,69,3.86,234133600.789603,59880715.0,0.0229,-28.83,185909,417929,351489,-0.873
3307,XCBEU,Financial Services,Shell Companies,NASDAQ,92.27,44,38,41,39,10.03,,,0.63,-7.64,700,696,568,
3308,AEXA,Financial Services,Shell Companies,NYSE,92.27,44,55,39,55,11.29,561873694.0590115,49460714.0,0.011,-5.21,108944,131031,124586,
3309,NPACU,Financial Services,Shell Companies,NASDAQ,92.26,44,38,41,47,10.45,,,0.0,-3.89,1610,956,1166,
3310,FPH,Real Estate,Real Estate - Development,NYSE,92.24,43,46,31,27,5.46,364320470.6163168,72429514.0,0.0058999998,-17.77,152512,140507,157880,0.032
3311,SABR,Technology,Software - Infrastructure,S&P 600,92.24,43,76,49,8,1.88,695751356.7099988,395313273.0,0.1497,-46.59,2961014,4555331,5197282,0.083
3312,TDG,Industrials,Aerospace & Defense,S&P 500,92.24,43,51,23,38,1307.97,70382343156.31482,55933583.0,0.0233,-19.45,332280,384036,382544,0.183
3313,TIPT,Financial Services,Insurance - Specialty,NASDAQ,92.23,43,32,30,29,18.05,685278159.4008923,37570075.0,0.020299999,-34.15,206880,252573,260670,
3314,MMTXU,Financial Services,Shell Companies,NASDAQ,92.22,43,38,43,42,10.1,77710412.93506622,7694100.0,1.22,-9.58,0,0,0,
3315,ASG,Financial Services,Asset Management,NYSE,92.18,43,59,50,42,5.09,335058623.26395035,62862782.0,0.00029999999,-10.54,343352,242884,258358,-0.245
3316,MCO,Financial Services,Financial Data & Stock Exchanges,S&P 500,92.17,43,33,33,34,484.2,79172095523.5,174676438.0,0.026099999,-11.46,1048230,1048786,1025024,0.081
3317,KRAQU,Financial Services,Shell Companies,NASDAQ,92.17,43,38,39,40,10.1,,,0.01,-0.98,5950,2230,1832,
3318,DNMXU,Financial Services,Shell Companies,NASDAQ,92.15,43,38,40,39,10.13,,,0.0,-7.91,5620,2863,2332,
3319,DYORU,Financial Services,Shell Companies,NASDAQ,92.15,43,35,40,39,10.15,202600002.28881836,20000000.0,0.0,-11.82,0,3403,2308,
3320,TPCS,Industrials,Metal Fabrication,NASDAQ,92.15,43,80,58,73,4.55,39845101.550951004,10011332.0,0.00090000004,-27.2,30790,57420,44602,-0.069
3321,NSLR,Financial Services,Asset Management,NASDAQ,92.14,43,83,93,82,10.17,,,,,290227,295849,299939,
3322,MANH,Technology,Software - Application,S&P 400,92.14,43,23,21,16,168.17,8877648710.656036,59164602.0,0.0571,-31.98,762115,713035,657797,0.074
3323,WEA,Financial Services,Asset Management,NYSE,92.14,43,45,46,54,10.4,125656705.81054688,11865600.0,0.23,-9.09,17980,20950,26044,0.02
3324,PYPL,Financial Services,Credit Services,S&P 500,92.14,43,19,23,11,58.32,39474220811.75,882105493.0,0.0545,-26.64,25791957,19399299,17514003,0.072
3325,VGI,Financial Services,Asset Management,NYSE,92.14,43,49,50,56,7.23,84621943.33578014,11313094.0,0.0021,-10.63,34570,34586,35152,
3326,BDCIU,Financial Services,Shell Companies,NASDAQ,92.14,43,40,40,39,10.2,,,0.02,-3.32,6900,2520,1560,
3327,TDWDU,Financial Services,Shell Companies,NASDAQ,92.14,43,37,45,40,10.14,,,526.25,-3.66,110,190,348,
3328,ASMB,Healthcare,Biotechnology,NASDAQ,92.12,43,56,83,87,25.57,548145131.9761276,19817250.0,0.1425,-35.61,159804,231158,223092,-0.128
3329,PCAP,Financial Services,Shell Companies,NASDAQ,92.12,43,38,39,37,10.31,325353614.5019531,31680000.0,0.0008,-9.72,121524,191844,131452,
3330,BRZE,Technology,Software - Application,NASDAQ,92.11,43,17,28,12,25.11,2886749581.9457417,112631669.0,0.1291,-33.34,2258806,2387998,2801819,0.302
3331,SSEAU,Financial Services,Shell Companies,NASDAQ,92.09,43,41,46,43,10.23,,,0.0,-7.92,330,453,278,
3332,SNY,Healthcare,Drug Manufacturers - General,NASDAQ,92.07,43,34,35,32,45.54,104535857365.21933,2393768302.0,0.0031,-13.55,3144230,3930400,3359722,0.06
3333,HROW,Healthcare,Drug Manufacturers - Specialty & Generic,NASDAQ,92.07,43,57,73,88,39.32,1312456483.3436203,37275107.0,0.19399999,-28.31,658337,716752,753925,-0.076
3334,BGB,Financial Services,Asset Management,NYSE,92.06,43,43,39,43,11.18,507997268.686924,44678740.0,0.0022,-11.62,115917,114959,115845,
3335,AIHS,Industrials,Rental & Leasing Services,NASDAQ,92.06,43,23,14,6,1.47,5332261.934413791,4557489.0,0.040700004,-91.35,824221,300640,201650,-0.205
3336,HSY,Consumer Defensive,Confectioners,S&P 500,92.06,43,33,49,74,183.39,39357699221.54846,202843372.0,0.0828,-23.42,1575977,2192042,2052273,0.106
3337,WENNU,Financial Services,Shell Companies,NASDAQ,92.06,43,37,38,38,10.5,,,0.0,-11.84,1090,363,1198,
3338,SONY,Technology,Consumer Electronics,NYSE,92.03,43,23,23,25,22.71,127436877180.93283,5908061149.0,0.0015,-25.15,4779770,5138663,5668684,0.154
3339,SPT,Technology,Software - Application,NASDAQ,92.02,43,24,7,9,8.69,449589425.38642216,60105538.0,0.1058,-61.53,942790,1220673,1255114,0.112
3340,PG,Consumer Defensive,Household & Personal Products,S&P 500,92.01,43,40,37,45,148.88,334293663596.6239,2328598978.0,0.0127,-11.93,6975525,9027635,8789555,0.074
3341,DLY,Financial Services,Asset Management,NYSE,92.01,43,44,42,45,13.87,683434494.856739,48539382.0,0.75,-12.22,184285,170218,165059,
3342,BIII,Financial Services,Shell Companies,NYSE,92.01,43,38,39,38,9.95,229080000.87738037,23000000.0,0.0001,-0.7,330,7246,7410,
3343,CEPO,Financial Services,Shell Companies,NASDAQ,92.0,43,34,38,35,10.66,270172506.8092346,25500000.0,0.0007,-35.39,115802,155820,114514,
3344,KBDC,Financial Services,Asset Management,NYSE,92.0,43,47,57,33,13.8,981316527.0489483,66350002.0,0.011,-15.23,311900,311520,278150,
3345,IPCXU,Financial Services,Shell Companies,NASDAQ,91.98,43,44,40,46,10.5,,,71.62,-8.22,180,403,352,
3346,BSIN,Energy,Oil & Gas E&P,NASDAQ,91.98,43,36,35,21,1.11,,,,,2122532,2101864,1868462,
3347,EFOI,Consumer Cyclical,"Furnishings, Fixtures & Appliances",NASDAQ,91.97,43,84,91,61,2.77,23133599.590913773,6303433.0,0.0777,-71.85,9639,17859,33159,0.541
3348,BCSF,Financial Services,Asset Management,NYSE,91.96,43,38,53,28,12.84,863399855.3899088,64868507.0,0.0187,-19.75,247249,310696,330315,-0.01
3349,ARCC,Financial Services,Asset Management,NASDAQ,91.95,43,37,37,32,19.04,13635253662.207613,718022845.0,0.056199998,-18.7,4666612,5081834,5007444,0.042
3350,EPSN,Energy,Oil & Gas E&P,NASDAQ,91.95,43,32,72,24,5.45,171207167.60442734,30248617.0,0.1101,-35.88,132331,179307,175070,0.584
3351,FCRS,Financial Services,Shell Companies,NYSE,91.95,43,39,40,40,10.23,367999991.774559,35937500.0,0.01,-6.32,43129,76663,80531,
3352,PSF,Financial Services,Asset Management,NYSE,91.94,43,50,48,51,19.43,237676977.87303352,12028187.0,0.0011,-8.35,24898,32982,42909,
3353,RANGU,Financial Services,Shell Companies,NASDAQ,91.94,43,37,46,46,10.83,,,,-8.99,260,100,72,
3354,HVMCU,Financial Services,Shell Companies,NASDAQ,91.94,43,40,48,42,10.31,,,0.0,-6.27,0,196,176,
3355,BSL,Financial Services,Asset Management,NYSE,91.94,43,38,41,37,12.94,168738396.97667122,13019938.0,0.0014,-9.83,39584,37058,38674,-0.142
3356,ETX,Financial Services,Asset Management,NYSE,91.93,43,46,49,50,18.22,206044549.66739273,10896063.0,0.0023,-8.9,13208,12116,11785,
3357,GGG,Industrials,Specialty Industrial Machinery,S&P 400,91.91,43,27,35,57,82.26,12522298448.15532,165968177.0,0.0358,-14.03,1615921,1447970,1418008,0.022
3358,WY,Real Estate,REIT - Specialty,S&P 500,91.9,43,44,40,56,24.61,17672754511.623558,721042609.0,0.040799998,-11.67,4455400,5381246,5393078,-0.02
3359,MUA,Financial Services,Asset Management,NYSE,91.89,43,53,46,56,10.28,541314325.75,50354821.0,0.0011,-12.81,352232,191264,153164,-0.021
3360,QGEN,Healthcare,Diagnostics & Research,NYSE,91.89,43,29,15,64,42.28,7546687531.471252,206250000.0,0.0498,-26.88,2235879,2907989,2604427,0.018
3361,CAL,Consumer Cyclical,Apparel Retail,NYSE,91.89,43,54,48,36,13.3,491266338.7982111,33740819.0,0.1353,-17.6,424594,533318,620836,0.087
3362,EMN,Basic Materials,Specialty Chemicals,S&P 600,91.87,43,36,58,65,68.14,8675731779.271545,114349960.0,0.0596,-18.37,1253396,1295038,1218045,-0.049
3363,BDCI,Financial Services,Shell Companies,NASDAQ,91.86,43,37,39,38,10.07,349204009.9774008,34746667.0,0.0001,-1.85,13474,49681,47620,
3364,TROX,Basic Materials,Chemicals,NYSE,91.84,43,63,96,92,6.15,1268216516.8731937,159524094.0,0.1531,-41.93,2313800,2644386,2642434,0.03
3365,GNTX,Consumer Cyclical,Auto Parts,S&P 400,91.84,43,56,40,43,24.05,5144916615.186127,212951848.0,0.057800002,-18.14,2830030,2868806,2578470,0.171
3366,WHLRD,Real Estate,REIT - Retail,NASDAQ,91.84,43,35,42,60,36.0,,,7.93,-14.29,660,593,530,-0.014
3367,BHK,Financial Services,Asset Management,NYSE,91.84,43,44,39,40,8.95,654351499.7464905,72224224.0,0.0014,-11.56,389801,314103,330116,0.173
3368,AMBA,Technology,Semiconductor Equipment & Materials,NASDAQ,91.84,43,56,58,26,68.97,3165921928.5054626,43861484.0,0.0665,-28.67,1727731,1772510,1792482,0.169
3369,ONCHU,Financial Services,Shell Companies,NASDAQ,91.83,42,38,38,38,10.4,,,0.12,-8.4,4800,3586,4358,
3370,AVO,Consumer Defensive,Food Distribution,NASDAQ,91.83,42,32,66,68,12.85,789228519.2831688,70846364.0,0.16059999,-17.26,769332,1352357,1484146,-0.166
3371,SOMN,Utilities,Utilities - Regulated Electric,NYSE,91.82,42,36,49,46,50.32,,,16.56,-6.8,34000,248160,276410,0.08
3372,NPKI,Industrials,Building Products & Equipment,NYSE,91.81,42,80,91,89,12.94,1226171001.3767853,84447036.0,0.016900001,-21.58,682468,1095976,1000383,0.159
3373,OGC,Basic Materials,Gold,NYSE,91.81,42,59,92,97,24.11,6757697825.319012,223764823.0,3.44,-44.36,441265,451255,391913,0.985
3374,DSL,Financial Services,Asset Management,NYSE,91.8,42,44,42,45,10.7,1267193166.4573412,114574423.0,0.002,-15.55,757937,572395,521895,
3375,TEL,Technology,Electronic Components,S&P 500,91.79,42,36,54,72,214.29,62293483533.54434,291895799.0,0.029000001,-15.15,3318610,2648000,2649912,0.145
3376,RPD,Technology,Software - Infrastructure,NASDAQ,91.78,42,21,4,7,9.61,560040586.4881573,66830618.0,0.1516,-62.82,2404128,2761216,2445995,-0.003
3377,FULTP,Financial Services,Banks - Regional,NASDAQ,91.77,42,37,47,37,18.14,,,0.41,-12.91,13332,16337,13522,0.042
3378,HWH,Consumer Cyclical,Leisure,NASDAQ,91.77,42,53,15,37,1.38,8074512.32085228,7476400.0,0.0128999995,-82.24,18249,43343,792761,-0.783
3379,DRDBU,Financial Services,Shell Companies,NASDAQ,91.76,42,37,38,48,10.63,282133683.96549225,26666700.0,0.0,-6.38,0,86,212,
3380,EFR,Financial Services,Asset Management,NYSE,91.76,42,38,35,36,10.56,310293231.9374199,29523618.0,0.02,-13.51,92291,87117,106936,-0.165
3381,MLAAU,Financial Services,Shell Companies,NASDAQ,91.76,42,38,47,39,10.07,,,0.14,-9.44,390,383,816,
3382,BCC,Basic Materials,Lumber & Wood Production,S&P 600,91.73,42,44,38,44,80.38,2453428436.8762207,35189736.0,0.040599998,-15.39,394807,449475,423259,-0.025
3383,WMT,Consumer Defensive,Discount Stores,S&P 500,91.72,42,47,76,77,113.1,922642152111.25,7970990515.0,0.0184,-16.32,21324630,22688880,24312252,0.073
3384,TBCH,Technology,Consumer Electronics,NASDAQ,91.71,42,37,27,23,13.01,258810369.08288097,19847421.0,0.1576,-25.17,235390,284883,318468,-0.34
3385,GHY,Financial Services,Asset Management,NYSE,91.68,42,48,39,54,11.73,494810302.3149147,40961118.0,0.68,-14.63,120200,136930,124792,
3386,LAR,Basic Materials,Other Industrial Metals & Mining,NYSE,91.66,42,94,98,97,5.61,1703873537.5022888,163834000.0,0.036199998,-53.44,1989311,1744630,1909328,
3387,FPF,Financial Services,Asset Management,NYSE,91.66,42,47,51,54,17.68,1114123679.8737545,60847827.0,0.0011,-10.48,95109,95856,96897,
3388,WEN,Consumer Cyclical,Restaurants,S&P 600,91.66,42,48,21,20,7.67,1466700891.6687012,190480640.0,0.3734,-38.69,7525800,24524143,18458382,0.033
3389,EDN,Utilities,Utilities - Regulated Electric,NYSE,91.66,42,44,23,26,25.35,1314950472.0030212,47574186.0,0.0879,-30.93,50170,68633,111088,-0.0
3390,WSTNU,Financial Services,Shell Companies,NASDAQ,91.65,42,40,44,40,10.09,,,0.0,-5.26,50,363,364,
3391,PFL,Financial Services,Asset Management,NYSE,91.63,42,44,48,54,7.7,391378824.6887989,49730474.0,1.33,-11.49,353340,272063,242482,-0.097
3392,VEEE,Consumer Cyclical,Recreational Vehicles,NASDAQ,91.62,42,1,0,10,14.9,3805882.7302885056,529330.0,0.087,-88.36,3164590,4557990,2759114,0.098
3393,DOW,Basic Materials,Chemicals,S&P 500,91.6,42,35,89,71,28.85,24325023532.5,720741438.0,0.0345,-32.5,10567507,12071445,11990551,-0.061
3394,AGRO,Consumer Defensive,Farm Products,NYSE,91.6,42,32,90,47,10.04,1750461709.0947933,144308466.0,0.0432,-36.82,683019,816873,802287,0.225
3395,OACCU,Financial Services,Shell Companies,NASDAQ,91.59,42,38,41,47,10.81,,,,-13.31,0,40,226,
3396,PGP,Financial Services,Asset Management,NYSE,91.57,42,52,63,68,8.35,102782729.14389515,11587681.0,0.9,-11.26,55537,54859,50145,0.001
3397,NWAX,Financial Services,Shell Companies,NYSE,91.57,42,37,39,37,10.13,506466003.7994385,49800000.0,0.0007,-2.5,54063,40877,49836,
3398,WTGUU,Financial Services,Shell Companies,NASDAQ,91.56,42,36,59,45,10.51,,,,-14.2,410,263,440,
3399,NPFD,Financial Services,Asset Management,NYSE,91.55,42,50,54,54,18.16,460568514.55495644,24164141.0,0.0019,-9.74,51248,48916,50113,0.068
3400,RSG,Industrials,Waste Management,S&P 500,91.55,42,32,33,35,216.63,61668190349.413025,307664087.0,0.016,-16.28,1293836,1468045,1605751,0.026
3401,BBDC,Financial Services,Asset Management,NYSE,91.53,42,48,58,49,8.45,906761599.4629974,104706884.0,0.0222,-14.82,504312,642274,711142,-0.06
3402,DBL,Financial Services,Asset Management,NYSE,91.51,42,40,39,47,14.07,284889947.9332924,19770295.0,0.83,-12.12,64096,69365,60077,
3403,PTA,Financial Services,Asset Management,NYSE,91.51,42,46,50,44,18.82,1082807050.6540604,55273458.0,0.0017,-10.04,91669,105066,116705,
3404,GRVY,Communication Services,Electronic Gaming & Multimedia,NASDAQ,91.49,42,59,36,70,62.0,447022749.7238159,6948900.0,0.0095999995,-17.06,29636,50568,58851,0.182
3405,U,Technology,Software - Application,NYSE,91.48,42,47,30,29,31.83,13301221058.845205,436534997.0,0.0859,-38.96,6927560,6863603,8129296,0.168
3406,NMRK,Real Estate,Real Estate Services,NASDAQ,91.48,42,37,52,60,16.19,2480062253.895015,177527717.0,0.029000001,-18.38,1163532,1313910,1324144,0.272
3407,GF,Financial Services,Asset Management,NYSE,91.48,42,53,50,69,11.31,198183416.5991726,16231238.0,0.0028,-11.78,32351,30893,40076,1.191
3408,DHI,Consumer Cyclical,Residential Construction,S&P 500,91.47,42,66,59,59,151.16,41711724237.67044,283579613.0,0.0651,-18.09,2941624,2534408,2450076,-0.023
3409,RRC,Energy,Oil & Gas E&P,S&P 400,91.47,42,26,73,40,38.26,9177486817.26551,235622250.0,0.111,-20.8,3820899,3584556,3187497,0.261
3410,GGN,Financial Services,Asset Management,NYSE ARCA,91.47,42,39,68,78,4.84,806119742.9219933,156224761.0,0.00059999997,-17.69,677850,627340,611160,0.12
3411,IMRN,Healthcare,Biotechnology,NASDAQ,91.46,42,45,11,6,1.1,11841193.389401436,8166340.0,0.005,-53.97,30805,47405,295389,0.048
3412,BRSP,Real Estate,REIT - Mortgage,NYSE,91.45,42,49,65,71,5.24,751704432.5651431,130278065.0,0.0382,-15.0,1238000,1955166,1521992,0.098
3413,VREX,Healthcare,Medical Devices,NASDAQ,91.44,42,31,64,84,11.13,431158522.25687027,42146485.0,0.0346,-23.58,339590,445200,426920,0.015
3414,PAGS,Technology,Software - Infrastructure,NYSE,91.44,42,32,54,80,9.61,2613505926.278166,279519339.0,0.13260001,-22.0,2807554,3179581,3281460,0.015
3415,LBTYB,Communication Services,Telecom Services,NASDAQ,91.43,42,57,83,39,12.4,4902412836.5,338097437.0,0.00090000004,-57.26,3840,4353,3394,0.088
3416,HNNA,Financial Services,Asset Management,NASDAQ,91.43,42,45,37,33,9.97,80762468.79016685,7902394.0,0.0011999999,-24.41,5231,4977,6706,-0.123
3417,AWX,Industrials,Waste Management,NYSE ARCA,91.43,42,33,33,34,2.59,9904557.131248474,3899432.0,0.0014,-52.3,6704,5474,7690,0.099
3418,PPT,Financial Services,Asset Management,NYSE,91.4,42,39,45,50,3.38,333530705.04140306,95567537.0,0.0011,-10.34,96439,94686,97129,-0.191
3419,STE,Healthcare,Medical Devices,S&P 500,91.4,42,28,29,65,230.34,20878812805.240738,98147009.0,0.0253,-14.51,662450,799946,810738,0.073
3420,BRW,Financial Services,Asset Management,NYSE,91.4,42,36,44,31,6.61,293346293.10401917,42886884.0,0.0026,-22.14,182036,214958,218417,-0.331
3421,ACP,Financial Services,Asset Management,NYSE,91.39,42,52,54,54,5.03,672522850.8321428,125470678.0,0.0,-16.03,672630,494713,470272,0.281
3422,GBLI,Financial Services,Insurance - Property & Casualty,NASDAQ,91.38,42,26,38,36,27.72,394446429.0,14609127.0,0.0034,-18.47,4916,10668,8641,0.005
3423,KRNT,Industrials,Specialty Industrial Machinery,NASDAQ,91.37,42,52,50,19,15.28,747471855.119524,46340477.0,0.015800001,-34.46,287372,212717,228020,0.045
3424,T,Communication Services,Telecom Services,S&P 500,91.36,42,19,44,55,24.66,172318797806.83817,6948338835.0,0.015800001,-17.22,97048050,83058423,67739962,0.029
3425,TVA,Financial Services,Shell Companies,NASDAQ,91.35,42,39,43,42,10.5,315000000.0,30000000.0,0.0005,-14.43,16050,32246,41012,
3426,WDI,Financial Services,Asset Management,NYSE,91.33,42,48,54,47,13.05,715868077.6597099,51912116.0,0.35,-14.59,188270,178363,179148,
3427,SZZLU,Financial Services,Shell Companies,NASDAQ,91.33,42,39,43,47,10.5,,,5.64,-15.19,0,66,40,
3428,HIO,Financial Services,Asset Management,NYSE,91.32,42,46,48,49,3.51,347112143.8193679,95099215.0,0.23,-13.33,416551,354630,340362,-0.017
3429,NXT,Technology,Solar,S&P 400,91.3,41,79,90,94,95.35,23502926503.597412,150274472.0,0.0698,-41.55,3024692,3562390,3130728,-0.047
3430,MYGN,Healthcare,Diagnostics & Research,NASDAQ,91.3,41,55,24,19,5.32,374959396.40218496,94448210.0,0.0904,-38.07,861545,1320561,1507663,-0.208
3431,PCM,Financial Services,Asset Management,NYSE,91.27,41,36,40,41,5.58,70017453.13213539,12348757.0,0.52,-17.46,35982,47934,43414,-0.207
3432,DHR,Healthcare,Diagnostics & Research,S&P 500,91.26,41,36,25,51,199.05,129288459138.12328,707770627.0,0.013300001,-18.02,9196559,5797459,5176263,0.037
3433,ZYBT,Healthcare,Drug Manufacturers - Specialty & Generic,NASDAQ,91.26,41,6,7,2,1.33,40282671.57989848,47391377.0,0.0007,-89.83,23278310,7802456,4751944,-0.409
3434,IGI,Financial Services,Asset Management,NYSE,91.25,41,43,42,47,15.7,96857399.24544144,5993651.0,0.0032,-8.13,12028,10116,13109,
3435,MCHX,Communication Services,Advertising Agencies,NASDAQ,91.25,41,30,50,30,1.79,73542644.86123455,44302799.0,0.0011,-22.51,24040,23180,24370,-0.069
3436,VEON,Communication Services,Telecom Services,NASDAQ,91.25,41,55,36,64,51.61,3887210301.1184235,69241367.0,0.0046,-19.36,70190,81936,82414,0.171
3437,RDAGU,Financial Services,Shell Companies,NASDAQ,91.23,41,38,40,40,10.48,41500798.18725586,3960000.0,0.0,-10.66,369,223,157,
3438,VBF,Financial Services,Asset Management,NYSE,91.23,41,43,42,43,14.73,171719084.6191721,11425089.0,0.0018000001,-7.82,84850,57426,58250,-0.042
3439,GEG,Financial Services,Asset Management,NASDAQ,91.21,41,50,36,33,2.16,67417570.19043732,31357008.0,0.0373,-38.46,2685,9471,10715,0.065
3440,PIM,Financial Services,Asset Management,NYSE,91.21,41,37,47,49,3.1,153226207.5966518,48184341.0,0.0026,-11.43,47265,43565,66757,-0.118
3441,DMO,Financial Services,Asset Management,NYSE,91.2,41,45,50,42,10.43,125926955.79092407,11427128.0,1.06,-13.87,30013,37481,37682,-0.015
3442,EHI,Financial Services,Asset Management,NYSE,91.19,41,45,47,54,5.78,181798452.0,30299742.0,0.00090000004,-13.73,73859,95016,92613,0.104
3443,POCI,Healthcare,Medical Instruments & Supplies,NASDAQ,91.19,41,66,30,64,4.44,59540087.98627043,10944869.0,0.0026,-26.49,24361,30177,48516,1.08
3444,HPK,Energy,Oil & Gas E&P,NASDAQ,91.19,41,35,63,12,6.43,897142526.3495522,126358104.0,0.57,-46.42,399605,575295,675195,-0.207
3445,NPCT,Financial Services,Asset Management,NYSE,91.15,41,45,57,51,9.77,291000596.7092514,28755000.0,0.0058999998,-13.62,146106,117245,123967,
3446,JLS,Financial Services,Asset Management,NYSE,91.15,41,40,50,50,17.3,98962648.21866608,5476627.0,0.0047,-9.38,20492,25480,24436,
3447,PCN,Financial Services,Asset Management,NYSE,91.13,41,44,40,50,11.64,871537252.2581329,73734118.0,0.55,-13.71,282612,309167,308464,0.038
3448,MAYS,Real Estate,Real Estate Services,NASDAQ,91.13,41,39,51,44,39.05,86174595.0,2015780.0,0.0044,-37.01,290,2186,1844,-0.077
3449,MCGA,Financial Services,Shell Companies,NASDAQ,91.12,41,35,37,33,10.23,241000391.51687336,23581251.0,0.0022,-13.89,159334,75111,66540,
3450,OPFI,Financial Services,Credit Services,NYSE,91.1,41,31,36,25,9.65,724988655.9750366,85393248.0,0.036199998,-35.8,429591,743440,715350,-0.022
3451,PFX,Financial Services,Asset Management,NASDAQ,91.09,41,32,27,30,42.93,81188522.75619507,1932600.0,0.0001,-19.89,26351,9307,5990,-0.136
3452,CMCO,Industrials,Farm & Heavy Construction Machinery,NASDAQ,91.08,41,33,31,73,16.21,458680282.4563198,28739366.0,0.0563,-33.57,554429,634229,625813,0.105
3453,FRPH,Real Estate,Real Estate Services,NASDAQ,91.08,41,53,25,29,23.39,443025066.9506073,19170275.0,0.0207,-16.4,75829,68479,67471,-0.036
3454,ARDC,Financial Services,Asset Management,NYSE,91.08,41,45,37,38,12.35,306525139.08576965,23966000.0,0.68,-17.83,167534,119071,116302,
3455,WCN,Industrials,Waste Management,NYSE,91.08,41,34,32,31,169.22,37863138591.79077,254080912.0,0.0085,-14.13,1357200,1576643,1626882,0.064
3456,NEM,Basic Materials,Gold,S&P 500,91.07,41,58,86,94,91.52,117227966408.51001,1067552764.0,0.020499999,-32.15,7930681,8406870,8336464,0.458
3457,DSU,Financial Services,Asset Management,NYSE,91.07,41,46,50,49,9.41,617353450.3269119,62931032.0,0.0191,-11.81,453685,367925,343789,-0.039
3458,BWG,Financial Services,Asset Management,NYSE,91.06,41,49,44,57,7.69,134334688.0,16791836.0,0.0037,-13.98,55064,66854,68618,
3459,ETD,Consumer Cyclical,"Furnishings, Fixtures & Appliances",NYSE,91.06,41,30,25,28,23.8,524703531.53541756,25446339.0,0.1182,-24.23,386512,635184,582424,-0.048
3460,FMY,Financial Services,Asset Management,NYSE,91.06,41,47,49,48,11.53,49377708.92502308,4213115.0,1.18,-6.94,3459,2916,3327,-0.116
3461,LSPD,Technology,Software - Application,NYSE,91.06,41,38,23,23,10.72,1333768638.2089539,137786012.0,0.041300002,-25.24,721313,996664,1223770,0.147
3462,NTIC,Basic Materials,Specialty Chemicals,NASDAQ,91.05,41,58,38,63,8.05,75936008.0,9492001.0,0.0025,-19.74,9695,9595,10309,0.153
3463,TVACU,Financial Services,Shell Companies,NASDAQ,91.04,41,35,37,37,10.71,,,2.15,-15.8,210,230,188,
3464,NXST,Communication Services,Broadcasting,S&P 400,91.04,41,29,65,72,193.77,5449067301.27594,30538965.0,0.077199996,-23.8,317717,442062,395059,0.131
3465,FIZZ,Consumer Defensive,Beverages - Non-Alcoholic,S&P 600,91.02,41,26,30,28,32.54,3463451647.128376,93632103.0,0.1105,-32.05,467026,629888,505625,-0.009
3466,PCAPU,Financial Services,Shell Companies,NASDAQ,91.0,41,37,37,35,10.36,,,0.23,-15.6,19508,7219,7285,
3467,DOLE,Consumer Defensive,Farm Products,NYSE,91.0,41,36,51,71,14.23,1331273688.7198448,95158950.0,0.0394,-14.12,719601,987440,1099880,0.116
3468,PLMKU,Financial Services,Shell Companies,NASDAQ,91.0,41,35,39,35,10.81,297198083.1260681,27316000.0,0.02,-12.33,41,130,140,
3469,MMT,Financial Services,Asset Management,NYSE,90.97,41,37,49,52,4.35,249355302.94481277,54924076.0,0.88,-10.68,390950,338753,244528,-0.014
3470,HCA,Healthcare,Medical Care Facilities,S&P 500,90.97,41,26,51,78,418.19,83975239787.60376,221839800.0,0.0305,-24.86,1804733,1726674,1762936,0.043
3471,BLW,Financial Services,Asset Management,NYSE,90.96,41,35,37,48,12.55,491290896.0723877,39084400.0,0.0001,-12.24,207912,176414,166376,-0.069
3472,SLSR,Basic Materials,Other Precious Metals & Mining,NYSE ARCA,90.95,41,75,90,96,7.47,1703760313.7405396,167035328.0,4.23,-34.93,220420,186396,166248,
3473,SBGI,Communication Services,Broadcasting,NASDAQ,90.94,41,47,65,39,14.12,998049979.7242031,72165581.0,0.2637,-21.03,480875,590298,516447,0.04
3474,MDT,Healthcare,Medical Devices,S&P 500,90.93,41,28,27,69,86.88,94763546058.35522,1283884964.0,0.0114,-18.29,7378875,8650995,9945823,0.087
3475,TTI,Industrials,Conglomerates,NYSE,90.91,41,93,92,98,7.24,1385039494.8033829,135389986.0,0.0544,-42.26,1641100,1799926,1723616,-0.006
3476,LHX,Industrials,Aerospace & Defense,S&P 500,90.91,41,34,64,84,305.2,58716441291.71503,186294951.0,0.0156,-19.52,1265763,1473051,1315916,1.9
3477,CHSCP,Consumer Defensive,Farm Products,NASDAQ,90.88,41,36,48,50,26.64,,,1.67,-12.86,17530,23240,18636,0.072
3478,TTEK,Industrials,Engineering & Construction,S&P 400,90.86,41,26,32,69,33.51,7134333916.10951,259524699.0,0.0577,-22.32,2417930,3189416,3389830,-0.049
3479,MIN,Financial Services,Asset Management,NYSE,90.85,41,37,40,45,2.4,279943669.8210583,113798238.0,0.91,-12.09,168847,158789,156871,-0.023
3480,CXM,Technology,Software - Application,S&P 600,90.84,41,15,13,17,6.31,1388663026.1131573,248864345.0,0.2031,-32.87,3036035,3702915,3599417,0.089
3481,MC,Financial Services,Capital Markets,S&P 600,90.84,41,45,44,58,68.59,5004782506.313553,74376318.0,0.0729,-12.31,777503,950954,889226,0.043
3482,MCN,Financial Services,Asset Management,NYSE,90.82,41,36,57,53,5.58,123743993.73938656,21116722.0,0.54,-12.68,40883,63534,70510,-0.185
3483,ARX,Financial Services,Insurance Brokers,NYSE,90.81,41,19,21,15,14.72,3480311331.3813972,218201340.0,0.0696,-52.79,1923963,2227344,1934086,0.597
3484,TROO,Financial Services,Credit Services,NASDAQ,90.78,41,94,99,99,1.76,508186271.91983795,122160166.0,0.0271,-66.67,289770,410553,403888,0.27
3485,LSAK,Technology,Software - Infrastructure,NASDAQ,90.77,41,49,52,45,4.57,419250119.02297926,85736223.0,0.0052,-17.51,147683,154411,166590,0.134
3486,YEXT,Technology,Software - Infrastructure,NYSE,90.77,41,21,7,16,5.63,418469137.6545954,100112238.0,0.0834,-38.8,1084610,1389640,1395606,-0.01
3487,EVF,Financial Services,Asset Management,NYSE,90.76,41,37,35,36,4.95,90306332.51772165,18170289.0,0.46,-13.91,63808,59256,56453,-0.075
3488,BTZ,Financial Services,Asset Management,NYSE,90.75,40,47,44,47,10.0,953775975.4603186,93324457.0,0.00090000004,-10.55,346655,266385,287905,-0.037
3489,SYK,Healthcare,Medical Devices,S&P 500,90.74,40,30,24,35,346.6,116959533474.67096,383360762.0,0.0156,-14.39,2238850,2587540,2702616,0.026
3490,DOCU,Technology,Software - Application,S&P 400,90.74,40,15,16,11,55.97,10204183681.659538,194291386.0,0.106400006,-40.88,3120426,3846735,3950495,0.078
3491,MSDL,Financial Services,Asset Management,NYSE,90.73,40,47,34,26,15.26,1307071865.5070343,84764712.0,0.045500003,-23.47,448448,533582,543985,-0.122
3492,WU,Financial Services,Credit Services,S&P 600,90.72,40,30,52,57,8.26,2540097431.27536,312435104.0,0.1785,-20.19,9521740,8194513,8247718,-0.001
3493,DHF,Financial Services,Asset Management,NYSE,90.69,40,45,45,51,2.35,179152565.47810078,72826245.0,0.12,-10.65,286293,274704,238520,-0.056
3494,DAAQU,Financial Services,Shell Companies,NASDAQ,90.69,40,38,40,37,10.5,,,24.67,-12.13,170,113,398,
3495,CSTL,Healthcare,Diagnostics & Research,NASDAQ,90.67,40,35,47,91,23.89,639355385.8460083,30329952.0,0.0478,-46.05,332221,354597,354536,-0.049
3496,AD,Communication Services,Telecom Services,NYSE,90.66,40,56,65,76,35.0,4396488693.200592,86442954.0,0.0841,-55.79,135772,314990,378910,0.928
3497,HE,Utilities,Utilities - Regulated Electric,S&P 600,90.66,40,55,75,87,13.18,2296053832.127632,172635624.0,0.14220001,-24.17,1484661,1734407,1718486,0.003
3498,PPL,Utilities,Utilities - Regulated Electric,S&P 500,90.65,40,46,53,43,36.33,26625678851.98178,752350362.0,0.059499998,-9.42,7068421,9328810,9275182,0.108
3499,CCU,Consumer Defensive,Beverages - Brewers,NYSE,90.65,40,31,24,65,11.91,2180941234.402466,185139328.0,0.033099998,-22.46,203341,172137,175174,0.002
3500,HYI,Financial Services,Asset Management,NYSE,90.63,40,39,41,42,10.42,136212853.35644627,12814003.0,0.26,-14.1,57161,66913,66648,
3501,LCII,Consumer Cyclical,Recreational Vehicles,S&P 600,90.61,40,31,70,90,107.67,2647572640.5161896,24285202.0,0.1113,-32.56,372718,594172,484117,0.043
3502,STAA,Healthcare,Medical Instruments & Supplies,S&P 600,90.61,40,86,81,19,22.66,1488178085.1615143,49788495.0,0.2488,-36.83,1146980,833360,824288,1.196
3503,CC,Basic Materials,Specialty Chemicals,S&P 600,90.59,40,80,95,76,17.07,3332370008.4941826,150377709.0,0.0885,-40.46,1993636,2616778,2477799,0.01
3504,COHN,Financial Services,Capital Markets,NYSE ARCA,90.58,40,58,96,96,13.61,27617205.0,2510655.0,0.0073,-58.25,9007,14909,19315,1.073
3505,JHS,Financial Services,Asset Management,NYSE,90.58,40,41,39,54,10.89,129859418.3071804,11646585.0,0.4,-9.93,7695,10258,11149,0.026
3506,VLT,Financial Services,Asset Management,NYSE,90.54,40,48,43,55,10.02,68433165.42030525,6511243.0,0.0026,-12.34,30310,19473,18674,-0.084
3507,GBDC,Financial Services,Asset Management,NASDAQ,90.52,40,40,51,31,12.96,3428116542.21159,260495181.0,0.052699998,-17.08,926069,1155543,1136529,-0.12
3508,PAI,Financial Services,Asset Management,NYSE,90.52,40,39,41,48,11.9,115367982.27844334,9510963.0,0.34,-12.88,14016,12498,15023,0.031
3509,OIS,Energy,Oil & Gas Equipment & Services,NYSE,90.48,40,51,95,91,8.02,511644027.5,60193415.0,0.028399998,-44.69,559038,722359,732041,-0.091
3510,PAXS,Financial Services,Asset Management,NYSE,90.48,40,47,41,56,14.09,679483034.6310654,47023048.0,0.39,-14.92,182455,162821,182595,
3511,GBAB,Financial Services,Asset Management,NYSE,90.48,40,47,41,49,13.84,390879621.9919672,27682693.0,0.16,-13.17,82964,83938,93978,
3512,SR,Utilities,Utilities - Regulated Gas,S&P 400,90.47,40,34,67,59,82.55,4862947436.207092,59116792.0,0.045300003,-13.39,382430,615166,571970,0.045
3513,RIBBU,Financial Services,Shell Companies,NASDAQ,90.46,40,63,63,43,10.73,67611498.76594543,6470000.0,2.0,-15.51,139,3346,2545,
3514,BKT,Financial Services,Asset Management,NYSE,90.46,40,45,38,48,10.25,341703449.77770233,32388952.0,0.0026,-13.58,86855,78021,96947,-0.336
3515,ASA,Financial Services,Asset Management,NYSE,90.44,40,59,88,95,50.11,1207126173.0,18787956.0,0.0015,-39.77,63436,86672,98451,-0.003
3516,GLAD,Financial Services,Asset Management,NASDAQ,90.4,40,39,28,28,19.32,437627765.4908581,22593069.0,0.0346,-34.51,175504,172751,168340,0.205
3517,MGF,Financial Services,Asset Management,NYSE,90.39,40,34,39,45,2.82,93207948.5611527,32590193.0,0.27,-10.19,60326,99315,109035,-0.054
3518,PNRG,Energy,Oil & Gas E&P,NASDAQ,90.36,40,27,82,65,180.65,266355152.09960938,1618000.0,0.081099994,-35.23,71281,70373,62924,-0.164
3519,FLR,Industrials,Engineering & Construction,S&P 400,90.32,40,70,69,56,49.34,6391294206.528717,139669896.0,0.0854,-14.19,2059901,2351217,2507884,-0.08
3520,FER,Industrials,Engineering & Construction,NASDAQ,90.32,40,65,70,80,61.77,48729777736.49833,716508987.0,0.0057,-17.41,1315380,1509073,1580996,0.057
3521,MDRR,Real Estate,Real Estate Services,NASDAQ,90.31,40,33,32,35,11.3,17750649.37877655,1628500.0,0.0106,-22.18,1110,2263,2452,-0.07
3522,CAAS,Consumer Cyclical,Auto Parts,NASDAQ,90.31,40,45,53,59,4.33,140293767.17730236,30170702.0,0.0029,-15.92,11258,12619,23179,0.214
3523,NRGV,Utilities,Utilities - Renewable,NYSE,90.29,40,96,98,99,2.75,900143333.8977642,178246198.0,0.133,-57.03,4312163,5711741,5515098,1.564
3524,EFT,Financial Services,Asset Management,NYSE,90.26,40,37,37,37,10.67,288903487.41838264,26578058.0,2.1,-15.79,62379,63453,70405,-0.181
3525,AWF,Financial Services,Asset Management,NYSE,90.26,40,41,45,44,10.1,889890250.6447906,86229678.0,0.09,-11.64,322267,333845,341937,-0.011
3526,RDNT,Healthcare,Diagnostics & Research,S&P 600,90.25,40,31,28,57,63.22,4366559029.090942,78634236.0,0.1362,-26.35,624989,931816,815777,0.221
3527,NU,Financial Services,Banks - Regional,NYSE,90.24,40,28,37,79,14.68,63834663182.01213,4861741251.0,0.0379,-22.66,127882088,89097162,80852785,0.437
3528,BRO,Financial Services,Insurance Brokers,S&P 500,90.23,40,19,16,21,73.65,19065816056.25,338947841.0,0.062800005,-35.3,3258663,3008344,2982424,0.357
3529,BZUN,Consumer Cyclical,Internet Retail,NASDAQ,90.22,40,52,37,25,2.89,150552522.52080035,58128389.0,0.0128,-40.78,281809,275739,284483,0.153
3530,CTW,Communication Services,Electronic Gaming & Multimedia,NASDAQ,90.21,40,51,58,7,2.49,148009755.0,59203902.0,0.0172,-48.98,27382,18380,18134,0.405
3531,MRP,Real Estate,REIT - Residential,S&P 600,90.18,40,57,62,63,28.59,4685872385.923937,166047927.0,0.0369,-20.58,1125455,1657761,1594741,1.357
3532,FHTX,Healthcare,Biotechnology,NASDAQ,90.18,40,43,36,82,5.13,251295598.47867107,58713922.0,0.0419,-26.19,225442,334654,271932,-0.451
3533,VGZ,Basic Materials,Gold,NYSE ARCA,90.17,40,65,89,97,1.68,351790956.3888211,145971346.0,0.0070999996,-46.33,1261890,2605160,2239992,
3534,OEC,Basic Materials,Specialty Chemicals,NYSE,90.17,40,38,54,25,7.1,430809270.8313031,56388649.0,0.0187,-41.32,493680,745450,621826,-0.038
3535,ODYS,Technology,Scientific & Technical Instruments,NASDAQ,90.16,40,19,39,90,4.35,76840133.47999191,16777322.0,0.0307,-61.5,19338,27316,50263,-0.96
3536,MASS,Healthcare,Medical Devices,NASDAQ,90.12,40,84,56,80,7.03,318012546.84009933,37813621.0,0.18879999,-24.73,253163,305447,287830,0.136
3537,LYFT,Technology,Software - Application,S&P 600,90.11,40,33,29,51,15.45,5357320396.1663475,379682532.0,0.2336,-39.51,12854638,12852902,13425477,0.138
3538,TTAN,Technology,Software - Application,NASDAQ,90.1,40,23,11,13,78.39,6902271396.620178,95387940.0,0.1441,-34.67,1349790,1677806,1692782,0.214
3539,AVY,Consumer Cyclical,Packaging & Containers,S&P 500,90.09,40,33,32,57,169.13,12167326102.182312,76490385.0,0.033800002,-15.24,740719,729016,723269,0.07
3540,BMM,Basic Materials,Other Industrial Metals & Mining,NASDAQ,90.08,40,72,91,36,5.22,806255679.7892613,104844691.0,2.23,-39.51,147264,134694,114406,
3541,ACFN,Technology,Scientific & Technical Instruments,NASDAQ,90.07,40,32,44,20,19.2,42640386.0,2508258.0,0.0093,-41.82,10280,10840,9520,-0.281
3542,JMM,Financial Services,Asset Management,NYSE,90.07,40,39,38,47,5.78,55070878.62432003,9462350.0,0.0004,-11.35,6384,5951,9272,0.02
3543,LPLA,Financial Services,Capital Markets,NASDAQ,90.04,40,20,33,53,342.4,21896906977.252045,79982861.0,0.0395,-15.16,675312,907877,1005704,0.35
3544,PATH,Technology,Software - Infrastructure,S&P 400,90.03,40,23,21,28,12.19,6099596751.81338,520443397.0,0.31780002,-38.56,98182781,75470247,63996470,0.173
3545,CPS,Consumer Cyclical,Auto Parts,NYSE,89.99,40,29,73,85,29.61,538517762.3653793,17755284.0,0.0326,-38.29,152096,159648,149999,0.029
3546,MAIN,Financial Services,Asset Management,NYSE,89.97,40,30,35,60,55.32,4762009518.845261,92989838.0,0.105900005,-18.37,592316,669338,673785,0.022
3547,EAD,Financial Services,Asset Management,NYSE ARCA,89.93,39,44,47,50,6.31,388827566.37161255,59092336.0,0.63,-12.12,303964,297411,247124,-0.094
3548,JKHY,Technology,Information Technology Services,S&P 500,89.93,39,22,30,48,157.43,9685642849.991455,71050780.0,0.0921,-18.59,946791,1503313,1632892,0.087
3549,RARE,Healthcare,Biotechnology,NASDAQ,89.92,39,68,26,16,25.98,2357832075.1589203,98489224.0,0.1468,-38.68,1634997,2729235,2271887,-0.022
3550,SCZM,Basic Materials,Other Industrial Metals & Mining,NASDAQ,89.92,39,57,95,99,6.46,755836661.4722309,92740699.0,5.41,-63.39,453878,460646,518923,0.814
3551,SDGR,Healthcare,Health Information Services,S&P 600,89.89,39,65,13,12,15.29,1135754990.548153,74720724.0,0.24520001,-44.66,843690,1243593,1280386,-0.016
3552,PHI,Communication Services,Telecom Services,NYSE,89.89,39,26,35,61,20.01,3935511662.7964497,216355775.0,0.0028,-18.36,138164,215758,203808,0.022
3553,FCNCP,Financial Services,Banks - Regional,NASDAQ,89.87,39,33,52,37,20.32,,,1.24,-11.38,10404,16544,14448,0.049
3554,ETY,Financial Services,Asset Management,NYSE,89.84,39,46,51,47,14.19,2387074673.7818317,159244477.0,0.22,-11.48,228935,250345,236291,-0.005
3555,BIT,Financial Services,Asset Management,NYSE,89.83,39,40,40,40,12.19,719560740.8990736,57062709.0,0.0023999999,-19.38,301675,291728,282049,
3556,PEG,Utilities,Utilities - Regulated Electric,S&P 500,89.83,39,44,42,41,78.95,39192979027.678116,498321402.0,0.0252,-13.49,2672425,2982948,2892619,0.194
3557,WAFU,Consumer Defensive,Education & Training Services,NASDAQ,89.81,39,33,46,55,1.56,7453844.96237421,4410559.0,0.0113,-53.98,4480,8736,17338,0.093
3558,LIF,Technology,Software - Application,S&P 600,89.81,39,53,15,34,56.68,3443036686.599003,81031691.0,0.1383,-49.64,537690,692213,696720,0.381
3559,DLNG,Energy,Oil & Gas Midstream,NYSE,89.8,39,27,60,48,3.62,137160180.7760682,36382011.0,0.0092,-18.65,134220,71253,57772,-0.04
3560,LUXE,Consumer Cyclical,Luxury Goods,NYSE,89.76,39,29,62,26,8.47,964949133.0386314,137261608.0,0.22680001,-25.57,133339,136683,239621,1.55
3561,INMB,Healthcare,Biotechnology,NASDAQ,89.75,39,34,12,9,1.71,37485212.89262128,26585258.0,0.1542,-85.31,451446,1136562,813985,
3562,AMPL,Technology,Software - Application,NASDAQ,89.74,39,21,16,20,8.74,1037082526.4856024,132619246.0,0.073,-39.68,1714982,2267324,2520500,0.169
3563,RICK,Consumer Cyclical,Restaurants,NASDAQ,89.71,39,46,28,18,26.53,193940971.4155197,7644500.0,0.113299996,-38.45,31342,45147,46906,0.043
3564,ACGLN,Financial Services,Insurance - Diversified,NASDAQ,89.71,39,36,46,49,16.37,,,1.54,-10.74,52463,60714,54284,-0.033
3565,SPOT,Communication Services,Internet Content & Information,NYSE,89.71,39,18,20,19,511.56,102332990452.4737,205620061.0,0.040700004,-34.83,1598990,1678373,1965060,0.082
3566,BEKE,Real Estate,Real Estate Services,NYSE,89.7,39,26,32,47,16.65,18512372914.616245,1115203162.0,0.0496,-20.64,4004458,3921469,4645309,-0.19
3567,MGRX,Healthcare,Health Information Services,NASDAQ,89.7,39,6,7,1,0.56,7381991.582790971,17167422.0,0.025,-79.64,545726,1847838,1280885,-0.379
3568,AB,Financial Services,Asset Management,NYSE,89.67,39,33,47,55,37.35,3469019043.4108124,93403853.0,0.0046,-15.33,240362,289017,307938,
3569,QTWO,Technology,Software - Application,S&P 600,89.67,39,16,18,20,59.24,2964129933.529335,62600423.0,0.0642,-38.73,918644,838114,790970,0.141
3570,KNSL,Financial Services,Insurance - Property & Casualty,S&P 400,89.66,39,23,20,31,370.26,7028855093.254303,23062819.0,0.1086,-27.79,375733,359237,327492,0.102
3571,HD,Consumer Cyclical,Home Improvement Retail,S&P 500,89.65,39,39,29,42,344.47,316225599135.6814,997116682.0,0.0139,-19.28,3753108,4547649,4834505,0.048
3572,STRF,Technology,Software - Application,NASDAQ,89.65,39,31,49,37,96.36,,,4.75,-24.6,70810,184753,160848,0.119
3573,SIM,Basic Materials,Steel,NYSE ARCA,89.65,39,47,34,69,28.5,4606050864.995934,153432738.0,2.05,-17.61,24810,8386,5034,0.032
3574,EDHL,Communication Services,Advertising Agencies,NASDAQ,89.65,39,13,4,1,4.17,4898848.59534502,1666275.0,0.0187,-96.21,139602,268087,3157988,-0.134
3575,FSLR,Technology,Solar,S&P 500,89.62,39,68,57,77,202.59,32965618152.950592,107453363.0,0.105299994,-35.43,1814999,1848739,2320829,0.236
3576,BGX,Financial Services,Asset Management,NYSE,89.61,39,36,36,37,10.7,138647278.31087112,12708275.0,0.0029,-15.42,62920,55316,54310,
3577,ZVRA,Healthcare,Biotechnology,NASDAQ,89.61,39,88,62,37,9.73,685143832.580246,59115084.0,0.076,-26.06,1668490,1579223,1857088,0.775
3578,OCSL,Financial Services,Asset Management,NASDAQ,89.6,39,47,46,31,12.0,1053502858.440196,88085523.0,0.0361,-18.75,470959,514006,562527,-0.093
3579,IPHA,Healthcare,Biotechnology,NASDAQ,89.6,39,66,16,29,1.68,171843021.06989193,93903288.0,0.0026,-36.12,4013,9224,29510,-0.467
3580,CAG,Consumer Defensive,Packaged Foods,S&P 600,89.59,39,22,20,38,15.43,6353645303.923496,478437156.0,0.12100001,-32.35,17171772,21516387,18959434,-0.019
3581,MWA,Industrials,Specialty Industrial Machinery,S&P 600,89.59,39,45,57,59,25.91,3944635758.3364487,156471079.0,0.030199999,-16.42,1063888,1248672,1242653,0.055
3582,AIOT,Technology,Software - Infrastructure,NASDAQ,89.58,39,33,13,40,3.91,524515864.58395314,134147277.0,0.103999995,-33.5,1021057,1505039,1630293,0.066
3583,EVV,Financial Services,Asset Management,NYSE ARCA,89.57,39,41,40,48,9.08,1089988468.0984306,116203460.0,0.19,-12.78,532372,420340,403646,-0.029
3584,CHGG,Consumer Defensive,Education & Training Services,NYSE,89.57,39,69,76,17,1.08,146666071.3736639,111958838.0,0.0622,-43.16,1316731,1295057,1501442,-0.479
3585,OSG,Financial Services,Insurance - Specialty,NYSE,89.53,39,44,11,15,5.8,246674485.01856613,45013592.0,0.0301,-44.12,320260,487860,467334,0.66
3586,TWI,Industrials,Farm & Heavy Construction Machinery,NYSE,89.51,39,45,29,78,8.24,464765537.6942253,64371960.0,0.0466,-29.57,373720,524286,504750,0.029
3587,RCI,Communication Services,Telecom Services,NYSE,89.49,39,35,58,70,34.75,20825684054.74082,540225278.0,8.68,-15.53,1651677,1377529,1283795,0.102
3588,YUMC,Consumer Cyclical,Restaurants,NYSE,89.48,39,25,53,66,45.53,14894405398.22731,351034770.0,0.0117999995,-22.02,1519820,1710700,1747782,0.097
3589,ADNT,Consumer Cyclical,Auto Parts,S&P 600,89.47,39,26,62,62,21.62,1792530074.6797333,78413387.0,0.089899994,-20.86,767966,1008618,1000675,0.07
3590,BLDP,Industrials,Electrical Equipment & Parts,NASDAQ,89.46,39,91,92,73,2.68,1896283078.709609,301475849.0,0.0735,-58.32,7639234,6783468,9171266,0.262
3591,SUNS,Real Estate,REIT - Mortgage,NASDAQ,89.45,39,33,22,36,8.0,120312019.34321404,13518205.0,0.0542,-32.09,52090,119980,100390,0.608
3592,HVIIU,Financial Services,Shell Companies,NASDAQ,89.45,39,42,39,40,10.8,259289644.57921982,24008300.0,0.0,-22.86,0,7,33,
3593,ORC,Real Estate,REIT - Mortgage,NYSE,89.44,39,57,55,69,6.57,1360747574.3885832,200700226.0,0.0552,-21.79,5111064,5265048,5088486,
3594,SHOP,Technology,Software - Application,NASDAQ,89.43,39,27,35,30,130.28,154044577565.0617,1297654610.0,0.0179,-28.49,8465710,8384043,8798594,0.343
3595,CNNE,Consumer Cyclical,Restaurants,NYSE,89.41,39,44,23,20,15.13,651637700.6276054,43940506.0,0.11270001,-31.1,449615,490631,455253,-0.068
3596,IPM,Technology,Software - Application,NASDAQ,89.4,39,40,38,28,1.8,25419672.171591997,13035729.0,0.015,-37.5,14265,22748,26467,0.152
3597,MQ,Technology,Software - Infrastructure,NASDAQ,89.38,39,25,36,31,18.07,1721563046.5167909,424030313.0,0.048299998,156.68,994087,1150116,1196903,0.192
3598,JACK,Consumer Cyclical,Restaurants,NASDAQ,89.38,39,71,11,48,16.16,237466515.56199646,19073616.0,0.3157,-36.23,699567,1108769,980591,-0.043
3599,DFIN,Technology,Software - Application,S&P 600,89.38,39,21,45,30,52.61,991550429.4419289,24982375.0,0.0535,-20.59,236251,288503,323520,0.022
3600,POLEU,Financial Services,Shell Companies,NASDAQ,89.37,39,35,56,62,10.86,,,16.75,-11.42,41,53,149,
3601,DKS,Consumer Cyclical,Specialty Retail,S&P 400,89.34,39,64,63,34,211.37,20355887055.713318,89448901.0,0.133,-11.1,1009854,1133038,1234492,0.627
3602,CPHC,Consumer Cyclical,Resorts & Casinos,NASDAQ,89.34,39,43,37,29,15.58,81581291.3458786,5150334.0,0.0047999998,-27.9,2133,2454,2128,0.028
3603,ESTC,Technology,Software - Application,NYSE,89.33,39,25,10,14,62.1,6777419789.323883,104751470.0,0.060900003,-35.36,1453667,1798539,2088587,0.16
3604,CGNT,Technology,Software - Infrastructure,NASDAQ,89.32,39,35,48,30,8.92,840860777.1710587,72675955.0,0.0063,-23.47,434931,642287,713530,0.124
3605,LNN,Industrials,Farm & Heavy Construction Machinery,S&P 600,89.3,39,35,29,51,115.14,1142590893.8715363,10454670.0,0.0698,-23.73,111779,172963,179525,-0.157
3606,HYT,Financial Services,Asset Management,NYSE,89.29,39,42,40,35,8.32,1405473568.9406395,163047980.0,0.0027,-15.79,751002,751327,754148,0.041
3607,LMNR,Consumer Defensive,Farm Products,NASDAQ,89.28,38,30,28,31,13.5,230319480.2750578,18106877.0,0.0347,-21.47,60142,91077,98466,-0.469
3608,LFVN,Consumer Defensive,Packaged Foods,NASDAQ,89.26,38,37,14,8,6.43,99286517.69623375,12615822.0,0.35990003,-57.13,89364,298238,498230,-0.252
3609,ACIC,Financial Services,Insurance - Property & Casualty,NASDAQ,89.25,38,38,61,47,10.86,506449281.9062166,48464047.0,0.0399,-16.85,271116,306852,301919,-0.014
3610,ACGLO,Financial Services,Insurance - Diversified,NASDAQ,89.25,38,34,42,49,19.5,,,1.65,-12.16,37348,42836,34831,-0.033
3611,DNOW,Industrials,Industrial Distribution,S&P 600,89.23,38,34,27,50,13.84,2334763128.3964233,182545984.0,0.0964,-19.81,2305352,2871354,2885366,0.975
3612,EONR,Energy,Oil & Gas E&P,NYSE ARCA,89.23,38,28,95,24,0.48,29331418.547495842,49968344.0,0.1084,-69.62,710374,972601,1287478,-0.16
3613,AZTA,Healthcare,Medical Instruments & Supplies,S&P 600,89.23,38,36,18,68,28.93,1054603316.8373795,46092804.0,0.2134,-30.67,565348,647619,891869,0.01
3614,TSI,Financial Services,Asset Management,NYSE,89.21,38,36,37,49,4.42,219576603.29502583,48364891.0,0.0749,-12.65,131910,126956,118690,0.067
3615,FRA,Financial Services,Asset Management,NYSE,89.18,38,36,37,36,10.75,394743216.2855587,35434758.0,0.0034999999,-19.84,136204,144621,140026,
3616,BSBR,Financial Services,Banks - Regional,NYSE,89.17,38,31,51,81,5.48,40744004327.12445,7489706599.0,2.73,-25.14,1254341,1790950,1585708,0.004
3617,MCGAU,Financial Services,Shell Companies,NASDAQ,89.16,38,34,38,36,10.25,,,2.15,-18.0,1050,1370,1280,
3618,ETOR,Financial Services,Capital Markets,NASDAQ,89.15,38,59,31,11,37.98,3338547201.7953873,79527090.0,0.056900002,-52.5,556501,706643,776984,-0.356
3619,PEP,Consumer Defensive,Beverages - Non-Alcoholic,S&P 500,89.12,38,34,62,68,142.86,197099221224.79822,1366940966.0,0.020299999,-16.69,8097629,9627973,9230255,0.085
3620,PVL,Energy,Oil & Gas E&P,NYSE,89.07,38,33,66,66,1.69,62369999.52793121,33000000.0,0.0004,-17.16,46576,66828,64805,85.032
3621,APO,Financial Services,Asset Management,S&P 500,89.06,38,27,35,31,124.69,74203572968.89201,576517513.0,0.057800002,-20.72,3945547,4718659,4133431,-0.092
3622,TLX,Healthcare,Biotechnology,NASDAQ,89.06,38,63,60,9,10.19,3194667675.4565506,338777049.0,0.0007,-44.89,114620,173260,173312,0.493
3623,CNX,Energy,Oil & Gas E&P,S&P 400,89.03,38,28,69,73,34.2,4766379947.570091,141477594.0,0.1378,-21.6,1667380,2045273,1843320,0.282
3624,CLW,Basic Materials,Paper & Paper Products,NYSE,89.02,38,27,15,18,17.51,262841611.5974083,16125253.0,0.0519,-43.44,187946,177975,197203,-0.047
3625,NTGR,Technology,Communication Equipment,NASDAQ,89.02,38,29,55,18,24.72,697569072.8268337,26839903.0,0.109,-32.94,449614,374348,378096,-0.02
3626,PINS,Communication Services,Internet Content & Information,S&P 400,89.02,38,27,17,12,24.36,11231153978.983875,560157327.0,0.1899,-38.99,10239562,13733104,16420664,0.178
3627,TDF,Financial Services,Asset Management,NYSE,89.0,38,42,54,68,10.57,281280272.2912159,25181761.0,0.0013,-13.36,56370,70033,69734,-0.201
3628,LGL,Technology,Scientific & Technical Instruments,NYSE ARCA,89.0,38,47,41,57,6.84,46567896.451506615,6540435.0,0.0057,-29.77,4494,21301,19216,0.182
3629,RPAY,Technology,Software - Infrastructure,NASDAQ,88.97,38,59,32,17,4.16,321267703.23581696,82800952.0,0.0789,-31.3,365350,661873,596636,0.045
3630,CIA,Financial Services,Insurance - Life,NYSE,88.96,38,78,65,75,5.08,262373000.05269814,50553564.0,0.0729,-20.63,107228,134459,118989,0.073
3631,VEEV,Healthcare,Health Information Services,S&P 500,88.95,38,19,12,17,201.2,28452060411.668518,163198698.0,0.0694,-35.2,1336300,2150016,2382956,0.16
3632,CDRE,Industrials,Aerospace & Defense,NYSE,88.94,38,21,22,66,33.4,1332712598.018509,42797451.0,0.076799996,-31.5,327662,418850,365540,0.195
3633,XYL,Industrials,Specialty Industrial Machinery,S&P 500,88.89,38,28,26,46,124.97,26036945440.834892,237693493.0,0.0435,-18.99,2309660,2056603,1990568,0.027
3634,NTRSO,Financial Services,Asset Management,NASDAQ,88.86,38,36,39,42,18.43,,,1.56,-12.86,45829,62666,57425,0.139
3635,REI,Energy,Oil & Gas E&P,NYSE ARCA,88.85,38,40,94,77,1.13,327471166.5662527,253853625.0,0.0328,-43.5,3775435,5965348,5268529,-0.071
3636,GDO,Financial Services,Asset Management,NYSE,88.85,38,43,48,55,10.24,81585503.71842384,7519401.0,0.93,-15.72,45741,35047,31832,
3637,OPRT,Financial Services,Credit Services,NASDAQ,88.82,38,52,62,39,5.74,247902906.5495739,45738543.0,0.0322,-27.93,411551,514457,543892,0.013
3638,IIF,Financial Services,Asset Management,NYSE,88.82,38,36,29,37,22.67,208812094.46276283,9534799.0,0.0007,-20.09,30311,29423,32800,0.026
3639,WMG,Communication Services,Entertainment,S&P 400,88.81,38,35,34,32,28.76,16451754230.673279,521615528.0,0.0784,-18.8,1697140,2006980,2240490,0.167
3640,RNGR,Energy,Oil & Gas Equipment & Services,NYSE,88.8,38,53,79,74,14.53,367354692.486434,23761623.0,0.0139,-22.77,200790,217906,209858,0.177
3641,MARPS,Energy,Oil & Gas Midstream,NASDAQ,88.77,38,32,72,65,4.59,9699999.809265137,2000000.0,0.005,-41.9,7577,11835,13305,-0.311
3642,CSL,Industrials,Building Products & Equipment,S&P 400,88.71,38,61,48,43,347.72,13952762756.76831,40465076.0,0.085,-20.23,437367,540705,467747,-0.04
3643,PCYO,Utilities,Utilities - Regulated Water,NASDAQ,88.71,38,46,57,55,10.76,249475456.9949112,24103908.0,0.018099999,-13.5,50487,63652,63791,0.294
3644,ECOR,Healthcare,Medical Devices,NASDAQ,88.7,38,88,45,29,6.09,80966102.21873665,8295707.0,0.0369,-40.7,47412,83810,122688,0.426
3645,PSN,Technology,Information Technology Services,S&P 400,88.7,38,21,14,30,62.03,6322430427.863731,106978521.0,0.1276,-30.69,941170,1076980,1122282,-0.041
3646,OFIX,Healthcare,Medical Devices,NASDAQ,88.67,38,18,28,26,12.26,374708732.54356384,40421652.0,0.0363,-27.84,282399,378183,436965,0.016
3647,BX,Financial Services,Asset Management,S&P 500,88.67,38,23,27,27,133.9,142967986579.28903,1222261991.0,0.0248,-29.56,5547726,5246398,5212507,0.057
3648,APG,Industrials,Engineering & Construction,S&P 400,88.66,38,58,81,82,39.33,17762347549.0,433227989.0,0.0225,-21.32,2622595,3012031,2835735,0.153
3649,EPAC,Industrials,Specialty Industrial Machinery,S&P 600,88.66,38,29,26,39,37.09,1767478576.5232773,52776306.0,0.0271,-18.56,480863,633007,552946,0.064
3650,MITT,Real Estate,REIT - Mortgage,NYSE,88.65,38,57,62,80,7.24,245522820.3273654,31803475.0,0.0002,-21.9,144337,180442,171967,-0.781
3651,SIGIP,Financial Services,Insurance - Property & Casualty,NASDAQ,88.61,38,36,41,46,15.81,,,0.63,-15.48,7130,62073,39192,0.057
3652,RTO,Industrials,Specialty Business Services,NYSE,88.6,38,49,78,77,28.82,15152796894.62819,503247977.0,0.0066000004,-16.87,928106,827232,865633,0.058
3653,MYPS,Communication Services,Electronic Gaming & Multimedia,NASDAQ,88.59,38,14,7,9,0.6,71312004.9819367,128722026.0,0.0254,-62.12,384207,1058915,1043335,-0.069
3654,AR,Energy,Oil & Gas E&P,S&P 400,88.59,38,25,64,36,33.88,11076637000.0,309836000.0,0.039,-25.95,4492478,4850042,4748235,0.343
3655,PRQR,Healthcare,Biotechnology,NASDAQ,88.58,38,38,24,16,1.76,166472835.10167015,105362551.0,0.0121,-43.23,827876,1414438,1068937,-0.571
3656,SLM,Financial Services,Credit Services,S&P 400,88.56,38,49,23,33,25.19,4171677207.67354,188592995.0,0.1388,-27.97,3199180,3200436,2864564,0.025
3657,BDN,Real Estate,REIT - Office,NYSE,88.56,38,54,35,19,3.0,538506702.9335475,173711845.0,0.075100005,-35.21,2074766,2072258,1883195,0.063
3658,NFG,Energy,Oil & Gas Integrated,S&P 400,88.55,38,26,52,53,81.39,7341481714.5,95035362.0,0.0588,-16.14,620129,684843,744099,0.176
3659,HAYW,Industrials,Electrical Equipment & Parts,S&P 600,88.53,38,69,36,42,15.11,3061347742.631668,216962992.0,0.0554,-14.78,3154053,2930317,2676950,0.115
3660,KODK,Industrials,Specialty Business Services,NYSE,88.52,38,75,95,63,8.29,968192007.4462891,97600000.0,0.0671,-44.25,736635,885351,939253,0.073
3661,ASTI,Technology,Solar,NASDAQ,88.52,38,90,93,98,2.94,70301818.78575945,9461887.0,0.1184,-70.21,404970,613253,1622924,2.325
3662,PHG,Healthcare,Medical Devices,NYSE,88.5,38,54,37,60,25.55,25123754438.934326,952018000.0,1.2,-23.59,1626463,1194034,1201578,-0.047
3663,WDAY,Technology,Software - Application,S&P 500,88.48,38,13,10,14,159.69,36105053497.972595,246973479.0,0.1519,-37.89,4588880,4861646,5256734,0.135
3664,ADIL,Healthcare,Biotechnology,NASDAQ,88.46,38,20,1,6,2.95,5144690.604431629,2143621.0,0.0239,-84.47,28208,77696,547185,
3665,GDDY,Technology,Software - Infrastructure,S&P 500,88.46,38,17,14,11,102.92,11364737410.459671,132409847.0,0.076799996,-43.86,1562558,2176116,2522921,0.061
3666,VIPS,Consumer Cyclical,Internet Retail,NYSE,88.45,37,19,32,61,14.85,6829447207.04607,480270540.0,0.0202,-29.55,1875040,2312133,2613604,0.012
3667,WRAP,Technology,Scientific & Technical Instruments,NASDAQ,88.44,37,18,23,59,1.73,72738413.32641244,55738250.0,0.1822,-46.44,825830,3094290,1939978,0.452
3668,CULP,Consumer Cyclical,Textile Manufacturing,NASDAQ,88.42,37,29,25,22,3.56,39254629.19238281,12662784.0,0.0025,-25.83,14483,34874,28678,-0.082
3669,KE,Industrials,Electrical Equipment & Parts,NASDAQ,88.41,37,43,73,88,24.66,623588632.5891495,24048925.0,0.0572,-25.7,193670,218820,199640,-0.058
3670,HBANM,Financial Services,Banks - Regional,NASDAQ,88.41,37,34,43,45,20.9,,,1.13,-13.06,11755,15635,16833,0.336
3671,ROP,Technology,Software - Application,S&P 500,88.37,37,18,21,15,390.92,32851627752.079865,100917359.0,0.0461,-32.19,896491,1141740,1104614,0.113
3672,FCNCO,Financial Services,Banks - Regional,NASDAQ,88.37,37,33,41,42,20.68,,,0.91,-13.51,12676,14735,14889,0.049
3673,CTRI,Utilities,Utilities - Regulated Gas,NYSE,88.37,37,72,91,84,26.04,3102731486.7778893,100934662.0,0.0402,-39.42,1412345,1539221,1393093,0.315
3674,PDI,Financial Services,Asset Management,NYSE,88.37,37,40,48,53,16.07,7740435434.067421,461564414.0,0.17,-20.33,2541263,2646434,2711190,
3675,EOS,Financial Services,Asset Management,NYSE,88.36,37,48,50,37,21.1,1224668827.9407978,53316015.0,0.02,-13.84,132321,113360,122622,-0.003
3676,UTSI,Technology,Communication Equipment,NASDAQ,88.34,37,31,41,33,2.43,26773389.56619978,9494110.0,0.0032,-17.35,11760,662880,400860,-0.158
3677,RTAC,Financial Services,Shell Companies,NASDAQ,88.32,37,34,32,32,10.48,325012243.3496704,31161288.0,0.0036000002,-21.66,45850,71310,91002,
3678,IVA,Healthcare,Biotechnology,NASDAQ,88.32,37,17,68,93,4.64,1030113229.4517117,208947924.0,0.0031,-41.88,778492,1368867,1076382,-0.899
3679,KGEI,Energy,Oil & Gas E&P,NASDAQ,88.31,37,24,71,17,4.86,182430009.36237144,35630862.0,2.55,-41.23,125685,200888,217657,0.195
3680,GSBD,Financial Services,Asset Management,NYSE,88.31,37,51,55,32,8.88,1008618844.6141691,112569067.0,0.060500003,-26.17,610796,917445,936807,-0.187
3681,MOLN,Healthcare,Biotechnology,NASDAQ,88.3,37,38,56,54,3.83,157546877.44531345,37511163.0,0.00029999999,-28.54,1053,7241,6604,
3682,SOLS,Basic Materials,Specialty Chemicals,S&P 400,88.3,37,86,88,85,57.31,13376084447.885399,158804273.0,0.0323,-36.88,3673600,3829790,3000918,0.106
3683,FN,Technology,Electronic Components,S&P 400,88.29,37,78,95,87,449.72,23438381756.175537,35829740.0,0.0885,-39.95,796396,1015868,992703,0.393
3684,NCSM,Energy,Oil & Gas Equipment & Services,NASDAQ,88.26,37,32,89,65,44.76,111227287.543293,2624523.0,0.052600004,-48.76,16699,14126,22581,-0.087
3685,MXC,Energy,Oil & Gas E&P,NYSE ARCA,88.24,37,15,63,76,8.75,17902500.0,2046000.0,0.005,-46.91,8586,8002,10273,-0.268
3686,LSE,Energy,Oil & Gas Equipment & Services,NASDAQ,88.24,37,25,47,18,5.07,76442246.10328674,17025000.0,0.0015,-48.16,12379,9046,16935,-0.31
3687,WVVIP,Consumer Defensive,Beverages - Wineries & Distilleries,NASDAQ,88.21,37,23,29,37,2.79,,,0.0,-22.07,1750,1846,1996,0.095
3688,AAUC,Basic Materials,Gold,NYSE,88.2,37,59,91,97,20.84,3294311772.5339756,125881229.0,0.0293,-35.28,603512,509110,578254,0.138
3689,STRC,Technology,Software - Application,NASDAQ,88.18,37,27,59,53,88.22,,,0.47,-12.15,1056510,2886143,3069036,0.119
3690,AOS,Industrials,Specialty Industrial Machinery,S&P 500,88.17,37,30,28,65,64.01,7817639721.527832,137828624.0,0.0788,-21.82,1657418,1805126,1726515,-0.019
3691,KRMD,Healthcare,Medical Instruments & Supplies,NASDAQ,88.15,37,40,46,89,4.01,186487977.37169266,45933000.0,0.0168,-39.32,159701,162523,137786,0.221
3692,DYNCU,Financial Services,Shell Companies,NASDAQ,88.15,37,35,37,37,10.85,,,0.0,-0.82,0,72,95,
3693,PTY,Financial Services,Asset Management,NYSE,88.13,37,36,35,36,11.73,2518345198.219405,211981917.0,0.22,-20.15,1041014,1060594,1030540,0.072
3694,GXO,Industrials,Integrated Freight & Logistics,S&P 400,88.12,37,36,68,72,53.3,5765084865.010086,115048589.0,0.0533,-20.27,1235332,1345030,1315852,0.108
3695,CUVL,Healthcare,Biotechnology,NASDAQ,88.11,37,38,27,55,7.01,,,,,7460,4610,3416,
3696,CLFD,Technology,Communication Equipment,NASDAQ,88.1,37,74,27,24,31.25,641694317.7886963,13589460.0,0.16299999,-40.74,185546,197208,273191,-0.153
3697,DERM,Healthcare,Drug Manufacturers - Specialty & Generic,NASDAQ,88.1,37,66,12,74,6.31,173742989.99446058,27534547.0,0.2288,-33.96,153307,296929,265685,0.215
3698,TSQ,Communication Services,Advertising Agencies,NYSE,88.09,37,77,53,42,5.82,118495025.48779297,17953792.0,0.0212,-37.49,69760,67356,60710,-0.019
3699,IMXI,Technology,Software - Infrastructure,NASDAQ,88.05,37,51,76,68,13.21,450514553.27609634,30094492.0,0.0435,-17.18,309624,388391,411404,-0.149
3700,RTACU,Financial Services,Shell Companies,NASDAQ,88.04,37,32,30,32,10.92,,,0.0,-23.37,540,2423,6088,
3701,EDU,Consumer Defensive,Education & Training Services,NYSE,88.03,37,24,48,72,50.79,7633748722.699516,166712133.0,0.0287,-21.83,726971,589467,585070,0.198
3702,HBANP,Financial Services,Banks - Regional,NASDAQ,88.03,37,33,38,41,16.18,,,0.33,-14.39,88732,86104,72316,0.336
3703,RILY,Financial Services,Financial Conglomerates,NASDAQ,88.03,37,90,91,95,6.72,346428420.52716064,37130592.0,0.1453,-40.21,459311,827680,907886,1.134
3704,PLUT,Financial Services,Capital Markets,NASDAQ,88.02,37,35,57,32,2.98,48260400.81977844,15350000.0,0.0008,-28.88,590,1140,2408,-0.204
3705,LADR,Real Estate,REIT - Mortgage,NYSE,87.98,37,39,41,53,9.86,1304767852.5710564,127668084.0,0.018099999,-17.28,1181143,1182797,1020812,0.017
3706,NAMS,Healthcare,Biotechnology,NASDAQ,87.98,37,74,59,78,27.98,3937326048.396263,116903979.0,0.0717,-33.7,1060846,1063308,1168675,0.021
3707,ATAT,Consumer Cyclical,Lodging,NASDAQ,87.95,37,27,71,64,35.07,4745305612.765503,138185952.0,0.0209,-18.77,855556,905425,1015399,0.475
3708,BNT,Financial Services,Insurance - Diversified,NYSE,87.92,37,36,52,53,43.27,12505968197.25383,274374017.0,16.3,-13.22,25020,26163,24768,-0.367
3709,FCN,Industrials,Consulting Services,S&P 400,87.91,37,25,54,40,167.11,4617464285.958435,30144043.0,0.1034,-11.72,304647,474815,469883,0.095
3710,ISOU,Energy,Uranium,NYSE ARCA,87.89,37,62,85,90,9.38,706327034.6718979,60628932.0,15.19,-30.93,59934,126634,130436,
3711,BEAM,Healthcare,Biotechnology,NASDAQ,87.89,37,89,79,75,26.29,3387812548.4162445,102879214.0,0.3993,-27.85,2255216,2602588,2320453,3.249
3712,VVR,Financial Services,Asset Management,NYSE,87.84,37,33,39,37,2.95,471010579.9323392,153925029.0,0.0015,-22.98,752760,697576,843898,-0.188
3713,PZG,Basic Materials,Gold,NYSE ARCA,87.83,37,44,90,99,1.09,118382445.3709482,85784381.0,0.0155,-59.78,512673,484937,557724,
3714,CBRE,Real Estate,Real Estate Services,S&P 500,87.82,37,30,33,63,147.05,36613785306.241585,292816579.0,0.0137,-15.62,1625026,1872305,2269879,0.186
3715,PXED,Consumer Defensive,Education & Training Services,NYSE,87.82,37,35,23,21,30.0,1082923936.2835178,35810977.0,0.0392,-36.28,156837,136549,116553,-0.004
3716,DC,Basic Materials,Gold,NYSE ARCA,87.82,37,28,80,94,4.7,771425869.3737087,133928097.0,0.0435,-35.17,1190590,1715416,1564130,
3717,PCF,Financial Services,Asset Management,NYSE,87.81,37,34,40,43,5.3,104999286.99891567,18716450.0,0.0011999999,-18.59,48785,62951,60481,-0.358
3718,HBANZ,Financial Services,Banks - Regional,NASDAQ,87.81,37,33,46,38,19.85,,,1.85,-10.71,11701,11423,10580,0.336
3719,FSM,Basic Materials,Gold,NYSE,87.8,37,34,76,88,8.42,3047751440.3459787,302957387.0,3.16,-39.21,5336664,4896988,5135274,0.756
3720,ASO,Consumer Cyclical,Specialty Retail,S&P 600,87.79,37,29,65,78,50.42,3406029425.9841995,64508134.0,0.1555,-19.26,1213154,1551168,1587790,0.025
3721,TAP,Consumer Defensive,Beverages - Brewers,S&P 500,87.78,37,27,28,48,42.51,7413905031.855469,187551360.0,0.1967,-22.46,2725240,3201356,3199058,0.02
3722,LRN,Consumer Defensive,Education & Training Services,S&P 600,87.76,37,27,48,24,95.88,3928444602.4020386,42524840.0,0.2227,-43.99,748979,883739,774633,0.027
3723,ORLY,Consumer Cyclical,Auto Parts,S&P 500,87.75,37,32,48,50,91.17,71998763787.38605,828715079.0,0.0242,-16.14,9228713,9125094,8296216,0.102
3724,CACI,Technology,Information Technology Services,S&P 400,87.73,37,25,36,78,510.06,11344106246.2854,22091305.0,0.081999995,-25.38,270437,291092,276071,0.085
3725,ZKH,Consumer Cyclical,Internet Retail,NYSE,87.7,36,14,38,62,2.95,450752366.81817055,159276459.0,0.00059999997,-24.36,81050,86386,108844,0.092
3726,LBRDP,Communication Services,Telecom Services,NASDAQ,87.69,36,30,32,44,21.5,,,0.2,-15.84,7996,10245,9865,
3727,MLM,Basic Materials,Building Materials,S&P 500,87.68,36,35,50,64,583.67,34925098155.57861,60045900.0,0.031600002,-17.91,502682,611984,596790,0.172
3728,DASH,Consumer Cyclical,Internet Retail,S&P 500,87.68,36,31,18,28,195.52,69405632302.02237,435718722.0,0.036199998,-31.52,3509355,4586495,4652023,0.331
3729,ASPCU,Financial Services,Shell Companies,NASDAQ,87.67,36,28,36,73,10.83,,,2.77,-77.9,147,425,1483,
3730,TRC,Industrials,Conglomerates,NYSE,87.67,36,55,71,36,17.3,521767825.7906246,26992645.0,0.0547,-18.82,92450,104036,95916,0.158
3731,TAL,Consumer Defensive,Education & Training Services,NYSE,87.65,36,23,39,60,10.44,5908746118.613262,608521740.0,5.07,-21.91,3629150,3569150,3606298,0.315
3732,RKLB,Industrials,Aerospace & Defense,NASDAQ,87.65,36,94,93,96,63.89,83055902839.81133,578867475.0,0.0581,-57.69,19500314,24719674,25919964,0.635
3733,CHYM,Technology,Software - Application,NASDAQ,87.64,36,33,24,24,22.37,7086956130.747267,381019139.0,0.0394,-50.22,5694208,5953119,5232089,0.248
3734,BA,Industrials,Aerospace & Defense,S&P 500,87.63,36,48,55,69,221.56,182216078999.2344,788302331.0,0.0021,-12.89,5923643,5668677,6098820,0.14
3735,ZUMZ,Consumer Cyclical,Apparel Retail,NASDAQ,87.63,36,28,84,89,20.55,425008418.3784218,17255722.0,0.1028,-35.17,222830,238600,235028,0.044
3736,VOXR,Basic Materials,Other Precious Metals & Mining,NASDAQ,87.57,36,60,78,92,4.26,402386207.1535721,68901746.0,0.0175,-36.42,419280,527090,501586,4.983
3737,PERI,Communication Services,Internet Content & Information,NASDAQ,87.56,36,32,62,28,9.61,350661518.15651894,41302889.0,0.0145000005,-16.0,267004,414838,515526,0.012
3738,CME,Financial Services,Financial Data & Stock Exchanges,S&P 500,87.55,36,18,55,61,260.0,98836228396.01468,361322751.0,0.0147,-21.01,2728592,3611444,3584390,0.144
3739,DCBO,Technology,Software - Application,NASDAQ,87.52,36,21,20,13,20.99,463994877.7088833,25382651.0,3.99,-37.19,133559,96059,102705,0.145
3740,ADT,Industrials,Security & Protection Services,S&P 600,87.49,36,25,32,33,7.34,5103299600.932732,760551352.0,0.0748,-17.85,7416200,8448340,8920102,0.009
3741,ASPN,Industrials,Building Products & Equipment,NYSE,87.48,36,88,19,6,4.39,530415707.10380983,82877453.0,0.1104,-55.11,892510,1270760,1324890,-0.519
3742,SPE,Financial Services,Asset Management,NYSE,87.47,36,36,53,55,13.09,149467773.53807068,10623154.0,0.61,-18.14,42910,34853,35244,-0.461
3743,RGNX,Healthcare,Biotechnology,NASDAQ,87.43,36,78,25,62,9.6,362400335.0426464,51697621.0,0.14850001,-40.7,2097085,2716135,2316409,-0.928
3744,AKA,Consumer Cyclical,Apparel Retail,NYSE,87.43,36,45,49,37,11.0,102268767.33584976,10822092.0,0.0115,-32.84,2320,3373,4164,0.03
3745,CPZ,Financial Services,Asset Management,NASDAQ,87.43,36,31,34,40,13.16,256200135.44454384,19632194.0,0.0011999999,-21.76,94510,87563,87390,
3746,ARES,Financial Services,Asset Management,S&P 500,87.42,36,19,18,20,127.9,28979105662.0,225518332.0,0.14850001,-34.5,1930298,2324922,2315799,0.283
3747,FLOC,Energy,Oil & Gas Equipment & Services,NYSE,87.37,36,64,81,70,19.27,978267123.6525574,41824162.0,0.0582,-31.81,396881,746327,719314,0.089
3748,EUDA,Real Estate,Real Estate Services,NASDAQ,87.36,36,15,4,5,19.9,54077507.900857925,2994325.0,0.013099999,-76.86,5720,4273,5730,0.789
3749,RITM,Real Estate,REIT - Mortgage,S&P 600,87.35,36,31,31,42,9.78,5203417313.658348,558306597.0,0.0519,-23.23,6420990,5897003,5439960,0.646
3750,WPM,Basic Materials,Gold,NYSE,87.35,36,37,75,90,109.58,60216989573.15958,454125089.0,1.37,-33.89,1618970,1969226,1960570,0.916
3751,FUL,Basic Materials,Specialty Chemicals,S&P 600,87.35,36,36,55,60,57.11,3491545899.289215,54487294.0,0.0543,-16.79,639428,891689,829473,-0.023
3752,TREX,Industrials,Building Products & Equipment,S&P 400,87.34,36,70,21,18,44.02,4301407539.136879,103898729.0,0.0951,-36.0,2196690,2058430,1997410,0.01
3753,CING,Healthcare,Biotechnology,NASDAQ,87.29,36,64,59,87,4.53,55228249.49423981,13276022.0,0.1425,-61.9,179267,306579,513659,
3754,LRMR,Healthcare,Biotechnology,NASDAQ,87.29,36,18,71,37,3.83,361512622.7414098,103882937.0,0.13,-40.34,1309958,2538332,2300769,
3755,CKX,Energy,Oil & Gas E&P,NYSE ARCA,87.28,36,46,52,44,10.8,21824761.504961967,2053129.0,0.00059999997,-18.49,5543,7414,6714,-0.51
3756,TFPM,Basic Materials,Other Precious Metals & Mining,NYSE,87.26,36,39,72,89,28.57,6545211995.21051,206603912.0,2.41,-31.49,424680,665273,664372,0.787
3757,AA,Basic Materials,Aluminum,S&P 400,87.25,36,73,92,94,44.36,20488409733.934402,263889875.0,0.0225,-42.92,5774788,6583659,5764675,-0.052
3758,CRDL,Healthcare,Drug Manufacturers - Specialty & Generic,NASDAQ,87.25,36,25,77,24,1.2,140632136.09796524,115272240.0,0.0175,-29.82,960284,692524,561754,
3759,AMZN,Consumer Cyclical,Internet Retail,S&P 500,87.22,36,59,71,52,230.86,2911304255333.8853,10757109436.0,0.0106,-17.12,38825833,53382091,48725184,0.166
3760,LND,Consumer Defensive,Farm Products,NYSE,87.22,36,29,39,59,3.66,375550270.98998594,99615457.0,0.0011999999,-17.75,30586,43418,48961,-0.155
3761,CNTB,Healthcare,Biotechnology,NASDAQ,87.2,36,76,89,95,2.08,156779994.5704701,62963853.0,0.0305,-45.55,312712,559240,427668,
3762,BAM,Financial Services,Asset Management,NYSE,87.17,36,27,30,25,48.05,77603818304.49725,1596786435.0,0.056900002,-25.04,2152945,2533821,2713757,0.238
3763,UHS,Healthcare,Medical Care Facilities,S&P 500,87.15,36,17,27,56,166.22,8844966281.558456,60536351.0,0.070700005,-32.52,1030750,974350,1072952,0.096
3764,STWD,Real Estate,REIT - Mortgage,S&P 400,87.15,36,32,53,44,16.66,6332385547.314129,370748570.0,0.044,-20.86,3307060,3690766,3453394,0.218
3765,BXSL,Financial Services,Asset Management,NYSE,87.12,36,36,34,27,23.32,5520831924.690365,232652003.0,0.0579,-28.92,1627626,1762482,1714629,-0.09
3766,XPL,Basic Materials,Other Industrial Metals & Mining,NYSE ARCA,87.12,36,48,66,72,0.73,78176902.51920128,93067744.0,0.0027,-25.51,52640,99013,160828,
3767,AOSL,Technology,Semiconductors,S&P 600,87.11,36,94,94,22,28.85,1357306316.6310883,29929578.0,0.082100004,-43.82,728364,747998,840940,-0.005
3768,ASPC,Financial Services,Shell Companies,NASDAQ,87.09,36,27,46,84,10.79,25736767.34502983,2337581.0,0.0796,-83.14,1897,2995,3213,
3769,MBUU,Consumer Cyclical,Recreational Vehicles,NASDAQ,87.08,36,33,21,62,28.46,539233127.881752,19637041.0,0.0629,-28.22,189452,283127,288046,0.031
3770,MYSE,Technology,Software - Application,NASDAQ,87.07,36,80,26,16,2.43,8981562.233214855,5074329.0,0.0706,-57.89,127971,746363,500436,
3771,OPAL,Utilities,Utilities - Regulated Gas,NASDAQ,87.07,36,30,39,35,2.23,68608049.1504879,30357544.0,0.0688,-39.73,205412,325887,297560,-0.141
3772,SDHC,Real Estate,Real Estate - Development,NYSE,87.06,36,34,19,30,15.55,99833194.03842258,8347257.0,0.2522,-33.83,43725,70331,74073,-0.081
3773,CLNN,Consumer Defensive,Packaged Foods,NASDAQ,87.05,36,76,87,24,4.99,83825693.18881941,12778307.0,0.1385,-63.04,64383,72867,89592,-0.815
3774,VSNT,Communication Services,Entertainment,S&P 600,87.05,36,25,49,15,37.24,6104224280.736465,141498015.0,0.0321,-36.88,1618150,2120260,1942670,-0.011
3775,CERT,Healthcare,Health Information Services,S&P 600,87.04,36,20,10,14,7.91,905386045.2644348,155564608.0,0.2518,-43.01,3401931,4440070,4238804,0.009
3776,OBDC,Financial Services,Asset Management,NYSE,87.01,36,33,36,24,11.02,5588399187.835297,496305424.0,0.04,-27.43,3243405,3681748,3505637,-0.146
3777,ROAD,Industrials,Engineering & Construction,S&P 600,87.0,36,54,74,72,106.66,6584601469.752136,56534742.0,0.053400002,-29.36,1871746,1129782,908723,0.346
3778,RGR,Industrials,Aerospace & Defense,NYSE,87.0,36,38,66,49,38.34,623260852.2028999,15944253.0,0.0374,-20.47,87534,127404,122050,0.041
3779,TOST,Technology,Software - Infrastructure,S&P 400,87.0,36,24,21,17,32.34,15097400398.254395,580000000.0,0.0696,-34.88,9996280,13048163,12439104,0.219
3780,UNB,Financial Services,Banks - Regional,NASDAQ,86.99,36,39,37,34,23.36,106584602.96012115,4614052.0,0.0225,-21.66,8450,21313,16122,0.131
3781,RVP,Healthcare,Medical Instruments & Supplies,NYSE ARCA,86.96,36,34,24,24,0.67,20357269.014127254,29937160.0,0.0036000002,-41.23,18952,55500,79432,-0.135
3782,DHY,Financial Services,Asset Management,NYSE ARCA,86.93,36,30,29,41,1.73,243137249.0825355,138146165.0,0.0197,-19.53,1022244,879838,759410,-0.032
3783,SFIX,Consumer Cyclical,Apparel Retail,NASDAQ,86.93,36,62,25,66,4.22,486020163.38811874,136522520.0,0.1582,-28.96,1275120,1980070,2094980,0.094
3784,HHH,Real Estate,Real Estate - Development,NYSE,86.92,35,46,23,57,67.13,3777217622.1700974,59624589.0,0.0925,-26.29,350912,398127,413090,0.184
3785,FRNM,Healthcare,Diagnostics & Research,NASDAQ,86.9,35,34,36,81,10.77,,,,,519696,329948,249143,
3786,TEAM,Technology,Software - Application,NASDAQ,86.9,35,16,6,8,99.98,27307959784.70761,253767862.0,0.1249,-55.08,3898060,4133953,4793908,0.317
3787,DV,Communication Services,Advertising Agencies,S&P 600,86.88,35,34,30,16,11.25,1488602604.029029,153464189.0,0.0988,-33.12,1729007,2930062,3099161,0.096
3788,GNE,Utilities,Utilities - Regulated Electric,NYSE,86.87,35,29,32,28,14.32,366483372.9016638,26403701.0,0.0253,-49.7,67996,94122,87659,0.04
3789,TAC,Utilities,Utilities - Independent Power Producers,NYSE,86.86,35,56,48,50,12.74,4234716079.521179,297800000.0,0.0179,-28.75,1242560,1447490,1685766,-0.255
3790,EYPT,Healthcare,Biotechnology,NASDAQ,86.86,35,60,78,83,11.96,1138564820.4434166,83841298.0,0.17790002,-37.41,1390071,1518867,1326224,1.617
3791,LE,Consumer Cyclical,Apparel Retail,NASDAQ,86.85,35,28,24,87,12.65,361839757.75,30794873.0,0.1176,-36.88,252449,299779,278689,0.047
3792,FRPT,Consumer Defensive,Packaged Foods,S&P 600,86.81,35,47,47,35,61.22,2535767940.614052,49142791.0,0.22709998,-28.81,970109,1355583,1471441,0.131
3793,OFLX,Industrials,Specialty Industrial Machinery,NASDAQ,86.81,35,46,51,68,30.3,305151349.4391861,10094322.0,0.0148,-20.09,50144,50928,46934,-0.01
3794,CREX,Technology,Software - Application,NASDAQ,86.79,35,83,83,78,3.16,38887546.945441246,10567268.0,0.0114,-28.51,33536,42775,40193,0.679
3795,IDXX,Healthcare,Diagnostics & Research,S&P 500,86.77,35,28,38,57,569.54,44452937610.4353,78882997.0,0.0293,-26.03,526307,660459,644493,0.143
3796,HKD,Technology,Software - Application,NYSE,86.76,35,40,49,12,1.58,571988433.4846079,314279350.0,0.0063,-71.12,110616,148132,208963,3.409
3797,WBX,Technology,Electronic Components,NYSE,86.75,35,98,97,98,3.46,52727458.11294079,17517428.0,0.0156,-55.81,39070,103396,209264,-0.211
3798,AMRZ,Basic Materials,Building Materials,NYSE,86.74,35,46,51,52,50.37,30106855825.658066,553536609.0,0.0146,-23.61,2515979,2787606,3088171,0.047
3799,SEVN,Real Estate,REIT - Mortgage,NASDAQ,86.74,35,33,29,26,8.04,192744530.77619648,22596077.0,0.0191,-37.48,206639,174876,142247,-0.001
3800,RELX,Industrials,Specialty Business Services,NYSE,86.73,35,19,25,13,37.76,57856059320.41502,1764442138.0,0.0023999999,-30.84,2754620,2838376,2735712,0.012
3801,FERG,Industrials,Industrial Distribution,NYSE,86.73,35,53,73,74,232.02,43824130777.96051,193937826.0,0.0166,-14.59,1048117,1252469,1346025,0.036
3802,RGLD,Basic Materials,Gold,S&P 400,86.7,35,31,71,90,196.16,19050854454.370758,84866602.0,0.033099998,-35.95,613467,742369,708003,1.43
3803,ARLO,Industrials,Building Products & Equipment,S&P 600,86.69,35,24,52,28,14.23,1448854975.3525429,108609817.0,0.1142,-28.64,976749,1226059,1234065,0.263
3804,EXPO,Industrials,Engineering & Construction,S&P 400,86.66,35,24,34,31,65.0,2829198188.4754257,48511629.0,0.0842,-20.68,545570,599440,598892,0.105
3805,AXR,Real Estate,Real Estate - Development,NYSE,86.64,35,55,77,26,22.74,132736081.40852737,5305199.0,0.0104,-21.61,10123,7337,10004,0.938
3806,GIS,Consumer Defensive,Packaged Foods,S&P 500,86.64,35,23,17,32,37.65,18043762713.47962,533681218.0,0.1126,-31.78,9749042,11072680,10693432,0.022
3807,SE,Consumer Cyclical,Internet Retail,NYSE,86.62,35,22,11,18,107.41,55448223028.99823,612484522.0,0.0587,-46.11,4471781,4500710,4152214,0.466
3808,BTU,Energy,Thermal Coal,S&P 600,86.6,35,34,78,93,23.24,3295610391.4980125,121834029.0,0.16399999,-43.51,2156625,2621898,3150439,0.039
3809,EL,Consumer Defensive,Household & Personal Products,S&P 500,86.58,35,38,25,86,84.75,32181656585.13954,361794915.0,0.033,-30.33,2109962,2874664,3314574,0.046
3810,VICI,Real Estate,REIT - Diversified,S&P 500,86.56,35,32,43,32,27.1,30386736137.77372,1076780187.0,0.031,-20.32,6968830,10139043,9420124,0.035
3811,YIBO,Technology,Computer Hardware,NASDAQ,86.55,35,34,39,12,1.15,60418904.290196896,59234221.0,0.0039,-36.81,210470,80213,53850,0.113
3812,AQB,Consumer Defensive,Farm Products,NASDAQ,86.54,35,61,59,58,0.92,5353091.96364975,5147204.0,0.014099999,-68.81,17143,48147,43344,
3813,MTDR,Energy,Oil & Gas E&P,S&P 400,86.53,35,33,86,49,46.12,6655952777.719063,124178227.0,0.08939999,-31.0,1959393,1916607,1833996,-0.064
3814,SPGI,Financial Services,Financial Data & Stock Exchanges,S&P 500,86.53,35,24,24,29,424.36,125504000000.0,296000000.0,0.0136,-26.71,1906810,2425550,2351425,0.104
3815,EARN,Financial Services,Asset Management,NYSE,86.49,35,37,35,53,4.45,178076103.40118408,37568800.0,0.031400003,-26.81,399533,390304,396792,
3816,BNTC,Healthcare,Biotechnology,NASDAQ,86.44,35,58,33,31,11.89,397136115.45565224,34354334.0,0.116000004,-30.67,82429,133416,112907,
3817,TNYA,Healthcare,Biotechnology,NASDAQ,86.36,35,37,34,53,0.76,188572027.94150573,216998877.0,0.1723,-67.66,1598980,2358903,2839774,
3818,CDE,Basic Materials,Gold,S&P 400,86.35,35,59,90,97,14.91,19909927210.825813,1030534551.0,0.045100003,-46.31,32072246,40186625,34209367,1.378
3819,CLX,Consumer Defensive,Household & Personal Products,S&P 500,86.34,35,28,23,32,100.32,10885339611.095055,120921351.0,0.08939999,-24.02,2233880,2383420,2457708,0.001
3820,UFPI,Basic Materials,Lumber & Wood Production,S&P 400,86.2,35,36,30,58,91.01,4574898630.0,56480230.0,0.035099998,-22.87,437090,513723,492826,-0.084
3821,NSSC,Industrials,Security & Protection Services,S&P 600,86.18,35,37,85,84,37.25,1340846913.997528,35727337.0,0.083000004,-22.59,252646,427005,419703,0.076
3822,EME,Industrials,Engineering & Construction,S&P 500,86.18,35,76,86,82,705.82,36820417373.10626,44532567.0,0.0234,-25.86,505517,484445,430311,0.197
3823,CAE,Industrials,Aerospace & Defense,NASDAQ,86.17,35,28,29,68,26.36,8303964356.6453,321734387.0,4.23,-23.01,586143,642101,806716,0.04
3824,BN,Financial Services,Asset Management,NYSE,86.13,35,39,53,53,42.37,101829626480.21965,2233595660.0,2.81,-14.52,3767034,3665744,3928246,0.079
3825,ISD,Financial Services,Asset Management,NYSE,86.12,35,37,38,56,12.49,436473449.4178963,33344037.0,0.36,-15.55,142515,124048,117553,
3826,CIK,Financial Services,Asset Management,NYSE ARCA,86.11,35,31,33,45,2.44,139891872.83409238,54859559.0,0.0014,-19.74,473724,538741,640490,0.009
3827,HMY,Basic Materials,Gold,NYSE,86.11,35,34,33,85,15.53,11535406796.82518,631385140.0,0.0163,-40.41,2571051,3487000,3960822,0.195
3828,MDLN,Healthcare,Medical Instruments & Supplies,NASDAQ,86.11,35,30,53,58,40.51,30915363357.98338,845606187.0,0.0572,-20.38,5515688,7688002,10247125,0.107
3829,EFX,Industrials,Consulting Services,S&P 500,86.09,35,16,20,18,187.02,20000009026.705338,120634597.0,0.0571,-32.22,2288060,1961506,1815784,0.143
3830,PI,Technology,Semiconductors,S&P 600,86.08,35,56,51,60,133.03,4599336935.0,30459185.0,0.1398,-46.16,344616,362565,402157,-0.0
3831,PSFE,Technology,Software - Infrastructure,NYSE,86.05,35,23,34,8,9.03,399458217.40564823,51676354.0,0.1141,-39.88,224393,271747,304832,0.104
3832,IREN,Financial Services,Capital Markets,NASDAQ,86.04,35,91,97,99,33.93,22707841273.14995,357378674.0,0.1472,-55.86,46344874,41122298,44612994,-0.0
3833,GENK,Consumer Cyclical,Restaurants,NASDAQ,86.03,35,20,9,9,2.02,11105152.201860428,5364808.0,0.102,-59.52,18018,18259,20979,-0.06
3834,EIC,Financial Services,Asset Management,NYSE,86.02,35,33,28,24,10.01,251910737.75,23433557.0,0.0047999998,-28.75,101902,101837,91090,-0.085
3835,CWK,Real Estate,Real Estate Services,S&P 600,86.02,35,49,51,66,13.65,2914698183.8835955,234300505.0,0.041100003,-21.55,2311908,2295166,2188015,0.11
3836,RNAC,Healthcare,Biotechnology,NASDAQ,86.02,35,80,16,13,7.65,221536614.4391842,29381514.0,0.17040001,-50.87,127338,227829,300889,-0.929
3837,MNOV,Healthcare,Biotechnology,NASDAQ,86.02,35,36,34,54,1.33,66940895.26411557,49221246.0,0.0032,-32.14,46914,64608,50816,
3838,TPB,Consumer Defensive,Tobacco,NYSE,86.01,35,31,30,91,80.7,1644884668.5305023,19367534.0,0.08930001,-45.06,349790,431690,416096,0.168
3839,AUC,Financial Services,Capital Markets,NASDAQ,86.01,35,58,56,15,7.45,79412970.13288021,10313373.0,0.0002,-58.44,2367,6729,5903,1.778
3840,EQT,Energy,Oil & Gas E&P,S&P 500,85.99,34,26,63,50,51.66,34357506730.880737,625478000.0,0.038900003,-24.3,8340576,8447342,7550021,0.499
3841,NHS,Financial Services,Asset Management,NYSE ARCA,85.99,34,33,32,59,5.99,202047164.61073732,31569869.0,0.0082,-22.71,177846,220912,216727,0.067
3842,MYO,Healthcare,Medical Devices,NYSE ARCA,85.99,34,73,16,10,0.95,42116133.059704185,38638653.0,0.11229999,-69.16,308780,747446,883984,0.029
3843,BBUC,Industrials,Conglomerates,NYSE,85.99,34,27,54,73,31.7,6779153683.639313,206492638.0,0.0121,-17.12,288410,604516,481748,-0.046
3844,MDXG,Healthcare,Biotechnology,NASDAQ,85.97,34,17,8,15,4.36,548120300.0232003,148945731.0,0.0617,-45.43,993793,1222694,1258112,-0.331
3845,CHMI,Real Estate,REIT - Mortgage,NYSE,85.96,34,35,59,51,2.23,87072700.85549355,36739538.0,0.0001,-26.64,151028,197886,211051,
3846,HOOD,Financial Services,Capital Markets,S&P 500,85.96,34,70,23,59,92.76,84917629623.22334,900505057.0,0.0482,-39.71,20582341,26961060,28022922,0.151
3847,ICE,Financial Services,Financial Data & Stock Exchanges,S&P 500,85.95,34,16,33,45,152.72,83611025837.36435,565512495.0,0.0164,-19.35,3458267,4604765,4591627,0.204
3848,YMM,Technology,Software - Application,NYSE,85.95,34,20,21,23,9.29,9224786471.898422,1045894194.0,0.0175,-33.97,7203900,6617716,9434526,0.055
3849,BCE,Communication Services,Telecom Services,NYSE,85.93,34,33,46,69,21.81,23415723834.03859,932525817.0,6.81,-17.76,3602673,3946301,3940556,0.04
3850,BKV,Energy,Oil & Gas E&P,NYSE,85.91,34,34,82,79,23.47,2903120756.0864334,109386611.0,0.0956,-28.47,668487,846962,782925,0.389
3851,WFF,Industrials,Specialty Industrial Machinery,NASDAQ,85.86,34,51,4,5,2.04,10428696.923676014,5038018.0,0.010199999,-98.61,8820,170476,122076,0.552
3852,HLMN,Industrials,Tools & Accessories,NASDAQ,85.85,34,41,35,60,8.17,1463723668.2448025,196209606.0,0.0233,-24.7,1069036,1381078,1534085,0.03
3853,DCH,Consumer Cyclical,Auto Parts,S&P 600,85.84,34,31,45,90,5.61,1576115068.7881222,237366732.0,0.115,-39.35,2989500,3736343,3853624,0.686
3854,MORN,Financial Services,Financial Data & Stock Exchanges,S&P 400,85.81,34,16,17,16,194.12,6921859998.833221,38028018.0,0.0743,-38.71,361100,437700,456534,0.108
3855,RNXT,Healthcare,Biotechnology,NASDAQ,85.78,34,27,21,26,0.91,40995110.972287476,45099133.0,0.0088,-37.24,199053,217981,270618,1.858
3856,TM,Consumer Cyclical,Auto Manufacturers,NYSE,85.78,34,24,33,71,186.3,247569118454.27698,1303338365.0,0.0007,-25.15,398180,486130,512276,0.019
3857,PSHG,Industrials,Marine Shipping,NASDAQ,85.76,34,24,50,65,1.81,21507633.577124596,12432158.0,0.040599998,-29.84,33064,42788,49614,0.207
3858,LBTYA,Communication Services,Telecom Services,NASDAQ,85.73,34,43,57,48,10.22,4229599014.254362,338097437.0,0.0646,-24.41,2712263,2356211,2033482,0.088
3859,ZTG,Industrials,Consulting Services,NASDAQ,85.72,34,17,31,14,2.65,33537101.74643922,11808839.0,0.0088,-41.24,67000,104903,455032,-0.27
3860,WH,Consumer Cyclical,Lodging,S&P 400,85.68,34,56,55,26,75.67,6008302445.239243,74860482.0,0.1003,-18.36,1511430,1491006,1415758,0.035
3861,VEL,Financial Services,Mortgage Finance,NYSE,85.67,34,33,51,64,17.79,686967417.5,39255281.0,0.2167,-16.85,111440,103996,93054,1.321
3862,CDLR,Industrials,Engineering & Construction,NYSE,85.65,34,47,79,71,21.58,2488952216.5984535,96471019.0,0.0097,-28.09,90658,101266,102597,0.905
3863,MUX,Basic Materials,Other Precious Metals & Mining,NYSE,85.58,34,66,89,97,17.16,1307710467.9675446,59740087.0,0.20629999,-42.22,817275,1242815,1148575,1.074
3864,KGC,Basic Materials,Gold,NYSE,85.56,34,40,85,95,23.51,36038223957.75329,1194109463.0,2.06,-39.89,6442644,8125668,8216624,0.608
3865,POET,Technology,Semiconductors,NASDAQ,85.56,34,92,80,63,6.76,2121197533.1560078,172595406.0,0.0962,-67.52,12605126,16146038,27632881,10.753
3866,GANX,Healthcare,Biotechnology,NASDAQ,85.55,34,35,56,33,1.73,83175376.13390303,42654038.0,0.0758,-60.14,536106,1127412,971187,
3867,WHF,Financial Services,Asset Management,NASDAQ,85.55,34,34,57,24,6.48,144580213.71661377,21611392.0,0.0176,-32.92,55060,64520,84510,-0.156
3868,OST,Technology,Electronic Components,NASDAQ,85.55,34,22,18,10,1.7,10108844.712820053,5963920.0,0.0296,-99.28,0,0,0,0.077
3869,CPB,Consumer Defensive,Packaged Foods,S&P 600,85.48,34,27,15,23,22.81,6293872543.654175,298146488.0,0.3261,-34.83,5894088,9210086,9241945,-0.045
3870,XP,Financial Services,Capital Markets,NASDAQ,85.46,34,28,58,72,16.8,8613012797.51936,516677430.0,0.044099998,-27.37,3452410,5321623,6009276,0.097
3871,BZ,Communication Services,Internet Content & Information,NASDAQ,85.45,34,17,17,36,15.82,6132437342.96759,451911384.0,0.0477,-37.37,3287183,3469674,3784732,0.076
3872,SGML,Basic Materials,Other Industrial Metals & Mining,NASDAQ,85.43,34,84,98,94,9.49,1868228008.8262367,111402979.0,0.0434,-61.23,1612200,1817443,2499000,-0.112
3873,XFLT,Financial Services,Asset Management,NYSE,85.41,34,27,23,25,18.7,283142767.94405365,15230918.0,0.0041,-36.18,113390,101830,90108,
3874,ROCK,Industrials,Building Products & Equipment,S&P 600,85.41,34,28,14,25,46.73,1146433214.6104965,29661919.0,0.0678,-37.76,306114,346084,354404,0.446
3875,FOXA,Communication Services,Entertainment,S&P 500,85.4,34,21,53,75,57.72,26858308485.41588,420186315.0,0.16530001,-24.44,4130269,8967653,6444667,-0.086
3876,CCC,Technology,Software - Application,NASDAQ,85.38,34,12,10,18,6.12,2758620407.249977,586940536.0,0.060300004,-41.71,9666547,10470875,10172053,0.118
3877,CPSH,Technology,Electronic Components,NASDAQ,85.38,34,91,89,96,3.78,162422814.5029335,18006963.0,0.0517,-73.73,365374,658244,2209286,-0.064
3878,CNR,Energy,Thermal Coal,S&P 600,85.36,34,26,60,63,79.74,4458049151.465454,50407610.0,0.0641,-30.54,521187,641642,651609,0.066
3879,KT,Communication Services,Telecom Services,NYSE,85.34,34,24,56,60,18.79,8545467090.774902,479543616.0,0.0068,-23.56,1225144,1467844,1707758,-0.01
3880,LAKE,Consumer Cyclical,Apparel Manufacturing,NASDAQ,85.33,34,59,23,10,10.73,106660343.45166779,9857703.0,0.2061,-45.73,63089,126493,153787,-0.017
3881,SIDU,Industrials,Aerospace & Defense,NASDAQ,85.32,34,92,95,95,1.77,477987954.8655853,97349892.0,0.097399995,-73.93,6007710,8952766,17855108,0.507
3882,WOLF,Technology,Semiconductors,NYSE,85.3,34,97,86,18,21.88,2865540662.672333,48339081.0,3.16,-72.93,4074600,4832773,6421932,-0.19
3883,NCDL,Financial Services,Asset Management,NYSE,85.29,34,36,56,28,12.64,644995089.6236372,49387065.0,0.0126,-26.81,199784,206361,203352,
3884,KBR,Industrials,Engineering & Construction,S&P 400,85.28,34,21,24,27,37.4,4431309093.88306,126789957.0,0.060399998,-31.22,1457665,1764598,1801737,-0.047
3885,BHR,Real Estate,REIT - Hotel & Motel,NYSE,85.19,34,17,54,81,2.33,168951124.89990807,68679318.0,0.0147,-26.96,408639,827479,631953,-0.032
3886,RGP,Industrials,Consulting Services,NASDAQ,85.17,34,37,30,26,3.96,155168634.22521973,34329344.0,0.070300005,-37.14,821936,754372,590075,-0.166
3887,GWRE,Technology,Software - Application,S&P 400,85.17,34,11,18,11,159.4,12979877444.24524,85019176.0,0.0717,-41.53,1358172,1686200,1788210,0.24
3888,BOSC,Technology,Communication Equipment,NASDAQ,85.12,34,29,39,46,4.5,28974720.041251183,7049810.0,0.00029999999,-33.04,15306,26255,44431,0.215
3889,PLAB,Technology,Semiconductor Equipment & Materials,S&P 600,85.12,34,60,95,90,29.15,1907562755.9244232,58966394.0,0.0709,-47.95,886325,1299335,1692635,-0.005
3890,AMT,Real Estate,REIT - Specialty,S&P 500,85.12,34,30,36,30,171.5,87103371308.18419,465893069.0,0.0222,-26.81,3020842,3426954,3344112,0.068
3891,HY,Industrials,Farm & Heavy Construction Machinery,NYSE,85.1,34,45,61,27,34.33,650705555.1725006,17915902.0,0.0298,-22.94,86394,93381,92308,-0.127
3892,OTEX,Technology,Software - Application,NASDAQ,85.09,34,21,22,18,24.79,5785070699.427338,242662360.0,0.0542,-37.87,1426458,1713289,2297039,0.022
3893,RMCO,Financial Services,Asset Management,NASDAQ,85.08,34,80,82,97,2.33,34866980.37713599,15159557.0,0.00090000004,-53.4,6287,13125,44513,0.772
3894,ONON,Consumer Cyclical,Footwear & Accessories,NYSE,85.03,34,26,20,40,37.89,14203512258.152641,347954737.0,0.063,-36.17,3982286,4594682,4925905,0.145
3895,NOC,Industrials,Aerospace & Defense,S&P 500,85.02,34,22,37,80,549.22,80061428711.39575,142033476.0,0.0123000005,-29.04,1080479,1056356,1028889,0.044
3896,NOA,Energy,Oil & Gas Equipment & Services,NYSE,84.93,34,34,37,33,13.65,374828568.69223785,27102572.0,3.48,-25.16,50934,74251,109594,-0.063
3897,RPC,Financial Services,Asset Management,NYSE,84.93,34,24,16,30,8.82,906466119.4065971,109476588.0,0.0467,-32.57,518908,501579,438957,0.109
3898,HOUR,Consumer Cyclical,Internet Retail,NASDAQ,84.87,34,36,69,51,1.81,67216508.72534394,35191890.0,0.0029,-73.54,28448,83802,62081,0.158
3899,EQS,Financial Services,Asset Management,NYSE,84.84,34,13,25,36,1.25,19693040.893811226,13966696.0,0.0011,-49.8,7770,19773,16676,-0.068
3900,LPX,Industrials,Building Products & Equipment,S&P 400,84.83,34,46,24,34,76.55,5336279342.510376,69864880.0,0.091800004,-25.58,951620,1130163,1095096,-0.207
3901,FOX,Communication Services,Entertainment,S&P 500,84.8,34,21,50,73,51.63,24114492361.388626,420186315.0,0.08,-24.27,1243342,2476207,1898380,-0.086
3902,VYX,Technology,Information Technology Services,S&P 600,84.79,33,29,13,22,8.6,990833596.1353898,137807175.0,0.3335,-41.38,1714160,2398043,2352902,-0.01
3903,ALLR,Healthcare,Biotechnology,NASDAQ,84.75,33,65,74,18,1.18,26093587.132395267,15910724.0,0.0178,-49.79,63190,115940,167590,
3904,AUNA,Healthcare,Medical Care Facilities,NYSE,84.73,33,27,28,17,5.2,307333751.6625614,74056324.0,0.0367,-24.09,115860,194990,296864,0.13
3905,QRHC,Industrials,Waste Management,NASDAQ,84.72,33,20,9,46,1.35,24796070.497791767,21013620.0,0.0084,-43.98,19047,40735,38777,-0.098
3906,NXRT,Real Estate,REIT - Residential,S&P 600,84.71,33,47,34,31,26.91,1497910081.091772,51545427.0,0.0495,-23.59,208565,282011,237395,0.005
3907,LOAN,Real Estate,REIT - Mortgage,NASDAQ,84.69,33,33,32,29,4.17,48231858.82202673,11429351.0,0.001,-28.72,54122,45490,35046,-0.065
3908,MCD,Consumer Cyclical,Restaurants,S&P 500,84.67,33,26,35,56,273.02,198373244505.96722,710505859.0,0.0162,-20.11,4525059,4733559,4560395,0.094
3909,ASLE,Industrials,Airports & Air Services,NASDAQ,84.64,33,32,34,58,6.5,311396150.3202095,47252829.0,0.0323,-28.73,272285,436831,412627,0.074
3910,ACR,Real Estate,REIT - Mortgage,NYSE,84.62,33,28,60,36,18.11,148627889.62073326,7285681.0,0.051,-26.41,18002,39287,32554,0.004
3911,EDTK,Consumer Defensive,Education & Training Services,NASDAQ,84.61,33,47,40,35,0.93,15929451.0,15929451.0,0.0001,-21.19,2208,2446,2121,
3912,ZIONP,Financial Services,Banks - Regional,NASDAQ,84.59,33,29,31,30,18.25,,,0.0,-25.2,3542,4241,4143,0.102
3913,XHG,Financial Services,Insurance Brokers,NASDAQ,84.58,33,24,28,14,0.97,52063404.76840067,51547926.0,0.00059999997,-56.5,51980,21403,35192,
3914,EXK,Basic Materials,Silver,NYSE,84.58,33,56,85,96,7.75,2951806034.9988995,296068802.0,2.54,-48.84,6626592,6149704,6434712,2.302
3915,BBWI,Consumer Cyclical,Specialty Retail,S&P 400,84.58,33,56,20,21,20.5,4035267568.507675,201561812.0,0.0675,-39.63,4834441,5494063,5895440,-0.032
3916,BAER,Industrials,Security & Protection Services,NASDAQ,84.57,33,53,52,91,1.94,134872074.9929216,57637641.0,0.027999999,-43.6,429576,438452,629961,-0.456
3917,DIS,Communication Services,Entertainment,S&P 500,84.54,33,29,35,34,98.89,176828961485.56738,1736511424.0,0.0148,-20.69,10235050,11380116,10135996,0.065
3918,GME,Consumer Cyclical,Specialty Retail,S&P 400,84.54,33,32,50,48,22.16,9503280324.789696,448691227.0,0.1415,-28.63,3211222,4018880,4812558,-0.139
3919,PYPD,Healthcare,Biotechnology,NASDAQ,84.5,33,77,74,86,3.75,90501644.13711834,19174078.0,0.0022,-27.88,421831,291483,240076,
3920,TMUS,Communication Services,Telecom Services,S&P 500,84.48,33,19,30,27,182.39,202945849257.95932,1082204717.0,0.038399998,-30.27,4891400,5722323,5445160,0.106
3921,YELP,Communication Services,Internet Content & Information,S&P 600,84.47,33,23,28,17,27.4,1253788009.2454224,54990704.0,0.236,-28.08,910920,1237926,1261802,0.008
3922,CYH,Healthcare,Medical Care Facilities,NYSE,84.43,33,56,30,38,2.79,383293460.67165947,140916712.0,0.0939,-37.02,2825301,2092460,1818632,-0.061
3923,VRCA,Healthcare,Biotechnology,NASDAQ,84.42,33,75,74,91,5.4,98949817.05191231,17178787.0,0.0467,-45.02,34360,38556,40028,0.461
3924,WGO,Consumer Cyclical,Recreational Vehicles,S&P 600,84.4,33,34,29,83,32.11,839211231.1255589,28265787.0,0.090500005,-35.98,497770,852603,802208,0.06
3925,NDRA,Healthcare,Diagnostics & Research,NASDAQ,84.4,33,56,53,15,4.46,10166552.0,1848464.0,0.0272,-62.71,18871,46933,35104,
3926,EPRX,Healthcare,Biotechnology,NASDAQ,84.32,33,49,81,95,6.1,463168064.19810104,65326947.0,22.37,-34.55,346837,401152,362785,
3927,GPI,Consumer Cyclical,Auto & Truck Dealerships,S&P 600,84.31,33,18,32,23,350.65,3763874330.047516,11898193.0,0.1122,-28.2,184983,204304,196014,-0.018
3928,PIPR,Financial Services,Capital Markets,S&P 600,84.29,33,30,67,61,77.47,5298746455.365936,67577429.0,0.0507,-18.51,551340,645053,598748,0.328
3929,FND,Consumer Cyclical,Home Improvement Retail,S&P 400,84.28,33,33,14,31,56.81,5556039474.938583,108094150.0,0.1197,-38.52,2119756,2466178,2594815,-0.007
3930,BXC,Industrials,Industrial Distribution,NYSE,84.25,33,43,19,44,59.81,404606729.1124916,7782395.0,0.0596,-32.27,158769,157263,147545,0.031
3931,NXE,Energy,Uranium,NYSE,84.24,33,52,88,93,9.18,7651673184.508246,661909421.0,7.1,-34.24,4904754,5167244,5637386,
3932,JOB,Industrials,Staffing & Employment Services,NYSE ARCA,84.21,33,33,58,66,0.21,25270258.238416225,109870686.0,0.0082,-25.0,188993,171671,172228,-0.205
3933,CRH,Basic Materials,Building Materials,S&P 500,84.21,33,45,59,67,103.4,72693502110.39557,668200216.0,0.0224,-21.4,3667705,4387671,4619065,0.091
3934,JYNT,Healthcare,Medical Care Facilities,NASDAQ,84.19,33,26,31,54,8.63,126873018.96199799,14255396.0,0.18110001,-35.93,60471,137773,121464,0.133
3935,CSR,Real Estate,REIT - Residential,S&P 600,84.16,33,34,69,62,56.01,1133876483.447052,16803148.0,0.061,-19.54,137913,173817,169094,-0.03
3936,VINP,Financial Services,Asset Management,NASDAQ,84.15,33,31,52,75,9.83,662725860.226965,65422098.0,0.0085,-27.77,32320,51570,55486,0.171
3937,IFN,Financial Services,Asset Management,NYSE,84.13,33,31,27,33,11.63,480260966.7622566,42651950.0,0.0070999996,-29.94,139575,144581,154397,-0.16
3938,ORA,Utilities,Utilities - Renewable,S&P 400,84.11,33,56,68,89,98.47,8433271090.092087,61453555.0,0.0942,-30.47,801940,896470,868788,0.758
3939,ELE,Basic Materials,Other Precious Metals & Mining,NASDAQ,84.09,33,38,60,93,15.35,1148593265.0240707,64383030.0,1.25,-43.06,279590,487280,418668,1.09
3940,ALLT,Technology,Software - Infrastructure,NASDAQ,84.07,33,61,28,74,7.63,399212480.3749275,48923099.0,0.0402,-35.99,227759,380169,400319,0.141
3941,NPT,Consumer Cyclical,Specialty Retail,NASDAQ,84.07,33,5,3,81,2.79,27731250.0,22185000.0,0.0014,-87.53,35057,134929,3009271,-0.173
3942,QDEL,Healthcare,Medical Devices,S&P 600,84.05,33,23,6,35,16.67,887846707.9953575,68190989.0,0.23629999,-53.15,1059247,1493675,1626381,-0.105
3943,FOXF,Consumer Cyclical,Auto Parts,S&P 600,84.05,33,29,24,19,19.09,756527877.7136765,41936133.0,0.1172,-38.77,478229,593389,557233,0.038
3944,ULTA,Consumer Cyclical,Specialty Retail,S&P 500,84.02,33,25,48,86,501.52,22255384951.29721,43736631.0,0.052600004,-29.85,581420,687080,777834,0.118
3945,TW,Financial Services,Capital Markets,NASDAQ,84.02,33,18,38,22,104.27,21857108605.25,218026021.0,0.026800001,-29.3,1182600,1501730,1730944,0.212
3946,MGY,Energy,Oil & Gas E&P,S&P 600,84.01,33,37,80,65,23.4,5060174903.123245,184947909.0,0.1455,-28.57,10374507,5673382,4230323,0.023
3947,NVR,Consumer Cyclical,Residential Construction,S&P 500,84.0,33,32,25,52,6471.37,16478637274.394531,2699292.0,0.059699997,-24.91,36682,30127,31350,-0.214
3948,SGRY,Healthcare,Medical Care Facilities,NASDAQ,84.0,33,54,18,12,15.58,1747329799.417448,130788162.0,0.2197,-35.35,1484020,1439710,1367808,0.045
3949,ONIT,Financial Services,Mortgage Finance,NYSE,83.92,33,35,66,64,40.39,291246019.699852,8432137.0,0.0325,-25.34,48897,67755,68097,0.178
3950,VS,Technology,Software - Application,NASDAQ,83.91,33,31,21,12,1.36,7254482.053492069,4901677.0,0.0070999996,-51.94,31400,54400,54280,-0.913
3951,MAT,Consumer Cyclical,Leisure,S&P 400,83.9,33,21,22,71,15.44,4341100738.072395,290569000.0,0.10479999,-31.32,4974841,5073027,4665350,0.043
3952,FLNC,Utilities,Utilities - Renewable,NASDAQ,83.89,33,91,70,98,12.62,2507480819.740162,132811490.0,0.38189998,-62.34,6720845,8489955,10623229,0.077
3953,LFS,Communication Services,Entertainment,NASDAQ,83.86,33,25,16,22,2.26,69587248.78538394,26160619.0,0.0085,-81.91,45605,1315885,2583073,0.09
3954,KMDA,Healthcare,Drug Manufacturers - Specialty & Generic,NASDAQ,83.83,33,38,64,71,7.06,451543058.2217412,57816013.0,0.0046,-24.49,37778,36799,42129,0.028
3955,WOOF,Consumer Cyclical,Specialty Retail,NASDAQ,83.82,33,31,36,22,2.84,973165814.946667,323310903.0,0.1878,-36.96,1412750,1727126,2054224,-0.024
3956,SOWG,Consumer Defensive,Confectioners,NASDAQ,83.82,33,6,1,14,3.17,31588584.745342135,20120117.0,0.0125,-90.03,14860,98906,97482,
3957,LBTYK,Communication Services,Telecom Services,NASDAQ,83.81,33,35,51,42,9.97,4111264782.3304253,338097437.0,0.059299998,-24.01,1484125,1302448,1285003,0.088
3958,GRFS,Healthcare,Drug Manufacturers - General,NASDAQ,83.79,33,24,32,62,8.0,5342516134.29528,680575312.0,8.37,-28.19,822943,752341,698150,-0.048
3959,ASTL,Basic Materials,Steel,NASDAQ,83.79,33,28,48,27,4.39,592284026.7192297,105388619.0,0.023599999,-39.41,921749,862809,1028789,-0.426
3960,TLSI,Healthcare,Medical Devices,NASDAQ,83.78,33,45,29,52,4.33,209430389.62142348,61416535.0,0.036199998,-45.53,178650,396916,419026,-0.029
3961,SEI,Energy,Oil & Gas Equipment & Services,S&P 600,83.77,32,94,95,92,47.31,4061298637.9889374,58402338.0,0.21790001,-41.77,3481229,3076076,2801243,0.553
3962,HII,Industrials,Aerospace & Defense,S&P 500,83.77,32,27,70,91,299.9,12143140146.036835,39404029.0,0.026300002,-34.8,519685,491081,486623,0.134
3963,USLM,Basic Materials,Building Materials,S&P 600,83.75,32,23,37,58,113.74,3269467502.168518,28682056.0,0.0461,-19.58,142130,253336,229936,-0.037
3964,XOS,Industrials,Farm & Heavy Construction Machinery,NASDAQ,83.74,32,82,10,18,2.06,27639837.73316574,12122736.0,0.119399995,-63.21,84700,195326,3264642,0.909
3965,GIGM,Communication Services,Electronic Gaming & Multimedia,NASDAQ,83.74,32,31,31,37,1.36,16357308.010804653,11052235.0,0.0007,-28.04,6047,7419,5825,-0.123
3966,GEL,Energy,Oil & Gas Midstream,NYSE,83.72,32,22,63,74,14.75,1840638666.838499,122464318.0,0.049000002,-20.87,170411,347647,307064,0.121
3967,IBP,Consumer Cyclical,Residential Construction,S&P 600,83.69,32,33,78,87,240.07,5657010170.696869,26940710.0,0.06,-31.21,432889,450586,454255,-0.035
3968,DSGX,Technology,Software - Application,NASDAQ,83.69,32,21,22,14,75.59,6338836493.338676,85927027.0,3.06,-34.77,525845,551838,557001,0.151
3969,NRP,Energy,Thermal Coal,NYSE,83.68,32,30,64,67,99.46,1377115323.2037048,13250412.0,0.0431,-22.66,33976,44685,51419,-0.153
3970,IMTX,Healthcare,Biotechnology,NASDAQ,83.67,32,68,85,87,8.73,1573108114.392004,136673161.0,0.0509,-29.65,342400,367446,455892,-0.59
3971,BXMT,Real Estate,REIT - Mortgage,S&P 600,83.65,32,31,54,62,16.64,3083534861.4257812,168683520.0,0.0691,-19.5,1477539,1693903,1529789,0.349
3972,ARHS,Consumer Cyclical,Specialty Retail,NASDAQ,83.64,32,46,23,63,7.92,958226230.5803375,141540064.0,0.0876,-38.98,1006310,1195323,1236182,0.009
3973,WRN,Basic Materials,Other Industrial Metals & Mining,NYSE ARCA,83.63,32,57,89,98,2.05,672387685.3036165,225633450.0,0.012,-51.88,1586410,1784616,1894520,
3974,AVNW,Technology,Communication Equipment,NASDAQ,83.61,32,28,57,50,20.38,229934263.4332161,12939463.0,0.0631,-24.57,109281,139763,153446,-0.112
3975,MBI,Financial Services,Insurance - Specialty,NYSE,83.59,32,61,44,51,5.46,298982803.1010618,50934039.0,0.045300003,-33.9,436750,365730,344360,0.048
3976,ARDX,Healthcare,Biotechnology,NASDAQ,83.59,32,45,62,88,5.09,1492057488.0565767,247029387.0,0.0987,-39.4,2398584,4029568,3583194,0.275
3977,EDIT,Healthcare,Biotechnology,NASDAQ,83.56,32,80,84,45,2.62,530977965.33410454,153461838.0,0.0979,-42.25,1367743,2470417,2811606,-0.392
3978,TGLS,Basic Materials,Building Materials,NYSE,83.56,32,24,17,17,47.22,1911679928.2095337,44364816.0,0.1114,-47.73,247600,278573,274994,0.12
3979,GT,Consumer Cyclical,Auto Parts,S&P 600,83.55,32,24,19,69,7.36,1753375621.687716,287438631.0,0.13939999,-38.82,9107572,10946544,9935374,-0.087
3980,MELI,Consumer Cyclical,Internet Retail,NASDAQ,83.55,32,23,21,32,1862.52,85964677896.02417,50697182.0,0.020499999,-29.59,330483,403861,456996,0.49
3981,KAZR,Industrials,Engineering & Construction,NASDAQ,83.52,32,19,97,79,1.79,,,,,158154,190738,201358,
3982,CRVL,Financial Services,Insurance Brokers,S&P 600,83.52,32,27,16,11,61.64,3130180673.75,50691185.0,0.0436,-45.26,156025,212418,219865,0.074
3983,NEPH,Healthcare,Medical Instruments & Supplies,NASDAQ,83.49,32,37,29,90,3.5,39734959.29182482,10856546.0,0.0032,-45.48,8140,10436,14220,0.069
3984,DPZ,Consumer Cyclical,Restaurants,S&P 500,83.47,32,16,20,31,350.47,10330471137.968445,33261870.0,0.1176,-29.34,1207805,1072021,932205,0.035
3985,BMI,Technology,Scientific & Technical Instruments,S&P 600,83.39,32,19,15,19,134.58,3616092167.5336456,29185570.0,0.2057,-47.45,714702,568844,521662,-0.09
3986,RMBS,Technology,Semiconductors,S&P 400,83.38,32,87,84,82,87.75,15729603945.837234,108136967.0,0.0958,-45.77,3129263,3566531,3116028,0.081
3987,LKFT,Healthcare,Biotechnology,NASDAQ,83.36,32,34,28,72,28.15,1868181987.9877377,65897071.0,0.0396,-25.49,166474,163234,170018,-0.914
3988,SUZ,Basic Materials,Paper & Paper Products,NYSE,83.35,32,20,35,41,8.41,10110852747.171158,1236045522.0,0.0099,-27.09,2279420,2919510,3150886,-0.051
3989,CRC,Energy,Oil & Gas E&P,S&P 600,83.35,32,34,87,74,49.3,5264649761.58416,88794901.0,0.0498,-31.51,728521,847560,779292,0.067
3990,CWCO,Utilities,Utilities - Regulated Water,NASDAQ,83.32,32,26,50,80,30.25,482885739.0828705,16000190.0,0.028900001,-22.67,88387,107452,104407,-0.111
3991,XPOF,Consumer Cyclical,Leisure,NYSE,83.31,32,43,22,37,6.74,229904720.41511536,41877000.0,0.28219998,-39.5,785830,669096,676232,-0.21
3992,BHFAP,Financial Services,Insurance - Life,NASDAQ,83.31,32,33,41,38,13.94,,,0.19,-34.86,32907,33155,31415,-0.362
3993,GNLX,Healthcare,Biotechnology,NASDAQ,83.3,32,33,23,14,2.92,136763266.66184235,44840416.0,0.068,-65.79,127414,178461,165000,
3994,HLLY,Consumer Cyclical,Auto Parts,NYSE,83.29,32,25,71,91,2.79,328609687.33587265,120369848.0,0.0349,-37.72,718551,898377,881430,-0.037
3995,GOF,Financial Services,Asset Management,NYSE,83.27,32,31,31,34,10.45,2374882903.5559845,212043120.0,0.63,-31.25,1527202,1500194,1441598,
3996,OLN,Basic Materials,Chemicals,S&P 400,83.27,32,25,84,60,21.37,2946535379.6168118,113897769.0,0.1166,-29.84,2680509,3584169,2914453,-0.037
3997,FSV,Real Estate,Real Estate Services,NASDAQ,83.26,32,28,22,28,143.02,6171178539.265106,45984938.0,2.06,-31.78,232214,191288,226516,0.053
3998,VHI,Basic Materials,Chemicals,NYSE,83.26,32,49,45,32,13.63,407270005.9868212,28302293.0,0.024,-31.85,6860,11473,12868,0.04
3999,AMRN,Healthcare,Drug Manufacturers - General,NASDAQ,83.23,32,54,39,64,13.95,303842384.61055183,20969109.0,0.0301,-33.25,60833,81174,79066,0.074
4000,KLTR,Technology,Software - Application,NASDAQ,83.22,32,23,21,23,1.44,230073350.95774412,150374742.0,0.016,-36.7,367129,366079,365525,-0.05
4001,CWEN,Utilities,Utilities - Renewable,S&P 600,83.21,32,52,77,77,31.44,6411982074.709572,155781878.0,0.0635,-24.42,1087078,1528009,1336231,0.188
4002,FORTY,Technology,Information Technology Services,NASDAQ,83.2,32,26,53,88,113.99,2032456661.2250824,15334667.0,0.11,-40.18,597,459,455,0.024
4003,POST,Consumer Defensive,Packaged Foods,S&P 400,83.19,32,25,37,33,94.32,4162426132.263733,45322586.0,0.1633,-19.58,809029,858423,852797,0.047
4004,ALTI,Financial Services,Asset Management,NASDAQ,83.18,32,29,26,72,3.63,365455435.6193111,110744073.0,0.0231,-33.33,77939,203616,211509,0.281
4005,HGLB,Financial Services,Asset Management,NYSE,83.18,32,32,42,52,7.26,191082613.4990406,23590445.0,0.00059999997,-31.77,82726,104388,96751,
4006,LAND,Real Estate,REIT - Specialty,NASDAQ,83.15,32,28,38,70,8.48,408934692.29364395,43136573.0,0.0481,-34.77,546421,685533,625844,-0.018
4007,MOGU,Consumer Cyclical,Internet Retail,NYSE,83.12,32,11,43,45,2.12,16592490.996150255,8173641.0,0.00059999997,-73.83,4794,17371,16250,0.11
4008,GFL,Industrials,Waste Management,NYSE,83.11,32,22,27,31,39.15,12106977363.539085,360971289.0,0.0642,-24.0,1830615,3174481,2859021,0.054
4009,BHFAO,Financial Services,Insurance - Life,NASDAQ,83.1,32,33,49,40,14.31,,,2.96,-34.78,42878,40722,38885,-0.362
4010,ICL,Basic Materials,Agricultural Inputs,NYSE,83.06,32,26,31,26,5.24,8570066748.236599,1290672729.0,0.0055,-28.71,1066072,1450090,1333844,0.145
4011,RCKT,Healthcare,Biotechnology,NASDAQ,83.06,32,50,29,19,3.14,335224188.1405442,109193549.0,0.2354,-42.39,1395819,2533766,2521803,
4012,SFM,Consumer Defensive,Grocery Stores,S&P 400,83.03,32,25,23,11,77.77,7769940406.920387,94044301.0,0.1359,-57.27,2064380,2257603,2165912,0.041
4013,IDR,Basic Materials,Gold,NYSE ARCA,83.02,32,78,93,95,28.82,618323595.1395721,15809859.0,0.0746,-47.31,186968,258912,252949,0.99
4014,DXR,Healthcare,Medical Instruments & Supplies,NASDAQ,83.02,32,31,40,79,10.65,59903871.44396305,5827225.0,0.0031,-27.85,1957,2159,2205,-0.826
4015,HRZN,Financial Services,Asset Management,NASDAQ,83.02,32,33,13,38,4.32,299666268.1761584,68261111.0,0.051999997,-48.94,603190,647753,743576,-0.018
4016,INGN,Healthcare,Medical Devices,NASDAQ,83.02,32,43,57,18,6.42,175713602.64313507,27074516.0,0.030199999,-29.68,210183,230104,288372,0.034
4017,LOW,Consumer Cyclical,Home Improvement Retail,S&P 500,83.02,32,29,40,67,218.24,120193161650.98842,560707041.0,0.0198,-25.53,3375147,3143119,3174417,0.103
4018,MATV,Basic Materials,Specialty Chemicals,NYSE,83.01,32,23,67,92,8.75,489442766.94768906,55117428.0,0.019199999,-43.48,376329,522836,492595,-0.011
4019,SGI,Consumer Cyclical,"Furnishings, Fixtures & Appliances",S&P 400,82.99,32,48,39,79,72.1,14894219071.913086,210340624.0,0.095,-26.85,1850040,2545726,2764974,0.123
4020,ARTW,Industrials,Farm & Heavy Construction Machinery,NASDAQ,82.97,31,66,63,75,2.51,13367975.48469162,5181386.0,0.0005,-46.71,44984,27078,21830,0.292
4021,BHFAN,Financial Services,Insurance - Life,NASDAQ,82.95,31,35,41,41,11.39,,,0.4,-34.54,48268,60582,66027,-0.362
4022,KR,Consumer Defensive,Grocery Stores,S&P 500,82.91,31,20,50,35,59.19,38319247016.34693,616560677.0,0.0419,-22.71,6666873,8902877,8280684,0.012
4023,FLWS,Consumer Cyclical,Specialty Retail,NASDAQ,82.91,31,29,19,22,3.96,292930078.31323385,64098483.0,0.39419997,-53.08,257926,383555,400343,-0.116
4024,AUTL,Healthcare,Biotechnology,NASDAQ,82.87,31,53,31,21,1.45,497687947.9590701,266143287.0,0.081199996,-46.3,825864,1076478,1282278,
4025,ZVIA,Consumer Defensive,Beverages - Non-Alcoholic,NYSE,82.84,31,23,9,15,1.61,111251620.1274898,71775241.0,0.036199998,-56.01,371090,1116726,1143474,0.212
4026,ELTK,Technology,Electronic Components,NASDAQ,82.84,31,37,32,24,8.58,62763185.20536423,6719827.0,0.0014,-29.61,14528,7399,8195,-0.182
4027,MMLP,Energy,Oil & Gas Midstream,NASDAQ,82.82,31,18,29,33,2.38,95072989.59185457,39124686.0,0.007900001,-32.77,13635,29498,35145,-0.025
4028,ALKT,Technology,Software - Application,NASDAQ,82.81,31,21,15,18,18.17,1944538399.744915,107019174.0,0.1177,-41.73,1145322,1889557,1725464,0.289
4029,OSTX,Healthcare,Biotechnology,NYSE ARCA,82.79,31,85,50,19,1.5,95311551.51223326,44538106.0,0.0319,-41.63,351984,745104,749276,
4030,OPXS,Industrials,Aerospace & Defense,NASDAQ,82.78,31,50,32,88,11.37,79064154.89051723,6959873.0,0.0095999995,-35.98,34707,36335,40617,-0.103
4031,BSY,Technology,Software - Application,S&P 400,82.78,31,15,19,13,35.84,9915923253.937225,303796674.0,0.105100006,-39.51,2654070,3327450,3101542,0.145
4032,CNL,Basic Materials,Gold,NYSE ARCA,82.78,31,26,89,95,12.69,1509799237.6391659,92739507.0,23.47,-42.24,44893,62154,62638,
4033,AENT,Communication Services,Entertainment,NASDAQ,82.77,31,38,89,87,5.99,308906254.8832083,50974630.0,0.1122,-31.93,12145,16318,19873,0.212
4034,SEAT,Communication Services,Internet Content & Information,NASDAQ,82.76,31,17,8,4,8.07,95260854.20827293,10987411.0,0.2468,-80.41,75285,114885,95829,-0.233
4035,FOUR,Technology,Software - Infrastructure,S&P 400,82.75,31,20,11,14,54.84,3534896962.3816986,79328924.0,0.1911,-49.46,1002513,1432811,1480978,0.322
4036,GBFH,Financial Services,Banks - Regional,NASDAQ,82.73,31,32,22,24,30.34,431071799.3280029,14470352.0,0.0625,-31.05,55280,70516,69772,0.043
4037,ANY,Financial Services,Capital Markets,NASDAQ,82.71,31,56,4,4,2.2,8063261.698819399,4243822.0,0.036,-82.54,1555891,846750,4059034,-0.32
4038,NYC,Real Estate,Real Estate Services,NYSE,82.69,31,39,16,25,8.81,25052613.077230453,2919885.0,0.0032,-45.96,77695,56615,44383,-0.403
4039,UCFI,Consumer Defensive,Packaged Foods,NASDAQ,82.69,31,19,21,16,5.51,287814768.2856388,52234983.0,0.0494,-62.54,0,0,0,0.208
4040,GO,Consumer Defensive,Grocery Stores,S&P 600,82.67,31,47,12,13,9.12,841831961.3616028,98922672.0,0.3789,-53.01,2327789,2447736,2672587,0.036
4041,PAL,Industrials,Integrated Freight & Logistics,NASDAQ,82.66,31,35,27,84,7.02,151902298.9536066,27770074.0,0.044299997,-36.01,205879,275356,311649,-0.016
4042,CGBD,Financial Services,Asset Management,NASDAQ,82.66,31,30,36,28,10.34,751263982.8421555,69497128.0,0.0481,-28.64,681407,613149,565515,0.168
4043,WSO,Industrials,Industrial Distribution,S&P 400,82.57,31,59,60,33,367.51,14925380979.553894,40657534.0,0.0,-25.75,399100,368250,364458,0.001
4044,XTLB,Healthcare,Biotechnology,NASDAQ,82.56,31,14,29,14,2.96,5772083.655361176,2365608.0,0.0784,-71.21,3740,137823,91034,
4045,VANI,Healthcare,Biotechnology,NASDAQ,82.56,31,50,40,51,1.31,113830341.80321121,86235104.0,0.009,-31.77,287390,784546,543946,
4046,NVAX,Healthcare,Biotechnology,NASDAQ,82.56,31,73,48,64,7.37,1803886209.339715,164438119.0,0.2771,-38.43,2711168,3886832,4343315,-0.791
4047,BLRX,Healthcare,Biotechnology,NASDAQ,82.56,31,52,22,26,2.81,17007773.45127082,4499411.0,0.0321,-57.36,10475,20688,56565,0.871
4048,FPI,Real Estate,REIT - Specialty,NYSE,82.51,31,29,49,61,9.55,447948674.2363701,43617201.0,0.0679,-27.79,337861,440933,408228,-0.017
4049,PRTA,Healthcare,Biotechnology,NASDAQ,82.48,31,67,78,31,8.56,532955968.63694,52353237.0,0.1626,-27.46,592062,627274,590072,17.064
4050,MXCT,Healthcare,Medical Devices,NASDAQ,82.47,31,65,12,5,1.05,129617227.2063675,107121672.0,0.0446,-56.25,933618,1467682,1268803,-0.071
4051,G,Technology,Information Technology Services,S&P 400,82.47,31,12,21,30,34.61,5585239633.823204,169506510.0,0.122600004,-28.84,1853227,2440885,2611331,0.067
4052,MPV,Financial Services,Asset Management,NYSE,82.43,31,35,39,56,16.02,183899118.1622696,10773235.0,1.89,-23.71,17601,14943,14848,-0.332
4053,RDCM,Communication Services,Telecom Services,NASDAQ,82.41,31,52,76,34,13.08,249569198.51592636,16738377.0,0.0145000005,-21.86,122073,151774,205802,0.12
4054,ERIE,Financial Services,Insurance Brokers,S&P 500,82.39,31,23,15,24,242.43,11141402557.742432,52289868.0,0.0983,-36.31,316978,274356,234277,0.023
4055,FBGL,Industrials,Engineering & Construction,NASDAQ,82.37,31,21,23,69,0.56,7829999.774694443,13500000.0,0.0515,-60.0,105594,658034,473404,2.267
4056,MCI,Financial Services,Asset Management,NYSE,82.36,31,32,27,51,16.67,370825784.899353,20555752.0,0.0008,-27.52,26391,28143,32248,-0.207
4057,MNDO,Technology,Software - Application,NASDAQ,82.35,31,25,24,26,1.04,19781463.065001488,20185166.0,0.0002,-31.58,42731,57583,52732,0.018
4058,DEC,Energy,Oil & Gas Integrated,NYSE,82.34,31,26,80,37,12.5,1052306516.8446074,72323471.0,0.033299997,-33.86,796638,1197522,1047427,0.66
4059,DUOL,Technology,Software - Application,S&P 400,82.33,31,16,8,5,140.73,5188609537.558182,46593117.0,0.2226,-73.95,984426,1233982,1312065,0.265
4060,PSBD,Financial Services,Asset Management,NYSE,82.33,31,38,34,32,9.85,337660843.7716484,31120814.0,0.0135,-34.22,113046,180392,156581,
4061,FSCO,Financial Services,Asset Management,NYSE,82.32,31,26,25,31,4.94,1021461745.8298731,202269645.0,0.0038,-35.42,979012,946400,1045406,
4062,PAC,Industrials,Airports & Air Services,NYSE,82.29,31,47,57,83,217.5,14060280247.585144,59501820.0,0.0092,-27.6,171152,133880,119502,0.028
4063,III,Technology,Information Technology Services,NASDAQ,82.29,31,26,26,75,4.15,215755136.68954086,47839274.0,0.0165,-35.66,203593,252051,245806,0.027
4064,NAK,Basic Materials,Other Industrial Metals & Mining,NYSE ARCA,82.24,31,84,88,96,1.45,1316731177.2645636,560311162.0,0.0519,-51.34,4303553,6472771,6693404,
4065,AZIO,Technology,Software - Infrastructure,NASDAQ,82.22,31,85,39,57,1.62,,,,,151876,425035,554297,
4066,CSIQ,Technology,Solar,NASDAQ,82.22,31,51,60,88,13.65,1287839573.2379837,67816724.0,0.314,-60.54,2189162,2454107,2716944,-0.2
4067,BUDA,Consumer Defensive,Beverages - Non-Alcoholic,NYSE ARCA,82.2,31,46,59,72,8.08,112232890.97796631,12566666.0,0.0066000004,-32.67,19889,21109,17425,0.072
4068,SAR,Financial Services,Asset Management,NYSE,82.13,31,49,55,56,19.28,366187011.203392,16267748.0,0.0448,-24.8,164592,179760,143368,-0.006
4069,STNE,Technology,Software - Infrastructure,NASDAQ,82.09,31,25,26,74,11.16,2784963141.3078976,243228226.0,0.112799995,-44.06,3325450,3937590,4806756,0.043
4070,CMRC,Technology,Software - Application,NASDAQ,82.04,31,23,15,11,3.2,258263333.16277695,82512244.0,0.0846,-42.29,584390,636066,648772,0.054
4071,MEGL,Financial Services,Capital Markets,NASDAQ,82.03,31,31,29,65,1.2,6076860.241472721,5064050.0,0.0502,-54.2,15878,31952,44661,0.267
4072,MSIF,Financial Services,Asset Management,NYSE,82.01,31,29,39,33,11.55,554118710.4884825,45345229.0,0.0045,-36.17,303070,300103,291232,0.026
4073,BOOT,Consumer Cyclical,Apparel Retail,S&P 600,81.99,31,50,59,68,158.62,5155125090.3289795,30347473.0,0.1144,-24.56,628413,673477,720302,0.187
4074,EXE,Energy,Oil & Gas E&P,S&P 500,81.98,31,19,37,49,88.52,22243499183.09536,239228849.0,0.0253,-30.09,4028689,4223673,3821465,0.41
4075,TKC,Communication Services,Telecom Services,NYSE,81.96,31,43,49,62,5.49,4979700383.185672,870577022.0,0.0029,-23.54,2542520,2364866,2126020,0.089
4076,FUN,Consumer Cyclical,Leisure,S&P 600,81.94,31,53,22,12,18.73,2147304844.812626,102203942.0,0.2048,-44.57,2052558,2362036,2207363,0.117
4077,ATS,Industrials,Specialty Industrial Machinery,NYSE,81.94,31,35,69,51,26.97,2999460528.841057,97007132.0,13.51,-24.71,120353,150401,177138,0.301
4078,VIRC,Consumer Cyclical,"Furnishings, Fixtures & Appliances",NASDAQ,81.93,30,27,22,21,6.02,94849147.59018946,15729543.0,0.0428,-33.77,30570,93303,77608,-0.08
4079,ARMP,Healthcare,Biotechnology,NYSE ARCA,81.93,30,88,98,98,4.73,299927320.50081253,36710810.0,0.0209,-71.05,200950,216223,157436,0.607
4080,ROOT,Financial Services,Insurance - Property & Casualty,NASDAQ,81.93,30,27,12,11,61.4,823916991.4941101,15826296.0,0.1409,-62.33,200038,244279,248013,0.126
4081,CVR,Industrials,Tools & Accessories,NYSE ARCA,81.87,30,30,33,67,10.4,9303851.270565033,966132.0,0.0107,-30.67,3346,2695,3587,-0.054
4082,PHUN,Technology,Software - Application,NASDAQ,81.87,30,29,38,10,2.14,41712733.97999287,20447419.0,0.0254,-44.85,102065,102541,118273,-0.212
4083,CNCK,Financial Services,Capital Markets,NASDAQ,81.85,30,25,6,7,2.32,252824448.86445308,135927122.0,0.0452,-75.08,43279,63273,101295,0.045
4084,BKE,Consumer Cyclical,Apparel Retail,S&P 600,81.84,30,23,79,61,45.64,2363134549.7927475,51518086.0,0.1016,-26.02,445704,549564,532484,0.061
4085,LFWD,Healthcare,Medical Devices,NASDAQ,81.81,30,34,24,17,6.95,22346407.621041775,2814409.0,0.0484,-54.22,7689,13989,12891,-0.221
4086,IPGP,Technology,Semiconductor Equipment & Materials,S&P 400,81.8,30,78,87,80,84.02,4860642761.8396,42443616.0,0.16420001,-46.08,354281,383067,456282,0.166
4087,KKR,Financial Services,Asset Management,S&P 500,81.79,30,19,26,21,102.66,86141932151.61261,897872941.0,0.0231,-33.28,3790285,4277998,4349337,-0.066
4088,DLHC,Industrials,Specialty Business Services,NASDAQ,81.79,30,30,63,53,5.22,81305928.28502893,14493035.0,0.0069,-35.56,15540,96350,61566,-0.336
4089,ADSK,Technology,Software - Application,S&P 500,81.75,30,14,26,21,237.38,48840007493.318665,211145251.0,0.0313,-27.87,2385244,2858488,2826524,0.184
4090,AMTM,Industrials,Specialty Business Services,S&P 600,81.74,30,19,38,90,23.46,5670218579.384308,244090344.0,0.090299994,-38.44,1674516,1941562,1940343,-0.004
4091,CMG,Consumer Cyclical,Restaurants,S&P 500,81.74,30,25,22,35,33.51,40867906022.9187,1282734000.0,0.0375,-42.64,16461173,18585661,19452236,0.074
4092,NEN,Real Estate,Real Estate Services,NYSE ARCA,81.74,30,25,29,26,57.0,212290036.41902924,3485879.0,0.01,-24.0,171,540,518,0.164
4093,GRNT,Energy,Oil & Gas E&P,NYSE,81.72,30,20,77,39,4.56,641014529.0100145,131895990.0,0.0764,-32.14,732917,958029,964529,0.05
4094,ALG,Industrials,Farm & Heavy Construction Machinery,S&P 600,81.7,30,29,30,53,164.24,1833891055.2266388,12168343.0,0.051799998,-29.6,98680,168630,166944,0.067
4095,PRHI,Financial Services,Insurance - Property & Casualty,NASDAQ,81.69,30,63,24,15,5.1,15471499.69227755,26222882.0,0.0013,80.21,2299,9266,15040,-0.385
4096,CTMX,Healthcare,Biotechnology,NASDAQ,81.67,30,57,95,99,3.22,783730487.6382318,217702919.0,0.16229999,-60.78,3480790,5165970,4469334,-0.799
4097,NOW,Technology,Software - Application,S&P 500,81.65,30,14,10,11,110.62,128263778792.57202,1031308000.0,0.0563,-47.69,27554541,24009887,28710256,0.221
4098,TRI,Industrials,Specialty Business Services,NASDAQ,81.64,30,13,14,9,103.29,37764975721.417564,436538837.0,6.12,-52.71,2365770,2163676,2008442,0.098
4099,MSN,Technology,Consumer Electronics,NYSE ARCA,81.63,30,29,54,23,0.39,8837913.564067245,21042652.0,0.0069,-54.12,256010,157430,189834,-0.528
4100,NEXT,Energy,Oil & Gas Equipment & Services,NASDAQ,81.6,30,42,73,15,6.14,2096094486.735279,264992987.0,0.1527,-49.34,3161770,3079013,2864716,
4101,WYNN,Consumer Cyclical,Resorts & Casinos,S&P 500,81.59,30,30,52,56,99.02,10505292836.072784,103786729.0,0.1079,-26.5,1439880,1475060,1438644,0.092
4102,SANG,Technology,Software - Infrastructure,NASDAQ,81.56,30,19,24,26,4.17,124129887.33474255,33278790.0,14.77,-35.75,17016,7662,6637,-0.122
4103,APP,Communication Services,Advertising Agencies,S&P 500,81.55,30,60,57,59,418.22,205961169951.7033,335939521.0,0.040999997,-43.91,5405398,5779386,5360729,0.59
4104,SLRC,Financial Services,Asset Management,NASDAQ,81.54,30,25,59,37,12.97,713574608.5578117,54554634.0,0.016,-24.59,473810,468496,404924,-0.073
4105,GIL,Consumer Cyclical,Apparel Manufacturing,NYSE,81.53,30,31,61,76,51.74,11292334429.170887,185180953.0,0.039100002,-29.8,1450813,2085694,1628928,0.638
4106,RDAC,Financial Services,Shell Companies,NASDAQ,81.49,30,15,73,16,6.07,54422172.074165344,5951030.0,0.0028,-74.7,17168,13659,12141,
4107,TIMB,Communication Services,Telecom Services,NYSE,81.49,30,35,78,81,19.79,10519695499.969116,477733664.0,0.0092,-29.87,537140,444226,377618,0.065
4108,ASR,Industrials,Airports & Air Services,NYSE,81.48,30,32,35,75,271.18,8901505068.298798,30032069.0,0.024,-28.92,67039,72196,73451,0.008
4109,MFIC,Financial Services,Asset Management,NASDAQ,81.46,30,29,56,31,9.85,896214202.0667992,82372628.0,0.0383,-27.09,392282,515127,543546,-0.046
4110,ASAN,Technology,Software - Application,NYSE,81.45,30,16,7,11,8.19,1774925623.9337397,230509827.0,0.3316,-56.89,5703955,5650041,6212027,0.095
4111,ONT,Industrials,Waste Management,NYSE,81.44,30,25,44,60,20.48,578589032.5416126,36139227.0,0.065799996,-36.0,472058,641622,666929,-0.052
4112,GPK,Consumer Cyclical,Packaging & Containers,S&P 400,81.43,30,20,8,13,11.65,3331692045.3432484,295887387.0,0.1739,-50.97,4928157,5110802,5855511,0.017
4113,AEVA,Technology,Software - Infrastructure,NASDAQ,81.42,30,92,80,88,14.7,1776490355.0185318,63040821.0,0.1901,-62.11,1427130,1929000,2194870,0.859
4114,WINA,Consumer Cyclical,Specialty Retail,S&P 600,81.37,30,36,35,65,346.51,1354398936.673645,3577671.0,0.12550001,-34.29,56490,48590,46232,-0.049
4115,TPG,Financial Services,Asset Management,NASDAQ,81.35,30,20,22,36,43.76,6830782874.721489,160460017.0,0.055,-37.82,1838380,2162740,2186502,-0.568
4116,CLPS,Technology,Information Technology Services,NASDAQ,81.32,30,29,36,63,0.82,26857644.488515377,29841828.0,0.0005,-56.38,16694,47431,42624,0.028
4117,AMS,Healthcare,Medical Care Facilities,NYSE ARCA,81.31,30,16,11,25,1.58,9672500.252723694,6625000.0,0.0239,-49.2,18640,157153,149604,0.159
4118,LRE,Real Estate,Real Estate - Development,NASDAQ,81.3,30,31,31,25,1.3,18280147.79534757,13641901.0,0.024,-56.23,5741,9223,42910,0.122
4119,TLN,Utilities,Utilities - Independent Power Producers,S&P 400,81.3,30,67,68,61,326.05,17674828536.59961,45695008.0,0.0574,-27.75,658010,884956,829524,0.967
4120,INGR,Consumer Defensive,Packaged Foods,S&P 400,81.29,30,20,31,37,102.71,6396711301.792786,63059061.0,0.0573,-26.88,598571,939547,883438,-0.012
4121,CHRS,Healthcare,Biotechnology,NASDAQ,81.27,30,65,77,94,1.44,245257346.14864588,154249900.0,0.1878,-44.95,463273,886161,930074,0.62
4122,MESO,Healthcare,Biotechnology,NASDAQ,81.27,30,30,50,63,14.45,1990951282.2826195,129282554.0,0.0312,-32.79,338358,266936,226903,15.268
4123,RANI,Healthcare,Biotechnology,NASDAQ,81.26,30,58,28,57,0.82,106882080.76525116,112389152.0,0.082200006,-78.81,1429739,921803,1000313,8.93
4124,CSV,Consumer Cyclical,Personal Services,NYSE,81.25,30,24,67,43,40.84,653781168.5226746,15872328.0,0.0319,-21.61,118048,132099,131239,-0.009
4125,KYNB,Healthcare,Biotechnology,NASDAQ,81.24,30,41,28,29,6.97,27931973.186058044,4048112.0,0.0287,-44.68,6065,13371,20621,0.365
4126,CTRM,Industrials,Marine Shipping,NASDAQ,81.21,30,55,32,43,1.89,18358472.36963153,9662354.0,0.0016,-28.79,34204,40368,56226,0.396
4127,MOMO,Communication Services,Internet Content & Information,NASDAQ,81.21,30,28,35,33,5.88,880574515.5961161,147747401.0,0.0252,-36.23,443738,689006,722203,-0.023
4128,RCS,Financial Services,Asset Management,NYSE,81.17,30,29,30,29,5.15,260669231.33929873,47222687.0,1.98,-35.62,116210,125606,132562,-0.047
4129,HWKN,Basic Materials,Specialty Chemicals,S&P 600,81.17,30,29,73,36,143.02,3229767688.678467,20868176.0,0.059699997,-23.17,172729,188989,163423,-0.016
4130,ALB,Basic Materials,Specialty Chemicals,S&P 500,81.17,30,65,96,96,113.16,20806030913.475204,117934651.0,0.00090000004,-48.8,2189705,2365055,2295899,0.327
4131,CRNT,Technology,Communication Equipment,NASDAQ,81.15,30,61,59,27,2.14,262682788.08512807,90893695.0,0.0018000001,-27.21,1065461,723267,788172,-0.041
4132,PAHC,Healthcare,Drug Manufacturers - Specialty & Generic,S&P 600,81.15,30,21,93,88,36.37,1248987642.7781067,40564716.0,0.0665,-39.46,224012,277374,315540,0.103
4133,AQST,Healthcare,Drug Manufacturers - Specialty & Generic,NASDAQ,81.14,30,31,70,49,3.76,504309475.9872289,125450119.0,0.12550001,-50.2,2062549,2204189,1966171,0.657
4134,LVO,Communication Services,Internet Content & Information,NASDAQ,81.13,30,79,32,14,4.78,89179627.11833858,13471243.0,0.0171,-48.04,47575,64488,74061,-0.312
4135,DRD,Basic Materials,Gold,NYSE,81.08,30,27,82,95,20.69,2289929894.9114037,86739770.0,0.0105,-47.45,336435,360088,325627,0.329
4136,GWRS,Utilities,Utilities - Regulated Water,NASDAQ,81.08,30,23,19,25,7.47,209686890.76275444,28763634.0,0.026700001,-33.12,93488,123076,126263,0.067
4137,NN,Technology,Software - Infrastructure,NASDAQ,81.08,30,62,82,58,13.45,2813329796.682436,136436939.0,0.1848,-44.39,2855998,2462432,2532703,-0.353
4138,ELLO,Utilities,Utilities - Renewable,NYSE ARCA,81.07,29,26,77,89,19.99,330935355.454731,13783230.0,0.0001,-34.11,5410,6580,11606,-0.022
4139,NKTX,Healthcare,Biotechnology,NASDAQ,81.05,29,87,78,55,2.22,232522413.5,71545358.0,0.090299994,-39.18,629809,754736,671049,
4140,ASUR,Technology,Software - Application,NASDAQ,81.05,29,25,35,50,8.25,265305105.25,28681633.0,0.041500002,-28.14,86031,120740,110078,0.227
4141,PHAR,Healthcare,Biotechnology,NASDAQ,81.01,29,28,76,90,12.86,917421721.5351677,70625230.0,0.0001,-39.74,4738,5866,8057,-0.084
4142,OTIS,Industrials,Specialty Industrial Machinery,S&P 500,80.98,29,24,27,34,73.61,27182445418.62976,383716076.0,0.039,-27.42,4712589,4082149,3830939,0.064
4143,PUSA,Consumer Cyclical,Leisure,NASDAQ,80.97,29,96,96,94,2.86,90739660.27923393,21604682.0,0.0765,-65.33,360719,439723,1564655,0.106
4144,SKYX,Industrials,Electrical Equipment & Parts,NASDAQ,80.96,29,19,14,91,1.15,151967016.5387299,134484086.0,0.0548,-65.05,1190420,1665360,1630350,0.098
4145,INSE,Consumer Cyclical,Gambling,NASDAQ,80.95,29,40,24,56,7.04,208358706.93879604,27059573.0,0.0479,-29.25,115421,142803,131858,-0.101
4146,TSLX,Financial Services,Asset Management,NYSE,80.93,29,24,31,36,17.68,1637187664.503479,95019600.0,0.0851,-29.76,462990,653500,648744,-0.197
4147,COCH,Healthcare,Medical Devices,NASDAQ,80.9,29,24,20,9,0.68,54278062.09309423,76881111.0,0.0274,-64.02,421463,667811,453728,-0.152
4148,NOAH,Financial Services,Asset Management,NYSE,80.87,29,33,34,62,8.65,693085449.9893188,65571000.0,0.0057,-32.63,91478,89382,87281,0.125
4149,MKC,Consumer Defensive,Packaged Foods,S&P 500,80.81,29,22,19,30,51.53,12735101859.994488,268843195.0,0.0,-34.07,3441346,4760068,4323007,0.167
4150,IBM,Technology,Information Technology Services,S&P 500,80.78,29,49,24,59,227.55,279897824910.791,939885280.0,0.0317,-29.96,14883227,12390462,12391801,0.095
4151,MARA,Financial Services,Capital Markets,S&P 600,80.78,29,82,35,10,11.38,5482669876.772946,381270503.0,0.29860002,-51.47,55898511,48635610,44945782,-0.184
4152,LTRN,Healthcare,Biotechnology,NASDAQ,80.78,29,94,9,17,2.6,45804349.38489723,12758872.0,0.1496,-54.74,95372,158647,200532,
4153,WK,Technology,Software - Application,NYSE,80.77,29,14,15,27,58.51,2793620477.574951,56119336.0,0.0884,-39.74,756080,911693,938076,0.199
4154,CCEL,Healthcare,Medical Care Facilities,NYSE ARCA,80.72,29,22,24,15,3.38,27145854.57816124,8055150.0,0.0019,-46.77,10318,10576,8747,-0.036
4155,SATL,Industrials,Aerospace & Defense,NASDAQ,80.71,29,90,95,90,3.53,1409801396.400381,148244097.0,0.0935,-70.58,4834373,6662341,8317290,0.803
4156,NNDM,Technology,Computer Hardware,NASDAQ,80.71,29,25,56,66,1.49,366115034.25,209208591.0,0.0598,-35.78,3417958,5804406,4473063,1.064
4157,LVS,Consumer Cyclical,Resorts & Casinos,S&P 500,80.65,29,26,63,65,48.25,33509569323.029137,662637325.0,0.0949,-31.51,5914168,5105202,4601435,0.253
4158,EYE,Consumer Cyclical,Specialty Retail,S&P 600,80.64,29,15,59,89,21.81,1341954138.75,80116665.0,0.1692,-27.35,1797976,2081158,2217029,0.066
4159,ALC,Healthcare,Medical Instruments & Supplies,NYSE,80.63,29,24,29,31,69.11,32329633446.502686,487700000.0,2.8,-25.33,2144830,2131876,2138596,0.094
4160,BFAM,Consumer Cyclical,Personal Services,S&P 600,80.62,29,15,21,20,80.66,3294229932.310009,52606675.0,0.0614,-38.31,845007,966672,1051841,0.07
4161,FSK,Financial Services,Asset Management,NYSE,80.6,29,25,18,20,10.99,3044322094.6589403,280066433.0,0.0464,-51.54,2330688,2709426,2759379,-0.24
4162,DNN,Energy,Uranium,NYSE ARCA,80.59,29,67,88,94,2.75,3149459045.0218287,905016962.0,3.2,-37.92,22697264,24969304,24170132,-0.196
4163,USAS,Basic Materials,Other Industrial Metals & Mining,NYSE ARCA,80.55,29,77,94,99,3.88,2013910673.5538979,326933559.0,0.0356,-63.05,4216260,3867776,4317646,1.879
4164,AERO,Industrials,Airlines,NYSE,80.55,29,47,18,37,15.56,2474521683.0614395,145903409.0,0.0146,-32.49,207468,268879,237145,0.133
4165,CHDN,Consumer Cyclical,Gambling,S&P 400,80.46,29,31,48,31,89.22,6078267282.870575,69696908.0,0.0622,-24.68,711799,1016093,916045,0.031
4166,CUPR,Healthcare,Medical Instruments & Supplies,NASDAQ,80.44,29,61,3,2,3.33,6435000.255703926,2681250.0,0.0378,-95.62,15039,3479566,3870720,2.674
4167,PGY,Technology,Software - Infrastructure,NASDAQ,80.41,29,40,17,60,16.61,1253007121.5561848,82870842.0,0.2008,-63.08,2073992,3382044,3586164,0.096
4168,SLVM,Basic Materials,Paper & Paper Products,S&P 600,80.38,29,23,29,38,38.92,1560438078.9097595,39736136.0,0.0715,-31.48,301580,330226,354198,-0.08
4169,REFI,Real Estate,REIT - Mortgage,NASDAQ,80.38,29,30,40,34,10.09,241126179.93302536,21207228.0,0.047399998,-32.6,158707,194085,159607,-0.342
4170,DFH,Consumer Cyclical,Residential Construction,S&P 600,80.36,29,35,15,24,16.23,1415137782.2117996,91535432.0,0.4202,-48.47,541582,653404,663978,-0.103
4171,RAIL,Industrials,Railroads,NASDAQ,80.34,29,56,30,86,8.53,145442778.97493362,19137208.0,0.0128,-42.75,179631,301543,240502,-0.332
4172,RLX,Consumer Defensive,Tobacco,NYSE,80.31,29,22,41,53,1.99,2517844331.902033,1222254564.0,0.0104,-29.93,1416818,2198539,2772845,1.074
4173,BHFAM,Financial Services,Insurance - Life,NASDAQ,80.29,29,32,41,36,9.9,,,0.23,-36.42,36891,57730,46326,-0.362
4174,IPCX,Financial Services,Shell Companies,NASDAQ,80.29,29,41,44,38,8.93,355764786.03957367,34473333.0,0.0001,-13.72,120308,71512,63535,
4175,SPMC,Financial Services,Asset Management,NYSE,80.28,29,27,15,21,10.08,232074281.25,20628825.0,5.71,-45.81,18690,21023,25962,
4176,ZTEK,Healthcare,Medical Instruments & Supplies,NASDAQ,80.28,29,12,7,15,0.55,63450694.62955803,107543555.0,0.0022,-64.74,130980,226363,203946,0.731
4177,MYND,Consumer Defensive,Education & Training Services,NYSE ARCA,80.24,29,15,8,12,0.4,28899641.718504727,47144605.0,0.0036000002,-65.19,5862,16894,726192,-0.392
4178,FIG,Technology,Software - Application,NYSE,80.23,29,8,5,3,24.38,13473602611.5,528376573.0,0.3689,-82.94,18276243,21378184,21953848,0.461
4179,BIDU,Communication Services,Internet Content & Information,NASDAQ,80.23,29,46,61,87,104.92,46039586458.59503,340252659.0,0.0322,-36.53,1906453,2231214,2422304,-0.012
4180,ESBA,Real Estate,REIT - Office,NYSE ARCA,80.23,29,25,21,24,5.6,1542376328.5393124,279923097.0,0.26,-36.0,6639,5129,5971,0.049
4181,SGMT,Healthcare,Biotechnology,NASDAQ,80.21,29,81,84,61,7.27,450170670.6743555,61751807.0,0.0694,-36.28,869650,1325586,1092656,
4182,COTY,Consumer Defensive,Household & Personal Products,S&P 600,80.19,29,13,11,14,2.78,1875393613.7013874,880466438.0,0.1172,-47.94,10336846,15300975,12526149,-0.013
4183,CMCSA,Communication Services,Telecom Services,S&P 500,80.18,29,22,32,54,24.19,88841327210.52351,3572228557.0,0.0269,-29.59,37570209,41507313,37282115,0.053
4184,APPF,Technology,Software - Application,S&P 400,80.12,29,18,19,17,178.27,5698734698.866592,35358533.0,0.113400005,-45.32,475818,408272,396895,0.204
4185,APWC,Industrials,Electrical Equipment & Parts,NASDAQ,80.11,29,32,27,35,1.49,58962408.48727167,41232455.0,0.13,-36.32,19061,1671757,1004994,0.301
4186,ESRT,Real Estate,REIT - Diversified,NYSE,80.11,29,23,21,25,5.66,988025089.3988452,172430207.0,0.078,-35.39,1316451,1900380,2083258,0.049
4187,ACET,Healthcare,Biotechnology,NASDAQ,80.1,29,51,20,13,8.2,87032081.08267593,9348236.0,0.0631,-52.98,89722,91747,96634,
4188,KLAR,Financial Services,Credit Services,NYSE,80.1,29,34,6,9,18.71,6915696005.113235,378113486.0,0.1092,-60.59,3764115,4502558,5144217,0.444
4189,AFCG,Financial Services,Asset Management,NASDAQ,80.05,29,45,32,8,2.66,87762588.56877708,23528844.0,0.062800005,-53.98,88048,102899,149827,0.101
4190,SVC,Real Estate,REIT - Hotel & Motel,NASDAQ,80.04,29,22,18,30,8.41,1158500435.5010138,647206961.0,0.0185,173.05,1660690,2045251,1851576,-0.163
4191,DUOT,Technology,Software - Application,NASDAQ,80.04,29,89,55,76,7.73,395866831.5,29323469.0,0.093,-49.41,690928,814059,851867,-0.45
4192,RPT,Real Estate,REIT - Mortgage,NYSE,80.0,29,48,33,49,12.32,113790339.62849808,7772564.0,0.1008,-31.33,262659,145789,96717,
4193,BWXT,Industrials,Aerospace & Defense,S&P 400,79.99,29,54,80,83,169.67,17945477893.457153,91614649.0,0.0402,-29.84,866383,987337,962280,0.261
4194,SPIR,Industrials,Specialty Business Services,NYSE,79.98,29,91,91,45,11.37,884171785.0669136,38711549.0,0.1233,-56.15,942570,1176143,1364448,-0.337
4195,LBRT,Energy,Oil & Gas Equipment & Services,S&P 600,79.98,29,88,95,92,17.7,4774980869.511551,163191416.0,0.0992,-48.66,7072567,4898152,4239149,0.045
4196,SHMD,Industrials,Specialty Industrial Machinery,NASDAQ,79.94,29,87,78,98,4.01,385531767.28985596,57800864.0,0.0793,-62.35,464980,789043,980760,-0.375
4197,GNSS,Technology,Scientific & Technical Instruments,NASDAQ,79.91,29,28,37,23,1.69,97915323.69322443,45542009.0,0.01,-37.41,66122,100437,126642,1.237
4198,AMPH,Healthcare,Drug Manufacturers - Specialty & Generic,S&P 600,79.86,28,28,29,60,20.15,831151539.9701138,44092919.0,0.17940001,-35.54,434929,523916,580957,0.004
4199,BTG,Basic Materials,Gold,NYSE ARCA,79.79,28,26,63,88,3.84,6342308228.526194,1332417631.0,1.67,-38.95,16150347,21350982,21282943,1.177
4200,GAP,Consumer Cyclical,Apparel Retail,S&P 400,79.78,28,20,53,79,20.21,7726944900.283777,365340191.0,0.1305,-31.16,6895169,7904319,8562543,0.01
4201,IONS,Healthcare,Biotechnology,NASDAQ,79.77,28,78,84,94,55.3,12642585534.0,165262556.0,0.1291,-36.25,3596488,3789976,2967865,0.87
4202,CHA,Consumer Cyclical,Restaurants,NASDAQ,79.77,28,31,15,10,11.64,2434140083.4222603,190763326.0,0.027,-67.14,405704,598891,725646,0.045
4203,VNT,Technology,Scientific & Technical Instruments,S&P 400,79.76,28,18,34,49,32.83,3995903881.8359375,140800000.0,0.0766,-31.89,1302620,1600023,1786232,0.013
4204,RWT,Real Estate,REIT - Mortgage,NYSE,79.74,28,30,55,50,4.67,678669304.0932026,125215737.0,0.0002,-33.0,1912453,3774574,2672840,-0.134
4205,PPIH,Industrials,Building Products & Equipment,NASDAQ,79.74,28,45,88,89,25.41,249303252.70829582,8123273.0,0.013300001,-30.8,59746,120035,130179,0.225
4206,RMD,Healthcare,Medical Instruments & Supplies,S&P 500,79.73,28,21,24,40,208.96,27643396161.304688,145056384.0,0.1078,-28.88,1076121,1537543,1526406,0.108
4207,SWIM,Industrials,Building Products & Equipment,NASDAQ,79.68,28,51,34,29,5.73,619933214.5539317,117411589.0,0.058000002,-36.09,619850,807583,768770,0.053
4208,IOTR,Communication Services,Telecom Services,NASDAQ,79.63,28,30,14,16,3.05,10029154.130155802,2565001.0,0.0153,-59.17,34584,1124004,1531634,0.398
4209,OGCP,Real Estate,REIT - Office,NYSE ARCA,79.61,28,36,23,26,5.41,1525580825.2589064,279923097.0,0.35,-38.17,1660,1513,954,0.049
4210,LMRI,Healthcare,Medical Devices,NASDAQ,79.57,28,31,11,13,10.97,747508138.4585404,96080735.0,0.1347,-43.6,359892,594060,772838,0.031
4211,JWEL,Consumer Cyclical,Internet Retail,NASDAQ,79.57,28,55,81,68,1.86,6035372.649357796,2376131.0,0.0029,-38.0,798,1949,4467,0.878
4212,JJSF,Consumer Defensive,Packaged Foods,S&P 600,79.56,28,21,27,19,79.52,1427510077.4277954,18753416.0,0.1022,-38.47,198503,246251,236024,-0.032
4213,WB,Communication Services,Internet Content & Information,NASDAQ,79.56,28,19,30,53,7.95,1930986448.720827,245672572.0,0.184,-38.66,803660,1075743,1220326,0.062
4214,RDZN,Technology,Software - Application,NASDAQ,79.55,28,81,90,87,1.26,158674898.5575421,84401542.0,0.012,-50.78,316462,696540,592714,0.188
4215,THO,Consumer Cyclical,Recreational Vehicles,S&P 400,79.52,28,25,24,77,79.28,4159286477.9460297,52595933.0,0.1078,-35.46,623200,746750,785678,0.053
4216,PEPG,Healthcare,Biotechnology,NASDAQ,79.51,28,10,12,98,1.83,103753822.5,69169215.0,0.070700005,-76.54,827140,988676,843864,
4217,XZO,Financial Services,Insurance - Diversified,NYSE,79.49,28,32,20,26,16.44,1259220290.1826286,90918430.0,0.0388,-33.17,134070,198496,213558,0.099
4218,LAZ,Financial Services,Capital Markets,S&P 600,79.47,28,27,47,60,42.76,4659055811.294785,98437685.0,0.054899998,-27.22,1928369,2646573,2237137,0.154
4219,SPSC,Technology,Software - Application,S&P 600,79.47,28,15,8,19,68.5,2083445838.5,36712702.0,0.0892,-53.59,505640,712416,662816,0.058
4220,GTN,Communication Services,Broadcasting,NYSE,79.46,28,23,84,58,4.19,411981228.0649662,102738455.0,0.0001,-34.94,1129231,1342443,1309606,-0.018
4221,DNUT,Consumer Defensive,Grocery Stores,NASDAQ,79.46,28,46,63,17,3.27,606847996.711731,172400000.0,0.1823,-42.93,2464546,2635755,2672223,-0.022
4222,GEHC,Healthcare,Medical Devices,S&P 500,79.44,28,26,22,52,64.11,28357954008.650978,454891786.0,0.030299999,-28.58,5902850,5413716,5154366,0.074
4223,JF,Financial Services,Credit Services,NASDAQ,79.43,28,57,61,33,0.86,18340154.0,18340154.0,0.0016,-37.68,14175,11121,14277,
4224,FINV,Financial Services,Credit Services,NYSE,79.42,28,23,25,16,4.92,1239493510.5,236094002.0,0.0533,-54.86,374783,592164,795738,-0.119
4225,FTRK,Communication Services,Entertainment,NASDAQ,79.42,28,17,6,28,0.43,10469999.765977263,21812500.0,0.028399998,-95.56,551986,6574975,3979113,37.448
4226,HYFT,Healthcare,Biotechnology,NASDAQ,79.39,28,79,64,94,1.36,82212883.71452093,46711866.0,0.014199999,-58.1,342570,292120,423308,0.524
4227,XBIT,Healthcare,Biotechnology,NASDAQ,79.32,28,30,36,28,2.27,73780311.34602928,30487731.0,0.0070999996,-37.12,45420,39680,35282,
4228,BLIV,Technology,Software - Application,NASDAQ,79.31,28,12,17,34,2.38,26618765.41807413,10864802.0,0.0002,-48.26,0,1630,1564,-0.625
4229,UBER,Technology,Software - Application,S&P 500,79.31,28,30,27,28,70.74,143306173621.2776,2035599013.0,0.0305,-30.64,19007870,20267810,20413258,0.145
4230,LKQ,Consumer Cyclical,Auto Parts,S&P 600,79.29,28,24,40,45,26.56,6909927659.028978,254790835.0,0.078,-34.47,2663307,2699345,2909425,0.043
4231,CG,Financial Services,Asset Management,S&P 400,79.29,28,17,34,67,46.47,16353638328.465477,359974427.0,0.0653,-33.47,2738097,3354429,3364515,-0.941
4232,PATK,Consumer Cyclical,Recreational Vehicles,S&P 600,79.27,28,27,31,83,87.88,2977494435.5396347,32893223.0,0.0951,-40.82,618998,803782,638413,-0.006
4233,APTV,Consumer Cyclical,Auto Parts,S&P 500,79.27,28,20,24,65,59.4,14377499121.031677,211620527.0,0.0555,-33.21,2111752,2607460,3231518,0.054
4234,ZH,Communication Services,Internet Content & Information,NYSE,79.25,28,29,21,23,3.26,256036861.38857245,86792155.0,0.023,-41.26,186990,204396,199792,-0.251
4235,CETY,Industrials,Specialty Industrial Machinery,NASDAQ,79.2,28,8,7,1,0.95,8954254.033403754,12166106.0,0.0007,-81.04,52898,45932,54541,2.289
4236,BTMD,Healthcare,Medical Care Facilities,NASDAQ,79.19,28,21,23,12,2.24,60662850.0,30331425.0,0.0738,-52.84,187616,340318,295971,-0.083
4237,INCR,Healthcare,Drug Manufacturers - Specialty & Generic,NASDAQ,79.13,28,41,15,12,0.92,65617604.60740924,54681335.0,0.0007,-48.02,14683,51941,54990,0.239
4238,LUCK,Consumer Cyclical,Leisure,NYSE,79.11,28,26,32,21,7.0,1116969554.7117825,136382126.0,0.32419997,-39.71,79724,133588,121040,0.007
4239,AMSF,Financial Services,Insurance - Specialty,S&P 600,79.1,28,28,19,30,30.61,573270574.0150776,18703771.0,0.026700001,-36.04,230239,243203,235789,0.103
4240,GFI,Basic Materials,Gold,NYSE,79.09,28,29,81,94,32.65,35651523550.30975,894418540.0,0.0052,-47.03,2952414,3751828,3710970,0.714
4241,AIV,Real Estate,REIT - Residential,NYSE,79.05,28,41,38,42,2.61,604195941.1616106,143856183.0,0.023,-70.57,1033985,1414265,1377427,-0.039
4242,AXIL,Technology,Consumer Electronics,NYSE ARCA,79.05,28,36,49,42,5.97,45746881.330075264,6817717.0,0.0398,-41.76,16750,13906,17466,0.054
4243,BKSY,Industrials,Specialty Business Services,NYSE,79.04,28,82,96,89,21.95,1798674535.519104,37109026.0,0.19639999,-58.49,1152886,1580672,1939669,-0.297
4244,GIB,Technology,Information Technology Services,NYSE,79.04,28,16,16,22,71.4,14613330414.680298,209420044.0,9.23,-35.13,444310,517083,477704,0.033
4245,FWRG,Consumer Cyclical,Restaurants,NASDAQ,79.04,28,37,20,33,13.0,716930019.6046972,61644885.0,0.0845,-33.44,840009,1053536,1169813,0.173
4246,BTQ,Technology,Software - Infrastructure,NASDAQ,79.02,28,90,11,8,3.45,681359706.8662119,141360930.0,3.03,-78.44,1480846,4105022,3963045,
4247,VIA,Technology,Software - Application,NYSE,78.97,28,20,6,5,20.59,1238136078.1157036,81295871.0,0.1248,-63.43,817920,1175810,1035516,0.292
4248,OPEN,Real Estate,Real Estate Services,NASDAQ,78.97,28,96,97,98,3.94,4862272588.478218,964736632.0,0.14819999,-63.75,80694844,75652768,60360430,-0.376
4249,CRBP,Healthcare,Biotechnology,NASDAQ,78.93,28,44,56,23,9.09,146554855.62288284,18527795.0,0.0743,-55.79,250399,396983,535549,
4250,STZ,Consumer Defensive,Beverages - Brewers,S&P 500,78.92,28,33,44,51,132.02,23904592450.15924,172198467.0,0.0452,-26.06,1925860,2406240,2322038,-0.113
4251,GDYN,Technology,Information Technology Services,NASDAQ,78.91,28,15,11,14,6.14,602107572.849596,83626054.0,0.13239999,-52.26,1354151,2298623,2241570,0.037
4252,HURN,Industrials,Consulting Services,NASDAQ,78.87,28,12,25,64,121.37,1740988306.4150848,16211829.0,0.0394,-35.02,260090,315780,281752,0.121
4253,META,Communication Services,Internet Content & Information,S&P 500,78.86,28,26,28,51,593.41,1605578148802.33,2538423304.0,0.0146,-25.47,13653684,18237658,18037112,0.331
4254,RES,Energy,Oil & Gas Equipment & Services,S&P 600,78.85,28,47,87,54,5.16,1467243104.3355513,221637935.0,0.29299998,-36.76,1317732,1715937,1589208,0.366
4255,INR,Energy,Oil & Gas E&P,NYSE,78.83,28,17,64,65,12.47,254084278.4265852,18751607.0,0.090500005,-37.33,336373,367884,400654,0.818
4256,IBTA,Technology,Software - Application,NYSE,78.81,28,70,75,9,27.24,797167688.25,23274969.0,0.2902,-46.06,174598,167069,178937,-0.025
4257,MOS,Basic Materials,Agricultural Inputs,S&P 500,78.79,27,20,21,37,23.08,7596534670.351128,317846644.0,0.081499994,-39.63,6654714,8918474,8852186,0.144
4258,BAH,Industrials,Consulting Services,S&P 400,78.79,27,14,23,22,73.19,9481498609.943619,119746130.0,0.0739,-39.03,2659692,2711114,2360510,-0.065
4259,TG,Industrials,Metal Fabrication,NYSE,78.75,27,36,71,72,7.54,272555541.3731046,34898277.0,0.0095999995,-28.4,142760,158553,167676,0.132
4260,BNTX,Healthcare,Biotechnology,NASDAQ,78.73,27,39,34,41,92.45,24264244071.20848,252884261.0,0.0358,-25.44,722072,797900,922588,-0.354
4261,GROV,Consumer Defensive,Household & Personal Products,NYSE,78.72,27,47,24,68,1.11,49172845.94635069,42028075.0,0.0941,-39.67,24908,44009,50525,-0.143
4262,VLN,Technology,Semiconductors,NYSE,78.71,27,87,61,19,1.53,373200114.8652575,105722413.0,0.0001,-58.76,1084130,1604410,2437646,0.002
4263,EPM,Energy,Oil & Gas E&P,NYSE ARCA,78.69,27,25,73,33,3.65,151882770.2011299,35821410.0,0.043899998,-35.96,281333,360667,354756,-0.106
4264,VUZI,Technology,Consumer Electronics,NASDAQ,78.69,27,51,67,34,2.25,382527983.4694104,83158259.0,0.2015,-59.96,965530,1315470,2028908,-0.12
4265,SRAD,Technology,Software - Application,NASDAQ,78.67,27,14,10,17,14.82,3909521466.30966,295951662.0,0.064,-54.0,1894960,1959073,2385112,0.113
4266,MMYT,Consumer Cyclical,Travel Services,NASDAQ,78.67,27,30,11,11,53.72,4434092713.311432,94867192.0,0.115200005,-48.83,806977,1107512,1098675,0.019
4267,PSEC,Financial Services,Asset Management,NASDAQ,78.66,27,34,48,35,2.23,1207428486.7318318,501007653.0,0.0876,-36.29,4942298,5409916,5328093,-0.121
4268,JANX,Healthcare,Biotechnology,NASDAQ,78.65,27,31,16,7,15.0,889761734.1654739,60984354.0,0.16440001,-57.56,831642,1275887,1138482,
4269,CCAP,Financial Services,Asset Management,NASDAQ,78.64,27,24,41,35,11.18,420412306.6977539,36845952.0,0.0155,-30.28,285405,271488,265953,-0.1
4270,CCJ,Energy,Uranium,NYSE,78.62,27,63,87,94,86.96,49084565291.45883,435532978.0,1.84,-35.7,4135964,3498108,3443562,0.071
4271,SOHU,Communication Services,Electronic Gaming & Multimedia,NASDAQ,78.61,27,21,52,70,13.26,406183560.88142395,30065400.0,4.5179996,-23.35,35520,52933,53338,0.042
4272,CSBR,Healthcare,Biotechnology,NASDAQ,78.54,27,36,25,45,5.53,81099065.95896149,13886826.0,0.0125,-42.58,8454,8498,8570,-0.028
4273,ADBE,Technology,Software - Application,S&P 500,78.46,27,12,18,18,249.18,104772678546.14258,404200000.0,0.052399997,-40.88,5488828,6677609,6809483,0.12
4274,GPGI,Industrials,Metal Fabrication,NYSE,78.39,27,28,30,89,14.58,3524715126.9706535,289861445.0,0.2384,-45.56,1332576,1662525,1789139,
4275,HSCS,Healthcare,Medical Devices,NASDAQ,78.38,27,34,10,38,2.26,5318448.863327503,3184700.0,0.0121,-65.07,44290,4716503,2845660,
4276,BRCC,Consumer Defensive,Packaged Foods,NYSE,78.38,27,66,30,7,1.01,191886573.08624423,117004009.0,0.0825,-51.9,664650,759516,1105756,0.214
4277,TPVG,Financial Services,Asset Management,NYSE,78.33,27,31,39,40,4.56,224106374.3456359,40598981.0,0.0571,-39.44,192880,312516,281184,0.014
4278,VST,Utilities,Utilities - Independent Power Producers,S&P 500,78.32,27,33,34,25,148.64,54026745407.04108,337182468.0,0.0461,-32.38,4239230,4240970,4581902,0.434
4279,RAND,Financial Services,Asset Management,NASDAQ,78.32,27,23,24,15,10.07,31480029.532894135,2969814.0,0.01,-49.65,1392,1530,2642,-0.383
4280,LODE,Basic Materials,Other Precious Metals & Mining,NYSE ARCA,78.24,27,73,66,33,2.83,315039305.83963585,75913084.0,0.044699997,-41.04,1661283,1708357,1691266,-0.601
4281,SBAC,Real Estate,REIT - Specialty,S&P 500,78.21,27,32,61,26,174.93,21547762922.13437,106063017.0,0.031400003,-28.06,770417,1031819,947037,0.059
4282,NVTS,Technology,Semiconductors,NASDAQ,78.2,27,96,98,95,10.01,6303950156.804741,236990604.0,0.1877,-70.4,15609007,18741569,26018109,-0.387
4283,FISK,Real Estate,REIT - Office,NYSE ARCA,78.2,27,29,21,26,5.42,1514383912.057125,279923097.0,3.77,-39.98,0,160,118,0.049
4284,ALTG,Industrials,Rental & Leasing Services,NYSE,78.17,27,69,79,61,6.37,200418921.43547058,32535540.0,0.032899998,-29.14,121581,198160,241218,-0.03
4285,HNRG,Energy,Thermal Coal,NASDAQ,78.15,27,34,27,64,14.61,907731360.7072906,47130392.0,0.075100005,-40.85,644100,779550,751688,-0.135
4286,AEM,Basic Materials,Gold,NYSE,78.12,27,31,77,89,143.71,91581633754.57101,500036237.0,0.0101,-43.7,2481987,2767375,2687761,0.661
4287,OCGN,Healthcare,Biotechnology,NASDAQ,78.12,27,67,87,88,1.24,467160159.665802,338521856.0,0.24069999,-54.5,4534571,8383883,7086708,0.035
4288,TOUR,Consumer Cyclical,Travel Services,NASDAQ,78.11,27,14,35,18,5.24,64204802.212322235,10863757.0,1.41,-48.12,4620,12416,13732,0.203
4289,ACH,Healthcare,Medical Distribution,NYSE,78.11,27,58,48,6,3.25,217497707.10676813,76583702.0,0.0943,-65.97,457447,625555,664921,-0.068
4290,ZDGE,Communication Services,Internet Content & Information,NYSE ARCA,78.1,27,39,65,65,2.94,38734431.49313164,13041896.0,0.0064999997,-39.88,69710,113856,154206,0.183
4291,LOPE,Consumer Defensive,Education & Training Services,S&P 400,78.08,27,18,33,30,150.45,3973167417.43042,26514296.0,0.052199997,-32.55,410815,397775,347451,0.067
4292,FURY,Basic Materials,Other Industrial Metals & Mining,NYSE ARCA,78.03,27,31,45,91,0.52,110276669.92682666,190132195.0,0.0026,-49.02,131211,148430,206044,
4293,SNTG,Financial Services,Credit Services,NASDAQ,78.01,27,39,34,59,1.81,5610650.0,2805325.0,0.0067000003,-85.75,910140,307933,216322,-0.359
4294,NICE,Technology,Software - Application,NASDAQ,77.99,27,15,21,17,101.41,5429615654.669312,58597188.0,0.070300005,-43.85,681866,590258,656073,0.098
4295,SBC,Industrials,Consulting Services,NASDAQ,77.99,27,15,24,74,3.21,329271990.94299984,102576943.0,0.014400001,-44.17,69628,123062,122907,-0.09
4296,MLCO,Consumer Cyclical,Resorts & Casinos,NASDAQ,77.99,27,18,27,25,5.64,2158901001.341779,388291551.0,0.0376,-44.43,2177903,2899361,2680902,0.109
4297,CVNA,Consumer Cyclical,Auto & Truck Dealerships,S&P 500,77.98,27,31,66,83,66.07,52289052105.0,716288385.0,0.1374,-32.15,8293482,10630254,10491726,0.52
4298,AYTU,Healthcare,Drug Manufacturers - Specialty & Generic,NASDAQ,77.94,27,33,75,84,2.13,24579045.910560608,10733208.0,0.0497,-30.62,18305,23468,30469,-0.327
4299,RUM,Communication Services,Internet Content & Information,NASDAQ,77.9,27,44,63,18,6.03,1988688265.6762085,216396992.0,0.2214,-45.13,1980845,3107625,3321431,0.074
4300,LUMN,Communication Services,Telecom Services,S&P 600,77.9,27,79,86,87,6.19,11323118423.48051,1030311070.0,0.0655,-48.2,9725806,13141972,13140707,-0.089
4301,KEQU,Consumer Cyclical,"Furnishings, Fixtures & Appliances",NASDAQ,77.88,27,24,30,29,35.55,116289198.00524902,2866384.0,0.0191,-41.62,6485,6961,5183,0.033
4302,BDC,Technology,Communication Equipment,S&P 400,77.85,27,44,36,60,104.93,4092239794.508667,38944040.0,0.0686,-34.41,534414,590534,573342,0.114
4303,UPC,Healthcare,Drug Manufacturers - Specialty & Generic,NASDAQ,77.82,27,98,17,28,3.19,2267433.0,647838.0,0.0183,-71.0,94940,2953000,1789018,-0.141
4304,CAVA,Consumer Cyclical,Restaurants,S&P 400,77.82,27,65,82,22,65.0,9045360083.5,116473856.0,0.1225,-34.2,3781980,3293216,3397412,0.321
4305,HOVR,Industrials,Aerospace & Defense,NASDAQ,77.8,27,73,94,94,1.75,164903558.86172152,56377286.0,0.060900003,-58.13,1740552,1271627,2292828,
4306,OTF,Financial Services,Asset Management,NYSE,77.8,27,21,24,24,10.07,5139954727.604404,462642204.0,0.0164,-53.42,2144812,2457224,2305160,0.783
4307,INFY,Technology,Information Technology Services,NYSE,77.8,27,13,16,40,12.35,51203519582.921486,4047709180.0,0.041100003,-58.83,30469624,27133374,23841182,0.066
4308,IIIV,Technology,Software - Infrastructure,NASDAQ,77.8,27,21,28,18,21.46,398034611.8122711,19549833.0,0.42540002,-36.83,252725,404328,416629,0.062
4309,SPOK,Healthcare,Health Information Services,NASDAQ,77.76,27,20,17,29,10.89,221193439.0871048,20887010.0,0.0286,-43.6,132410,174170,166392,-0.085
4310,NCNO,Technology,Software - Application,NASDAQ,77.74,27,18,17,16,18.51,1761611427.6417732,109552950.0,0.1376,-45.43,2140543,3382321,3668688,0.106
4311,PMT,Real Estate,REIT - Mortgage,S&P 600,77.74,27,34,58,50,9.79,912136709.8465061,87202362.0,0.0682,-29.11,1450763,1768971,1417556,-0.241
4312,NTSK,Technology,Software - Infrastructure,NASDAQ,77.73,27,20,8,10,11.98,4900523770.688243,403667515.0,3.08,-57.2,4793083,6207314,6240442,0.322
4313,ELUT,Healthcare,Medical Devices,NASDAQ,77.72,27,37,21,15,0.92,51281552.28439093,44208236.0,0.0033000002,-65.15,143560,91700,99282,0.162
4314,MRKR,Healthcare,Biotechnology,NASDAQ,77.69,27,67,63,89,1.18,26176810.264540315,16673127.0,0.0182,-71.01,38158,57989,60265,
4315,DKNG,Consumer Cyclical,Gambling,NASDAQ,77.68,27,25,17,19,24.62,12150194614.775126,496128817.0,0.0805,-49.53,11304311,11319813,12245636,0.168
4316,ACRV,Healthcare,Biotechnology,NASDAQ,77.6,26,69,68,27,1.54,68482767.42047274,42801729.0,0.0871,-56.74,268505,424441,420549,
4317,IMRX,Healthcare,Biotechnology,NASDAQ,77.58,26,34,93,94,4.24,373304008.305995,64697402.0,0.2015,-57.94,797977,1254725,1718519,
4318,BRID,Consumer Defensive,Packaged Foods,NASDAQ,77.52,26,23,35,32,6.46,71434666.80123901,9076832.0,0.0046,-26.09,4752,5587,5416,0.114
4319,NMFC,Financial Services,Asset Management,NASDAQ,77.51,26,25,38,27,7.07,755619120.0,94452390.0,0.045700002,-35.96,471746,722755,618663,-0.197
4320,AZO,Consumer Cyclical,Auto Parts,S&P 500,77.47,26,25,39,40,3118.8,48046124150.87891,16369000.0,0.0256,-28.93,144501,399923,385578,0.084
4321,NXPL,Technology,Software - Application,NASDAQ,77.45,26,57,34,22,5.94,18851208.823321342,2708507.0,0.0224,-46.49,27478,34702,31693,-0.322
4322,TLK,Communication Services,Telecom Services,NYSE,77.45,26,19,30,72,14.39,16208256359.390099,987104524.0,0.0044,-38.82,807890,973240,1051092,0.015
4323,EXLS,Technology,Information Technology Services,S&P 400,77.44,26,13,19,18,30.53,4435288591.837713,152782931.0,0.1087,-37.1,2087236,2734455,2580503,0.138
4324,SHEN,Communication Services,Telecom Services,S&P 600,77.43,26,64,78,41,11.84,882385905.3981657,55322001.0,0.061300002,-31.76,492340,493100,408512,0.048
4325,MX,Technology,Semiconductors,NYSE,77.42,26,88,57,27,3.23,320679522.1505413,36440854.0,0.0105,-66.6,890789,1316799,2643825,0.033
4326,EBS,Healthcare,Drug Manufacturers - Specialty & Generic,NYSE,77.3,26,40,53,88,7.31,470558213.6152725,51596296.0,0.1891,-48.01,592848,882036,845889,-0.297
4327,RKT,Financial Services,Mortgage Finance,NYSE,77.29,26,36,32,84,13.98,41055025913.82507,2829429722.0,0.074200004,-42.61,29651115,34346461,29985159,1.671
4328,SAP,Technology,Software - Application,NYSE,77.28,26,15,15,16,179.17,214318093811.06516,1178932294.0,0.0098,-42.81,3816151,2892187,3089250,0.06
4329,GRCE,Healthcare,Biotechnology,NASDAQ,77.25,26,11,16,71,2.25,39768248.35699725,15474027.0,0.1596,-56.56,168503,237011,255142,
4330,BEPC,Utilities,Utilities - Renewable,NYSE,77.25,26,47,40,78,32.54,7291615844.732334,182381589.0,5.68,-27.98,2082813,1601064,1526332,-0.026
4331,CCI,Real Estate,REIT - Specialty,S&P 500,77.24,26,28,35,29,75.75,39935356444.5,436451983.0,0.0375,-34.56,4218725,4523371,4314267,-0.048
4332,CRM,Technology,Software - Application,S&P 500,77.23,26,14,17,17,181.5,156510904998.7793,819000000.0,0.088599995,-34.43,13214223,15370641,15706418,0.133
4333,MMS,Industrials,Specialty Business Services,S&P 400,77.22,26,16,22,72,62.95,3253824696.6240463,52540363.0,0.1167,-37.05,607416,758768,705539,-0.041
4334,SFHG,Industrials,Specialty Business Services,NASDAQ,77.17,26,13,18,33,2.49,10190599.961280823,4060000.0,0.0002,-49.7,1864,8888,14184,0.225
4335,OSIS,Technology,Electronic Components,S&P 600,77.16,26,23,75,58,220.64,3572666407.5,16482890.0,0.1663,-29.22,172293,216934,249572,0.02
4336,PXLW,Technology,Semiconductors,NASDAQ,77.15,26,31,23,22,5.84,44351906.92493534,6363258.0,0.0364,-62.13,32477,42565,90459,-0.937
4337,NRDS,Communication Services,Internet Content & Information,NASDAQ,77.14,26,22,39,43,9.58,565869558.9002438,65798783.0,0.1442,-41.01,525404,650511,781848,0.062
4338,CNVS,Communication Services,Entertainment,NASDAQ,77.14,26,64,34,11,2.41,51746525.801585674,21294866.0,0.0269,-67.39,98437,490975,328915,-0.6
4339,JBGS,Real Estate,REIT - Diversified,S&P 600,77.13,26,27,27,35,14.37,854613984.0945721,58255895.0,0.22530001,-40.86,486070,584973,521292,0.059
4340,SG,Consumer Cyclical,Restaurants,NYSE,77.11,26,77,23,10,6.36,1183523468.2529154,118827657.0,0.2243,-61.92,6824770,5358743,6101420,-0.029
4341,DXC,Technology,Information Technology Services,S&P 600,77.11,26,11,21,28,10.87,1620085367.8349533,163479858.0,0.2682,-33.92,3283757,5188879,5192219,-0.012
4342,HIMS,Healthcare,Drug Manufacturers - Specialty & Generic,S&P 400,77.05,26,64,18,10,29.32,6052618635.955896,231457695.0,0.32959998,-58.37,15519962,16290354,17394612,0.038
4343,MSFT,Technology,Software - Infrastructure,S&P 500,77.03,26,23,28,25,393.35,3344578368585.6523,7428434704.0,0.0104,-29.18,30456579,41368579,39974357,0.183
4344,VNDA,Healthcare,Biotechnology,NASDAQ,77.02,26,47,79,93,5.16,387874363.4300518,60135562.0,0.1112,-48.09,827140,884763,911850,0.034
4345,WLTH,Technology,Software - Application,NASDAQ,77.01,26,18,32,12,9.54,1826919600.1014528,149502419.0,0.050100002,-35.32,903660,1562990,1731070,0.163
4346,INDO,Energy,Oil & Gas E&P,NYSE ARCA,77.0,26,22,57,87,2.73,44160229.039115906,15386840.0,0.0682,-67.88,313155,334631,535099,-0.23
4347,LEN,Consumer Cyclical,Residential Construction,S&P 500,77.0,26,28,22,33,87.65,22112660714.2229,246298296.0,0.0028,-39.23,2512196,2687975,2739145,-0.133
4348,WW,Healthcare,Medical Care Facilities,NASDAQ,76.99,26,23,5,13,13.76,166179399.59129333,9998760.0,0.18879999,-70.69,134090,153140,210324,-0.098
4349,AKTX,Healthcare,Biotechnology,NASDAQ,76.97,26,53,3,2,8.43,18805581.189300537,1144588.0,0.206,-85.16,39915,79331,977933,
4350,FVN,Financial Services,Shell Companies,NASDAQ,76.93,26,48,50,46,8.9,81852402.87780762,7544000.0,0.0001,-17.97,48854,120894,73882,
4351,SHOE,Consumer Cyclical,Apparel Retail,NASDAQ,76.87,26,26,41,47,15.86,,,,,955580,727443,677080,
4352,GIFT,Communication Services,Internet Content & Information,NASDAQ,76.86,26,30,39,30,0.91,30528135.204410076,34109649.0,0.0014,-49.44,29291,40157,88270,-0.041
4353,AMR,Basic Materials,Coking Coal,S&P 600,76.81,26,35,73,83,145.07,2529828752.8007812,12714624.0,0.1814,-42.85,262298,253492,263263,-0.013
4354,WKEY,Technology,Semiconductors,NASDAQ,76.79,26,58,57,48,6.15,103884190.72214699,11378334.0,0.061300002,-68.94,42740,72513,105654,1.089
4355,AIRI,Industrials,Aerospace & Defense,NYSE ARCA,76.77,26,31,32,32,2.74,14794506.668702602,4850658.0,0.0064,-34.29,15197,44279,45641,-0.044
4356,ARVN,Healthcare,Biotechnology,NASDAQ,76.77,26,25,37,85,8.2,579400328.5045395,64521198.0,0.0912,-43.49,555275,710745,756721,-0.917
4357,FLL,Consumer Cyclical,Resorts & Casinos,NASDAQ,76.75,26,50,26,18,2.31,90662957.5,36265183.0,0.015800001,-53.33,99537,130192,176139,-0.008
4358,CATX,Healthcare,Medical Devices,NYSE ARCA,76.74,26,41,74,93,2.87,449342022.70577574,114046197.0,0.1321,-53.41,997162,2139757,1803280,-0.778
4359,GSIW,Financial Services,Capital Markets,NASDAQ,76.71,26,58,34,22,24.4,40395441.33879852,1412428.0,0.0134000005,-93.18,16355,13075,9447,4.146
4360,NIKI,Healthcare,Biotechnology,NASDAQ,76.7,26,16,20,17,8.93,,,,,399185,135239,95446,
4361,BBOT,Healthcare,Biotechnology,NASDAQ,76.66,26,16,17,57,8.59,718560744.2709045,80107104.0,0.115,-42.23,283848,487249,441993,
4362,OXSQ,Financial Services,Asset Management,NASDAQ,76.66,26,22,53,31,1.4,126261569.67985952,93527087.0,0.0641,-42.15,1348150,1503160,2045356,-0.12
4363,OR,Basic Materials,Gold,NYSE,76.65,26,32,71,89,29.44,6939221611.934418,187495864.0,2.68,-38.74,907807,1080969,981345,0.873
4364,INEO,Consumer Cyclical,Auto Parts,NASDAQ,76.65,26,33,18,7,0.64,9337895.645595968,16527249.0,0.0001,-69.52,382174,164441,146270,-0.206
4365,ALNY,Healthcare,Biotechnology,NASDAQ,76.62,26,21,28,35,288.41,40318128261.352936,133512573.0,0.0539,-41.8,1230224,1493508,1307986,0.964
4366,WVVI,Consumer Defensive,Beverages - Wineries & Distilleries,NASDAQ,76.6,26,19,19,14,2.7,13444731.237442493,4979530.0,0.00059999997,-62.4,3970,12183,8604,0.095
4367,ALT,Healthcare,Biotechnology,NASDAQ,76.6,26,24,9,72,2.99,593146160.4267497,194474154.0,0.19379999,-61.32,4031185,4649781,3897237,
4368,MTRX,Industrials,Engineering & Construction,NASDAQ,76.58,26,62,36,46,11.53,369397453.7196636,28133850.0,0.0175,-28.43,164330,235783,239542,0.033
4369,BPRE,Financial Services,Asset Management,NYSE,76.55,26,26,62,60,12.39,,,0.67,-32.17,936503,869107,808276,
4370,CRMD,Healthcare,Biotechnology,NASDAQ,76.54,26,22,22,19,7.35,662133927.1202765,78451891.0,0.2007,-57.83,902931,1278497,1307046,2.261
4371,BGDE,Financial Services,Capital Markets,NASDAQ,76.54,26,97,12,2,5.02,39669058.00465107,5486730.0,0.0619,-87.45,91337,131489,124755,-0.651
4372,ICU,Healthcare,Biotechnology,NASDAQ,76.53,26,32,51,3,3.44,14828877.572473526,3997002.0,0.039,-73.54,57976,96915,92355,0.689
4373,RDY,Healthcare,Drug Manufacturers - Specialty & Generic,NYSE,76.49,26,50,41,45,11.73,11379633420.606272,834896062.0,0.0471,-27.46,3054970,3127233,2509000,-0.116
4374,UONEK,Communication Services,Broadcasting,NASDAQ,76.49,26,14,15,84,5.0,23716586.25,4517445.0,0.65,-64.29,26900,88946,56606,-0.158
4375,EQX,Basic Materials,Gold,NYSE ARCA,76.48,25,32,88,94,9.15,10684582542.897749,789112450.0,2.45,-51.74,12097326,12880325,12728663,2.243
4376,HDSN,Basic Materials,Specialty Chemicals,NASDAQ,76.46,25,18,22,36,6.16,223805959.38158607,42068788.0,0.0369,-41.44,357759,523593,537477,0.087
4377,HLI,Financial Services,Capital Markets,S&P 400,76.42,25,19,27,31,145.47,9782953015.323029,69059387.0,0.034,-31.31,759004,851431,772058,-0.046
4378,CLPR,Real Estate,REIT - Residential,NYSE,76.4,25,24,42,32,2.88,50734758.93499613,16157566.0,0.0395,-37.53,36605,127548,117221,-0.033
4379,BLND,Technology,Software - Application,NYSE,76.39,25,14,7,12,1.79,433388805.00398254,242116656.0,0.0638,-60.13,2173718,2478966,3058459,0.149
4380,CRSP,Healthcare,Biotechnology,NASDAQ,76.36,25,61,51,53,47.55,5418493163.993835,96448792.0,0.3241,-39.41,1694942,1751984,1738974,0.686
4381,LAW,Technology,Software - Application,NYSE,76.35,25,17,25,68,4.21,255896280.55163336,64134406.0,0.041300002,-53.79,244647,250015,267633,0.143
4382,WD,Financial Services,Mortgage Finance,S&P 600,76.35,25,34,16,20,50.98,1723084938.6432152,34331241.0,0.040900003,-43.36,250640,303460,313186,0.32
4383,SFWL,Industrials,Integrated Freight & Logistics,NASDAQ,76.31,25,25,31,34,0.77,76722688.6100682,82497514.0,0.001,-40.31,28590,23296,25958,0.116
4384,TZOO,Communication Services,Internet Content & Information,NASDAQ,76.3,25,88,76,9,7.57,110095683.78213978,10279709.0,0.0753,-46.39,119780,138143,116644,0.049
4385,BMEA,Healthcare,Biotechnology,NASDAQ,76.25,25,28,37,13,1.25,99773226.8552494,72299440.0,0.24299999,-59.42,470828,839222,954209,
4386,IPWR,Technology,Semiconductors,NASDAQ,76.22,25,88,18,25,3.76,119099922.6759882,16008054.0,0.0159,-59.57,106818,245866,731461,
4387,PLBL,Consumer Cyclical,Department Stores,NASDAQ,76.21,25,23,20,47,6.75,2637989714.117136,366387470.0,0.0036000002,-49.93,129289,350289,228779,0.611
4388,FBRT,Real Estate,REIT - Mortgage,S&P 600,76.18,25,25,31,45,7.75,667269293.9018116,76963009.0,0.081999995,-34.54,1071580,1259013,1147198,0.061
4389,BETA,Industrials,Aerospace & Defense,NYSE,76.16,25,17,9,9,18.37,4232065423.670574,230756019.0,0.0398,-53.49,1285993,1371481,1511638,0.056
4390,SPCE,Industrials,Aerospace & Defense,NYSE,76.15,25,57,17,18,2.49,645513181.3896303,104451974.0,0.2258,-62.33,8114210,16049563,36874312,-0.508
4391,BGS,Consumer Defensive,Packaged Foods,NYSE,76.14,25,32,80,49,3.66,331973046.4751015,81167001.0,0.1842,-42.63,2150749,1963199,2090299,-0.039
4392,WETH,Technology,Electronic Components,NASDAQ,76.1,25,31,83,73,1.3,16584832.089318037,11931534.0,0.00029999999,-64.67,140100,155640,146842,0.067
4393,MBC,Consumer Cyclical,"Furnishings, Fixtures & Appliances",S&P 600,76.07,25,37,17,42,9.02,1110906280.2577972,127984590.0,0.221,-36.57,1734556,2439455,3203103,-0.064
4394,VZLA,Basic Materials,Other Industrial Metals & Mining,NYSE ARCA,76.01,25,28,37,93,3.19,1356055519.7969675,349498835.0,0.1158,-55.63,5090450,5283236,5887678,
4395,ARQQ,Technology,Software - Infrastructure,NASDAQ,76.0,25,85,11,18,17.55,287313809.5930958,17402411.0,0.129,-71.69,355745,1128758,977487,8.299
4396,OKYO,Healthcare,Biotechnology,NASDAQ,76.0,25,20,17,62,1.64,90001927.50668418,52479257.0,0.0038,-51.03,211829,140953,106997,
4397,HDL,Consumer Cyclical,Restaurants,NASDAQ,75.97,25,16,18,23,13.12,788410417.5556183,58836600.0,0.00029999999,-38.13,567,745,801,0.142
4398,RYET,Consumer Defensive,Education & Training Services,NASDAQ,75.96,25,16,16,10,1.02,33157524.742665768,36080004.0,0.0019,-95.14,12995,41468,1251303,-0.911
4399,STIM,Healthcare,Medical Devices,NASDAQ,75.92,25,19,14,9,1.87,107165270.94543457,69587840.0,0.28059998,-61.44,3108630,1982090,2029800,0.078
4400,NIO,Consumer Cyclical,Auto Manufacturers,NYSE,75.91,25,34,79,27,4.68,14031735084.24097,2505667022.0,0.0721,-41.65,21897406,25600052,32546323,1.122
4401,IRTC,Healthcare,Medical Devices,NASDAQ,75.9,25,22,29,57,117.37,3743028321.344055,32862408.0,0.0953,-44.64,417919,572106,560093,0.257
4402,GPOR,Energy,Oil & Gas E&P,S&P 600,75.9,25,20,50,58,153.4,3029501710.383209,17969641.0,0.0494,-32.06,264887,479572,395219,0.323
4403,TOON,Communication Services,Entertainment,NYSE ARCA,75.88,25,55,33,58,0.59,41991197.8709389,59142534.0,0.0156,-34.44,556630,1762786,1974558,-0.238
4404,PAX,Financial Services,Asset Management,NASDAQ,75.87,25,20,38,63,11.1,1848931317.6120644,159528153.0,0.1148,-37.64,900118,854979,862429,0.22
4405,RDW,Industrials,Aerospace & Defense,NYSE,75.86,25,80,24,53,8.57,4887433086.254822,198918728.0,0.17959999,-67.83,15250508,22563266,38684493,0.579
4406,OWL,Financial Services,Asset Management,NYSE,75.86,25,13,11,14,9.81,6947248625.181287,675802413.0,0.2376,-53.46,14067865,18720158,20493985,0.103
4407,VFS,Consumer Cyclical,Auto Manufacturers,NASDAQ,75.83,25,24,77,34,2.97,8164980697.211554,2339536010.0,0.0403,-43.8,446290,450070,502272,1.374
4408,LCID,Consumer Cyclical,Auto Manufacturers,NASDAQ,75.78,25,6,5,8,7.9,2556182166.835579,390256808.0,0.379,-76.56,26752260,22737030,19599978,0.202
4409,ECC,Financial Services,Asset Management,NYSE,75.77,25,22,18,21,3.76,544700109.0299072,132208768.0,0.0001,-52.97,890332,1035927,970434,-0.191
4410,PFLT,Financial Services,Asset Management,NYSE,75.76,25,28,40,39,7.11,814578929.9448624,99217896.0,0.045,-34.65,1261195,1284308,1188883,0.065
4411,CTM,Technology,Information Technology Services,NYSE ARCA,75.76,25,30,13,28,0.71,80304699.32372457,94698939.0,0.0512,-54.49,1128502,7560127,4977704,0.219
4412,CRNC,Technology,Software - Application,NASDAQ,75.75,25,80,28,41,8.14,581115208.225997,45187809.0,0.1358,-40.75,840158,802656,976943,-0.177
4413,BRN,Energy,Oil & Gas E&P,NYSE ARCA,75.7,25,24,34,20,0.95,14971381.850852966,14395560.0,0.0179,-58.33,79503,60207,72660,-0.29
4414,DBVT,Healthcare,Biotechnology,NASDAQ,75.66,25,69,90,97,13.5,1130461332.1778412,59186456.0,0.0305,-48.44,323821,293740,283938,0.125
4415,BR,Technology,Information Technology Services,S&P 500,75.63,25,13,15,21,158.18,17778993556.024445,115658297.0,0.0313,-41.83,863543,1365491,1418076,0.078
4416,CHNR,Basic Materials,Other Industrial Metals & Mining,NASDAQ,75.6,25,27,32,27,3.61,5138627.111709595,1256388.0,0.0683,-55.98,73611,38390,113966,
4417,CNDT,Technology,Information Technology Services,NASDAQ,75.52,25,14,31,9,1.62,268317491.17823696,155096814.0,0.035,-45.64,780913,1144071,1260044,-0.037
4418,AHT,Real Estate,REIT - Hotel & Motel,NYSE,75.51,25,22,10,13,3.23,19947591.78588295,6476491.0,0.0005,-57.22,16700,49076,36988,-0.033
4419,MDWD,Healthcare,Biotechnology,NASDAQ,75.46,25,24,30,38,14.62,184172813.16945076,12852255.0,0.1347,-35.04,70205,80858,93361,-0.627
4420,IDCC,Technology,Software - Application,S&P 400,75.45,25,30,77,78,260.2,6515273265.962677,25845029.0,0.1146,-36.94,219238,345022,347321,-0.024
4421,MED,Consumer Cyclical,Personal Services,NYSE,75.45,25,30,27,24,9.75,139322507.98087597,11119115.0,0.2037,-36.93,178409,257119,223251,-0.343
4422,SAM,Consumer Defensive,Beverages - Brewers,S&P 400,75.4,25,24,59,41,185.69,1846094985.0482788,10413442.0,0.19510001,-29.79,403781,354563,324758,-0.044
4423,GFUZ,Industrials,Specialty Industrial Machinery,NASDAQ,75.4,25,39,39,47,8.58,,,,,458220,897403,590632,
4424,STRD,Technology,Software - Application,NASDAQ,75.34,25,18,52,29,59.84,824823124.180603,11764700.0,14.29,-38.19,111960,172720,164422,0.119
4425,AGI,Basic Materials,Gold,NYSE,75.34,25,24,79,86,28.79,17134588448.391819,419965411.0,2.42,-48.04,3934006,4966098,4340145,0.792
4426,PICS,Technology,Software - Infrastructure,NASDAQ,75.32,25,17,12,30,12.4,1372332100.1434898,129587543.0,0.0387,-37.84,220438,279922,392805,0.687
4427,YSG,Consumer Defensive,Household & Personal Products,NYSE,75.31,25,14,8,21,3.43,295487233.14598656,93805468.0,0.0019,-70.35,75240,114656,168184,0.201
4428,BULL,Technology,Software - Application,NASDAQ,75.28,25,32,15,10,7.27,3403639506.71818,531818665.0,0.0425,-60.32,9704022,10100974,12361842,0.363
4429,GLSI,Healthcare,Biotechnology,NASDAQ,75.24,25,89,92,98,13.45,362642547.7548256,13854539.0,0.22469999,-60.56,232858,175922,165437,
4430,ITRG,Basic Materials,Other Precious Metals & Mining,NYSE ARCA,75.18,25,27,71,96,2.09,554169553.0688221,202251661.0,0.0086,-57.08,3206999,3467189,3290753,0.082
4431,NAVI,Financial Services,Credit Services,S&P 600,75.18,25,22,25,22,8.75,804549448.9595289,93989417.0,0.2288,-45.55,727877,1022959,1106649,-0.008
4432,FTLF,Consumer Defensive,Packaged Foods,NASDAQ,75.12,25,15,10,32,10.0,95976758.34768677,9391072.0,0.0482,-52.34,15521,33863,32266,0.589
4433,FEBO,Technology,Consumer Electronics,NASDAQ,75.1,25,19,72,69,0.85,9325687.441974878,11062500.0,0.0191,-41.78,5474,8931,97944,-0.359
4434,VFF,Consumer Defensive,Farm Products,NASDAQ,75.09,24,24,92,97,2.05,289150372.31017447,114288686.0,0.0479,-58.92,591820,893880,938858,0.266
4435,SMID,Basic Materials,Building Materials,NASDAQ,75.09,24,24,38,48,29.28,170075051.6514206,5306554.0,0.0515,-32.94,17020,16696,14526,0.247
4436,WIT,Technology,Information Technology Services,NYSE,75.03,24,25,19,29,1.92,24757260080.036926,10490364907.0,0.0309,-38.66,9183430,13611783,12650118,0.077
4437,NRDY,Technology,Software - Application,NYSE,75.03,24,24,19,21,0.87,104009271.04659301,126378213.0,0.128,-54.21,369981,780163,717342,0.024
4438,RDIB,Communication Services,Entertainment,NASDAQ,75.02,24,23,23,75,8.6,210361832.79956818,22717260.0,0.0164,-50.57,4128,1981,1764,0.123
4439,PBH,Healthcare,Drug Manufacturers - Specialty & Generic,S&P 600,75.01,24,16,23,31,51.72,2251598992.152649,47372166.0,0.08,-40.63,479853,630081,675988,-0.05
4440,UNCY,Healthcare,Biotechnology,NASDAQ,74.96,24,81,85,84,4.94,197046202.3155756,26700027.0,0.077800006,-55.09,832590,2296943,1707260,
4441,ACCS,Communication Services,Advertising Agencies,NYSE ARCA,74.96,24,13,25,25,7.49,25078650.38809204,3882144.0,0.0058,-43.9,12437,18275,17219,-0.027
4442,CHKP,Technology,Software - Infrastructure,NASDAQ,74.96,24,16,10,25,137.64,14048955652.817673,104027807.0,0.048499998,-41.12,1403900,1250630,1358548,0.048
4443,PPHC,Industrials,Consulting Services,NASDAQ,74.95,24,10,75,59,9.97,305534297.09153366,29350077.0,0.0061000003,-34.19,102683,130747,122502,0.275
4444,GSIT,Technology,Semiconductors,NASDAQ,74.93,24,87,82,91,5.5,359329006.8331528,36186203.0,0.065799996,-69.7,672494,1041318,1366774,0.074
4445,XTIA,Industrials,Aerospace & Defense,NASDAQ,74.93,24,52,69,31,1.49,69644795.88828325,38477789.0,0.123500004,-79.95,603390,823516,1495544,56.223
4446,CLNE,Energy,Oil & Gas Refining & Marketing,NASDAQ,74.87,24,19,63,35,1.91,449258244.9590969,220224634.0,0.037100002,-38.59,1450805,1847798,1592713,0.133
4447,CEG,Utilities,Utilities - Independent Power Producers,S&P 500,74.85,24,20,55,23,259.82,103932440628.25,361190063.0,0.0325,-37.04,2650668,3412272,3714477,0.638
4448,FINW,Financial Services,Banks - Regional,NASDAQ,74.85,24,25,30,46,13.96,197092842.38853168,13706039.0,0.01,-37.93,26781,38493,31908,0.714
4449,ORKT,Technology,Software - Application,NASDAQ,74.84,24,23,8,9,1.0,6774133.005076647,5839770.0,0.0372,-71.85,11288,220216,202807,0.609
4450,HTT,Financial Services,Credit Services,NYSE,74.81,24,27,16,20,2.43,464297678.4408989,155283504.0,0.0037,-52.17,278653,328241,347774,-0.939
4451,SKYQ,Energy,Oil & Gas Integrated,NASDAQ,74.8,24,70,93,7,3.67,10787953.5,4794646.0,0.113900006,-81.13,10371800,20258626,13339288,-1.0
4452,BABA,Consumer Cyclical,Internet Retail,NYSE,74.79,24,15,29,77,115.19,298020427787.5304,2399133995.0,0.0197,-40.21,10340705,13231545,12315261,0.029
4453,DIT,Consumer Defensive,Food Distribution,NYSE ARCA,74.78,24,28,72,32,65.0,79139189.82722473,976063.0,0.0034999999,-32.0,7010,2513,1626,0.171
4454,AESI,Energy,Oil & Gas Equipment & Services,S&P 600,74.76,24,83,85,25,10.98,2084674263.6667786,124905584.0,0.1898,-45.45,3476122,2961637,2936570,-0.108
4455,MH,Consumer Defensive,Education & Training Services,NYSE,74.76,24,11,24,36,10.98,2299658281.4738703,191001519.0,0.13,-39.0,540330,987726,796302,0.042
4456,TDS,Communication Services,Telecom Services,S&P 600,74.76,24,34,61,77,34.0,4452673569.488525,113850000.0,0.0005,-30.78,849060,1124763,1115904,0.065
4457,IQ,Communication Services,Entertainment,NASDAQ,74.72,24,10,10,33,1.25,1100128184.0952106,965024735.0,0.1522,-55.99,7365488,6885062,6690325,-0.134
4458,SMCI,Technology,Computer Hardware,S&P 500,74.72,24,32,17,18,28.45,27719377927.149178,601418482.0,0.18049999,-54.38,54152730,52280940,56934594,1.227
4459,TASK,Technology,Information Technology Services,NASDAQ,74.72,24,9,19,19,6.2,579690030.6631374,91578205.0,0.1276,-66.29,1031950,787480,674962,0.103
4460,CE,Basic Materials,Chemicals,S&P 600,74.72,24,25,88,54,43.5,5826370814.202229,109662539.0,0.0892,-38.47,1754392,1746810,1739850,-0.022
4461,LUCD,Healthcare,Medical Devices,NASDAQ,74.69,24,30,31,64,0.91,196479874.49239373,190757165.0,0.043,-44.14,1991217,1906522,1532809,0.517
4462,VOYG,Industrials,Aerospace & Defense,NYSE,74.59,24,60,17,21,25.65,2935254068.568512,59262147.0,0.16700001,-65.31,1529890,2035543,2446616,0.021
4463,XBP,Technology,Software - Infrastructure,NASDAQ,74.56,24,4,4,39,3.63,28831723.061144352,11768050.0,0.0031,-85.82,39710,22866,21330,-0.008
4464,TII,Basic Materials,Other Industrial Metals & Mining,NYSE ARCA,74.53,24,75,91,99,1.96,229994154.92386436,98288104.0,1.49,-65.31,282670,1849893,1213064,0.224
4465,DMRC,Technology,Software - Application,NASDAQ,74.49,24,70,26,6,6.49,326957028.25767994,22241975.0,0.286,-57.41,143587,193905,231299,-0.191
4466,OZ,Real Estate,Real Estate - Development,NYSE ARCA,74.49,24,16,26,22,45.4,187108992.0,3898104.0,0.034,-34.2,3962,8824,9050,1.435
4467,CNM,Industrials,Industrial Distribution,S&P 400,74.48,24,28,30,40,43.98,9303658587.091518,188142739.0,0.0482,-34.53,1828503,2552291,2445986,-0.069
4468,TARA,Healthcare,Biotechnology,NASDAQ,74.44,24,34,67,90,3.94,261349707.41005373,56204237.0,0.0677,-49.62,382940,650973,728520,
4469,USAU,Basic Materials,Gold,NASDAQ,74.42,24,36,74,90,12.65,266328760.74848938,16501163.0,0.0837,-46.74,249690,247440,245380,
4470,ITP,Basic Materials,Paper & Paper Products,NYSE ARCA,74.41,24,27,24,28,0.17,3223429.7595512867,16965420.0,0.010199999,-56.41,615860,382966,762620,0.021
4471,NRG,Utilities,Utilities - Independent Power Producers,S&P 500,74.38,24,34,54,58,127.56,28289066283.927765,210986470.0,0.0257,-32.85,2319778,2572566,2564151,0.195
4472,PFSI,Financial Services,Mortgage Finance,NYSE,74.37,24,23,28,25,85.7,4354939408.865929,51924875.0,0.0686,-46.56,437371,525400,529998,-0.166
4473,XNET,Technology,Software - Infrastructure,NASDAQ,74.36,24,30,58,77,5.24,385741927.39770126,63653784.0,0.0322,-52.49,225530,400220,371802,0.697
4474,DLB,Industrials,Specialty Business Services,S&P 400,74.33,24,20,33,24,52.51,5279520928.060741,94598115.0,0.1017,-31.81,803662,956867,890338,0.071
4475,IZEA,Communication Services,Internet Content & Information,NASDAQ,74.3,24,51,76,59,3.45,64624266.19212198,17513351.0,0.0052,-41.12,38276,44975,47225,-0.175
4476,AACG,Consumer Defensive,Education & Training Services,NASDAQ,74.3,24,51,35,23,0.97,50985733.91363704,43208251.0,0.0011999999,-62.4,3141,18613,15692,-0.117
4477,STKS,Consumer Cyclical,Restaurants,NASDAQ,74.2,24,32,14,17,1.76,63286427.11724758,31564301.0,0.0545,-66.54,11830,20226,22858,0.008
4478,MNDY,Technology,Software - Application,NASDAQ,74.17,24,11,5,6,87.09,4310733477.650322,51551463.0,0.17639999,-72.53,1896087,1303549,1609441,0.245
4479,EVH,Healthcare,Health Information Services,NYSE,74.16,24,89,16,5,3.74,444300220.01351523,112481067.0,0.1344,-69.0,4291457,3055735,2821615,0.026
4480,GHI,Financial Services,Mortgage Finance,NYSE,74.15,24,28,11,22,5.32,125116926.75174236,23562510.0,0.0107,-57.34,57528,65112,60721,-0.156
4481,NOG,Energy,Oil & Gas E&P,S&P 600,74.1,24,13,65,42,19.84,2303072796.137333,105791123.0,0.19299999,-39.18,2766518,3670446,3305407,-0.071
4482,OCUL,Healthcare,Biotechnology,NASDAQ,74.06,24,51,35,27,8.45,1972832875.6960487,218960358.0,0.1336,-48.6,1876112,2743370,2648458,0.008
4483,TURB,Technology,Solar,NASDAQ,74.05,24,16,76,3,1.39,16463481.857302189,12017140.0,0.1267,-93.2,242280,220110,563622,2.056
4484,INKT,Healthcare,Biotechnology,NASDAQ,74.04,24,65,57,54,10.54,60779166.849778175,4981899.0,0.0505,-86.13,11360,15423,28476,
4485,MGPI,Consumer Defensive,Beverages - Wineries & Distilleries,NASDAQ,74.04,24,17,19,29,18.71,377202324.89752007,21371237.0,0.0678,-43.95,146231,211087,196288,-0.125
4486,HTFL,Healthcare,Health Information Services,NASDAQ,74.01,24,74,34,28,25.59,2671740811.962082,86240828.0,0.0586,-37.92,1117019,1851743,1615133,0.413
4487,EGAN,Technology,Software - Application,NASDAQ,73.99,24,18,33,76,6.91,203954097.1178813,27450081.0,0.059,-56.68,141583,219334,269366,0.071
4488,TU,Communication Services,Telecom Services,NYSE,73.96,24,19,26,32,10.69,19594928792.003666,1561348884.0,13.17,-36.14,6397660,6359893,6061720,-0.006
4489,GECC,Financial Services,Asset Management,NASDAQ,73.93,24,24,16,21,5.08,84880396.80478811,13892045.0,0.0397,-55.65,57267,72065,91155,-0.236
4490,PCSA,Healthcare,Biotechnology,NASDAQ,73.92,24,7,10,3,3.05,7040442.722633839,2750173.0,0.048800003,-84.46,82423,67027,68696,
4491,SPRU,Technology,Solar,NYSE,73.91,24,25,80,97,2.1,52903586.102199554,18369300.0,0.0495,-68.89,23850,30513,40878,-0.017
4492,LASE,Industrials,Specialty Industrial Machinery,NASDAQ,73.9,24,51,2,4,1.04,35215886.30488253,38319788.0,0.0535,-84.64,5922548,4922712,18097283,0.902
4493,ARBB,Technology,Information Technology Services,NASDAQ,73.89,23,26,17,30,4.07,9108720.69064331,1765256.0,0.048499998,-70.7,1982,2907,5600,3.317
4494,CIGI,Real Estate,Real Estate Services,NASDAQ,73.85,23,16,18,27,103.91,4822156580.751297,51103821.0,2.16,-39.41,226215,235498,222587,0.151
4495,ATEC,Healthcare,Medical Devices,NASDAQ,73.85,23,15,17,38,9.32,1191867113.75,153789305.0,0.1065,-59.98,1850629,2884333,2714383,0.136
4496,GRO,Basic Materials,Other Industrial Metals & Mining,NYSE ARCA,73.77,23,30,80,61,2.03,152624338.93455386,61294915.0,0.0116,-49.12,188413,226754,307280,
4497,MDBH,Financial Services,Capital Markets,NASDAQ,73.74,23,30,34,17,3.05,36535212.0,10438632.0,0.00029999999,-44.55,1196,3005,3873,-0.947
4498,PDCC,Financial Services,Asset Management,NYSE,73.72,23,22,16,25,9.3,69713316.49639606,6834639.0,0.0128,-49.46,8825,6845,10531,
4499,DJT,Communication Services,Internet Content & Information,NASDAQ,73.72,23,10,9,14,9.88,2578440254.894451,276953828.0,0.0683,-55.89,4920442,5040910,4764670,0.061
4500,RSSS,Technology,Software - Application,NASDAQ,73.71,23,22,28,26,2.2,72915621.99286366,33447532.0,0.0007,-46.6,29301,38613,61342,-0.043
4501,ARKR,Consumer Cyclical,Restaurants,NASDAQ,73.69,23,18,27,22,5.72,22826973.534872055,3606157.0,0.0075,-49.51,1099,2169,2323,-0.079
4502,EVLV,Industrials,Security & Protection Services,NASDAQ,73.66,23,26,73,48,5.6,1160170560.1922512,179871410.0,0.047199998,-37.15,1748926,2198455,2392795,0.447
4503,SACH,Real Estate,REIT - Mortgage,NYSE ARCA,73.62,23,32,54,47,0.81,57546778.68670344,47955647.0,0.0031,-44.14,106159,154946,545181,
4504,HITI,Healthcare,Pharmaceutical Retailers,NASDAQ,73.62,23,27,47,25,2.06,215349756.29129648,87897858.0,0.75,-49.2,364145,813531,625509,0.252
4505,SAFX,Utilities,Utilities - Renewable,NASDAQ,73.61,23,17,28,1,0.39,164951485.86416334,332563485.0,0.0533,-99.15,2887242,4155184,4189306,
4506,TSLA,Consumer Cyclical,Auto Manufacturers,S&P 500,73.59,23,53,51,66,307.44,1636706937835.457,3755723871.0,0.0225,-38.37,45233430,44268740,45525414,0.158
4507,WLK,Basic Materials,Specialty Chemicals,S&P 400,73.58,23,23,86,67,72.16,11124915462.120117,128122944.0,0.1096,-41.91,828280,1118376,1057164,-0.068
4508,FIS,Technology,Information Technology Services,S&P 500,73.55,23,12,17,17,44.93,22220635569.054493,516879151.0,0.0394,-45.7,5045781,5700357,6276908,0.301
4509,GILT,Technology,Communication Equipment,NASDAQ,73.51,23,65,92,96,10.76,1295836182.9179764,75470948.0,0.020399999,-48.59,565943,693427,807352,0.2
4510,NIXX,Industrials,Staffing & Employment Services,NASDAQ,73.48,23,77,9,4,0.71,22623857.874500394,28637794.0,0.051999997,-71.26,1319477,6409079,4308959,19.828
4511,TYL,Technology,Software - Application,S&P 500,73.47,23,12,18,12,333.35,12883164547.14798,41140555.0,0.0655,-46.35,767460,823033,826454,0.086
4512,MAIA,Healthcare,Biotechnology,NYSE ARCA,73.42,23,35,15,83,1.24,84513052.75023818,60800758.0,0.0506,-61.13,493247,618582,766039,
4513,UI,Technology,Communication Equipment,NYSE,73.39,23,29,95,68,534.72,35336423661.54602,60522085.0,0.1024,-51.39,87470,104463,117966,0.187
4514,TRMB,Technology,Scientific & Technical Instruments,S&P 500,73.36,23,14,33,25,58.38,13149820751.220005,233111519.0,0.0343,-33.28,2636890,3093373,3038574,0.118
4515,TMQ,Basic Materials,Other Industrial Metals & Mining,NYSE ARCA,73.35,23,84,90,98,2.99,798886328.3162813,172545639.0,0.070700005,-73.52,1259960,1662270,2063620,
4516,CCLD,Healthcare,Health Information Services,NASDAQ,73.33,23,13,75,35,2.36,99858426.09755659,42492949.0,0.0153,-41.15,153455,207375,293441,0.132
4517,ILAG,Industrials,Building Products & Equipment,NASDAQ,73.32,23,56,31,8,3.42,7809324.46019268,2076948.0,0.0087,-64.23,7900,68800,92652,-0.279
4518,NAUT,Healthcare,Biotechnology,NASDAQ,73.25,23,80,97,94,1.2,348196063.9119184,127078855.0,0.013200001,-72.16,662953,1046471,797898,
4519,WAY,Healthcare,Health Information Services,S&P 600,73.23,23,12,13,13,23.69,3818994630.5416756,191812891.0,0.0775,-42.9,2317260,2795240,2578964,0.224
4520,ALZN,Healthcare,Biotechnology,NASDAQ,73.23,23,15,6,12,1.31,4527642.007709026,3804741.0,0.052800003,-69.53,56036,243255,171719,
4521,JRVR,Financial Services,Insurance - Specialty,NASDAQ,73.18,23,15,59,80,4.8,180786110.92854118,46236856.0,0.031600002,-33.33,244411,362693,388084,-0.121
4522,ESAB,Industrials,Metal Fabrication,S&P 400,73.18,23,31,22,36,89.18,5627296658.739624,60881712.0,0.0531,-35.1,650526,780588,732535,0.099
4523,OXLC,Financial Services,Asset Management,NASDAQ,73.15,23,19,23,16,8.75,974543442.3395386,97649648.0,0.041100003,-61.45,999318,1052016,1051779,-0.102
4524,WLDN,Industrials,Engineering & Construction,NASDAQ,73.14,23,35,36,96,70.02,1372647393.703308,15110606.0,0.0747,-48.89,234140,322203,313444,0.018
4525,JMIA,Consumer Cyclical,Internet Retail,NYSE,73.1,23,36,75,97,5.98,899170013.2476139,123852615.0,0.0494,-59.38,1839750,1690616,1850436,0.394
4526,HGBL,Financial Services,Capital Markets,NASDAQ,73.06,23,19,25,20,1.22,42384696.87396383,34741554.0,0.0022,-47.41,83502,87897,75746,-0.055
4527,CLVT,Technology,Information Technology Services,NYSE,73.05,23,14,27,9,2.4,1617217752.011869,639216510.0,0.1598,-49.69,5096598,8490592,7008125,-0.014
4528,VRME,Industrials,Security & Protection Services,NASDAQ,73.03,23,19,16,67,0.71,8431623.934645772,13119066.0,0.009,-52.98,46270,52420,65962,-0.602
4529,ISPR,Consumer Defensive,Tobacco,NASDAQ,73.03,23,7,6,87,1.6,103892903.47558022,57399396.0,0.0454,-58.66,57381,177833,162798,-0.287
4530,PED,Energy,Oil & Gas E&P,NYSE ARCA,72.98,23,57,80,31,11.15,170923033.62408257,13301403.0,0.014099999,-40.97,23306,61172,44879,3.604
4531,PKX,Basic Materials,Steel,NYSE,72.97,23,43,86,76,51.2,21446053385.952606,302483116.0,0.003,-44.59,318756,426978,411797,0.025
4532,VYGR,Healthcare,Biotechnology,NASDAQ,72.97,23,31,38,32,3.04,233830373.77533245,60421287.0,0.0675,-45.23,682500,736566,675612,-0.599
4533,CGTX,Healthcare,Biotechnology,NASDAQ,72.97,23,92,91,85,0.92,105607653.0056423,89498015.0,0.094,-75.98,549666,1912388,1586371,
4534,QFIN,Financial Services,Credit Services,NASDAQ,72.88,23,26,12,8,13.63,1957770285.4310684,121751884.0,0.0201,-70.49,926737,1235845,1589513,-0.167
4535,ZLAB,Healthcare,Biotechnology,NASDAQ,72.88,23,22,33,10,18.62,1987557498.0239677,112354858.0,0.0471,-58.01,701200,854056,903506,-0.065
4536,KOSS,Technology,Consumer Electronics,NASDAQ,72.87,23,31,31,28,3.72,38623066.3177681,9466438.0,0.0442,-56.69,16229,20599,21593,0.016
4537,GEVO,Basic Materials,Specialty Chemicals,NASDAQ,72.86,23,15,72,71,1.49,452745075.422027,243411329.0,0.1088,-49.83,4635636,3841648,3467131,0.475
4538,SGA,Communication Services,Broadcasting,NASDAQ,72.8,23,17,40,36,8.81,60410415.44294357,6372407.0,0.0027,-38.26,16610,16966,16946,-0.056
4539,OMSE,Energy,Oil & Gas Equipment & Services,NASDAQ,72.78,23,23,20,14,4.15,199508900.70355225,42448704.0,0.00090000004,-55.14,14667,23935,19341,-0.359
4540,HLNE,Financial Services,Asset Management,S&P 400,72.75,23,11,13,39,89.52,3807351205.301605,43697364.0,0.1112,-44.44,695250,891056,936354,-0.022
4541,CPRT,Industrials,Specialty Business Services,S&P 500,72.72,23,15,17,20,30.69,30338842688.942863,925811482.0,0.0437,-40.29,13156869,13861126,12816997,0.021
4542,PPC,Consumer Defensive,Packaged Foods,S&P 400,72.7,23,15,18,53,29.81,6735570022.645975,237921941.0,0.0228,-41.04,1523530,1626590,1535774,0.016
4543,GAU,Basic Materials,Gold,NYSE ARCA,72.7,23,29,76,92,1.74,606015915.0421,261213764.0,0.0095999995,-51.93,2810125,3490388,3192923,0.888
4544,TULP,Communication Services,Advertising Agencies,NASDAQ,72.69,23,23,24,38,3.43,18374343.994853497,4772557.0,0.0041,-44.59,3610,3766,4386,0.16
4545,SRPT,Healthcare,Biotechnology,S&P 600,72.65,23,24,30,15,15.43,1886647175.7430916,105576222.0,0.2841,-64.87,3226650,3759643,3404968,-0.019
4546,GRAN,Financial Services,Capital Markets,NASDAQ,72.63,23,18,3,15,1.38,26151561.312377453,24906250.0,0.0022,-79.4,14270,14946,606250,-0.832
4547,BHM,Real Estate,REIT - Residential,NYSE ARCA,72.62,23,21,57,25,8.29,40929126.15675926,4109350.0,0.0023,-44.03,15866,9835,8279,0.009
4548,GDTC,Healthcare,Biotechnology,NASDAQ,72.62,23,14,19,5,0.91,13844416.442189813,11832835.0,0.020299999,-75.27,390719,138029,95799,0.469
4549,PLTR,Technology,Software - Infrastructure,S&P 500,72.59,23,17,32,61,123.53,375275200784.34576,2397311977.0,0.033099998,-40.47,30965961,40992040,39955540,0.847
4550,BENF,Financial Services,Asset Management,NASDAQ,72.57,23,66,34,61,3.08,53145446.48491144,14363634.0,0.16469999,-75.32,14358,16476,18197,0.734
4551,COYA,Healthcare,Biotechnology,NASDAQ,72.52,22,77,19,20,4.0,113063626.08669233,23457183.0,0.0352,-48.39,229479,256929,209885,-0.026
4552,AHG,Healthcare,Medical Distribution,NASDAQ,72.52,22,23,86,36,1.46,1302190332.6996646,856704177.0,0.14,-41.6,7980,12800,12482,0.009
4553,TRUP,Financial Services,Insurance - Property & Casualty,S&P 600,72.5,22,15,12,17,25.5,951798685.7280884,43620472.0,0.1033,-55.95,316250,364783,372306,0.123
4554,KPLT,Technology,Software - Infrastructure,NASDAQ,72.5,22,22,28,12,6.69,28923902.877976418,4765058.0,0.111999996,-72.51,7835,10855,13739,0.098
4555,SSYS,Technology,Computer Hardware,NASDAQ,72.5,22,28,24,49,7.95,915019556.6883087,86814000.0,0.0438,-37.94,336600,746046,888508,-0.025
4556,LPA,Real Estate,Real Estate - Development,NYSE ARCA,72.43,22,25,31,11,3.0,93904914.42459297,31617816.0,0.0234,-64.03,36032,855327,519886,0.216
4557,SEED,Basic Materials,Agricultural Inputs,NASDAQ,72.42,22,26,29,24,0.98,13706447.94216156,12129600.0,0.0047,-60.64,3633,10874,18914,-0.319
4558,MOB,Industrials,Aerospace & Defense,NASDAQ,72.42,22,53,91,95,4.71,90833938.21288729,12633371.0,0.0499,-57.26,80856,90832,148721,0.39
4559,GRRR,Technology,Software - Infrastructure,NASDAQ,72.42,22,86,31,21,11.65,566351019.661068,27653859.0,0.1305,-58.24,1797838,1477382,1655291,0.048
4560,PDD,Consumer Cyclical,Internet Retail,NASDAQ,72.41,22,14,29,26,85.71,120191600726.36902,1423396462.0,0.0369,-38.52,6100781,7500477,9339060,0.11
4561,MBAI,Healthcare,Diagnostics & Research,NASDAQ,72.4,22,28,81,90,1.05,12368574.58430612,7730359.0,0.031,-73.21,42803,63851,67016,
4562,PULM,Healthcare,Biotechnology,NASDAQ,72.38,22,18,3,7,1.68,5076676.097753644,3652285.0,0.0094,-81.8,12359,79106,57859,
4563,PZZA,Consumer Cyclical,Restaurants,S&P 600,72.34,22,31,34,23,31.0,1125577868.8173065,32902014.0,0.2476,-44.38,967352,917640,1023146,-0.077
4564,BGSI,Consumer Cyclical,Auto & Truck Dealerships,NYSE,72.33,22,11,19,53,112.93,3061863547.8563232,27830064.0,4.07,-38.32,39644,39158,49674,0.281
4565,SERA,Healthcare,Medical Devices,NASDAQ,72.27,22,13,13,27,2.03,84582849.36102033,39158725.0,0.0091,-50.37,39859,37783,52123,-0.632
4566,ALEC,Healthcare,Biotechnology,NASDAQ,72.25,22,58,88,82,1.52,239814413.44936824,111025187.0,0.0463,-55.29,473248,778856,769367,-0.715
4567,FTEK,Industrials,Pollution & Treatment Controls,NASDAQ,72.2,22,72,48,26,1.45,46124569.11442995,31165249.0,0.0038,-60.27,95594,508131,377042,-0.047
4568,DXYZ,Financial Services,Asset Management,NYSE,72.11,22,28,51,39,22.58,1599447360.0,30465664.0,0.0496,-69.01,1030736,1794138,3923863,
4569,SPAI,Industrials,Aerospace & Defense,NASDAQ,72.04,22,59,50,80,3.79,126805726.51636362,20618817.0,0.0301,-58.62,78570,124286,308644,5.602
4570,KVYO,Technology,Software - Application,NYSE,71.99,22,9,20,13,18.89,4740592283.586475,299279813.0,0.15609999,-48.61,3691262,5143180,5742932,0.279
4571,LUNG,Healthcare,Medical Devices,NASDAQ,71.97,22,21,11,14,1.25,69691383.94298661,42237203.0,0.0759,-67.78,222168,463119,413729,-0.087
4572,ZS,Technology,Software - Infrastructure,NASDAQ,71.96,22,13,8,16,151.63,22595671237.35237,161709525.0,0.1058,-55.0,1976000,3108493,4867936,0.254
4573,CPRI,Consumer Cyclical,Luxury Goods,S&P 400,71.85,22,40,42,49,16.4,2131894237.0415268,115175268.0,0.1035,-41.99,3457488,3077799,3440179,-0.037
4574,CLLS,Healthcare,Biotechnology,NASDAQ,71.8,22,54,84,90,2.84,354152411.2009883,100611481.0,0.0061000003,-48.18,14785,22968,34509,-0.372
4575,AREC,Basic Materials,Coking Coal,NASDAQ,71.8,22,75,80,98,1.72,235336803.50078773,106971272.0,0.0853,-75.81,2353055,3048078,3303051,
4576,ALOY,Basic Materials,Other Industrial Metals & Mining,NASDAQ,71.77,22,93,79,97,7.33,560715632.3395615,61213498.0,1.91,-72.75,2275491,2789353,2669446,
4577,NIU,Consumer Cyclical,Auto Manufacturers,NASDAQ,71.72,22,9,27,35,2.65,184324799.31975174,78436088.0,0.031400003,-53.26,310327,343692,456195,0.334
4578,STRK,Technology,Software - Application,NASDAQ,71.69,22,17,30,32,62.46,,,0.06,-51.76,62770,143760,150994,0.119
4579,PNBK,Financial Services,Banks - Regional,NASDAQ,71.68,22,12,17,49,1.1,131707420.880741,117595911.0,0.0276,-45.0,208882,721827,568836,0.766
4580,BCIC,Financial Services,Asset Management,NASDAQ,71.66,22,18,16,47,7.13,93078656.88391829,12377481.0,0.0061000003,-47.19,39237,55692,60553,0.452
4581,DTI,Energy,Oil & Gas Equipment & Services,NASDAQ,71.66,22,10,82,91,2.26,97686680.31466246,35139094.0,0.0063,-51.81,160559,304763,270381,-0.115
4582,FVRR,Communication Services,Internet Content & Information,NYSE,71.61,22,13,9,14,11.59,395098492.4915314,35950728.0,0.1297,-65.98,635642,702817,770254,-0.016
4583,ASTS,Technology,Communication Equipment,NASDAQ,71.57,22,84,83,98,56.55,33880828390.07193,298746383.0,0.176,-57.75,19169817,19361935,22603023,19.522
4584,PMVP,Healthcare,Biotechnology,NASDAQ,71.57,22,48,71,23,1.1,63998121.743056774,53331766.0,0.0598,-41.49,223646,312052,305397,
4585,MIR,Industrials,Specialty Industrial Machinery,S&P 600,71.53,22,23,27,73,16.79,4472306693.03175,244655718.0,0.1775,-44.55,3331141,4100983,4024366,0.275
4586,SANA,Healthcare,Biotechnology,NASDAQ,71.52,22,60,31,82,3.29,918362233.7300229,278291590.0,0.24620001,-49.77,2621065,3337305,3525147,
4587,POLA,Industrials,Electrical Equipment & Parts,NASDAQ,71.51,22,25,31,11,1.65,7498727.331708431,3640159.0,0.0592,-71.3,4918995,1684641,1070409,0.003
4588,XBIO,Healthcare,Biotechnology,NASDAQ,71.5,22,48,63,15,2.5,7216826.618492126,2291056.0,0.0027,-82.05,20320,18916,17588,0.36
4589,DXLG,Consumer Cyclical,Apparel Retail,NASDAQ,71.44,22,32,15,11,0.62,40349358.214250565,55273092.0,0.0297,-63.31,28022,95404,105120,-0.06
4590,PHR,Healthcare,Health Information Services,NYSE,71.42,22,11,7,8,10.86,609465204.318572,61811889.0,0.0685,-66.85,672924,959158,1271144,0.129
4591,KMPR,Financial Services,Insurance - Property & Casualty,S&P 600,71.4,22,13,16,17,30.92,1452427307.9317474,58874232.0,0.0716,-52.66,787435,1218615,1189111,-0.071
4592,KLXE,Energy,Oil & Gas Equipment & Services,NASDAQ,71.4,22,73,92,50,2.03,54558219.84989333,19911759.0,0.0686,-54.89,230216,242818,289565,-0.06
4593,ADTN,Technology,Communication Equipment,NASDAQ,71.39,22,82,95,47,9.01,1340518493.203354,80998100.0,0.16129999,-54.9,2048288,2011122,2280717,0.155
4594,MBLY,Consumer Cyclical,Auto Parts,NASDAQ,71.39,22,24,18,12,8.43,8708204826.447407,842186141.0,0.1765,-58.23,10174838,8189529,7161823,0.274
4595,PTC,Technology,Software - Application,S&P 500,71.39,22,13,20,20,127.51,16024117891.93602,115505791.0,0.0577,-41.96,1467209,1884366,1825751,0.217
4596,JBI,Industrials,Building Products & Equipment,NYSE,71.38,22,24,14,20,5.37,728335751.8718376,136392459.0,0.0377,-50.28,915959,1567459,1650727,0.058
4597,ACIU,Healthcare,Biotechnology,NASDAQ,71.34,22,47,69,80,2.32,270717712.91529584,101773573.0,0.0661,-42.0,190483,240737,267828,0.13
4598,PLUG,Industrials,Electrical Equipment & Parts,NASDAQ,71.33,22,83,95,82,1.96,5510522940.422077,1395069082.0,0.2752,-57.21,48524930,51096100,60025410,0.223
4599,IGC,Healthcare,Biotechnology,NYSE ARCA,71.31,22,27,48,20,0.26,29026481.094772965,100091317.0,0.0227,-48.0,260783,444757,563580,-0.039
4600,HUYA,Communication Services,Entertainment,NYSE,71.29,22,24,39,92,2.44,574477980.0,229791192.0,0.0647,-50.51,353852,644877,981026,0.162
4601,TMDE,Energy,Oil & Gas Midstream,NYSE ARCA,71.27,22,25,90,10,0.73,18616350.505650043,23565000.0,0.0435,-84.7,320730,373643,1097538,-0.227
4602,PLRX,Healthcare,Biotechnology,NASDAQ,71.27,22,28,26,11,1.07,78019513.14948249,61920249.0,0.056900002,-45.13,556241,599090,581948,
4603,CTSH,Technology,Information Technology Services,S&P 500,71.26,22,8,15,40,50.31,26374479206.085205,473000000.0,0.100200005,-42.19,8194866,12824002,11378443,0.058
4604,RZLV,Technology,Software - Infrastructure,NASDAQ,71.24,22,24,30,28,2.31,1188506216.8670325,398827587.0,0.19440001,-72.66,8850848,13501539,14320709,48.884
4605,DNA,Healthcare,Biotechnology,NYSE,71.24,22,82,27,20,7.7,612090473.1942053,65324491.0,0.0877,-56.2,806454,1047084,1129964,-0.491
4606,STEP,Financial Services,Asset Management,S&P 600,71.21,22,16,26,56,44.63,3979645909.913742,80706668.0,0.0664,-42.63,1217570,1552886,1466558,0.558
4607,ANNA,Energy,Oil & Gas E&P,NASDAQ,71.2,22,7,50,8,2.84,123638799.21913147,40940000.0,0.1447,-73.31,284544,283558,352580,10.839
4608,CION,Financial Services,Asset Management,NYSE,71.17,22,21,28,37,6.14,336077167.5,49789210.0,0.024,-43.82,462656,567332,515495,-0.117
4609,TELO,Healthcare,Biotechnology,NASDAQ,71.17,22,31,32,11,1.18,89407439.52055454,68774956.0,0.0189,-61.94,153940,135236,116854,
4610,BRSL,Consumer Cyclical,Gambling,NYSE,71.15,22,20,31,34,10.47,2076729541.3871613,184926948.0,0.030199999,-43.62,1560488,1562776,1567519,0.007
4611,WPRT,Consumer Cyclical,Auto Parts,NASDAQ,71.07,21,63,26,16,1.73,34617510.82589865,17395734.0,0.0434,-58.31,56470,2119330,1281440,-0.742
4612,NAII,Consumer Defensive,Packaged Foods,NASDAQ,71.03,21,20,19,72,2.35,15939081.42061901,6275229.0,0.00029999999,-52.62,10192,25660,21882,0.233
4613,CNTN,Healthcare,Biotechnology,NASDAQ,71.02,21,52,83,98,2.04,216395121.34288788,69804880.0,0.0469,-77.53,705455,1117205,999151,
4614,JVA,Consumer Defensive,Packaged Foods,NASDAQ,71.0,21,19,81,19,3.4,24546981.08882904,5708600.0,0.0045,-39.61,28176,74072,58941,0.2
4615,IMA,Healthcare,Biotechnology,NASDAQ,70.97,21,29,10,11,5.76,66321285.69079399,11279130.0,0.0401,-68.0,12180,11313,13188,
4616,INSM,Healthcare,Biotechnology,NASDAQ,70.97,21,16,66,86,104.13,23173005330.181183,216752451.0,0.0916,-51.06,2061423,3524797,3620358,2.296
4617,FSI,Basic Materials,Specialty Chemicals,NYSE ARCA,70.93,21,60,65,40,5.06,84704362.91474247,12737498.0,0.0072000003,-55.92,23837,18402,19435,0.11
4618,TRAK,Technology,Software - Application,NYSE,70.93,21,22,15,11,8.75,187732925.06346703,18173565.0,0.1306,-60.53,66140,73086,75546,-0.005
4619,SOFI,Financial Services,Credit Services,NASDAQ,70.88,21,32,20,60,16.74,23371543783.211517,1282741200.0,0.1368,-48.85,80811100,85667843,80499324,0.425
4620,COUR,Consumer Defensive,Education & Training Services,NYSE,70.86,21,17,19,14,5.85,1543472988.2469978,286358632.0,0.1004,-56.86,5244405,6819615,6952035,0.091
4621,HDB,Financial Services,Banks - Regional,NYSE,70.81,21,23,16,34,23.58,122051183186.35759,5132513863.0,0.0039,-40.76,11351231,9003637,9612464,-0.018
4622,ACM,Industrials,Engineering & Construction,S&P 400,70.78,21,14,21,23,74.44,8915635313.398743,128522920.0,0.0685,-45.07,1594581,1848123,2138190,0.008
4623,YMAT,Basic Materials,Specialty Chemicals,NASDAQ,70.72,21,63,3,2,1.7,27469207.01560831,20050516.0,0.0427,-73.64,127010,1645662,1843480,
4624,ORGO,Healthcare,Drug Manufacturers - Specialty & Generic,NASDAQ,70.62,21,17,8,35,2.53,330693579.7700472,128674548.0,0.1983,-64.25,652904,773288,862478,-0.571
4625,GLE,Technology,Information Technology Services,NASDAQ,70.6,21,24,11,4,0.36,7978799.80802536,18300000.0,0.0427,-90.75,195238,893699,4256657,-0.853
4626,PACB,Healthcare,Medical Devices,NASDAQ,70.55,21,77,34,79,1.39,462796518.0821285,310601688.0,0.2218,-49.08,7053639,6412506,6278687,0.001
4627,GBR,Real Estate,Real Estate Services,NYSE ARCA,70.53,21,17,47,24,0.68,3900269.7910580635,5131934.0,0.0252,-61.8,153364,98381,86192,0.026
4628,ALMU,Technology,Semiconductors,NASDAQ,70.5,21,87,88,81,14.19,395029127.9034138,18305335.0,0.2379,-55.36,495012,582120,906334,-0.026
4629,ONCY,Healthcare,Biotechnology,NASDAQ,70.43,21,54,39,57,0.79,124128225.12700367,119354067.0,0.0639,-47.68,1242483,1455531,1510946,
4630,BON,Basic Materials,Specialty Chemicals,NASDAQ,70.41,21,22,20,29,1.14,10299201.944406033,8128810.0,0.0046,-66.47,10564,10311,17422,
4631,ALIT,Technology,Software - Application,NYSE,70.41,21,6,4,5,19.86,496289886.49600583,526847029.0,0.109799996,225.04,548282,1232469,1244107,-0.026
4632,TREE,Financial Services,Financial Conglomerates,NASDAQ,70.4,21,28,31,30,41.0,533005298.2453079,13953018.0,0.0817,-46.99,217870,273453,241838,0.365
4633,QBTS,Technology,Computer Hardware,NASDAQ,70.37,21,85,81,93,16.21,11165217197.698212,370445170.0,0.1548,-65.33,19605649,23217373,31657057,-0.809
4634,GDS,Technology,Information Technology Services,NASDAQ,70.33,21,19,69,85,30.62,7103386533.7259865,200377613.0,0.0795,-37.01,1435581,2072057,2475594,0.236
4635,SNPS,Technology,Software - Infrastructure,S&P 500,70.33,21,41,39,24,383.82,91071395621.54236,191479325.0,0.027,-41.11,2387850,2119363,2105278,0.419
4636,XYF,Financial Services,Credit Services,NYSE,70.3,21,24,10,6,4.96,185262789.9260869,38516173.0,0.0107,-75.64,47190,59140,85956,-0.141
4637,PCOR,Technology,Software - Application,NYSE,70.27,21,11,28,17,48.84,7467557043.104218,150890216.0,0.0925,-40.67,2996445,3209645,2842901,0.157
4638,PAR,Technology,Software - Application,NYSE,70.24,21,17,4,7,17.15,636841295.2524061,41246199.0,0.33099997,-76.23,756871,1057873,1179934,0.194
4639,VTS,Energy,Oil & Gas E&P,NYSE,70.24,21,21,31,34,15.0,720790715.3616486,41712424.0,0.1539,-44.75,408650,550446,539424,0.022
4640,GMHS,Communication Services,Electronic Gaming & Multimedia,NASDAQ,70.23,21,21,25,22,0.85,56746021.41663861,57319213.0,0.0032,-68.05,18482,71494,1295950,-0.078
4641,VHC,Technology,Software - Infrastructure,NASDAQ,70.23,21,27,28,88,13.0,73043120.59355164,4185852.0,0.044499997,-55.17,14500,23543,22598,
4642,SPHL,Consumer Cyclical,Residential Construction,NASDAQ,70.22,21,26,10,34,2.55,5496613.981003523,2261981.0,0.0091,-89.84,22160,637040,1259218,0.058
4643,NKE,Consumer Cyclical,Footwear & Accessories,S&P 500,70.2,21,14,15,32,43.05,68461406857.69371,1480887033.0,0.056999996,-46.3,17360407,25413442,23869903,0.001
4644,AXG,Financial Services,Capital Markets,NASDAQ,70.2,21,34,83,75,3.06,655669785.0960124,188953827.0,0.0036000002,-39.88,155846,169815,152931,2.958
4645,YHGJ,Consumer Cyclical,Packaging & Containers,NASDAQ,70.19,21,22,8,11,2.83,9341093.320930481,2609244.0,0.0038,-72.5,10120,6913,6830,0.282
4646,OPCH,Healthcare,Medical Care Facilities,S&P 400,70.17,21,15,12,70,22.48,3277164140.262726,157027504.0,0.1301,-38.91,2239083,2436491,2707442,0.013
4647,DMC,Consumer Defensive,Farm Products,S&P 600,70.16,21,18,67,67,28.73,,,,,325321,489723,521440,
4648,RXST,Healthcare,Medical Devices,NASDAQ,70.16,21,10,19,19,6.05,220643922.81168938,41396609.0,0.1238,-63.02,1099511,1381347,1187890,-0.185
4649,IT,Technology,Information Technology Services,S&P 500,70.1,21,10,9,12,155.84,10859596191.47905,66951889.0,0.2425,-64.1,1225213,1433541,1537616,-0.015
4650,ANVS,Healthcare,Biotechnology,NYSE,70.08,21,22,27,71,1.69,81680384.73430109,42541868.0,0.1515,-69.27,573651,862943,1069996,
4651,ONMD,Healthcare,Health Information Services,NASDAQ,70.03,21,25,91,49,0.71,41968158.302440524,54433407.0,0.020399999,-83.18,852815,511508,429429,-0.299
4652,BWMN,Industrials,Engineering & Construction,NASDAQ,70.03,21,30,37,58,26.44,552018865.0416069,17507734.0,0.0468,-42.31,172399,158319,137317,0.12
4653,CHWY,Consumer Cyclical,Internet Retail,S&P 400,70.02,21,9,19,19,22.92,9218492025.755722,408983658.0,0.1159,-52.86,8195505,9606861,9891309,0.005
4654,YQ,Consumer Defensive,Education & Training Services,NASDAQ,70.02,21,21,18,85,2.02,23731379.11187768,9686277.0,0.0005,-68.68,8480,7070,6162,0.064
4655,AARD,Healthcare,Biotechnology,NASDAQ,70.0,21,19,6,63,6.42,89665345.26280165,21816385.0,0.070300005,-64.21,153850,385266,303496,
4656,POOL,Industrials,Industrial Distribution,S&P 600,69.96,21,26,19,26,192.16,6610760521.769562,36443003.0,0.1216,-44.3,1111556,1123952,1032457,0.062
4657,NB,Basic Materials,Other Industrial Metals & Mining,NASDAQ,69.94,21,57,86,95,4.03,840037264.1831474,145587048.0,0.0539,-67.97,2325513,3007684,3398008,
4658,GYRE,Healthcare,Biotechnology,NASDAQ,69.93,21,27,35,35,5.99,573437368.214653,97028322.0,0.0808,-36.41,47022,96587,96742,0.021
4659,YALA,Technology,Software - Application,NYSE,69.93,21,22,30,52,5.43,886681307.2472649,151828987.0,0.0339,-41.55,249340,282940,326594,-0.058
4660,CGC,Healthcare,Drug Manufacturers - Specialty & Generic,NASDAQ,69.92,21,30,35,29,0.89,460872751.36310756,422819025.0,0.0544,-62.61,2183889,3989813,5489483,-0.003
4661,BBW,Consumer Cyclical,Specialty Retail,NYSE,69.92,21,10,17,81,35.31,468119612.0722275,12580479.0,0.2481,-53.45,261716,366712,391453,-0.024
4662,PWP,Financial Services,Capital Markets,NASDAQ,69.91,21,21,67,56,16.13,1251617252.910534,72938069.0,0.13149999,-37.78,1043658,1241259,1279069,-0.297
4663,BL,Technology,Software - Application,S&P 600,69.88,21,9,11,21,31.95,1724630937.422636,58660917.0,0.17950001,-46.37,917727,1074179,1291401,0.097
4664,EP,Energy,Oil & Gas E&P,NYSE ARCA,69.85,21,15,20,21,2.52,101072196.64204788,39792204.0,0.0001,-60.06,37530,134070,111830,-0.145
4665,TCOM,Consumer Cyclical,Travel Services,NASDAQ,69.76,21,12,26,29,45.31,29866918871.630783,629705222.0,0.0231,-42.64,3282190,3676976,3425608,0.208
4666,DSY,Consumer Defensive,Household & Personal Products,NASDAQ,69.74,21,8,2,2,3.3,8886002.532658696,4751873.0,0.0173,-97.75,23346,986762,3481463,-0.173
4667,FGI,Consumer Cyclical,"Furnishings, Fixtures & Appliances",NASDAQ,69.74,21,48,88,88,4.26,12282883.817852497,1931271.0,0.1396,-66.24,38884,31578,35668,-0.144
4668,VERU,Healthcare,Biotechnology,NASDAQ,69.65,21,59,13,16,2.23,38039256.563186646,16050320.0,0.040900003,-69.86,230570,321136,2434034,
4669,ADXN,Healthcare,Biotechnology,NASDAQ,69.61,21,18,25,32,5.89,8417862.720720291,1265844.0,0.0046,-51.12,640,2913,2854,9.59
4670,THCH,Consumer Cyclical,Restaurants,NASDAQ,69.6,20,12,29,14,1.64,64073058.0,32036529.0,0.0046,-49.54,7840,7086,6880,-0.073
4671,HUBS,Technology,Software - Application,NYSE,69.59,20,7,9,6,238.05,11294206155.994629,51190708.0,0.1409,-61.04,1672281,1628400,1834464,0.234
4672,YTRA,Consumer Cyclical,Travel Services,NASDAQ,69.57,20,16,31,89,0.88,59028540.90928942,62135307.0,0.0002,-56.0,20690,30573,100810,-0.137
4673,CLRB,Healthcare,Biotechnology,NASDAQ,69.54,20,17,12,14,2.5,25094290.518374443,7991812.0,0.09770001,-87.92,110067,110792,144479,
4674,SITE,Industrials,Industrial Distribution,NYSE,69.54,20,27,33,64,103.47,4811873601.791008,44308229.0,0.071100004,-38.62,725240,792813,830234,0.001
4675,SNDL,Consumer Defensive,Beverages - Wineries & Distilleries,NASDAQ,69.52,20,29,22,29,1.22,385244004.9648285,260300000.0,0.0088,-57.79,1909760,2162060,1981948,-0.044
4676,FENG,Communication Services,Internet Content & Information,NYSE,69.45,20,17,24,21,1.46,19937887.7590971,12010776.0,0.0004,-60.0,2887,7425,20825,0.216
4677,OGG,Basic Materials,Gold,NYSE,69.41,20,21,71,90,2.27,,,,,2031255,2360521,3746335,
4678,CCB,Financial Services,Banks - Regional,NASDAQ,69.38,20,21,21,33,73.0,1085410158.093567,15248808.0,0.1075,-39.19,129526,120725,116285,0.17
4679,IONR,Basic Materials,Other Industrial Metals & Mining,NASDAQ,69.35,20,36,39,67,3.16,326405165.58686924,80197826.0,0.0052,-61.46,77683,138211,114204,
4680,DOYU,Communication Services,Internet Content & Information,NASDAQ,69.33,20,19,14,26,4.65,158137214.25260735,30178859.0,0.009,-50.21,14119,22729,23813,-0.132
4681,ACN,Technology,Information Technology Services,S&P 500,69.32,20,7,13,25,164.66,115129459701.71173,615435159.0,0.043899998,-48.83,8182116,11598725,8941997,0.083
4682,NCEL,Healthcare,Biotechnology,NASDAQ,69.32,20,62,29,3,3.48,18951225.81731081,5383871.0,0.016900001,-88.7,13033,28137,42238,
4683,BHC,Healthcare,Drug Manufacturers - Specialty & Generic,NYSE,69.32,20,20,42,30,4.52,2001829501.7043781,373475644.0,0.02,-47.99,1722611,2558560,2284520,0.117
4684,SYNX,Technology,Communication Equipment,NYSE ARCA,69.29,20,25,38,9,1.02,7629605.841822624,6634440.0,0.069299996,-55.26,27730,34796,45142,-0.053
4685,KRUS,Consumer Cyclical,Restaurants,NASDAQ,69.29,20,28,24,61,48.0,682589472.8974228,12147882.0,0.2575,-49.99,262557,384715,398535,0.233
4686,GRAB,Technology,Software - Application,NASDAQ,69.26,20,22,21,22,3.45,14478599843.978882,4090000000.0,0.0661,-47.89,41603239,48437936,48088995,0.235
4687,HCM,Healthcare,Drug Manufacturers - Specialty & Generic,NASDAQ,69.24,20,15,26,32,11.2,1968831635.0030708,171950364.0,0.0021,-42.56,50255,50265,55583,-0.165
4688,DRIO,Healthcare,Health Information Services,NASDAQ,69.24,20,12,10,25,7.49,56671084.5,7312398.0,0.0094,-57.79,25687,18092,13727,-0.312
4689,AZ,Technology,Software - Application,NASDAQ,69.23,20,17,33,22,5.9,313061122.26321983,44532164.0,0.0996,-52.27,162180,252853,363276,0.68
4690,QTRX,Healthcare,Medical Devices,NASDAQ,69.18,20,34,8,55,3.49,144144299.16457415,47105981.0,0.123100005,-60.21,540055,915131,988339,0.201
4691,ULBI,Industrials,Electrical Equipment & Parts,NASDAQ,69.11,20,29,62,42,5.36,120760850.25,16656669.0,0.027999999,-43.7,26870,25853,39786,-0.065
4692,HTLM,Consumer Cyclical,Specialty Retail,NASDAQ,69.1,20,23,10,13,1.8,179375000.0,89687500.0,0.0076,-57.04,16003,9934,9732,0.07
4693,SRL,Financial Services,Capital Markets,NYSE,69.09,20,28,30,82,5.04,93337533.37251759,15226351.0,0.00029999999,-51.49,27080,19133,11480,0.026
4694,THRY,Technology,Software - Application,NASDAQ,68.97,20,29,6,6,4.16,172077174.75543022,44349786.0,0.0926,-70.87,475520,557740,656632,-0.075
4695,SER,Healthcare,Biotechnology,NYSE ARCA,68.95,20,15,5,10,2.07,27595409.700595737,14997505.0,0.028099999,-73.86,35863,58651,92908,
4696,AMBO,Consumer Defensive,Education & Training Services,NYSE ARCA,68.95,20,28,19,28,2.17,6836169.880059719,2860322.0,0.0704,-67.85,4082,182500,123634,0.21
4697,LFMD,Healthcare,Health Information Services,NASDAQ,68.92,20,26,34,7,3.84,206991552.9468584,48362510.0,0.1447,-75.76,790836,945045,909941,-0.014
4698,HUHU,Industrials,Specialty Industrial Machinery,NASDAQ,68.9,20,79,90,31,5.61,219061117.52776814,25893749.0,0.00059999997,-54.02,37289,56223,71577,0.249
4699,AHMA,Consumer Cyclical,Travel Services,NASDAQ,68.89,20,21,1,99,1.54,35670001.41739845,29725000.0,0.039,-96.1,38548,3646192,3745821,0.046
4700,KULR,Technology,Electronic Components,NYSE ARCA,68.85,20,76,9,12,2.53,221109258.40513945,46257165.0,0.2308,-76.04,1132290,1705326,2295570,0.979
4701,DTST,Technology,Information Technology Services,NASDAQ,68.74,20,21,33,68,3.17,8083424.781334877,2167138.0,0.0127,-41.73,10046,23785,27455,0.109
4702,TEAD,Communication Services,Internet Content & Information,NASDAQ,68.73,20,21,18,3,0.81,111540142.1875441,96991430.0,0.1191,-74.12,85860,328996,317946,-0.071
4703,MNTN,Technology,Software - Application,NYSE,68.72,20,17,13,5,9.56,697104153.5398407,73924086.0,0.0214,-70.12,869786,1402608,1209443,0.142
4704,DOX,Technology,Software - Infrastructure,NASDAQ,68.68,20,13,20,26,54.87,6685147209.594727,106164000.0,0.0739,-42.49,1367615,1629965,1443025,0.039
4705,MSB,Basic Materials,Steel,NYSE,68.66,20,18,29,73,22.9,346105852.7892494,13120010.0,0.0126,-45.97,45669,45156,51131,-0.476
4706,PRME,Healthcare,Biotechnology,NASDAQ,68.63,20,62,64,77,3.09,641191942.4374888,180617451.0,0.2163,-55.48,2934469,3962243,3520927,-0.411
4707,SKIL,Consumer Defensive,Education & Training Services,NYSE,68.59,20,27,12,9,7.12,65282510.98839092,8955077.0,0.1469,-66.49,64250,126256,108894,-0.023
4708,RGTI,Technology,Computer Hardware,NASDAQ,68.58,20,74,61,52,14.52,8489465835.100197,332398807.0,0.1487,-75.03,22103532,26370680,41235586,1.989
4709,CMCL,Basic Materials,Gold,NYSE ARCA,68.55,20,19,58,92,18.67,458877549.7004013,19313028.0,0.0881,-51.82,202918,276412,256139,0.139
4710,GROY,Basic Materials,Gold,NYSE ARCA,68.54,20,23,75,95,2.59,750129903.25,230809201.0,0.038399998,-52.52,1941075,1901218,1901423,1.287
4711,AIOS,Technology,Information Technology Services,NASDAQ,68.54,20,10,2,2,12.69,51386398.88763428,3240000.0,0.0159,-87.05,22532,55784,59526,
4712,SITC,Real Estate,REIT - Retail,NYSE,68.53,20,13,29,36,4.47,264998123.70878792,52474874.0,0.0719,-65.86,574057,1039809,887635,-0.698
4713,UPWK,Communication Services,Internet Content & Information,S&P 600,68.53,20,9,12,78,9.81,1089429930.645256,123518137.0,0.2809,-57.05,3264260,3219463,3330948,0.014
4714,WGS,Healthcare,Diagnostics & Research,NASDAQ,68.53,20,22,13,43,61.88,1543480573.5603676,29688027.0,0.3193,-63.79,630010,790326,1005204,0.174
4715,MBOT,Healthcare,Medical Instruments & Supplies,NASDAQ,68.53,20,17,40,21,1.68,136344544.10839963,67164801.0,0.1146,-64.03,547972,711574,1053790,
4716,MRT,Technology,Software - Application,NYSE ARCA,68.46,20,8,29,18,1.66,166730961.39774323,85943792.0,0.0023999999,-47.3,54499,75013,59377,1.561
4717,MZTI,Consumer Defensive,Packaged Foods,S&P 400,68.43,20,16,20,37,110.19,3069661396.0891724,27422381.0,0.199,-42.3,284839,336799,339287,-0.01
4718,GOOS,Consumer Cyclical,Apparel Manufacturing,NYSE,68.42,20,20,46,62,9.25,986967195.8972397,97142442.0,0.0883,-40.03,679575,581071,648941,0.179
4719,STUB,Communication Services,Internet Content & Information,NYSE,68.36,20,78,5,10,8.54,3701811658.963832,375437301.0,0.085200004,-69.38,5945550,7835000,7159246,0.122
4720,LEGN,Healthcare,Biotechnology,NASDAQ,68.32,20,76,33,7,19.04,5044692722.378357,185739792.0,0.19639999,-57.97,3290495,2694261,2729125,0.565
4721,NG,Basic Materials,Gold,NYSE ARCA,68.3,20,23,77,93,5.82,3760349728.0747833,438780614.0,0.052399997,-59.58,6519335,5295501,4337865,
4722,OI,Consumer Cyclical,Packaging & Containers,S&P 600,68.29,20,17,14,78,9.06,1341371176.25,153299563.0,0.1149,-46.42,3643123,3327321,3211616,-0.017
4723,PETS,Healthcare,Pharmaceutical Retailers,NASDAQ,68.17,20,12,16,44,2.01,46439075.782728195,21400495.0,0.0367,-53.47,117082,1225287,818586,-0.217
4724,CNXC,Technology,Information Technology Services,S&P 600,68.15,20,14,9,24,25.41,1725826583.3915863,61004826.0,0.2027,-59.11,1316807,2290982,1836707,0.054
4725,PDC,Technology,Software - Application,NASDAQ,68.09,20,93,96,63,3.73,19737187.259964943,3050570.0,0.0104,-64.48,84714,113364,97334,-0.449
4726,BTDR,Technology,Software - Application,NASDAQ,68.07,20,89,25,23,10.28,4255555735.2799244,243313653.0,0.34759998,-63.02,7245919,8970659,10203251,1.694
4727,INDI,Technology,Semiconductors,NASDAQ,67.98,20,55,78,58,3.21,1054330020.7298794,211288591.0,0.2928,-46.94,3806384,5539874,5742978,0.026
4728,VNET,Technology,Information Technology Services,NASDAQ,67.94,20,27,32,80,6.75,2869691739.7197514,284691643.0,0.24120001,-53.38,3274720,4286323,6077756,0.198
4729,VERX,Technology,Software - Application,NASDAQ,67.92,19,11,7,9,13.24,2160256090.5782604,161816931.0,0.0919,-68.8,2007110,1937136,1748944,0.111
4730,UROY,Energy,Uranium,NASDAQ,67.92,19,23,75,92,2.78,513073774.5,146592507.0,1.89,-49.64,3901690,2816926,2892392,4164.0
4731,NFLX,Communication Services,Entertainment,S&P 500,67.91,19,14,33,17,72.39,362212875243.18896,4210798528.0,0.0234,-46.02,58315821,52748023,45086526,0.162
4732,BETR,Financial Services,Mortgage Finance,NASDAQ,67.91,19,39,94,86,22.44,550432738.3496532,18869823.0,0.20989999,-76.14,183954,286544,318350,0.516
4733,SAMG,Financial Services,Asset Management,NASDAQ,67.88,19,14,29,33,10.49,87035031.34392357,7681821.0,0.0202,-38.26,64535,69691,58159,0.0
4734,CALX,Technology,Software - Infrastructure,S&P 600,67.87,19,12,28,31,37.1,2535346385.25,63782299.0,0.118,-47.91,1771709,1448533,1259757,0.271
4735,MTEX,Consumer Defensive,Food Distribution,NASDAQ,67.82,19,12,8,20,4.61,10999118.631944656,1929670.0,0.0392,-62.97,10725,13938,19001,-0.062
4736,PLBY,Consumer Cyclical,Leisure,NASDAQ,67.81,19,21,71,55,1.22,158874874.12297404,115967061.0,0.0341,-55.64,777505,970295,900009,0.047
4737,CMPX,Healthcare,Biotechnology,NASDAQ,67.8,19,7,7,96,2.04,428609258.3094263,180087915.0,0.2059,-70.35,2128111,2968200,3513712,
4738,KROS,Healthcare,Biotechnology,NASDAQ,67.77,19,20,15,80,10.07,222658166.25,19791837.0,0.0991,-55.34,175971,287067,284608,-0.998
4739,BLKB,Technology,Software - Application,S&P 600,67.76,19,8,11,18,35.93,1409656357.670391,45932106.0,0.1224,-52.02,711473,908381,841492,0.042
4740,KEP,Utilities,Utilities - Regulated Electric,NYSE,67.75,19,24,53,93,11.64,16896494310.728111,1283928154.0,0.001,-50.28,1147952,1188894,1235216,0.007
4741,GURE,Basic Materials,Chemicals,NASDAQ,67.73,19,17,13,22,3.19,8005560.906357765,1539531.0,0.0069,-73.03,1934,9951,11180,3.034
4742,TUYA,Technology,Software - Infrastructure,NYSE,67.68,19,18,54,26,1.67,1299781849.3157377,613104679.0,0.0081,-43.29,739240,859883,1052370,0.083
4743,IONQ,Technology,Computer Hardware,NYSE,67.67,19,86,67,27,33.88,26901565038.447052,373269948.0,0.1974,-59.97,20155050,21430103,25580518,7.547
4744,LANV,Consumer Cyclical,Luxury Goods,NYSE,67.66,19,23,25,17,1.26,209663707.5,139775805.0,0.0015,-51.91,14657,15835,13149,
4745,BIVI,Healthcare,Biotechnology,NASDAQ,67.63,19,67,25,4,1.33,10709411.056339383,7541839.0,0.0252,-89.01,196411,218777,175008,
4746,YB,Technology,Software - Application,NASDAQ,67.53,19,17,22,35,13.31,684291002.4282017,46080201.0,0.0038,-57.06,27730,41166,45114,0.322
4747,BRBI,Financial Services,Capital Markets,NASDAQ,67.53,19,16,26,26,11.45,364335095.8839512,26248926.0,0.22,-82.91,50,596,830,0.057
4748,AMTD,Financial Services,Asset Management,NYSE,67.48,19,26,50,34,0.75,91588156.19588596,94910009.0,0.0007,-54.55,10438,19726,18609,-0.826
4749,MDAI,Healthcare,Medical Devices,NASDAQ,67.43,19,43,65,35,1.56,65875646.8255198,31823985.0,0.0726,-51.4,162265,237085,575801,-0.405
4750,SID,Basic Materials,Steel,NYSE,67.4,19,12,18,76,1.1,1795174639.8539243,1329758969.0,0.0108,-50.0,2412960,3697160,3840890,-0.028
4751,AMPY,Energy,Oil & Gas E&P,NYSE,67.39,19,19,90,76,3.67,191160838.0349722,41287437.0,0.080299996,-45.95,631697,860612,773375,-0.48
4752,SRG,Real Estate,Real Estate Services,NYSE,67.35,19,22,19,30,2.29,144754238.79992676,56324608.0,0.1116,-49.78,252540,205876,321742,-0.984
4753,JBDI,Consumer Cyclical,Specialty Retail,NASDAQ,67.34,19,16,16,55,1.08,9210066.926094294,19029064.0,0.0017,-64.0,40055,78095,153092,-0.081
4754,LMB,Industrials,Building Products & Equipment,NASDAQ,67.33,19,26,49,27,72.49,923286602.7697906,11921067.0,0.08939999,-52.94,168368,192159,249131,0.043
4755,PPSI,Industrials,Electrical Equipment & Parts,NASDAQ,67.31,19,62,57,78,2.9,60141762.56657791,11096266.0,0.0062,-53.9,48114,77971,168598,-0.367
4756,SSII,Healthcare,Medical Devices,NASDAQ,67.28,19,11,13,6,3.93,788518263.2916183,200131536.0,0.0011,-66.89,96250,76226,71436,1.168
4757,NMRA,Healthcare,Biotechnology,NASDAQ,67.27,19,69,89,80,1.68,342775855.8175206,185284244.0,0.0427,-53.97,606598,3150402,2264063,
4758,CTEV,Healthcare,Health Information Services,NYSE,67.22,19,78,19,21,22.67,428240473.9870739,17047789.0,0.1155,-69.39,106620,121046,158374,0.058
4759,HYPR,Healthcare,Medical Devices,NASDAQ,67.22,19,83,91,60,0.92,154861718.4797058,99270336.0,0.0191,-58.56,852888,1470446,1086913,0.826
4760,RWAY,Financial Services,Asset Management,NASDAQ,67.17,19,14,18,33,5.52,274745603.7105837,42464546.0,0.1181,-51.6,444989,636796,625063,-0.168
4761,SYM,Industrials,Specialty Industrial Machinery,NASDAQ,67.11,19,25,82,80,42.34,5905975358.617344,127215411.0,0.2746,-51.82,1372760,1848783,2207250,0.231
4762,URG,Energy,Uranium,NYSE ARCA,67.09,19,35,84,89,1.21,643677603.7546259,397331853.0,0.081099994,-48.51,6399780,12129233,11692818,
4763,IRIX,Healthcare,Medical Devices,NASDAQ,67.07,19,57,22,67,0.88,18276843.069992542,17406518.0,0.0026,-46.67,52278,44966,56049,-0.008
4764,OLED,Technology,Electronic Components,S&P 400,67.02,19,17,14,22,82.29,4306692207.325157,46750891.0,0.0713,-49.58,615652,743237,723044,-0.145
4765,LXEH,Consumer Defensive,Education & Training Services,NASDAQ,67.0,19,4,1,4,1.53,2798333.8931150436,1916667.0,0.018099999,-95.34,15528,33956,507933,-0.116
4766,CRBU,Healthcare,Biotechnology,NASDAQ,67.0,19,52,80,39,1.49,234066146.59554362,99180575.0,0.0749,-57.85,1274508,2291956,2122619,0.019
4767,WBTN,Communication Services,Internet Content & Information,NASDAQ,66.96,19,60,54,29,9.26,1662034826.5412045,135234730.0,0.24370001,-58.79,361290,348403,337172,-0.015
4768,NTLA,Healthcare,Biotechnology,NASDAQ,66.95,19,86,67,71,10.89,1965892394.750145,139722277.0,0.4678,-61.45,3949103,5522537,5746236,-0.095
4769,DOUG,Real Estate,Real Estate Services,NYSE,66.94,19,23,24,73,1.76,163630943.26526022,90906082.0,0.0297,-44.83,275488,436842,426875,-0.154
4770,TTGT,Technology,Information Technology Services,NASDAQ,66.91,19,19,34,18,4.47,331854454.4020195,72299443.0,0.1409,-50.33,450490,421046,417108,0.021
4771,MNSO,Consumer Cyclical,Specialty Retail,NYSE,66.9,19,13,21,29,12.51,4040618566.139016,311535735.0,0.0182,-53.22,814207,721202,702899,0.285
4772,LDOS,Technology,Information Technology Services,S&P 500,66.86,19,10,26,64,118.36,16075382938.666779,125785466.0,0.0404,-42.48,1447391,1882217,1617460,0.037
4773,XELB,Consumer Cyclical,Apparel Manufacturing,NASDAQ,66.85,19,60,84,41,1.25,13172062.886221647,6056121.0,0.012200001,-56.9,43710,74906,433894,-0.034
4774,ISRG,Healthcare,Medical Instruments & Supplies,S&P 500,66.83,19,22,29,28,361.8,150391714414.81226,354162842.0,0.019,-40.09,5434321,3612203,3139344,0.23
4775,MLGO,Technology,Software - Infrastructure,NASDAQ,66.81,19,20,8,3,4.13,65867944.17130709,10941519.0,0.1611,-90.51,33986,46168,522297,-0.068
4776,MLEC,Healthcare,Biotechnology,NASDAQ,66.8,19,51,41,2,7.26,5467668.692345619,726118.0,0.013099999,-94.27,21489,14796,21853,
4777,YJ,Consumer Cyclical,Internet Retail,NASDAQ,66.72,19,18,49,27,1.24,7733098.058354855,4925540.0,0.0078,-53.56,21470,12453,14068,-0.183
4778,CSPI,Technology,Information Technology Services,NASDAQ,66.66,19,18,18,21,8.13,99610570.28789425,10071847.0,0.033099998,-47.48,11864,53138,40358,0.218
4779,STN,Industrials,Engineering & Construction,NYSE,66.65,19,15,30,47,71.8,8617761820.354843,114066995.0,4.44,-37.3,416830,502410,472816,0.091
4780,AORT,Healthcare,Medical Devices,S&P 600,66.63,19,9,52,74,27.01,1077176962.4249458,48543350.0,0.0481,-44.02,516450,731466,735380,0.175
4781,ECX,Consumer Cyclical,Auto Parts,NASDAQ,66.61,19,28,11,47,1.08,449650761.1326084,381059984.0,0.0317,-60.0,841277,2113302,1868665,-0.258
4782,SCWO,Industrials,Pollution & Treatment Controls,NASDAQ,66.59,19,12,20,26,2.21,43213895.380550385,17495504.0,0.0186,-79.72,59587,62975,62585,0.015
4783,DLPN,Communication Services,Advertising Agencies,NASDAQ,66.54,19,24,47,71,1.06,16011243.57828474,13017271.0,0.0038,-43.62,9429,19736,23959,0.052
4784,FIGR,Financial Services,Capital Markets,NASDAQ,66.52,19,18,26,78,27.55,7815914674.776878,221100849.0,0.0582,-64.68,2538475,3808151,3652123,1.192
4785,SMRT,Technology,Software - Application,NYSE,66.47,19,26,59,86,1.0,242975965.10095286,192838069.0,0.01,-54.55,1876110,2535650,2113486,-0.064
4786,RAY,Consumer Defensive,Household & Personal Products,NASDAQ,66.47,19,13,5,9,2.81,10058265.180555344,2975818.0,0.02,-95.23,7252,7317,12374,-0.131
4787,PTLO,Consumer Cyclical,Restaurants,NASDAQ,66.44,19,18,31,19,4.68,310514307.0588856,72380958.0,0.1497,-62.36,1077068,1221639,1419281,0.035
4788,CSAN,Energy,Oil & Gas Refining & Marketing,NYSE,66.42,18,12,26,33,3.11,2956774197.0,985591399.0,0.0023999999,-50.24,791840,1211016,1951030,0.265
4789,FRMM,Technology,Software - Application,NASDAQ,66.42,18,73,16,2,5.32,64425394.4735322,14542979.0,0.2463,-96.95,259369,337833,341343,
4790,NKLR,Utilities,Utilities - Regulated Electric,NASDAQ,66.37,18,18,25,7,5.22,433053828.95292664,70300948.0,2.72,-76.17,351928,300936,310267,
4791,BAK,Basic Materials,Chemicals,NYSE,66.36,18,20,70,69,2.37,1657694236.1561356,398484206.0,0.0388,-56.07,1449986,2382785,2254937,-0.204
4792,BILI,Communication Services,Internet Content & Information,NASDAQ,66.35,18,15,24,85,18.06,7216008038.895027,416628647.0,0.0523,-50.38,2100739,2223693,3097563,0.067
4793,AMRC,Industrials,Engineering & Construction,NYSE,66.32,18,53,79,86,19.66,1905191959.420765,52951417.0,0.1453,-56.24,480232,521804,612490,0.138
4794,MKTX,Financial Services,Capital Markets,S&P 600,66.3,18,10,26,24,122.05,4621550229.512833,35539453.0,0.0868,-46.51,431530,642540,685284,0.119
4795,ULH,Industrials,Trucking,NASDAQ,66.28,18,15,81,22,14.9,419541779.7863045,26369691.0,0.0942,-51.56,42930,49413,55260,-0.039
4796,PPTA,Basic Materials,Other Precious Metals & Mining,NASDAQ,66.28,18,45,83,92,17.39,3386308158.0341873,125094503.0,0.121800005,-53.47,1066755,1409905,1670977,
4797,INO,Healthcare,Biotechnology,NASDAQ,66.25,18,8,12,24,1.03,107777935.76228762,82273237.0,0.2217,-65.44,1500448,1524139,1776735,
4798,LXEO,Healthcare,Biotechnology,NASDAQ,66.2,18,21,34,76,4.39,403601188.2762308,78521634.0,0.19780001,-60.05,1083807,1091509,932439,
4799,ELOG,Industrials,Integrated Freight & Logistics,NASDAQ,66.17,18,9,8,6,1.0,10907200.30593872,12832000.0,0.0076,-72.22,8980,15923,262334,0.278
4800,IDAI,Technology,Software - Application,NASDAQ,66.16,18,10,24,35,2.12,13159914.865945816,5599964.0,0.0345,-59.85,27791,88473,77362,0.387
4801,OM,Healthcare,Medical Devices,NASDAQ,66.16,18,22,8,5,4.72,90647106.01501131,18537241.0,0.1507,-78.53,116184,263168,229294,-0.063
4802,BDMD,Healthcare,Medical Devices,NASDAQ,66.14,18,8,67,8,1.07,47652809.295001745,31981751.0,0.0159,-85.27,44255,95425,102057,-0.39
4803,COCP,Healthcare,Biotechnology,NASDAQ,66.1,18,29,73,16,0.93,15441947.4257437,13787453.0,0.0228,-65.17,23795,50435,77425,
4804,INSP,Healthcare,Medical Devices,S&P 600,66.01,18,11,10,17,51.97,1191712025.666153,28813153.0,0.1674,-64.65,750475,1021881,1048959,0.016
4805,BOOM,Industrials,Conglomerates,NASDAQ,65.99,18,29,19,58,5.46,139392574.49876547,20468807.0,0.042,-40.65,152223,357644,302554,-0.149
4806,IBO,Healthcare,Biotechnology,NYSE ARCA,65.98,18,21,81,19,0.43,56067038.063473225,107821231.0,0.066700004,-77.95,22771,52933,58724,
4807,CMTG,Real Estate,REIT - Mortgage,NYSE,65.95,18,21,33,27,2.12,340731605.8806124,140218764.0,0.0312,-46.87,464350,730306,623850,
4808,ORLA,Basic Materials,Gold,NYSE ARCA,65.95,18,18,63,92,9.11,4639752626.975811,345991997.0,1.86,-58.55,3485758,3321996,3483483,1.693
4809,GGR,Consumer Cyclical,Auto Manufacturers,NASDAQ,65.93,18,36,48,11,3.02,80294316.0,20073579.0,0.0041,-63.61,11549,17586,15329,-0.011
4810,STG,Consumer Defensive,Education & Training Services,NYSE,65.91,18,20,8,19,3.54,82433157.64748955,13425596.0,0.0004,-76.4,4210,35300,563124,-0.027
4811,HHS,Industrials,Conglomerates,NASDAQ,65.87,18,16,21,23,2.2,18548675.0,7419470.0,0.0068,-59.18,2327,3365,3483,-0.103
4812,AIFU,Financial Services,Insurance Brokers,NASDAQ,65.82,18,27,6,6,32.0,270212167.4092841,118514110.0,0.0005,240.43,6649,16284,10556,-0.398
4813,BCG,Financial Services,Asset Management,NASDAQ,65.8,18,18,35,77,1.45,26728108.851098657,16810131.0,0.0025,-57.85,26103,25141,31694,-0.004
4814,OWLT,Healthcare,Medical Devices,NYSE,65.72,18,23,11,96,5.17,160376465.1246872,29001168.0,0.0318,-69.48,112448,200272,213055,0.064
4815,LCTX,Healthcare,Biotechnology,NYSE ARCA,65.69,18,34,87,95,1.07,331566743.04872215,249298295.0,0.1741,-48.8,1072164,1795448,1504378,0.148
4816,GHG,Consumer Cyclical,Lodging,NYSE,65.66,18,15,13,15,1.14,129148573.11330438,100897325.0,0.0025,-58.93,5608,8272,13875,-0.295
4817,FLO,Consumer Defensive,Packaged Foods,S&P 600,65.66,18,18,16,20,7.54,1619628248.8958502,211993230.0,0.1879,-55.52,4334331,6763377,8324260,0.068
4818,BRLT,Consumer Cyclical,Luxury Goods,NASDAQ,65.62,18,17,33,31,1.13,20648779.829886436,16258882.0,0.0089,-63.55,45989,68523,73021,0.06
4819,KWY,Financial Services,Asset Management,NYSE,65.59,18,22,27,72,9.26,285971176.00808716,28625744.0,0.0773,-44.88,72358,78122,70839,0.385
4820,KRRO,Healthcare,Biotechnology,NASDAQ,65.59,18,60,22,8,10.5,193406674.9092903,14422571.0,0.093,-81.21,167078,261199,216471,
4821,LULU,Consumer Cyclical,Apparel Retail,S&P 500,65.59,18,11,16,21,120.32,15682686973.463013,119550906.0,0.0581,-64.64,2453249,3133879,3637603,0.008
4822,FIP,Industrials,Conglomerates,NASDAQ,65.48,18,27,67,53,4.08,527009459.8075819,118163555.0,0.2544,-48.58,933223,964234,936306,0.959
4823,PODD,Healthcare,Medical Devices,S&P 500,65.44,18,10,11,25,167.47,10039222018.663208,69264674.0,0.049099997,-52.81,1310128,1451469,1485453,0.339
4824,GSM,Basic Materials,Other Industrial Metals & Mining,NASDAQ,65.4,18,16,56,74,3.36,809106024.3536739,186860517.0,0.0224,-41.46,931848,1715246,1632431,0.132
4825,WVE,Healthcare,Biotechnology,NASDAQ,65.35,18,16,17,89,5.89,1266006474.480877,192402202.0,0.1146,-72.89,1995060,2840230,3208066,3.169
4826,AVD,Basic Materials,Agricultural Inputs,NYSE,65.35,18,18,11,55,2.59,73803206.91754341,28605895.0,0.0315,-56.25,154493,370247,368764,0.067
4827,VALN,Healthcare,Biotechnology,NASDAQ,65.3,18,15,13,74,5.06,592646612.5,94823458.0,0.0017,-58.69,27340,23826,28094,-0.372
4828,GOGO,Communication Services,Telecom Services,NASDAQ,65.29,18,7,11,7,4.07,618040073.3252311,135238523.0,0.2005,-75.8,1277558,2103429,1965901,-0.017
4829,TIC,Industrials,Specialty Business Services,NYSE,65.21,18,28,25,26,7.24,1805918091.5442123,221042604.0,0.0987,-51.55,2182920,1921113,1998298,1.084
4830,LUNR,Industrials,Aerospace & Defense,NASDAQ,65.21,18,89,95,90,12.37,7032624997.2669525,160452309.0,0.2331,-73.54,9061650,10939713,13630368,1.987
4831,CCIF,Financial Services,Asset Management,NYSE,65.21,18,15,16,18,2.64,66351689.28598976,21198622.0,0.0252,-59.94,116385,114648,108877,
4832,SBSW,Basic Materials,Other Precious Metals & Mining,NYSE,65.2,18,21,82,97,8.38,8629808293.445107,723370333.0,0.0164,-60.64,4602375,5299901,5267815,0.316
4833,PDYN,Technology,Software - Infrastructure,NASDAQ,65.1,18,31,27,52,5.05,398268831.1677933,47244225.0,0.16219999,-61.15,811236,1902655,1992809,1.069
4834,PHIO,Healthcare,Biotechnology,NASDAQ,65.09,18,13,23,8,1.01,12895148.776186109,11617251.0,0.0287,-75.89,2961714,1121111,726568,
4835,UEC,Energy,Uranium,NYSE ARCA,65.07,18,38,85,95,9.44,6750340406.315266,490220783.0,0.1379,-53.59,8339720,9099180,10252542,-0.594
4836,TOMZ,Industrials,Pollution & Treatment Controls,NASDAQ,65.05,18,45,28,23,1.65,20181432.60521382,21700465.0,0.0343,37.5,48449,60982,83935,0.049
4837,BOLT,Healthcare,Biotechnology,NASDAQ,65.03,18,19,21,30,4.02,10088226.75,1921567.0,0.0063,-45.31,13794,23464,26070,-0.979
4838,AI,Technology,Software - Infrastructure,NYSE,65.0,18,17,9,8,8.9,1564786527.4490433,145291222.0,0.3548,-70.44,5520306,5761065,6687649,-0.461
4839,SYPR,Consumer Cyclical,Auto Parts,NASDAQ,64.97,18,36,86,93,1.93,76166838.98329258,23011130.0,0.0038,-59.28,57430,48676,94850,-0.125
4840,INTS,Healthcare,Biotechnology,NASDAQ,64.96,18,9,10,13,4.55,11865379.439134598,2702820.0,0.0292,-89.54,16907,51949,42315,
4841,CMMB,Healthcare,Biotechnology,NASDAQ,64.9,18,20,10,5,1.43,14400756.0,7200378.0,0.0057,-74.09,65704,213264,145226,
4842,MITQ,Technology,Communication Equipment,NYSE ARCA,64.89,18,27,31,33,0.53,6073995.006220818,9941072.0,0.0066000004,-68.07,39577,59549,68033,-0.049
4843,TME,Communication Services,Internet Content & Information,NYSE,64.88,18,11,8,33,9.52,15095665407.959288,1637273858.0,0.04,-64.34,6254110,7345683,9704158,0.073
4844,SRTS,Healthcare,Medical Devices,NASDAQ,64.88,18,19,27,75,2.94,50867760.89705014,16462059.0,0.028499998,-50.34,19210,30000,42736,-0.622
4845,USAR,Basic Materials,Other Industrial Metals & Mining,NASDAQ,64.86,18,87,90,93,14.06,6247220652.708744,223035366.0,0.1174,-68.03,10347340,11746800,14024098,
4846,GPMT,Real Estate,REIT - Mortgage,NYSE,64.85,18,19,15,30,1.32,69962654.32798862,47919625.0,0.0033000002,-57.62,110467,165035,156137,0.928
4847,AMPX,Industrials,Electrical Equipment & Parts,NYSE,64.83,17,89,99,98,9.13,2872199104.84766,141627170.0,0.1627,-59.96,5545008,6816302,7671471,1.529
4848,DOMH,Financial Services,Capital Markets,NASDAQ,64.83,17,26,15,36,2.41,83670990.7783091,22613781.0,0.044699997,-71.31,56042,101520,146438,3.414
4849,HFFG,Consumer Defensive,Food Distribution,NASDAQ,64.83,17,12,23,15,1.57,104277065.69990659,53475417.0,0.024600001,-59.54,111564,309994,234424,0.045
4850,IH,Consumer Defensive,Education & Training Services,NYSE,64.72,17,16,22,20,1.42,84847349.21392417,51112862.0,0.0004,-60.56,4670,6856,12150,-0.181
4851,TTEC,Technology,Information Technology Services,NASDAQ,64.71,17,13,21,32,2.45,132350797.71212745,48658381.0,0.3204,-56.17,377830,616813,558906,-0.071
4852,XPEV,Consumer Cyclical,Auto Manufacturers,NYSE,64.69,17,12,25,25,12.71,15722099579.679909,955750690.0,0.064899996,-54.98,6785320,7211816,7292692,-0.176
4853,BKYI,Industrials,Security & Protection Services,NASDAQ,64.66,17,13,11,30,4.25,4905158.219301224,1085212.0,0.0188,-78.43,279683,102744,63928,0.335
4854,PNR,Industrials,Specialty Industrial Machinery,S&P 500,64.59,17,19,21,31,66.77,11448135932.622833,161605541.0,0.0502,-41.4,4511305,3035108,2748027,0.026
4855,BYSI,Healthcare,Biotechnology,NASDAQ,64.59,17,35,27,21,1.18,69081295.4431796,41119820.0,0.064,-65.7,24444,27641,26856,
4856,TKLF,Consumer Cyclical,Specialty Retail,NASDAQ,64.57,17,16,13,25,2.02,8211595.382201672,4232781.0,0.0797,-53.25,10250,127486,263016,0.943
4857,OFS,Financial Services,Asset Management,NASDAQ,64.47,17,19,14,16,3.38,46491334.513322115,13398079.0,0.0308,-63.69,41505,62198,63009,-0.135
4858,CDZI,Utilities,Utilities - Regulated Water,NASDAQ,64.43,17,24,51,77,3.08,410341085.30291176,84086286.0,0.13,-55.75,1249608,1132846,1052701,-0.448
4859,FEDU,Consumer Defensive,Education & Training Services,NYSE,64.43,17,30,57,20,8.06,24659493.407014847,2260058.0,0.0063,-53.41,614,324,272,0.079
4860,RADX,Healthcare,Biotechnology,NASDAQ,64.41,17,22,30,49,3.31,36104895.09856224,7883165.0,0.0075,-79.63,223796,88808,63899,1.545
4861,PRGO,Healthcare,Drug Manufacturers - Specialty & Generic,S&P 600,64.37,17,16,12,12,10.3,1528963884.8915577,138367770.0,0.1603,-63.78,2635787,3708632,3466683,-0.072
4862,ELME,Real Estate,REIT - Residential,NYSE,64.33,17,10,33,28,1.6,182158655.91292596,88857883.0,0.0341,-90.95,1843316,2126358,1655905,0.017
4863,INTR,Financial Services,Banks - Regional,NASDAQ,64.26,17,12,35,83,5.59,2723983295.09289,441488373.0,0.044899996,-46.04,4136028,4859506,5765623,0.253
4864,TEM,Healthcare,Health Information Services,NASDAQ,64.25,17,51,29,23,42.9,9062634009.685272,179564767.0,0.3552,-58.88,5274720,5893340,6295444,0.361
4865,EFOR,Technology,Information Technology Services,S&P 600,64.18,17,4,5,34,23.25,929880012.512207,41000000.0,0.0949,-61.73,942474,1051301,1064304,0.0
4866,NWTG,Consumer Cyclical,Leisure,NASDAQ,64.18,17,10,18,20,1.06,4847513.189353943,4752464.0,0.0139,-52.42,27259,65416,60777,1.124
4867,BAFN,Financial Services,Banks - Regional,NASDAQ,64.17,17,10,29,10,6.12,33314427.415380478,5368965.0,0.056500003,-61.79,20571,20207,19902,-0.527
4868,XTNT,Healthcare,Medical Devices,NYSE ARCA,64.16,17,13,25,35,0.43,64520962.77044535,140262960.0,0.00029999999,-54.74,61690,88420,108474,-0.365
4869,FRMI,Real Estate,REIT - Specialty,NASDAQ,64.16,17,52,4,3,6.28,4450268200.380764,637574239.0,0.0986,-83.02,17880137,20391985,18824521,
4870,LVWR,Consumer Cyclical,Auto Manufacturers,NYSE,64.15,17,6,14,19,1.95,288714173.46533656,204761830.0,0.0752,-78.43,22045368,7654632,4643485,0.865
4871,JZXN,Consumer Cyclical,Auto & Truck Dealerships,NASDAQ,64.13,17,9,3,0,1.33,1541455.5156451464,1328841.0,0.1711,-99.29,5418572,6887467,5923152,
4872,QXO,Industrials,Industrial Distribution,NYSE,64.1,17,28,57,85,14.25,12510217224.0,725229984.0,0.1846,-48.39,21756011,27542980,23262114,127.163
4873,FTHM,Real Estate,Real Estate Services,NASDAQ,64.1,17,69,26,26,0.86,18685947.24552226,32782364.0,0.009,-74.48,123949,3568903,2206559,-0.012
4874,LBRDA,Communication Services,Telecom Services,NASDAQ,64.07,17,9,14,21,32.86,4859633085.848114,143861257.0,0.0221,-65.29,256487,247265,222317,
4875,UAMY,Basic Materials,Other Industrial Metals & Mining,NYSE,64.06,17,82,97,98,5.21,1330706817.7260056,148185622.0,0.21290001,-73.57,5644250,6313320,7979638,-0.031
4876,CINT,Technology,Software - Infrastructure,NYSE,64.04,17,12,20,31,3.28,467858320.76359606,128532502.0,0.0054,-46.58,83688,176472,187661,0.232
4877,FIEE,Technology,Communication Equipment,NASDAQ,64.01,17,62,98,99,2.83,48527723.10801029,8528598.0,0.0023999999,-64.4,1248355,418685,255427,16974.912
4878,TCPC,Financial Services,Asset Management,NASDAQ,63.99,17,17,21,22,3.26,323025675.74840784,83902775.0,0.0682,-59.55,572090,836750,802078,-0.283
4879,INTZ,Technology,Software - Infrastructure,NASDAQ,63.99,17,8,10,11,0.78,16906324.440054536,20369066.0,0.0164,-70.45,244770,4023800,2469606,-0.116
4880,MNY,Communication Services,Internet Content & Information,NASDAQ,63.99,17,16,63,47,0.98,58850452.90662289,44082735.0,0.0095,-59.17,12000,52303,45132,0.27
4881,JKS,Technology,Solar,NYSE,63.98,17,15,54,72,14.93,1220749054.3113022,52370188.0,0.043899998,-53.17,653081,686603,766040,-0.115
4882,NEUP,Healthcare,Biotechnology,NASDAQ,63.96,17,25,59,20,3.81,28698165.50074911,5404551.0,0.0036000002,-82.2,856248,352686,239583,
4883,LBRDK,Communication Services,Telecom Services,NASDAQ,63.96,17,9,13,21,32.87,4844483123.943825,143497730.0,0.0271,-65.4,1883022,1798907,1967948,
4884,TSCO,Consumer Cyclical,Specialty Retail,S&P 500,63.91,17,11,13,39,31.46,16535896752.590973,524449616.0,0.0547,-50.84,12011200,12149646,12409056,0.036
4885,CCTG,Industrials,Electrical Equipment & Parts,NASDAQ,63.9,17,29,3,0,0.75,2097633.9082508087,3913496.0,0.0418,-97.13,1177466,6027415,6873679,-0.082
4886,ZKIN,Basic Materials,Steel,NASDAQ,63.85,17,20,35,25,1.23,81154228.61991549,57312308.0,0.001,-63.93,15530,39913,31466,-0.435
4887,NCT,Industrials,Marine Shipping,NASDAQ,63.79,17,24,2,0,3.49,4587702.957273483,1644338.0,0.0039,-97.26,815590,439320,1252830,-0.06
4888,EQPT,Industrials,Rental & Leasing Services,NASDAQ,63.78,17,18,12,38,19.34,5259497059.989384,252375097.0,0.11359999,-45.52,4203563,3456271,2858848,0.381
4889,LFCR,Healthcare,Drug Manufacturers - Specialty & Generic,NASDAQ,63.77,17,27,13,68,4.39,188297222.42456484,37509407.0,0.0841,-51.11,133603,205504,200038,
4890,RMTI,Healthcare,Drug Manufacturers - Specialty & Generic,NASDAQ,63.63,17,11,24,32,6.99,29208021.636418104,39470299.0,0.0127,232.86,36671,41069,38351,-0.083
4891,QUBT,Technology,Computer Hardware,NASDAQ,63.62,17,45,28,22,7.72,2697398453.123477,225534987.0,0.29479998,-70.12,8588507,12359965,17125017,93.641
4892,KC,Technology,Software - Application,NASDAQ,63.58,17,13,62,32,10.11,3676259406.259675,299369665.0,0.0404,-45.41,1121618,1428509,1475659,0.237
4893,GLXY,Financial Services,Capital Markets,NASDAQ,63.5,17,82,36,21,20.94,5664328109.730333,191491823.0,0.1409,-54.4,5533370,6682773,6757608,-0.206
4894,HSAI,Consumer Cyclical,Auto Parts,NASDAQ,63.49,17,16,53,72,15.9,2969987727.9550037,157142211.0,0.0416,-48.46,1277349,1813076,1868935,0.296
4895,FLUT,Consumer Cyclical,Gambling,NYSE,63.47,17,12,7,11,109.06,16810456272.748878,173339407.0,0.0837,-65.23,2060814,2501088,2610812,0.174
4896,CHPT,Consumer Cyclical,Specialty Retail,NYSE,63.46,17,27,20,8,5.34,196563023.2416649,25897631.0,0.1548,-69.97,438509,763736,719853,0.073
4897,PRTS,Consumer Cyclical,Auto Parts,NASDAQ,63.44,17,32,86,12,5.24,44640244.932619095,8057806.0,0.0356,-61.47,23468,21696,40634,-0.105
4898,ASPS,Real Estate,Real Estate Services,NASDAQ,63.43,17,33,30,10,5.15,73538747.26487112,11278949.0,0.049200002,-67.73,34169,22586,20397,0.095
4899,CANF,Healthcare,Biotechnology,NYSE ARCA,63.41,17,9,6,3,3.16,7177532.245670795,2142547.0,0.0547,-86.5,49606,2934232,1771131,-0.433
4900,TIL,Healthcare,Biotechnology,NASDAQ,63.33,17,12,17,5,7.29,54730552.32030487,6781977.0,0.0575,-82.96,10990,16356,20036,
4901,COIN,Financial Services,Financial Data & Stock Exchanges,S&P 500,63.31,17,13,19,13,167.9,49801988275.37262,263460766.0,0.1166,-62.24,6957433,7491414,8063072,-0.308
4902,SMSI,Technology,Software - Application,NASDAQ,63.3,17,18,83,13,2.51,22234945.081867218,25557408.0,0.0249,93.08,14580,60860,189682,-0.087
4903,EPAM,Technology,Information Technology Services,S&P 600,63.3,17,6,12,55,100.4,5352966401.628777,52244451.0,0.2508,-54.88,1268373,1797311,1983994,0.076
4904,PAPL,Financial Services,Mortgage Finance,NYSE ARCA,63.28,17,22,62,1,1.16,27914859.008404255,26088652.0,0.0297,-87.83,1587192,569920,397388,-0.048
4905,RXRX,Healthcare,Biotechnology,NASDAQ,63.27,17,36,14,17,3.05,1905436245.2643151,530762198.0,0.3684,-57.52,21110953,22856267,22381652,-0.561
4906,PMA,Industrials,Engineering & Construction,NASDAQ,63.24,16,46,51,7,1.26,,,,,86444,1906644,2518278,
4907,DCGO,Healthcare,Medical Care Facilities,NASDAQ,63.24,16,9,13,7,0.63,64996195.000380516,98778413.0,0.048600003,-64.61,514841,1047617,856218,-0.213
4908,BNGO,Healthcare,Medical Instruments & Supplies,NASDAQ,63.22,16,18,11,7,1.09,14229000.109434128,11475000.0,0.1067,-80.18,78329,116706,135081,0.036
4909,BLDR,Industrials,Building Products & Equipment,S&P 500,63.22,16,30,13,33,73.68,8202516373.532684,107559876.0,0.0964,-51.21,1989156,2226538,2454391,-0.101
4910,BRNS,Healthcare,Biotechnology,NASDAQ,63.22,16,28,12,14,0.57,27818095.89926076,40848893.0,0.00029999999,-80.48,33552,43484,84576,
4911,KNDI,Consumer Cyclical,Recreational Vehicles,NASDAQ,63.21,16,17,12,43,0.63,83344751.2741378,100415365.0,0.0163,-64.41,1436804,1884908,1162518,-0.323
4912,GUTS,Healthcare,Biotechnology,NASDAQ,63.16,16,46,23,3,0.72,127871063.27020335,158648963.0,0.0209,-76.24,3157595,1939505,1830583,
4913,RBBN,Technology,Software - Application,NASDAQ,63.07,16,19,26,21,2.05,542508312.9216557,176139067.0,0.0382,-52.21,741142,803930,949668,-0.103
4914,CELH,Consumer Defensive,Beverages - Non-Alcoholic,S&P 400,63.04,16,14,15,78,29.45,8505154894.22287,255640360.0,0.105100006,-55.87,8471489,8376729,8942441,1.377
4915,WTF,Financial Services,Capital Markets,NASDAQ,63.02,16,11,27,10,2.77,141818170.4401703,48237472.0,0.019199999,-63.05,3750,12013,118518,1.001
4916,LPCN,Healthcare,Biotechnology,NASDAQ,63.02,16,8,9,97,2.14,18549569.25,8244253.0,0.0126,-82.7,27303,53734,74986,0.272
4917,NFGC,Basic Materials,Gold,NYSE ARCA,63.02,16,18,64,92,1.41,798891672.616827,384082549.0,3.01,-60.72,1276054,1518274,1548734,
4918,ATHR,Technology,Software - Application,NASDAQ,63.01,16,75,9,19,3.62,43963921.21014595,12144730.0,0.10569999,-78.77,10288,19999,15427,-0.017
4919,CHTR,Communication Services,Telecom Services,S&P 500,62.98,16,8,13,20,139.97,20336744629.342194,141178370.0,0.4483,-66.85,3621042,3808220,3507954,-0.01
4920,EVAX,Healthcare,Biotechnology,NASDAQ,62.97,16,25,90,67,2.8,33360860.0,8340215.0,0.0047,-76.95,13357,19785,24389,
4921,GLDG,Basic Materials,Gold,NYSE ARCA,62.91,16,24,56,93,0.83,250379892.53611994,213999916.0,0.0276,-63.44,630601,755597,1375872,
4922,KRMN,Industrials,Aerospace & Defense,S&P 600,62.9,16,13,55,96,49.54,7620262192.5,132526299.0,0.076,-58.15,5497514,4003161,3719566,0.51
4923,TCRT,Healthcare,Biotechnology,NASDAQ,62.86,16,17,35,56,1.9,6960115.867098808,2442146.0,0.0034999999,-69.35,10040,13436,17174,
4924,LPL,Technology,Consumer Electronics,NYSE,62.85,16,36,61,41,2.93,5550000190.734863,1000000000.0,0.0033000002,-48.51,2893959,3080859,2653125,-0.088
4925,LGVN,Healthcare,Biotechnology,NASDAQ,62.85,16,23,42,7,0.6,24393619.411079407,31597952.0,0.080299996,-66.67,142983,248037,281142,0.045
4926,CDIO,Healthcare,Biotechnology,NASDAQ,62.85,16,20,14,2,1.56,5593396.367664456,2959469.0,0.0064,-80.28,149752,74297,73244,1.851
4927,WKHS,Consumer Cyclical,Auto Manufacturers,NASDAQ,62.81,16,10,4,3,2.97,41721721.168899536,10893400.0,0.0912,-95.59,83890,114483,139696,2.781
4928,PEW,Industrials,Aerospace & Defense,NYSE,62.73,16,9,11,7,2.53,79968199.40114284,29400073.0,0.0954,-88.18,438865,877151,686123,0.111
4929,PLNT,Consumer Cyclical,Leisure,S&P 400,62.72,16,8,15,30,55.94,4234066855.178547,79126649.0,0.0958,-51.13,1977608,1806442,1972399,0.197
4930,ROL,Consumer Cyclical,Personal Services,S&P 500,62.68,16,17,34,63,39.01,22917590465.34729,481462000.0,0.0344,-41.02,7133165,5454695,5170855,0.102
4931,SCM,Financial Services,Asset Management,NYSE,62.63,16,20,22,41,7.28,259656876.10975075,28947254.0,0.028399998,-52.7,330362,250684,221506,-0.066
4932,LYEL,Healthcare,Biotechnology,NASDAQ,62.62,16,20,80,95,12.99,404379725.92975044,23334087.0,0.067600004,-71.13,134227,223609,180571,-0.714
4933,AKBA,Healthcare,Drug Manufacturers - Specialty & Generic,NASDAQ,62.58,16,10,15,11,1.27,273623402.74338007,268258243.0,0.0998,-68.86,2081549,4738236,5192185,-0.066
4934,CTGO,Basic Materials,Gold,NYSE ARCA,62.53,16,17,62,93,15.78,618809071.9912567,30771211.0,0.0547,-54.1,373010,631916,561670,
4935,YI,Healthcare,Medical Distribution,NASDAQ,62.48,16,20,34,74,3.95,46447971.7656765,8796964.0,0.0028,-64.64,2880,22483,25190,-0.267
4936,BRAG,Consumer Cyclical,Gambling,NASDAQ,62.47,16,18,18,13,1.62,44343289.55889082,25631959.0,6.66,-66.09,30396,38495,47207,0.006
4937,BNR,Healthcare,Diagnostics & Research,NASDAQ,62.47,16,35,96,99,9.19,98291913.54151154,10546343.0,0.0064999997,-77.97,7985,21285,22467,0.002
4938,FLX,Industrials,Integrated Freight & Logistics,NASDAQ,62.45,16,16,30,28,2.07,171123983.12320948,73129910.0,1.04,-53.48,123617,186922,179897,-0.027
4939,ACI,Consumer Defensive,Grocery Stores,S&P 400,62.3,16,17,32,31,11.58,7719688713.834936,494534842.0,0.120799996,-49.17,12431117,9895525,8612381,0.077
4940,CNTY,Consumer Cyclical,Resorts & Casinos,NASDAQ,62.28,16,17,26,19,1.16,38313724.56300163,28171856.0,0.0034999999,-59.3,38409,79939,73571,0.052
4941,NSRX,Healthcare,Drug Manufacturers - General,NYSE ARCA,62.24,16,31,4,20,3.03,39348317.011487246,11710809.0,0.023699999,-69.67,11214,18634,30048,
4942,LAB,Healthcare,Medical Devices,NASDAQ,62.23,16,12,16,53,0.79,448923327.5428988,390368119.0,0.0548,-54.07,1829238,3917589,3859893,0.046
4943,PDSB,Healthcare,Biotechnology,NASDAQ,62.21,16,66,37,15,0.69,60280907.63534796,55815653.0,0.0342,-63.97,205265,397121,661959,
4944,BARK,Consumer Cyclical,Specialty Retail,NYSE,62.18,16,16,7,22,8.92,87194461.70861435,8641671.0,0.1356,-67.68,35042,88270,86016,-0.221
4945,BTBD,Consumer Cyclical,Restaurants,NASDAQ,62.08,16,14,82,18,1.2,6988738.090508938,6184724.0,0.0138,-78.57,13426,29352,43659,-0.12
4946,KLRS,Healthcare,Biotechnology,NASDAQ,62.07,16,25,55,94,3.34,125385304.60619831,23792278.0,0.096599996,-71.89,1255470,465393,307904,
4947,RENT,Consumer Cyclical,Apparel Retail,NASDAQ,62.03,16,10,28,87,3.53,132509087.39962673,33546604.0,0.0322,-65.15,57238,98016,97327,0.2
4948,XRTX,Healthcare,Biotechnology,NASDAQ,62.02,16,20,29,14,2.05,3980297.117480278,1730564.0,0.0354,-70.92,14950,14653,20976,
4949,VITL,Consumer Defensive,Farm Products,NASDAQ,61.99,16,7,5,19,13.82,428913034.3472328,42848454.0,0.4596,-73.99,1526040,2122400,2358254,0.154
4950,CAI,Healthcare,Biotechnology,NASDAQ,61.94,16,21,16,21,15.59,4726421026.298571,282680695.0,0.102,-63.32,3583753,3312227,3112200,0.788
4951,TMDX,Healthcare,Medical Devices,S&P 600,61.92,16,10,24,81,76.29,2322493113.72847,34560911.0,0.3691,-51.1,779530,984956,1086188,0.212
4952,UUU,Industrials,Building Products & Equipment,NYSE ARCA,61.91,16,59,93,93,3.16,20865413.77567005,3028362.0,0.0108,-61.79,13150,19713,27574,-0.996
4953,PNNT,Financial Services,Asset Management,NYSE,61.9,16,13,22,29,3.38,255307733.1444087,65296094.0,0.041500002,-55.11,583615,784651,835171,-0.187
4954,PSKY,Communication Services,Entertainment,S&P 500,61.9,16,23,24,25,8.07,11874425761.142424,1119173058.0,0.1508,-61.31,10733374,9964738,9094320,0.022
4955,INV,Financial Services,Asset Management,NASDAQ,61.86,16,73,93,19,2.96,447958500.4278946,84044748.0,0.1178,-62.34,2279375,1881668,2242967,5.442
4956,TOYO,Technology,Solar,NASDAQ,61.84,16,73,96,96,4.63,547883055.1123486,37758997.0,0.016,-71.96,694310,985806,840588,1.77
4957,PROK,Healthcare,Biotechnology,NASDAQ,61.81,16,80,56,72,1.54,375515483.5962163,205199713.0,0.1269,-78.4,993623,1418611,1252556,-0.017
4958,RPID,Healthcare,Medical Devices,NASDAQ,61.77,16,10,17,91,2.06,100141835.6148622,49821809.0,0.024400001,-58.3,211040,225523,198062,0.111
4959,NABL,Technology,Information Technology Services,S&P 600,61.77,16,9,18,16,4.34,696999681.9825768,188378290.0,0.0401,-51.99,1813813,2122374,2172412,0.131
4960,PMCB,Healthcare,Biotechnology,NASDAQ,61.73,16,29,18,17,0.59,8957825.506147206,10735649.0,0.0463,-60.93,111222,98724,137926,
4961,GOTU,Consumer Defensive,Education & Training Services,NYSE,61.71,16,14,14,20,1.61,424447693.0977831,238453764.0,0.0176,-61.02,293371,411917,514956,0.214
4962,EVI,Industrials,Industrial Distribution,NYSE ARCA,61.7,16,11,22,69,15.1,224694701.19797516,12869113.0,0.026800001,-56.63,59230,81636,65746,0.081
4963,DWTX,Healthcare,Biotechnology,NASDAQ,61.68,16,10,4,8,1.55,56833946.49429846,33629553.0,0.0092,-83.68,48906,88825,78149,
4964,BESS,Utilities,Utilities - Renewable,NYSE ARCA,61.67,16,40,3,99,3.01,27041752.723873615,7097573.0,0.005,-82.42,94707,274199,690561,
4965,DSS,Consumer Cyclical,Packaging & Containers,NYSE ARCA,61.66,16,9,8,83,0.54,4820408.532255471,10042518.0,0.038399998,-71.5,45796,89405,1795203,-0.126
4966,CLB,Energy,Oil & Gas Equipment & Services,NYSE,61.65,15,16,44,85,10.69,630141646.4568977,46096682.0,0.2618,-47.5,704686,1117572,886155,-0.014
4967,KD,Technology,Information Technology Services,S&P 400,61.62,15,8,7,16,13.35,2742379962.844494,219918196.0,0.1604,-69.8,3948023,4364117,4159502,-0.008
4968,LEU,Energy,Uranium,S&P 600,61.61,15,19,74,95,169.65,3589694745.194641,19672794.0,0.22569999,-63.46,752742,883224,885664,0.049
4969,KTOS,Industrials,Aerospace & Defense,S&P 400,61.47,15,14,36,95,48.64,12025656058.880981,187519984.0,0.080299996,-63.7,3469588,4962076,4789107,0.226
4970,WDH,Financial Services,Insurance - Diversified,NYSE,61.41,15,13,59,71,1.15,549731977.8102887,359301953.0,0.0007,-47.25,126150,196120,185702,1.055
4971,MIRA,Healthcare,Drug Manufacturers - General,NASDAQ,61.38,15,20,19,24,0.84,44543409.815476894,42022087.0,0.0105,-65.71,68062,70594,96034,
4972,CURI,Communication Services,Broadcasting,NASDAQ,61.38,15,16,24,48,2.45,169562529.78048325,59287600.0,0.0529,-65.73,343506,370922,472889,0.005
4973,SNAP,Communication Services,Internet Content & Information,NYSE,61.33,15,17,20,16,4.77,9462388996.355673,1657160934.0,0.1144,-54.18,34150050,41493810,40261268,0.121
4974,GLIBA,Communication Services,Telecom Services,NASDAQ,61.33,15,10,39,63,23.7,890280394.828434,39904994.0,0.0551,-43.4,69195,125711,112099,-0.038
4975,YDKG,Communication Services,Advertising Agencies,NASDAQ,61.27,15,6,4,0,0.95,4589226.777721703,5529189.0,0.026300002,-99.86,26090,63300,125444,
4976,NCTY,Financial Services,Capital Markets,NASDAQ,61.25,15,16,13,12,4.62,80336861.9157505,15273167.0,0.0108,-60.17,235277,105125,75661,1.335
4977,LI,Consumer Cyclical,Auto Manufacturers,NASDAQ,61.24,15,9,27,18,13.21,15240537006.187204,1015358879.0,0.041300002,-58.75,4076972,3812950,4686524,-0.114
4978,RYM,Consumer Defensive,Tobacco,NASDAQ,61.16,15,75,89,10,19.0,53653005.81293106,2149129.0,0.036199998,-64.59,11793,12271,11466,23.695
4979,TRON,Consumer Cyclical,Leisure,NASDAQ,61.14,15,11,92,90,1.57,948764128.0,474382064.0,0.028399998,-87.73,454140,807663,744414,0.087
4980,PSNY,Consumer Cyclical,Auto Manufacturers,NASDAQ,61.08,15,22,26,7,13.98,2111998170.618515,91507720.0,21.47,-67.18,179715,159535,159491,0.454
4981,INVE,Industrials,Building Products & Equipment,NASDAQ,61.08,15,16,83,30,2.67,98425466.91058922,24006212.0,0.016900001,-49.62,94472,273310,203638,0.407
4982,PRSO,Technology,Semiconductors,NASDAQ,61.01,15,19,38,25,0.67,16364290.650894642,14742604.0,0.0674,-71.73,265605,409845,555607,-0.751
4983,AWRE,Technology,Software - Application,NASDAQ,60.97,15,22,10,30,1.12,32902036.627133846,21646077.0,0.0041,-62.03,39933,38671,42794,-0.062
4984,GLIBK,Communication Services,Telecom Services,NASDAQ,60.95,15,9,38,64,23.28,892674749.2696037,39904994.0,0.0698,-43.46,451578,819226,882521,-0.038
4985,ODD,Consumer Defensive,Household & Personal Products,NASDAQ,60.95,15,9,3,12,16.99,775999187.3767147,57438873.0,0.1889,-78.54,666070,1242200,1558888,0.235
4986,MGX,Healthcare,Biotechnology,NASDAQ,60.86,15,18,18,15,1.21,51199727.41854262,37646858.0,0.0592,-69.37,160772,188354,179026,-0.698
4987,OCCI,Financial Services,Asset Management,NASDAQ,60.85,15,15,14,26,2.39,97445035.07594538,29088071.0,0.0128999995,-62.83,311616,278642,239209,0.092
4988,HIT,Technology,Software - Application,NASDAQ,60.85,15,16,75,13,1.07,65017771.06540096,65542109.0,0.0275,-73.38,52543,84007,188232,0.094
4989,FABC,Consumer Cyclical,Auto Manufacturers,NASDAQ,60.84,15,84,11,6,2.48,25980022.186888218,4856079.0,0.2216,-76.52,180073,468881,707918,
4990,PRT,Energy,Oil & Gas E&P,NYSE,60.78,15,12,19,28,2.12,24453121.20397854,12165732.0,0.0097,-50.47,30151,47767,60412,-0.273
4991,GYRO,Real Estate,Real Estate Services,NASDAQ,60.67,15,13,26,37,5.63,15505121.81948471,2199308.0,0.0001,-53.08,2653,907,1542,-0.018
4992,HTOO,Utilities,Utilities - Renewable,NASDAQ,60.64,15,14,14,11,2.68,12184295.534867525,3297509.0,0.0106,-78.78,4876,6768,15337,3.663
4993,GDEV,Communication Services,Electronic Gaming & Multimedia,NASDAQ,60.63,15,16,55,32,11.81,261548543.72045517,18150489.0,0.00059999997,-72.01,6186,4322,4083,-0.079
4994,CPNG,Consumer Cyclical,Internet Retail,NYSE,60.61,15,16,23,16,15.44,29798066421.362648,1795064201.0,0.0308,-54.69,17882313,19483391,22737052,0.075
4995,ACB,Healthcare,Drug Manufacturers - Specialty & Generic,NASDAQ,60.56,15,17,20,30,2.72,212855768.76124763,59126604.0,4.89,-59.19,1149491,1223173,1061346,0.068
4996,VNTG,Industrials,Marine Shipping,NYSE ARCA,60.56,15,8,10,9,0.67,22438413.044810295,31737500.0,0.0011999999,-91.25,31140,1459023,891446,
4997,ZJK,Industrials,Specialty Industrial Machinery,NASDAQ,60.54,15,18,49,10,1.8,185248084.48109722,64322249.0,0.002,-69.07,10130,22820,21406,0.455
4998,SPWH,Consumer Cyclical,Specialty Retail,NASDAQ,60.52,15,18,19,12,1.17,51418424.04318452,38953350.0,0.0161,-72.99,379890,433793,480104,-0.016
4999,AAPG,Healthcare,Biotechnology,NASDAQ,60.43,15,10,23,22,18.28,1867677713.5231934,93337216.0,0.12,-62.27,5985,15035,13093,1.17
5000,LNSR,Healthcare,Medical Devices,NASDAQ,60.39,15,12,5,39,5.35,70205104.70871735,12104328.0,0.108100004,-60.86,28277,88535,70459,-0.052
5001,BEEP,Industrials,Infrastructure Operations,NASDAQ,60.39,15,6,8,23,1.81,91035347.0113678,41192464.0,0.0242,-61.24,20797,85812,77751,-0.037
5002,FMST,Basic Materials,Other Industrial Metals & Mining,NASDAQ,60.38,15,12,33,70,1.44,28165403.71052742,16280580.0,0.0105,-74.91,224391,156167,128728,
5003,VSME,Communication Services,Advertising Agencies,NASDAQ,60.36,15,40,2,0,1.23,2476406.1204578876,2779356.0,0.0421,-98.08,184540,2386413,8040106,0.009
5004,RCAT,Industrials,Aerospace & Defense,NASDAQ,60.33,15,56,80,91,7.45,2178899876.5,150268957.0,0.2101,-60.33,7544025,9828155,13027117,8.491
5005,GTBP,Healthcare,Biotechnology,NASDAQ,60.32,15,12,4,7,0.32,17238067.578919888,36062904.0,0.057600003,-91.69,547050,1092743,1400476,
5006,JG,Technology,Software - Application,NASDAQ,60.28,15,8,28,25,5.18,35462641.463199615,5960108.0,0.0005,-59.53,9810,12610,9012,0.049
5007,RUN,Technology,Solar,S&P 600,60.23,15,55,44,92,9.63,3988543914.8412037,238549287.0,0.2987,-57.09,9357513,11495467,10232788,0.432
5008,CRK,Energy,Oil & Gas E&P,S&P 600,60.23,15,10,26,70,12.38,3914965418.1527863,293695832.0,0.27290002,-60.28,2351879,2575483,2658621,0.142
5009,DTSS,Technology,Software - Infrastructure,NASDAQ,60.18,15,11,9,10,0.84,8806949.924202502,10447153.0,0.0138,-66.4,24951,56870,350802,-0.365
5010,OPRX,Healthcare,Health Information Services,NASDAQ,60.17,15,8,8,32,6.34,97390740.3237462,18765075.0,0.1125,-71.51,212590,397640,389484,-0.095
5011,PLAY,Communication Services,Entertainment,NASDAQ,60.14,15,18,9,46,10.39,464465840.8743906,34739405.0,0.3439,-70.76,1360510,1838270,1765838,-0.009
5012,BFRG,Healthcare,Health Information Services,NASDAQ,60.08,15,9,17,5,0.58,14054571.758605838,18541651.0,0.0435,-71.57,139087,161882,229553,
5013,MTEK,Technology,Electronic Components,NASDAQ,60.02,15,11,13,22,1.05,12026296.332493305,9698626.0,0.036199998,-75.41,36357,303389,602925,-0.762
5014,OLLI,Consumer Defensive,Discount Stores,S&P 400,59.95,15,12,17,28,68.97,4951781262.60878,60661294.0,0.0856,-51.34,1547681,2311237,2265950,0.168
5015,ATCH,Financial Services,Capital Markets,NYSE ARCA,59.92,15,24,60,15,0.18,35179038.7217235,150337774.0,0.081499994,-90.62,5310419,2680269,2281999,0.652
5016,WRD,Technology,Software - Application,NASDAQ,59.87,15,14,32,20,5.81,2504574670.0728073,331731736.0,0.0399,-53.71,2110590,2431646,2660498,0.576
5017,NBP,Healthcare,Biotechnology,NASDAQ,59.85,15,14,70,95,1.75,212793253.0601853,115648505.0,0.095,-74.23,266887,626959,637781,
5018,DPRO,Technology,Computer Hardware,NASDAQ,59.79,15,57,44,95,4.1,272624656.6728473,36495939.0,0.1177,-71.53,772596,977785,1558505,0.494
5019,RBLX,Communication Services,Electronic Gaming & Multimedia,NYSE,59.72,15,15,13,16,49.5,33758398919.246864,715978745.0,0.038900003,-67.13,6860095,9478991,9989009,0.393
5020,AMSC,Industrials,Specialty Industrial Machinery,NASDAQ,59.65,15,58,90,23,28.75,2429554962.801647,47694445.0,0.08180001,-59.21,805022,853290,1090012,0.296
5021,LAES,Technology,Semiconductors,NASDAQ,59.61,15,48,21,69,2.34,775253520.7690768,222773999.0,0.085,-73.13,15498890,17318016,18061474,1.182
5022,KBSX,Consumer Cyclical,Leisure,NASDAQ,59.6,15,10,28,10,0.91,59986445.514226556,44766003.0,0.0094,-63.89,10904,18851,20056,0.362
5023,PASG,Healthcare,Biotechnology,NASDAQ,59.44,15,12,11,87,4.57,18509069.40881586,3207811.0,0.0633,-77.15,45420,117543,85028,
5024,HCKT,Technology,Information Technology Services,NASDAQ,59.44,15,12,12,20,10.57,290427860.3838415,25188887.0,0.0659,-59.49,326497,364455,370457,-0.11
5025,EBON,Technology,Computer Hardware,NASDAQ,59.41,14,19,15,15,2.1,13440518.898862839,6280616.0,0.0033000002,-64.41,1465,12295,11129,-0.213
5026,KG,Financial Services,Insurance - Reinsurance,NASDAQ,59.4,14,10,8,9,8.69,87942095.40922165,7824030.0,0.0475,-75.43,16107,24689,17111,11.12
5027,KRKR,Communication Services,Advertising Agencies,NASDAQ,59.37,14,9,13,24,2.78,6770168.431766033,1973810.0,0.0005,-86.99,13654,15658,26180,0.047
5028,UUUU,Energy,Uranium,NYSE ARCA,59.37,14,74,95,98,11.33,4552576568.429947,249867000.0,0.1575,-59.39,6937450,8435693,9290146,1.121
5029,NXTC,Healthcare,Biotechnology,NASDAQ,59.34,14,1,72,86,5.42,22394994.511047363,3612096.0,0.0161,-65.57,1354229,4242469,2601081,
5030,MWYN,Consumer Cyclical,"Furnishings, Fixtures & Appliances",NASDAQ,59.33,14,59,9,9,0.49,16317402.200148344,20194804.0,0.0119,-95.32,99456,179548,186751,1.219
5031,TRDA,Healthcare,Biotechnology,NASDAQ,59.29,14,27,90,88,5.83,274461761.7840004,38820616.0,0.060399998,-64.56,489930,401856,367388,-0.957
5032,AEYE,Technology,Software - Application,NASDAQ,59.28,14,12,12,11,6.07,95949425.05536318,12493415.0,0.0638,-62.97,74229,146473,125601,0.084
5033,NVNO,Healthcare,Medical Devices,NASDAQ,59.26,14,13,6,1,10.4,7564689.719060898,667669.0,0.107200004,-94.71,23933,19141,14920,
5034,XHLD,Communication Services,Broadcasting,NASDAQ,59.22,14,27,4,4,1.53,6357968.867848992,4477443.0,0.025999999,-88.64,523930,478133,306964,-0.137
5035,EVEX,Industrials,Aerospace & Defense,NYSE,59.21,14,14,13,24,2.45,1201650831.4084568,348304584.0,0.0923,-68.18,966147,1124539,1095141,
5036,AEC,Energy,Uranium,NASDAQ,59.18,14,13,28,82,4.16,88378985.78795624,18184976.0,0.0025,-66.69,23921,47587,49766,
5037,CLIR,Industrials,Pollution & Treatment Controls,NASDAQ,59.11,14,14,20,22,4.04,25060491.40942669,5412633.0,0.0058,-63.93,15512,14520,16852,-0.524
5038,MINE,Basic Materials,Gold,NYSE ARCA,59.09,14,11,14,28,2.38,208800715.51689148,67138496.0,0.74,-51.23,18009,40253,43869,
5039,MREO,Healthcare,Biotechnology,NASDAQ,59.07,14,6,3,1,0.31,54908803.360746056,159618609.0,0.0438,-89.84,827168,1293759,3580939,
5040,ADMA,Healthcare,Biotechnology,S&P 600,59.04,14,11,9,40,8.79,1849546270.1207137,231772715.0,0.105500005,-60.71,2704237,3272062,3277899,0.159
5041,HOLO,Technology,Electronic Components,NASDAQ,58.99,14,8,6,5,1.62,49719822.94807434,22912360.0,0.055,-83.78,259248,366516,525543,0.51
5042,TELA,Healthcare,Medical Devices,NASDAQ,58.98,14,20,18,11,0.67,43423162.90076971,44766146.0,0.0255,-69.55,39010,79340,93012,0.029
5043,IE,Basic Materials,Copper,NYSE ARCA,58.97,14,20,68,96,9.08,2130604847.818345,158291593.0,0.0639,-57.87,2289941,2436130,2262434,0.167
5044,TOVX,Healthcare,Biotechnology,NYSE ARCA,58.92,14,53,76,4,0.21,12849947.094708323,45892668.0,0.0885,-75.58,466690,2104503,7763088,
5045,ABVC,Healthcare,Biotechnology,NASDAQ,58.9,14,47,9,87,1.06,36660622.35214162,26000442.0,0.0128999995,-80.66,86924,173308,154292,
5046,OWLS,Technology,Software - Infrastructure,NASDAQ,58.89,14,9,10,3,5.34,512333800.6482611,88333411.0,1.66,-94.07,21315,21591,27587,0.017
5047,JFU,Technology,Information Technology Services,NASDAQ,58.87,14,31,85,97,2.0,36026401.366324425,11773334.0,0.00029999999,-78.9,1910,2410,5204,-0.176
5048,MENS,Healthcare,Biotechnology,NASDAQ,58.87,14,11,6,0,2.39,167260873.22528172,76027668.0,0.0058,-96.43,56897,115185,101623,
5049,BCYC,Healthcare,Biotechnology,NASDAQ,58.76,14,15,11,16,3.94,327414649.24463034,69811225.0,0.0695,-57.91,278157,523065,455335,-0.911
5050,LU,Financial Services,Credit Services,NYSE,58.75,14,8,14,29,1.54,1430036651.1365266,866688892.0,3.91,-66.3,532860,982316,1138596,-0.195
5051,MRM,Consumer Cyclical,Personal Services,NASDAQ,58.74,14,12,31,70,0.92,9008224.026961684,7901951.0,0.0095999995,-79.33,8633,48207,455956,-0.067
5052,PLSM,Healthcare,Medical Devices,NASDAQ,58.71,14,71,7,23,3.28,30238225.22015953,6502844.0,0.0076,-68.09,105618,2926102,1762125,5.783
5053,CFND,Financial Services,Asset Management,NYSE,58.7,14,8,9,9,3.25,23399997.59642172,6666666.0,0.17,-66.77,18853,32917,29808,
5054,SENS,Healthcare,Medical Devices,NASDAQ,58.68,14,21,19,18,4.91,354458130.3586149,52202965.0,0.1008,-60.97,422413,747437,667902,0.718
5055,MP,Basic Materials,Other Industrial Metals & Mining,S&P 400,58.55,14,66,84,92,41.28,11518035667.319366,178022198.0,0.16780001,-58.82,5824454,5022864,5643344,1.186
5056,GLOB,Technology,Information Technology Services,NYSE,58.54,14,7,8,15,35.11,1742726906.5147095,43179556.0,0.2005,-66.7,1607797,2202105,2077483,-0.007
5057,MAMO,Consumer Cyclical,Recreational Vehicles,NASDAQ,58.49,14,8,4,6,1.02,40433363.105246425,41640950.0,0.039300002,-81.75,86838,510616,340905,-0.147
5058,STLA,Consumer Cyclical,Auto Manufacturers,NYSE,58.47,14,12,17,38,5.76,23122112019.965576,2897507765.0,0.027,-52.86,17829260,19388936,18854652,0.065
5059,PEGA,Technology,Software - Application,S&P 400,58.45,14,10,17,16,29.53,5971056425.730343,167116051.0,0.139,-56.64,5479448,3397309,2740751,-0.096
5060,SBET,Financial Services,Capital Markets,NASDAQ,58.42,14,9,34,30,6.44,1204961753.6505642,197211412.0,0.1173,-92.21,8719970,10642053,9386024,15.251
5061,PTN,Healthcare,Biotechnology,NASDAQ,58.4,14,22,95,95,7.68,24945436.314487457,1779275.0,0.088199995,-75.23,11627,19755,16443,
5062,UPST,Financial Services,Credit Services,NASDAQ,58.38,14,32,13,15,27.82,3234094004.1365585,95711569.0,0.3196,-68.13,3198650,4025613,4298190,0.446
5063,ERII,Industrials,Pollution & Treatment Controls,NASDAQ,58.32,14,15,17,35,8.4,421124769.9625912,51545259.0,0.0417,-54.15,620087,965915,904461,0.203
5064,SNOA,Healthcare,Drug Manufacturers - Specialty & Generic,NASDAQ,58.32,14,5,3,38,1.14,3959851.5103104115,3473554.0,0.0078,-83.53,31960,132350,133780,0.22
5065,PCT,Industrials,Pollution & Treatment Controls,NASDAQ,58.31,14,37,19,47,6.17,2240899446.594572,180863550.0,0.39880002,-64.48,3964468,4860516,5573997,1.612
5066,CRE,Industrials,Specialty Business Services,NASDAQ,58.26,14,9,3,3,2.45,5316920.6112754345,2013985.0,0.0050999997,-97.6,28336,1482535,1096233,0.574
5067,LZM,Basic Materials,Other Industrial Metals & Mining,NYSE,58.22,14,33,71,71,3.19,478848835.5,91209302.0,0.0004,-50.16,398760,584003,601134,7.051
5068,FUTU,Financial Services,Capital Markets,NASDAQ,58.19,14,13,59,70,101.84,14590040323.376038,140194488.0,0.0715,-49.72,1527575,1609271,3948173,0.288
5069,CDXS,Healthcare,Biotechnology,NASDAQ,58.14,14,76,90,8,1.5,251783488.85628557,90896567.0,0.041300002,-61.24,2084854,1305874,1094382,1.021
5070,MIND,Technology,Scientific & Technical Instruments,NASDAQ,58.12,14,9,16,31,5.04,61351121.25,9089055.0,0.0644,-65.24,82445,92681,101183,-0.349
5071,GIBO,Communication Services,Internet Content & Information,NASDAQ,58.1,14,0,6,3,29.68,86606441.3845452,65117623.0,0.0011999999,-94.48,4802,5789,3931,
5072,SIEB,Financial Services,Capital Markets,NASDAQ,57.96,14,11,8,28,1.6,76150141.54566479,40940936.0,0.028800001,-72.27,23300,79610,70116,-0.193
5073,ATNM,Healthcare,Biotechnology,NYSE ARCA,57.94,14,18,22,25,0.87,39532492.14078474,31374994.0,0.0336,-55.27,80179,107206,116063,
5074,INLX,Technology,Software - Application,NYSE ARCA,57.78,14,12,16,18,5.4,28183612.294264793,4494994.0,0.00029999999,-62.94,1520,4886,3772,-0.08
5075,SNES,Basic Materials,Specialty Chemicals,NASDAQ,57.65,14,10,9,11,1.34,9174927.081154823,5303426.0,0.020499999,-78.53,54450,54866,52536,0.016
5076,SCNX,Healthcare,Pharmaceutical Retailers,NASDAQ,57.63,14,26,8,6,0.38,16780526.504268646,40630816.0,0.030299999,-85.38,445627,2744342,1809083,4.491
5077,DOMO,Technology,Software - Application,NASDAQ,57.61,14,7,5,7,3.76,188260483.10439682,45146398.0,0.097799994,-79.66,4844291,3752543,2544684,0.011
5078,WLDS,Technology,Consumer Electronics,NASDAQ,57.59,14,2,2,6,3.83,6186451.903175712,6546510.0,0.0514,-88.8,7798830,2950677,1799774,1.758
5079,SHAK,Consumer Cyclical,Restaurants,S&P 600,57.59,14,9,60,31,63.2,2594955476.4074707,40350732.0,0.1557,-56.31,1739870,1884530,2205720,0.143
5080,OSRH,Healthcare,Biotechnology,NASDAQ,57.5,14,6,39,11,0.46,15305777.451733947,35104995.0,0.095,-74.3,904253,719617,891302,-0.364
5081,USGO,Basic Materials,Other Industrial Metals & Mining,NASDAQ,57.48,14,19,76,82,7.49,136215081.45284653,13354420.0,0.0921,-58.34,44090,59423,59422,
5082,EGG,Industrials,Consulting Services,NYSE ARCA,57.48,14,81,77,67,3.81,211484288.15784454,27845200.0,0.002,-72.55,2068998,715279,470317,-0.403
5083,BMBL,Communication Services,Internet Content & Information,NASDAQ,57.42,14,17,34,9,3.01,413466812.5111084,130431168.0,0.1336,-65.16,2025897,3609459,3263001,-0.141
5084,AVAV,Industrials,Aerospace & Defense,S&P 400,57.41,13,10,20,71,156.35,10487395192.021957,50605071.0,0.12109999,-62.58,1429397,2060622,1741909,1.434
5085,ACHR,Industrials,Aerospace & Defense,NYSE,57.38,13,13,13,18,4.82,5195109782.338522,762864879.0,0.1617,-67.03,38097400,37130920,43741890,
5086,TLSA,Healthcare,Biotechnology,NASDAQ,57.38,13,22,18,61,0.97,179435370.46226823,127259131.0,0.038900003,-62.69,301170,239443,258008,
5087,AUST,Basic Materials,Gold,NYSE ARCA,57.37,13,15,26,82,0.96,18896341.314706683,13693001.0,0.0397,-75.51,29659,65686,91263,
5088,GELS,Healthcare,Drug Manufacturers - Specialty & Generic,NASDAQ,57.3,13,11,7,11,0.59,5237707.7718348205,10711059.0,0.017,-83.19,188117,2248395,4556589,0.594
5089,CNF,Financial Services,Mortgage Finance,NYSE,57.28,13,8,6,22,2.43,52766218.009269714,16858216.0,0.0002,-72.39,63954,27188,18090,
5090,OGI,Healthcare,Drug Manufacturers - Specialty & Generic,NASDAQ,57.26,13,14,43,62,0.95,160483523.06619716,140775022.0,4.93,-57.59,289618,484419,505121,-0.089
5091,EHGO,Industrials,Business Equipment & Supplies,NASDAQ,57.25,13,10,4,5,2.25,3337304.8017772436,2022609.0,0.010199999,-88.18,9377680,15699803,9464950,0.161
5092,GLMD,Healthcare,Biotechnology,NASDAQ,57.22,13,16,9,6,0.53,4976139.169498324,6599654.0,0.009,-77.35,1856518,703786,920769,
5093,NCL,Consumer Cyclical,"Furnishings, Fixtures & Appliances",NYSE ARCA,57.17,13,7,6,0,0.16,9027157.82229583,53733083.0,0.003,-99.84,0,150943,326790,0.443
5094,PLG,Basic Materials,Other Precious Metals & Mining,NYSE ARCA,57.1,13,15,33,93,1.24,221945288.25,126825879.0,0.0505,-69.31,781942,926727,1234328,
5095,BCHT,Industrials,Pollution & Treatment Controls,NYSE ARCA,57.09,13,17,7,57,1.4,45246262.272619724,26305966.0,0.002,-70.83,76371,126853,126086,-0.319
5096,LEXX,Healthcare,Biotechnology,NASDAQ,57.08,13,16,17,15,0.54,14922042.444721699,24787446.0,0.016,-65.16,84541,70583,77052,-0.885
5097,BGMS,Healthcare,Biotechnology,NASDAQ,57.02,13,5,6,2,0.89,6071401.731594086,5519456.0,0.0063,-96.59,37831,123917,2868862,
5098,LITS,Healthcare,Biotechnology,NASDAQ,57.0,13,10,12,7,0.97,34365451.67551041,34025200.0,0.0026,-89.22,160720,273203,382510,
5099,BCTX,Healthcare,Biotechnology,NASDAQ,56.99,13,5,10,4,3.47,26391773.440606356,7250487.0,0.064899996,-90.6,77818,140102,219643,
5100,KTTA,Healthcare,Biotechnology,NASDAQ,56.96,13,12,20,24,0.45,23891329.443671227,33414448.0,0.009,-78.16,384257,1231792,920835,
5101,SSM,Consumer Cyclical,Auto Manufacturers,NASDAQ,56.83,13,11,27,25,4.18,5572228.390714645,1464834.0,0.028399998,-84.92,9580,8486,8028,
5102,BMRA,Healthcare,Medical Devices,NASDAQ,56.82,13,14,19,18,1.6,7385743.234182119,3090269.0,0.0334,-65.22,5836,10812,13541,-0.118
5103,SILO,Healthcare,Biotechnology,NASDAQ,56.81,13,30,30,7,4.46,6962102.282417357,16266594.0,0.0466,341.58,32390,293913,187943,0.0
5104,EAF,Industrials,Electrical Equipment & Parts,NYSE,56.76,13,11,17,90,7.68,259957381.3762474,26047835.0,0.026099999,-62.2,451053,428491,354674,0.119
5105,AAME,Financial Services,Insurance - Life,NASDAQ,56.72,13,13,66,76,1.6,44058014.23070812,20397228.0,0.0011,-56.87,11288,12649,14105,0.208
5106,BMNR,Financial Services,Capital Markets,NYSE,56.72,13,57,61,87,17.57,10975745562.861576,569576819.0,0.0463,-89.09,38094127,38999919,38213447,6.278
5107,MLCI,Financial Services,Asset Management,NASDAQ,56.72,13,17,23,90,3.27,35580282.98693085,11188768.0,0.0112,-62.59,8388,27849,29765,-0.664
5108,TANH,Consumer Defensive,Household & Personal Products,NASDAQ,56.72,13,4,3,6,0.43,5842939.283778012,13683699.0,0.027,-83.4,203800,414423,374502,-0.045
5109,CRCL,Financial Services,Capital Markets,NYSE,56.69,13,15,48,9,64.32,28089091390.0,248576030.0,0.080299996,-78.49,10879832,13620740,13485996,0.2
5110,ACDC,Energy,Oil & Gas Equipment & Services,NASDAQ,56.67,13,61,85,30,3.71,1105425824.9855266,180920753.0,0.0481,-65.33,1473545,1479258,1474837,-0.251
5111,TDTH,Technology,Information Technology Services,NASDAQ,56.65,13,1,1,10,2.89,12127462.17498231,4718857.0,0.0174,-96.41,95960,2684843,1673610,0.436
5112,SOUN,Technology,Software - Application,NASDAQ,56.61,13,16,20,13,6.24,3894926715.0,432769635.0,0.3806,-71.85,39077380,31026050,28864290,0.517
5113,SMMT,Healthcare,Biotechnology,NASDAQ,56.61,13,17,68,14,12.55,13613893503.898125,776162645.0,0.2211,-59.49,4047230,4721436,5390690,
5114,HIND,Healthcare,Biotechnology,NASDAQ,56.56,13,11,8,1,1.99,16423354.91759491,7018528.0,0.0273,-94.0,11375,16311,19519,-0.841
5115,BTBT,Financial Services,Capital Markets,NASDAQ,56.31,13,51,11,14,1.3,705364641.7397213,349190420.0,0.1717,-71.43,24833839,27679376,26372633,0.109
5116,LUD,Basic Materials,Steel,NYSE ARCA,56.3,13,26,42,79,4.14,128198502.16388702,22690000.0,0.0097,-82.89,20477,29582,108883,-0.177
5117,AIMD,Technology,Scientific & Technical Instruments,NASDAQ,56.29,13,32,15,17,1.31,17527610.802804947,7364542.0,0.0064999997,-70.89,46657,48349,449129,-0.998
5118,SY,Healthcare,Health Information Services,NASDAQ,56.28,13,7,87,93,1.96,195741730.18650913,100380372.0,0.0353,-68.79,258000,380316,611552,0.456
5119,GRNQ,Industrials,Consulting Services,NASDAQ,56.28,13,22,93,88,1.19,25967698.151863575,18033123.0,0.0004,-62.58,6950,32050,22592,0.149
5120,CALC,Healthcare,Biotechnology,NASDAQ,56.28,13,36,5,2,0.72,12906990.882547796,15798031.0,0.027999999,-90.0,246973,2382627,1562272,
5121,FWRD,Industrials,Integrated Freight & Logistics,NASDAQ,56.25,13,14,33,83,14.78,334592984.26720047,31625046.0,0.15,-54.48,859215,1062935,1165213,-0.051
5122,ORCL,Technology,Software - Infrastructure,S&P 500,56.25,13,21,26,19,119.96,649353662369.2017,2876046000.0,0.0212,-65.3,36800361,35816687,31819136,0.217
5123,AIFF,Technology,Software - Application,NASDAQ,56.22,13,10,89,4,1.11,27562050.302991867,15571780.0,0.0684,-70.56,103854,136128,225784,10.279
5124,PSNYW,Consumer Cyclical,Auto Manufacturers,NASDAQ,56.21,13,4,15,5,2.37,28395357596.866825,9309953456.0,0.71,-83.54,373489,127089,79199,0.454
5125,STFS,Communication Services,Advertising Agencies,NASDAQ,56.19,13,97,8,4,3.63,12391135.51661396,1193751.0,0.0226,-96.51,529040,240696,221332,-0.027
5126,GXAI,Communication Services,Electronic Gaming & Multimedia,NASDAQ,56.19,13,28,32,87,0.84,12059521.583943129,10219934.0,0.0168,-71.62,288093,321031,2635098,75.242
5127,NPWR,Industrials,Specialty Industrial Machinery,NYSE,56.15,13,22,19,16,1.43,177651439.1671064,88383801.0,0.041100003,-72.5,715797,779839,791107,
5128,MBIO,Healthcare,Biotechnology,NASDAQ,56.09,13,16,12,8,0.63,5076928.476463258,7577505.0,0.008,-91.0,29007,41022,154983,
5129,WING,Consumer Cyclical,Restaurants,S&P 400,56.05,13,18,10,54,134.87,4274421701.715744,27232553.0,0.1919,-65.25,1083640,1139123,1192484,0.074
5130,AMCI,Technology,Computer Hardware,NASDAQ,56.0,13,9,29,11,4.78,108481746.71067715,22600363.0,0.0804,-88.62,195203,176914,132104,-0.339
5131,NA,Technology,Semiconductors,NASDAQ,55.98,13,5,5,13,1.76,61981622.07109451,23214090.0,0.060599998,-94.41,26015,46055,99981,0.181
5132,QSI,Healthcare,Medical Devices,NASDAQ,55.97,13,22,17,15,0.76,259134606.43033648,217760163.0,0.1312,-75.48,2434076,4331545,5217901,-0.694
5133,UONE,Communication Services,Broadcasting,NASDAQ,55.96,13,11,4,21,5.22,29769963.239307404,4517445.0,0.1694,-72.53,5540,16870,22244,-0.158
5134,SOS,Financial Services,Capital Markets,NYSE,55.95,13,13,10,9,0.98,17302243.248167038,16170320.0,0.0482,-89.82,25690,27616,26916,-0.621
5135,JOBY,Industrials,Airports & Air Services,NYSE,55.95,13,22,25,35,7.27,11705349563.57003,983642852.0,0.1297,-65.3,58426906,50589205,42074171,
5136,NTHI,Healthcare,Biotechnology,NASDAQ,55.92,13,13,10,82,3.49,120700947.56687164,26013136.0,0.02,-73.13,66714,88151,83258,
5137,CVRX,Healthcare,Medical Devices,NASDAQ,55.92,13,18,36,18,4.95,148070565.49546814,26535944.0,0.1007,-56.19,260727,274959,297043,0.196
5138,NXB,Consumer Cyclical,Auto & Truck Dealerships,NYSE ARCA,55.92,13,35,22,16,1.97,66247384.18409157,24999012.0,0.0049,-49.49,39707,43539,41079,0.096
5139,SQFTP,Real Estate,REIT - Diversified,NASDAQ,55.87,13,9,35,4,5.83,,,0.11,-63.54,2920,3013,2666,-0.085
5140,BATL,Energy,Oil & Gas E&P,NYSE ARCA,55.82,13,18,96,96,1.28,31927332.09994054,22018849.0,0.8285,-95.69,14518070,16613663,18003814,-0.35
5141,CRML,Basic Materials,Other Industrial Metals & Mining,NASDAQ,55.81,13,93,98,98,5.66,1643359071.2137613,146728491.0,0.2523,-82.4,6086182,5399800,6483060,0.578
5142,BUR,Financial Services,Asset Management,NYSE,55.8,13,10,6,21,4.36,1016481592.3510909,219069315.0,0.0654,-71.13,1823028,2151769,2293785,
5143,NUS,Consumer Defensive,Household & Personal Products,NYSE,55.77,12,10,23,80,5.25,281107642.11794376,48550543.0,0.064899996,-64.09,504486,763592,731355,-0.12
5144,SKIN,Consumer Defensive,Household & Personal Products,NASDAQ,55.76,12,9,11,45,0.7,100310429.53864336,129600040.0,0.3482,-73.98,845000,4437340,3087982,-0.067
5145,BDTX,Healthcare,Biotechnology,NASDAQ,55.75,12,15,57,33,1.76,127209939.9194169,57301774.0,0.13229999,-64.37,693960,1658930,1910620,
5146,AMTX,Basic Materials,Specialty Chemicals,NASDAQ,55.74,12,15,93,26,1.48,179434512.9946649,70366477.0,0.0714,-61.05,1052514,1287034,1239134,0.274
5147,ZTS,Healthcare,Drug Manufacturers - Specialty & Generic,S&P 500,55.74,12,8,24,22,77.51,32569833510.926147,419228118.0,0.036,-55.0,5666350,6496316,6791942,0.029
5148,ALVO,Healthcare,Drug Manufacturers - Specialty & Generic,NASDAQ,55.73,12,17,7,18,3.1,1048482228.3848314,312048292.0,0.0219,-73.84,585259,854276,815209,-0.202
5149,SOBR,Technology,Scientific & Technical Instruments,NASDAQ,55.68,12,12,2,2,0.61,3199500.0198515654,2806579.0,0.128,-88.47,20098090,16707850,10131828,-0.088
5150,ARRY,Technology,Solar,NASDAQ,55.65,12,32,43,91,5.1,1396743500.5039787,153826378.0,0.235,-58.3,7381715,6596581,6301851,-0.261
5151,TYGO,Technology,Solar,NASDAQ,55.61,12,67,98,97,1.59,308956944.6109514,75910794.0,0.014099999,-70.15,1017470,1510023,1179638,0.337
5152,CWH,Consumer Cyclical,Auto & Truck Dealerships,NYSE,55.58,12,21,12,28,6.28,465600011.8738251,63519784.0,0.1975,-68.02,2651714,2400354,2422660,-0.042
5153,FWDI,Consumer Cyclical,Footwear & Accessories,NASDAQ,55.53,12,13,9,10,4.0,350994571.0559778,74679699.0,0.0305,-91.3,891937,1519775,1313439,3.15
5154,AISP,Technology,Software - Infrastructure,NASDAQ,55.5,12,18,10,13,1.93,104007476.58311749,34439562.0,0.18200001,-73.19,310986,546185,623047,0.155
5155,NEXM,Basic Materials,Other Industrial Metals & Mining,NASDAQ,55.48,12,11,10,22,2.12,101597264.00032616,35648164.0,3.45,-79.52,34753,29394,31954,
5156,HXHX,Industrials,Integrated Freight & Logistics,NASDAQ,55.43,12,8,21,5,0.42,6875000.0,13750000.0,0.0135,-80.09,35915,649638,2178833,-0.065
5157,CRWV,Technology,Software - Infrastructure,NASDAQ,55.38,12,54,83,75,67.3,59756319331.40057,545570346.0,0.1714,-64.01,24730922,27891644,28076274,1.116
5158,PRCT,Healthcare,Medical Devices,NASDAQ,55.33,12,13,12,13,18.08,1498673158.1774368,56918844.0,0.12149999,-72.95,1564011,1750457,1571994,0.202
5159,INTU,Technology,Software - Application,S&P 500,55.3,12,5,12,14,312.99,90685721276.09253,273537000.0,0.0462,-61.53,3836872,4971827,5907836,0.104
5160,LIVE,Consumer Cyclical,Home Improvement Retail,NASDAQ,55.26,12,12,23,89,9.56,31484474.0,3071656.0,0.0044,-62.39,9696,10908,10161,-0.038
5161,ASST,Financial Services,Asset Management,NASDAQ,55.25,12,14,21,16,11.98,1338841115.9907284,75769163.0,0.2048,-95.25,2676202,3905234,4378848,0.882
5162,BQ,Consumer Cyclical,Specialty Retail,NYSE ARCA,55.17,12,10,3,9,0.82,3547488.160441816,4379615.0,0.0194,-98.54,94614,442988,1516604,-0.167
5163,AGMH,Technology,Computer Hardware,NASDAQ,55.1,12,15,4,5,0.79,3241492.6332648993,2298931.0,0.0241,-95.64,56445,69668,180829,4.307
5164,RC,Real Estate,REIT - Mortgage,NYSE,55.03,12,17,13,10,1.45,294089941.65304446,165219071.0,0.1391,-69.47,1378329,1513466,1565535,
5165,AIRO,Industrials,Aerospace & Defense,NASDAQ,54.98,12,9,8,8,6.8,282381868.72532654,31445644.0,0.09689999,-82.6,347948,436212,546071,-0.245
5166,ELBM,Basic Materials,Other Industrial Metals & Mining,NASDAQ,54.9,12,15,9,24,0.51,68834741.59141076,105413081.0,0.0123000005,-94.14,287074,381954,608244,
5167,YSXT,Industrials,Specialty Business Services,NASDAQ,54.88,12,11,9,5,0.88,28997798.936367035,27882500.0,0.0004,-91.16,81140,363553,223798,0.202
5168,WIX,Technology,Software - Infrastructure,NASDAQ,54.81,12,4,12,8,58.55,2346083644.1315575,41849511.0,0.24239999,-69.33,1281690,1362206,1640372,0.143
5169,ARCT,Healthcare,Biotechnology,NASDAQ,54.8,12,18,31,14,5.75,225110708.64850807,28423069.0,0.2877,-76.21,472609,522006,477535,-0.93
5170,AMST,Technology,Software - Application,NASDAQ,54.8,12,7,6,14,0.95,8252708.654635549,5852985.0,0.0735,-80.13,124165,106795,3851989,1.715
5171,OGEN,Healthcare,Biotechnology,NYSE ARCA,54.8,12,15,7,6,0.5,2752293.8345440626,4511957.0,0.1457,-94.79,25243,33811,40612,
5172,SIGA,Healthcare,Drug Manufacturers - Specialty & Generic,NASDAQ,54.8,12,11,20,55,3.34,335668761.64774275,71724097.0,0.0714,-65.28,1001230,774353,650890,-0.113
5173,BRIA,Consumer Cyclical,Apparel Retail,NYSE ARCA,54.79,12,18,22,25,1.12,40000000.59604645,25000000.0,0.0004,-77.37,250839,125139,88843,-0.103
5174,QCLS,Technology,Computer Hardware,NASDAQ,54.79,12,21,13,11,2.84,34319483.831246376,7853429.0,1.1936,-91.55,186935,233651,323811,
5175,INAB,Healthcare,Biotechnology,NASDAQ,54.77,12,19,12,18,1.11,18414058.346954584,9847090.0,0.0184,-73.57,54041,46940,57382,
5176,BRTX,Healthcare,Biotechnology,NASDAQ,54.69,12,14,1,13,0.27,12178565.361382902,25478171.0,0.0257,-86.8,289554,433148,12516320,-0.547
5177,APRE,Healthcare,Biotechnology,NASDAQ,54.64,12,20,15,5,0.61,11057819.050663948,12382776.0,0.0127,-72.52,40197,73149,100841,
5178,CNEY,Basic Materials,Specialty Chemicals,NASDAQ,54.63,12,16,6,5,0.59,8203307.0,8203307.0,0.0312,-80.91,4282770,3919373,3218474,-0.024
5179,DOCS,Healthcare,Health Information Services,S&P 400,54.58,12,8,7,10,21.44,3913461736.03985,182872047.0,0.12149999,-71.98,2887443,3305817,3683502,0.051
5180,MTR,Energy,Oil & Gas E&P,NYSE,54.55,12,11,34,30,2.88,7063006.028909683,1863590.0,0.0019,-72.36,5754,11168,9720,0.588
5181,ABR,Real Estate,REIT - Mortgage,S&P 600,54.54,12,11,27,18,5.09,1106076917.25,192361203.0,0.0002,-59.54,3128329,3784446,4123285,-0.103
5182,ANGI,Communication Services,Internet Content & Information,NASDAQ,54.44,12,9,8,26,6.24,237025379.16039276,40448016.0,0.1317,-67.87,509887,802029,991945,-0.032
5183,BSX,Healthcare,Medical Devices,S&P 500,54.41,12,7,9,28,46.06,71805820738.68822,1486355179.0,0.0212,-57.94,17684227,19344532,20705055,0.116
5184,LAC,Basic Materials,Other Industrial Metals & Mining,NYSE,54.4,12,31,88,88,2.77,1829035523.7719707,351062478.0,0.08180001,-73.67,8574505,9495958,10677349,
5185,IMTE,Technology,Electronic Components,NASDAQ,54.39,12,10,8,17,0.45,1792145.6142644882,3446434.0,0.012999999,-70.78,21667,121682,98575,
5186,IDN,Technology,Software - Application,NASDAQ,54.36,12,14,94,87,3.64,89510398.36504555,20251221.0,0.0405,-59.91,224948,310659,382055,0.129
5187,BGI,Consumer Cyclical,Luxury Goods,NYSE ARCA,54.35,12,11,15,29,0.49,12344653.346565247,19594688.0,0.0111,-68.79,365999,153219,379569,0.162
5188,TGEN,Industrials,Electrical Equipment & Parts,NYSE ARCA,54.27,12,79,60,19,3.1,185790483.0612793,29917952.0,0.0523,-74.32,283500,249636,340462,-0.129
5189,MIST,Healthcare,Biotechnology,NASDAQ,54.22,12,29,60,69,1.07,176787126.25712633,124497980.0,0.065799996,-65.03,1059560,1318250,1275860,
5190,HUDI,Basic Materials,Steel,NASDAQ,54.2,12,14,32,31,0.75,14284883.002096295,14299182.0,0.0155,-86.26,23737,31159,205273,-0.099
5191,TAOX,Technology,Software - Infrastructure,NASDAQ,54.18,12,14,72,34,3.38,31382108.774842262,7471931.0,0.0773,-71.79,99980,101203,115114,
5192,NTRB,Healthcare,Biotechnology,NASDAQ,54.17,12,12,12,15,2.95,42424380.78592849,12155983.0,0.0354,-74.74,12719,13623,12427,-0.376
5193,SMPL,Consumer Defensive,Packaged Foods,S&P 600,54.12,12,12,9,13,10.64,1066466991.4975891,92575256.0,0.1114,-69.73,2629020,2678653,2445684,-0.094
5194,BKKT,Technology,Software - Infrastructure,NYSE,53.98,12,23,14,24,7.47,485964258.7636986,44706924.0,0.2035,-85.0,921184,1218141,1720634,-0.771
5195,BTAI,Healthcare,Drug Manufacturers - Specialty & Generic,NASDAQ,53.91,12,26,18,15,0.85,36126796.52487695,30877605.0,0.1173,-89.48,518866,1180362,984981,0.226
5196,LOT,Consumer Cyclical,Auto Manufacturers,NASDAQ,53.79,12,19,26,12,0.89,828546775.720536,647302183.0,0.006,-67.64,83547,96095,93117,-0.398
5197,DRMA,Healthcare,Biotechnology,NASDAQ,53.75,12,13,5,4,1.24,5228785.708209276,4022143.0,0.0364,-84.5,42185,79165,69583,
5198,BMGL,Healthcare,Medical Care Facilities,NASDAQ,53.69,12,15,7,3,6.37,11158735.159605742,18785750.0,0.0029,-32.23,13512,30209,76492,0.273
5199,DTCX,Financial Services,Financial Data & Stock Exchanges,NASDAQ,53.68,12,8,10,5,1.84,89798073.83563328,38873626.0,0.039,-88.84,108027,203062,237837,12.652
5200,INSG,Technology,Communication Equipment,NASDAQ,53.65,12,28,94,39,6.82,213550393.9772787,16276707.0,0.1269,-68.86,275542,252940,334946,0.084
5201,EVGO,Consumer Cyclical,Specialty Retail,NASDAQ,53.62,12,16,13,24,1.63,313151794.3357408,141059365.0,0.3364,-68.53,3494196,3570772,3950793,0.455
5202,TSSI,Technology,Information Technology Services,NASDAQ,53.59,11,32,81,15,9.24,462658782.0287628,28073956.0,0.18200001,-71.07,777310,801590,1119000,-0.441
5203,TIGR,Financial Services,Capital Markets,NASDAQ,53.59,11,8,16,29,4.8,917598789.9648523,178521170.0,0.053400002,-64.58,1899900,2102963,4926230,0.458
5204,VTSI,Technology,Software - Application,NASDAQ,53.46,11,13,24,21,3.0,38782616.30481601,11306885.0,0.008,-59.84,39140,44133,47460,-0.515
5205,NXL,Healthcare,Medical Devices,NASDAQ,53.42,11,11,5,5,0.33,13139804.128141642,21540662.0,0.0297,-83.5,275408,261536,731783,-0.636
5206,ZG,Communication Services,Internet Content & Information,NASDAQ,53.41,11,8,13,21,33.81,8090432141.249542,228801810.0,0.1578,-62.52,1021760,1228653,1263468,0.184
5207,UFG,Industrials,Marine Shipping,NASDAQ,53.32,11,14,8,8,0.7,22270989.659428596,32465000.0,0.010299999,-93.64,31000,200050,435920,0.843
5208,ABAT,Industrials,Waste Management,NASDAQ,53.29,11,50,69,94,2.18,492456002.179559,136414409.0,0.1689,-81.03,2817327,3682442,6256445,6.971
5209,SPRY,Healthcare,Biotechnology,NASDAQ,53.29,11,23,16,28,5.67,900680556.0350494,99303262.0,0.3765,-70.0,2550340,2186843,1991994,1.845
5210,ALDX,Healthcare,Biotechnology,NASDAQ,53.27,11,16,4,73,1.58,105561869.0,60321068.0,0.12979999,-74.41,1269564,1790541,1498540,
5211,PLCE,Consumer Cyclical,Apparel Manufacturing,NASDAQ,53.2,11,17,12,14,2.51,92845654.5870781,22211880.0,0.33009997,-73.74,287073,315904,534364,-0.194
5212,OIO,Financial Services,Asset Management,NASDAQ,53.16,11,1,1,89,1.97,689083780.4779949,348022108.0,0.0023999999,-84.8,188781,82180,68882,
5213,PONY,Technology,Information Technology Services,NASDAQ,53.14,11,8,17,36,7.58,4348421660.821916,433541553.0,0.074499995,-69.58,3341158,3702852,4454073,1.45
5214,HUIZ,Financial Services,Insurance Brokers,NASDAQ,53.12,11,8,14,17,1.24,14350627.48629427,10106076.0,0.0219,-72.63,10671,12720,12176,0.577
5215,SINT,Healthcare,Medical Devices,NASDAQ,53.02,11,11,15,52,1.56,9675185.001191854,4319279.0,0.0539,-76.99,22010,35506,50618,0.03
5216,LFT,Real Estate,REIT - Mortgage,NYSE,52.95,11,11,17,17,0.79,55061433.64949155,52439463.0,0.0505,-70.19,232289,360053,284557,2.085
5217,ARBE,Technology,Scientific & Technical Instruments,NASDAQ,52.95,11,23,11,15,0.65,134914720.22419775,122649743.0,0.0733,-77.43,1025320,1802160,2904730,3.626
5218,REAX,Real Estate,Real Estate Services,NASDAQ,52.81,11,8,9,21,1.72,386299292.9665632,214610724.0,4.12,-68.18,3670252,4151644,3844196,0.315
5219,CHR,Communication Services,Advertising Agencies,NASDAQ,52.77,11,4,2,0,1.93,3233511.7057197094,1562083.0,0.0535,-99.38,96557,179005,216339,0.022
5220,AIIR,Consumer Defensive,Tobacco,NASDAQ,52.76,11,11,41,35,6.0,1206107243.9808683,160386602.0,,-60.78,18397,12282,13189,
5221,BRFH,Consumer Defensive,Beverages - Non-Alcoholic,NASDAQ,52.75,11,13,24,29,1.64,37130051.530217886,16143501.0,0.002,-73.03,8273,7661,8938,0.945
5222,AFJK,Financial Services,Shell Companies,NASDAQ,52.74,11,88,98,99,12.0,132985944.0,3166332.0,0.0023999999,-90.8,24242,24444,15798,
5223,METCB,Basic Materials,Coking Coal,NASDAQ,52.74,11,24,24,75,6.78,750162688.0473423,65174863.0,0.0067000003,-68.97,55212,75784,59633,-0.097
5224,KMRK,Consumer Cyclical,Leisure,NASDAQ,52.73,11,7,92,47,1.07,46420001.006126404,21100000.0,0.0018000001,-80.55,83899,916166,1010039,-0.123
5225,PRIM,Industrials,Engineering & Construction,S&P 600,52.73,11,21,92,90,78.9,6824185658.070831,54254935.0,0.08939999,-61.61,1420585,2074168,2133115,-0.054
5226,BCDA,Healthcare,Biotechnology,NASDAQ,52.72,11,26,16,13,0.78,10578493.401358366,11374724.0,0.025799999,-68.16,247465,811115,3774555,
5227,FKWL,Technology,Communication Equipment,NASDAQ,52.72,11,11,25,27,2.31,34999311.937150955,11784280.0,0.0016,-57.85,26993,31314,37964,-0.57
5228,CSGP,Real Estate,Real Estate Services,S&P 500,52.58,11,6,7,15,30.33,13149054334.550686,408355715.0,0.046,-68.87,7217402,7327527,7786000,0.225
5229,Z,Communication Services,Internet Content & Information,NASDAQ,52.57,11,8,12,20,33.67,8008063350.0,228801810.0,0.093,-64.14,3177870,3902140,4457532,0.184
5230,TWG,Consumer Defensive,Food Distribution,NASDAQ,52.54,11,5,9,7,2.57,71002217.5671277,25913218.0,0.0081,-90.25,11900,18646,33526,13.264
5231,ATXG,Industrials,Integrated Freight & Logistics,NASDAQ,52.52,11,9,18,12,3.52,3241245.5244841576,781023.0,0.0685,-81.95,5005,5081,9543,0.128
5232,ARQ,Industrials,Pollution & Treatment Controls,NASDAQ,52.45,11,14,8,12,1.95,118476471.6706233,42926258.0,0.047399998,-75.29,218090,402770,338528,0.066
5233,FGNX,Financial Services,Asset Management,NASDAQ,52.42,11,8,3,3,6.89,54534024.458841324,6261082.0,0.0553,-96.66,128709,131563,129899,-0.025
5234,TMC,Basic Materials,Other Industrial Metals & Mining,NASDAQ,52.42,11,18,37,94,3.59,2620987967.5303745,433221138.0,0.1129,-68.37,3802210,4432153,5259382,
5235,MOBX,Technology,Semiconductors,NASDAQ,52.34,11,5,14,2,1.96,38250954.3199563,15937897.0,0.338,-86.39,2624479,1203383,2335515,-0.614
5236,RDHL,Healthcare,Drug Manufacturers - Specialty & Generic,NASDAQ,52.33,11,19,19,15,0.73,5191260.0,5191260.0,0.0043,-77.95,65465,126861,255535,
5237,CD,Financial Services,Capital Markets,NASDAQ,52.18,11,29,28,20,3.07,653822437.6335144,79443800.0,0.0332,-91.65,150906,339425,295291,19.249
5238,IPX,Basic Materials,Other Industrial Metals & Mining,NASDAQ,52.14,11,24,28,90,22.19,1403692534.2343597,33938407.0,0.0233,-63.89,279528,354119,298409,
5239,SWVL,Industrials,Railroads,NASDAQ,52.12,11,13,19,10,1.37,17138671.96508217,9964344.0,0.0031,-71.98,20080,36900,32146,
5240,GAME,Communication Services,Electronic Gaming & Multimedia,NASDAQ,52.12,11,49,43,8,0.36,38509354.403986216,93696723.0,0.0661,-87.46,756459,864023,1200405,1.424
5241,JFB,Real Estate,Real Estate - Development,NASDAQ,52.07,11,34,72,99,3.45,88610871.21648788,15330600.0,10.7152,-80.34,225133,311814,449442,1.145
5242,QNRX,Healthcare,Biotechnology,NASDAQ,51.96,11,8,25,27,4.2,10162594.9650774,2008418.0,0.0399,-89.95,10101,468427,295398,
5243,FLY,Industrials,Aerospace & Defense,NASDAQ,51.96,11,37,54,14,19.32,7449335507.279491,160235217.0,0.097799994,-73.82,3574724,5061094,6878044,0.448
5244,TNXP,Healthcare,Biotechnology,NASDAQ,51.96,11,17,12,21,9.94,196547609.11382866,15940601.0,0.1471,-85.79,508750,536300,547658,1.832
5245,TWAV,Financial Services,Asset Management,NASDAQ,51.8,11,12,20,7,1.21,4700362.689440608,3456149.0,0.0093,-78.0,42350,95696,1487176,0.137
5246,NMG,Basic Materials,Other Industrial Metals & Mining,NYSE,51.77,11,14,50,73,1.34,641772959.1933942,329114330.0,8.76,-77.89,580852,623134,874114,
5247,SQFT,Real Estate,REIT - Diversified,NASDAQ,51.68,11,13,35,5,2.3,3994943.358886242,1437030.0,0.0427,-90.0,2120,5380,8176,-0.085
5248,ESLA,Healthcare,Biotechnology,NASDAQ,51.6,11,30,84,24,0.75,46907309.95642233,43034228.0,0.0056,-76.19,53797,46025,42741,
5249,WHR,Consumer Cyclical,"Furnishings, Fixtures & Appliances",S&P 400,51.58,11,9,17,61,38.48,2814619795.1253204,64823121.0,0.0013,-65.63,2049360,2463033,2563172,-0.096
5250,GPUS,Industrials,Aerospace & Defense,NYSE ARCA,51.55,11,13,5,3,0.12,92229138.59267682,485416525.0,0.4926,-97.8,28143473,158752144,120144064,0.762
5251,MATH,Financial Services,Capital Markets,NASDAQ,51.54,11,7,6,16,0.94,45577422.48018956,43407071.0,0.0023,-77.46,34152,39067,70162,-0.39
5252,MPLT,Healthcare,Biotechnology,NASDAQ,51.45,11,93,93,34,12.31,1329081739.3427963,45345676.0,0.0618,-63.01,1849499,994506,714305,
5253,CBAT,Industrials,Electrical Equipment & Parts,NASDAQ,51.45,11,11,37,27,0.49,70916669.85674071,88645836.0,0.0026,-60.8,125376,156255,156363,0.993
5254,GEMI,Financial Services,Capital Markets,NASDAQ,51.44,11,8,3,3,4.38,666300800.8884859,126432790.0,0.16239999,-90.46,967791,1421890,1956364,0.423
5255,BRBR,Consumer Defensive,Packaged Foods,NYSE,51.44,11,6,7,8,13.66,972082786.0791683,116277850.0,0.1225,-78.49,3400581,5899737,5388708,0.018
5256,BCAR,Financial Services,Shell Companies,NASDAQ,51.43,11,47,46,45,5.66,444960126.57110023,40561542.0,0.0014,-48.96,1014469,631379,662439,
5257,TTD,Communication Services,Advertising Agencies,S&P 500,51.36,11,8,8,6,18.91,10135536012.095049,470108361.0,0.21059999,-79.32,13971820,16848603,18601502,0.118
5258,SVRE,Technology,Scientific & Technical Instruments,NASDAQ,51.32,11,6,14,0,3.59,4054606.0825538635,934241.0,0.0068,-94.74,117740,1019303,620322,-0.783
5259,STXS,Healthcare,Medical Instruments & Supplies,NYSE ARCA,51.32,11,19,23,29,1.28,193518667.8641796,97736700.0,0.0461,-64.35,2057150,1127350,818908,-0.158
5260,EVO,Healthcare,Drug Manufacturers - Specialty & Generic,NASDAQ,51.29,11,31,21,31,1.96,1090427314.348639,355188058.0,0.0002,-55.86,60518,55752,46251,-0.217
5261,REKR,Technology,Software - Infrastructure,NASDAQ,51.2,10,10,13,15,0.63,115040387.61768311,137608115.0,0.1559,-81.58,1918591,2240717,2298350,0.116
5262,AEI,Real Estate,Real Estate - Development,NASDAQ,51.18,10,24,27,95,1.04,60677492.574362755,38895830.0,0.038,-77.14,9035,20765,17917,-0.082
5263,BBLG,Healthcare,Biotechnology,NASDAQ,51.17,10,22,10,9,0.96,2369743.2941651344,1795260.0,0.0058,-85.78,28789,109946,73245,
5264,SLQT,Financial Services,Insurance Brokers,NYSE,51.03,10,18,7,12,0.75,176347774.0,176347774.0,0.033800002,-72.92,894410,1795260,1682294,0.056
5265,RETO,Basic Materials,Building Materials,NASDAQ,50.99,10,4,3,1,2.58,7813958.320702314,3519801.0,0.0164,-96.51,4707,7002,40141,1.189
5266,SUPX,Technology,Software - Infrastructure,NASDAQ,50.99,10,10,6,79,6.58,409959745.6841469,43244701.0,0.0058,-91.4,149240,187886,242844,1.304
5267,TOPP,Industrials,Trucking,NYSE ARCA,50.98,10,53,16,11,0.58,50234999.0606308,19700000.0,0.0002,-84.97,109270,121510,323468,0.077
5268,QS,Consumer Cyclical,Auto Parts,NASDAQ,50.96,10,37,35,74,5.17,5524002500.888931,615145076.0,0.19,-72.89,33300692,28189067,25899554,
5269,ALGS,Healthcare,Biotechnology,NASDAQ,50.94,10,13,22,33,4.25,35272869.91969013,6188223.0,0.1019,-68.95,102163,231277,184902,8.1
5270,RECT,Consumer Cyclical,Specialty Retail,NASDAQ,50.91,10,13,9,7,1.08,19140000.760555267,14500000.0,0.0119,-78.4,9569,8566,15149,0.108
5271,TMS,Financial Services,Financial Conglomerates,NASDAQ,50.89,10,22,45,44,5.72,,,,,92790,121576,279330,
5272,UCL,Communication Services,Telecom Services,NASDAQ,50.87,10,6,17,32,0.9,38473172.136723995,38092250.0,0.0008,-78.52,4310,6883,15770,-0.101
5273,TGE,Financial Services,Asset Management,NYSE,50.83,10,14,6,5,0.86,49914900.713517666,48461070.0,0.0061000003,-97.68,39500,479766,426628,-0.745
5274,FMC,Basic Materials,Agricultural Inputs,S&P 600,50.82,10,8,12,16,10.94,1708118792.5796013,125045301.0,0.1933,-75.57,3099297,4507505,3916521,-0.041
5275,EPOW,Industrials,Electrical Equipment & Parts,NASDAQ,50.81,10,11,23,19,0.47,26258430.46581745,38729250.0,0.0038,-74.73,37411,226907,192238,-0.568
5276,LUCY,Healthcare,Medical Instruments & Supplies,NASDAQ,50.8,10,10,15,9,0.74,6659876.875717163,6403728.0,0.0087,-85.11,351770,9084463,5478628,0.702
5277,MSC,Consumer Cyclical,Resorts & Casinos,NYSE,50.75,10,8,14,22,1.77,460285758.4533036,192588175.0,0.0001,-73.3,2042,12974,10006,0.093
5278,YCBD,Healthcare,Drug Manufacturers - Specialty & Generic,NYSE ARCA,50.75,10,25,22,23,0.5,8314351.802947819,10497919.0,0.0785,-80.47,214110,208113,200788,0.188
5279,COE,Consumer Defensive,Education & Training Services,NYSE ARCA,50.75,10,8,57,32,16.67,154688361.25,6007315.0,0.0029,-70.3,25704,20821,15544,0.886
5280,MNTS,Industrials,Aerospace & Defense,NASDAQ,50.73,10,61,4,2,4.53,177726272.07357216,10547553.0,0.0598,-89.6,928422,2070490,6224392,8.984
5281,BNC,Industrials,Farm & Heavy Construction Machinery,NASDAQ,50.65,10,11,6,14,2.77,125255858.99269295,42895841.0,0.0238,-96.66,143329,435353,424067,0.062
5282,NOMA,Consumer Cyclical,Leisure,NASDAQ,50.53,10,9,10,3,3.09,60835015.5,17381433.0,0.0052,-78.67,5968,9152,9449,1.16
5283,MFI,Technology,Software - Application,NASDAQ,50.43,10,9,25,91,8.3,508816140.8553753,51656459.0,0.00059999997,-86.33,6740,16676,12524,0.208
5284,NRSN,Healthcare,Biotechnology,NASDAQ,50.42,10,16,19,21,0.56,29637945.750023246,36099813.0,0.0174,-78.46,152435,185998,161993,
5285,SXTP,Healthcare,Biotechnology,NASDAQ,50.28,10,14,3,11,1.5,3962339.1453609467,2659288.0,0.0537,-89.78,36660,74926,94236,-0.368
5286,BLNK,Industrials,Engineering & Construction,NASDAQ,50.26,10,27,24,13,0.52,118681542.37132192,143682259.0,0.1174,-80.38,1007676,1777788,1848705,0.001
5287,NEOV,Industrials,Electrical Equipment & Parts,NASDAQ,50.24,10,14,11,65,2.01,107067527.46814227,54906423.0,0.105100006,-71.81,1019798,3834309,2925219,0.005
5288,AURE,Financial Services,Capital Markets,NASDAQ,50.23,10,22,13,10,1.68,92883197.4029541,36800000.0,0.0007,-88.49,15018,75489,59467,
5289,ZJYL,Healthcare,Medical Instruments & Supplies,NASDAQ,50.22,10,11,5,3,1.92,17533275.274647474,7827355.0,0.0083,-88.82,19840,18976,351012,-0.165
5290,CTXR,Healthcare,Biotechnology,NASDAQ,50.22,10,11,18,10,0.5,17981432.564575672,27452570.0,0.1915,-79.84,449157,288055,419645,
5291,GTEC,Consumer Cyclical,Auto Parts,NASDAQ,50.14,10,11,9,10,0.53,16722859.733427286,26544222.0,0.0023,-76.58,42088,59722,94733,0.234
5292,MCRP,Technology,Computer Hardware,NYSE ARCA,50.13,10,26,64,89,1.31,92803272.01449943,34888447.0,0.0063,-71.61,249405,916921,604237,0.8
5293,HUMA,Healthcare,Biotechnology,NASDAQ,50.09,10,24,11,9,0.63,288624829.81330395,222019108.0,0.1868,-78.5,4946235,13466751,11290199,-0.043
5294,CISO,Technology,Software - Infrastructure,NASDAQ,50.08,10,8,6,5,0.25,20164434.640893757,45313337.0,0.0033000002,-83.11,139609,1047103,802353,-0.154
5295,BRLS,Consumer Defensive,Packaged Foods,NASDAQ,50.05,10,20,35,2,0.82,31765694.769380093,21463307.0,0.0916,-88.37,27463,29707,21878,-0.076
5296,MWG,Industrials,Rental & Leasing Services,NYSE ARCA,50.03,10,8,21,22,1.24,6736051.145771027,5142024.0,0.0507,-79.5,6971,11170,36592,0.08
5297,GDHG,Consumer Cyclical,Leisure,NASDAQ,49.97,10,5,6,2,1.45,34455203.973122835,20032095.0,0.0001,-94.66,38911,786557,474024,-0.162
5298,BTOC,Industrials,Integrated Freight & Logistics,NASDAQ,49.87,10,12,5,7,0.25,15450647.022517115,45443079.0,0.0199,-85.96,133873,106467,217720,-0.091
5299,DARE,Healthcare,Biotechnology,NASDAQ,49.84,10,46,57,18,1.18,33404289.745711327,14979502.0,0.053200003,-87.16,289988,192726,234113,4.996
5300,HCWB,Healthcare,Biotechnology,NASDAQ,49.76,10,66,2,1,2.59,14179077.136588097,7161150.0,0.62490004,-66.9,68550,109669,2409865,1290.807
5301,YSS,Industrials,Aerospace & Defense,NYSE,49.75,10,25,38,20,17.81,4233227029.960785,129694458.0,0.086899996,-60.01,1029580,1309156,1639494,0.095
5302,SLI,Basic Materials,Other Industrial Metals & Mining,NYSE ARCA,49.71,10,28,84,96,2.02,980313464.7887573,243859072.0,2.45,-68.44,1675120,1894380,1775190,
5303,EPSM,Consumer Defensive,Beverages - Wineries & Distilleries,NASDAQ,49.61,10,6,5,1,1.35,16241871.652048111,13423034.0,0.003,-99.13,15792,55107,1574282,-0.616
5304,SCYX,Healthcare,Drug Manufacturers - Specialty & Generic,NASDAQ,49.58,10,11,77,36,3.63,55975276.643445015,9930329.0,0.0292,-65.36,60150,84890,77402,
5305,BRR,Financial Services,Capital Markets,NASDAQ,49.57,10,5,5,2,1.72,194733085.23776436,90573524.0,0.023599999,-89.42,805100,931143,1275992,
5306,COOT,Consumer Defensive,Packaged Foods,NASDAQ,49.57,10,31,26,16,0.37,17297093.693030596,27898538.0,0.0117999995,-91.78,237727,150022,128557,0.491
5307,AFJKU,Financial Services,Shell Companies,NASDAQ,49.56,10,87,98,99,11.71,,,35.44,-85.36,2811,1213,1044,
5308,MMA,Consumer Cyclical,Leisure,NYSE ARCA,49.55,10,14,15,18,0.47,14301112.70827514,26483541.0,0.0238,-84.69,110828,384009,1036773,
5309,CAPR,Healthcare,Biotechnology,NASDAQ,49.53,10,89,98,98,6.57,1735040261.2600784,57911893.0,0.2082,-83.73,6046550,3162430,2230012,
5310,GLXG,Industrials,Staffing & Employment Services,NASDAQ,49.39,10,6,4,5,0.97,6021130.093146563,5961515.0,0.0022,-87.58,1386113,2464311,4163470,0.022
5311,ASPI,Basic Materials,Chemicals,NASDAQ,49.35,10,55,17,24,3.78,979528844.0755944,125903447.0,0.2044,-73.91,4422846,4401512,5189233,2.793
5312,SKYA,Technology,Software - Infrastructure,NASDAQ,49.33,10,5,8,3,1.4,77449569.25627041,42322168.0,0.0186,-92.32,115690,266120,268164,
5313,NHTC,Consumer Cyclical,Internet Retail,NASDAQ,49.33,10,7,20,25,1.82,23589084.75,8577849.0,0.0034999999,-64.31,20903,43314,39026,-0.143
5314,TVRD,Healthcare,Biotechnology,NASDAQ,49.29,10,3,7,7,2.44,31708947.173609734,9381345.0,0.0525,-94.41,941530,4707780,2846740,
5315,RNTX,Healthcare,Biotechnology,NASDAQ,49.29,10,20,38,20,0.78,94948326.74364567,85539032.0,0.0052,-64.22,496210,566430,542786,
5316,BMR,Technology,Software - Application,NASDAQ,49.17,10,19,21,15,1.22,28419635.316469073,15529855.0,0.0301,-71.76,87289,69963,82433,-0.018
5317,HCAI,Industrials,Farm & Heavy Construction Machinery,NASDAQ,49.1,10,64,13,4,4.85,9416250.443458557,1162500.0,0.0228,-97.66,27083,38954,360992,
5318,NCPL,Financial Services,Capital Markets,NASDAQ,49.1,10,29,3,3,0.38,8632689.087108493,7847899.0,0.0121,-95.66,57706,152368,4451933,-0.382
5319,FNUC,Basic Materials,Other Industrial Metals & Mining,NASDAQ,49.08,9,7,12,16,1.64,63164004.10991192,26318334.0,0.053000003,-77.93,221356,338012,456751,
5320,TCRX,Healthcare,Biotechnology,NASDAQ,49.08,9,22,25,13,0.77,70578885.16455281,65350817.0,0.0196,-70.04,598060,864820,693040,-0.548
5321,NAGE,Healthcare,Biotechnology,NASDAQ,48.93,9,7,13,20,3.29,307427093.8649776,79644327.0,0.0962,-77.6,654521,717397,773898,0.033
5322,GCL,Communication Services,Electronic Gaming & Multimedia,NASDAQ,48.87,9,5,3,4,0.48,71684873.98519653,128008703.0,0.0014,-89.31,125930,106613,3460838,0.939
5323,AMBR,Technology,Software - Infrastructure,NASDAQ,48.86,9,8,16,9,1.4,160267931.19539428,94275251.0,0.0114,-89.1,14625,27788,42217,2.406
5324,NVNI,Technology,Software - Application,NASDAQ,48.85,9,6,7,3,1.09,13445952.671237826,11692133.0,0.0218,-93.35,110653,137024,638388,-0.025
5325,SDEV,Financial Services,Asset Management,NYSE ARCA,48.79,9,5,4,96,1.15,34436869.9028101,27115646.0,0.0872,-98.85,105044,1248421,951440,
5326,AIFA,Technology,Software - Infrastructure,NASDAQ,48.73,9,21,68,3,1.78,20063027.935141742,37016657.0,0.0955,-52.41,13445,56345,127890,0.02
5327,CELU,Healthcare,Biotechnology,NASDAQ,48.72,9,4,10,13,0.76,29235420.333949804,28945961.0,0.055999998,-82.53,30223,122921,128822,-0.774
5328,ICON,Industrials,Marine Shipping,NASDAQ,48.7,9,7,3,1,1.02,4499696.523370624,3214069.0,0.045300003,-93.91,51284,452084,412570,1.046
5329,USBC,Technology,Scientific & Technical Instruments,NYSE ARCA,48.65,9,9,10,8,0.32,131969107.58811265,388144430.0,0.047,-94.03,229100,286243,493464,
5330,FSP,Real Estate,REIT - Office,NYSE ARCA,48.63,9,8,9,10,0.48,54955877.23339558,103690340.0,0.036,-73.91,365149,836999,727615,-0.033
5331,MTVA,Healthcare,Biotechnology,NASDAQ,48.63,9,10,4,1,1.43,14666810.356738567,5164370.0,0.020399999,-92.49,110473,476051,4809782,
5332,SORA,Consumer Cyclical,Luxury Goods,NASDAQ,48.38,9,13,54,9,1.8,70862397.62878418,24864000.0,0.00090000004,-82.47,209380,83146,55246,-0.319
5333,HSDT,Financial Services,Asset Management,NASDAQ,48.35,9,8,5,2,1.69,111226614.20454383,58386675.0,0.023,-99.13,137506,258818,320407,72.898
5334,ILLR,Technology,Software - Application,NASDAQ,48.33,9,68,19,1,1.07,41563487.334579706,176865904.0,0.0075,-38.15,948763,11866772,7336482,0.052
5335,ATLX,Basic Materials,Other Industrial Metals & Mining,NASDAQ,48.3,9,22,62,38,2.69,124451536.95256567,29490887.0,0.051599998,-67.39,376806,413842,578851,1.955
5336,SGLY,Industrials,Integrated Freight & Logistics,NASDAQ,48.23,9,7,13,12,4.46,2844461.77566576,7293492.0,0.009,207.59,56848,124944,79166,0.112
5337,LGCL,Technology,Software - Application,NASDAQ,48.2,9,3,7,4,1.41,76166917.89575672,42790404.0,0.0005,-97.22,8411567,7822282,4701591,0.431
5338,ZOOZ,Consumer Cyclical,Specialty Retail,NASDAQ,48.0,9,9,4,5,5.45,47375373.55374336,8101124.0,0.0026,-94.61,5920,15093,21218,-1.0
5339,CTSO,Healthcare,Medical Devices,NASDAQ,47.96,9,7,22,20,0.37,30832221.058399916,62794748.0,0.033800002,-73.38,56670,164143,176314,0.016
5340,VIOT,Consumer Cyclical,"Furnishings, Fixtures & Appliances",NASDAQ,47.94,9,9,10,13,0.75,65302080.026090145,67321730.0,0.0005,-82.68,92200,168546,212728,-0.259
5341,FUFU,Financial Services,Capital Markets,NASDAQ,47.94,9,10,12,19,1.36,309975694.66399884,166653598.0,0.0054,-74.72,128885,180818,219711,0.043
5342,AQMS,Industrials,Waste Management,NASDAQ,47.89,9,11,31,14,2.8,14187664.61462307,3362006.0,0.076799996,-92.89,27174,52534,103124,
5343,REBN,Consumer Cyclical,Restaurants,NASDAQ,47.88,9,16,64,15,1.23,16509044.47167039,8213455.0,0.0177,-64.14,172468,80986,63025,2.078
5344,NNE,Industrials,Specialty Industrial Machinery,NASDAQ,47.79,9,21,18,23,16.06,1504165487.0099602,52083294.0,0.2177,-73.62,2176100,2572690,2789884,
5345,LCFY,Communication Services,Internet Content & Information,NASDAQ,47.78,9,17,68,9,2.37,7340144.262742996,1799055.0,0.0138,-83.05,13485,12801,14821,-0.312
5346,ATPC,Consumer Defensive,Packaged Foods,NASDAQ,47.66,9,6,2,0,2.32,4873048.505487442,1000626.0,0.0052,-97.29,4528300,4092020,4988684,-0.053
5347,IMSR,Utilities,Utilities - Regulated Electric,NASDAQ,47.66,9,29,13,17,5.01,971535975.4878168,106411387.0,0.0844,-84.1,1914934,2012811,2588118,
5348,VHUB,Consumer Defensive,Grocery Stores,NASDAQ,47.6,9,18,0,28,0.74,151402983.0264752,85057857.0,1.05,-98.16,92570,111503,199644,-0.864
5349,REVB,Healthcare,Biotechnology,NASDAQ,47.56,9,5,3,1,1.04,4279720.011820793,3908420.0,0.0092,-92.46,49787,48459,46179,
5350,FOXX,Technology,Consumer Electronics,NASDAQ,47.45,9,13,37,58,2.58,18518335.765800476,7041192.0,0.0034999999,-70.95,9753,30421,1965534,-0.044
5351,PAVM,Healthcare,Medical Devices,NASDAQ,47.43,9,6,16,12,5.38,44371692.40428543,7159034.0,0.0033000002,-81.08,16385,21201,18401,4.2
5352,NAMM,Basic Materials,Gold,NASDAQ,47.39,9,26,7,67,1.38,82813637.60082579,54482657.0,0.83,-97.49,289850,300950,1318868,0.051
5353,NTRP,Consumer Cyclical,Travel Services,NASDAQ,47.18,9,10,28,21,1.64,31595761.207543373,14493468.0,0.0058999998,-68.46,747001,286920,192906,15.08
5354,EMPD,Consumer Cyclical,Auto Manufacturers,NASDAQ,47.18,9,15,18,9,3.02,126495499.5,28110111.0,0.0738,-93.15,366321,483073,354706,
5355,BBAI,Technology,Information Technology Services,NYSE,47.18,9,21,20,39,2.76,2413905209.7295284,478949450.0,0.26229998,-70.61,23834552,27315037,35758262,-0.009
5356,EVMN,Healthcare,Biotechnology,NYSE,47.18,9,16,75,30,11.25,836706788.3020973,36018373.0,0.1278,-66.11,601692,1156714,871828,
5357,LTBR,Industrials,Electrical Equipment & Parts,NASDAQ,47.11,9,13,31,74,7.9,377054695.72498703,32844487.0,0.123900004,-74.79,775619,858056,923879,
5358,LDI,Financial Services,Mortgage Finance,NYSE,47.08,9,17,25,69,1.03,715922689.0882106,542365652.0,0.15,-79.6,2061426,1989382,1897521,0.017
5359,LOOP,Basic Materials,Specialty Chemicals,NASDAQ,47.06,9,16,49,25,0.73,67248714.99791324,48380371.0,0.0167,-68.12,85061,85393,86854,0.654
5360,HCWC,Consumer Defensive,Packaged Foods,NYSE ARCA,47.0,9,9,15,9,0.18,8841331.265942574,26550544.0,0.0116,-81.63,185732,693404,3053956,-0.099
5361,AVXL,Healthcare,Biotechnology,NASDAQ,46.98,9,10,7,8,2.57,280795424.08863974,92671758.0,0.216,-81.63,943640,1321813,1259430,
5362,TLRY,Healthcare,Drug Manufacturers - Specialty & Generic,NASDAQ,46.96,9,14,28,38,4.03,659019296.1052341,119604223.0,0.1416,-82.63,3830500,3731630,3640556,-0.078
5363,UAVS,Technology,Computer Hardware,NYSE ARCA,46.88,9,21,27,15,0.7,68558627.88528442,58597120.0,0.0366,-80.61,579380,842676,2041002,-0.616
5364,BLSH,Technology,Software - Infrastructure,NYSE,46.78,9,7,26,7,22.69,5294043735.720299,151648346.0,0.2564,-80.77,1446825,1623605,1619051,0.655
5365,CDT,Healthcare,Biotechnology,NASDAQ,46.77,9,0,0,2,2.94,5052683.814668655,4858350.0,0.0123000005,-99.65,201340,12751946,8741366,
5366,ORIO,Technology,Software - Infrastructure,NASDAQ,46.77,9,18,23,24,0.66,22284692.74347782,23707120.0,0.0114,-82.77,34899,33053,35313,0.084
5367,CRGO,Industrials,Integrated Freight & Logistics,NASDAQ,46.7,9,12,22,13,1.25,103883830.48710775,51683498.0,0.0057,-70.52,55107,52792,74551,0.124
5368,ARBK,Financial Services,Capital Markets,NASDAQ,46.65,9,14,3,0,2.88,56344352.05430746,14634897.0,0.0034999999,-98.6,9450,14660,17096,
5369,SQNS,Technology,Semiconductors,NYSE,46.64,9,21,6,5,2.64,66650606.393237114,14977665.0,0.0057,-95.47,79190,74133,151142,-0.248
5370,MBRX,Healthcare,Biotechnology,NASDAQ,46.62,9,33,4,2,2.19,14888419.086434364,5336351.0,0.0998,-90.88,84409,782403,571091,
5371,ATYR,Healthcare,Biotechnology,NASDAQ,46.61,9,10,10,10,0.49,53241806.43283939,98051212.0,0.2514,-93.28,1475449,1973773,2399693,
5372,NIPG,Communication Services,Entertainment,NASDAQ,46.59,9,2,7,9,15.18,91537963.55228615,224357758.0,0.0001,452.0,72737,32217,21168,0.423
5373,CODX,Healthcare,Medical Devices,NASDAQ,46.58,9,28,4,1,1.41,31435727.435914993,3685314.0,0.0558,-96.97,324502,542860,6940626,1.903
5374,CMTL,Technology,Communication Equipment,NASDAQ,46.54,9,12,81,98,1.72,167105745.37720013,29734119.0,0.0104,-72.3,407677,939002,712251,-0.157
5375,UP,Industrials,Airports & Air Services,NYSE,46.52,9,9,3,8,5.51,320382837.4346161,36324586.0,0.1506,-92.13,83330,124716,148134,-0.048
5376,FJET,Industrials,Aerospace & Defense,NYSE ARCA,46.32,9,15,11,24,3.68,329537832.8051033,44173972.0,0.0983,-88.32,755778,1290586,2272475,
5377,ABTS,Financial Services,Capital Markets,NASDAQ,46.3,9,4,4,97,1.15,2937755.375987649,2961447.0,0.0394,-89.41,21734,58488,2570294,0.688
5378,GAIA,Communication Services,Entertainment,NASDAQ,46.23,9,9,18,14,1.88,59235169.667266846,25314176.0,0.0279,-70.58,89969,223003,170299,0.02
5379,ATGL,Technology,Software - Infrastructure,NASDAQ,46.15,9,9,12,60,8.98,241290855.717659,16462500.0,0.0049,-82.04,13039,5389,4513,-0.314
5380,BRCB,Consumer Cyclical,Restaurants,NASDAQ,46.03,8,5,10,9,8.4,179486463.17647552,21572893.0,0.056599997,-72.37,259778,392806,588267,0.237
5381,METC,Basic Materials,Coking Coal,NASDAQ,45.9,8,18,25,82,9.75,1017379589.0539865,65174863.0,0.4756,-83.13,1462516,1503418,1509375,-0.097
5382,SNGX,Healthcare,Biotechnology,NASDAQ,45.83,8,3,2,13,0.36,13489998.728779435,14824174.0,0.0469,-94.22,356670,538823,8786064,
5383,EVGN,Healthcare,Biotechnology,NASDAQ,45.82,8,5,15,21,0.49,7393062.216566324,10412764.0,0.015,-79.75,317920,2566070,2116708,-0.863
5384,DQ,Technology,Semiconductor Equipment & Materials,NYSE,45.73,8,9,30,64,11.85,1125964478.3798676,67666137.0,0.0685,-67.61,663206,826275,917291,-0.784
5385,EHTH,Financial Services,Insurance Brokers,NASDAQ,45.68,8,12,9,9,1.36,49198576.38647032,31741018.0,0.0618,-76.91,175068,411019,391849,-0.222
5386,VGAS,Utilities,Utilities - Renewable,NASDAQ,45.68,8,6,16,9,1.12,69497407.77085018,44549622.0,0.0347,-71.43,32340,52246,40138,
5387,SJT,Energy,Oil & Gas E&P,NYSE,45.65,8,7,17,54,2.51,179909951.5305426,46608797.0,0.0207,-64.14,230230,245586,236216,-0.976
5388,OMEX,Basic Materials,Other Industrial Metals & Mining,NASDAQ,45.63,8,18,12,92,0.67,64431527.89651573,58574115.0,0.0851,-84.88,281934,538191,610806,-0.833
5389,SLDP,Consumer Cyclical,Auto Parts,NASDAQ,45.6,8,24,78,94,2.11,744696007.6463299,224983692.0,0.103,-76.19,3998780,4338766,5069698,-0.589
5390,GEOS,Energy,Oil & Gas Equipment & Services,NASDAQ,45.59,8,5,15,85,6.83,107365507.36727047,12935603.0,0.0546,-77.15,77213,122017,143078,0.095
5391,MYSZ,Technology,Software - Application,NASDAQ,45.54,8,8,11,9,0.42,2987261.7029747963,4818164.0,0.0176,-74.55,36981,153783,133362,0.619
5392,CENN,Consumer Cyclical,Auto Manufacturers,NASDAQ,45.52,8,3,3,5,3.45,6594534.0,1465452.0,0.045500003,-94.42,5437,11325,11543,-0.083
5393,GORO,Basic Materials,Other Precious Metals & Mining,NYSE ARCA,45.49,8,76,66,97,2.01,225017241.1942464,161882909.0,0.0115,7.49,2418212,865426,546199,-0.282
5394,HOWL,Healthcare,Biotechnology,NASDAQ,45.43,8,3,22,9,0.45,21868567.070680797,48596817.0,0.0166,-81.09,605130,886746,757748,
5395,MSAI,Technology,Electronic Components,NASDAQ,45.38,8,4,4,2,4.87,11732911.42444706,2019434.0,1.2843,-94.93,19131,34183,337610,0.379
5396,CRVO,Healthcare,Biotechnology,NASDAQ,45.31,8,9,9,28,2.56,28794615.118721724,9258719.0,0.0437,-80.5,509309,11506836,6957805,
5397,ICG,Technology,Semiconductors,NASDAQ,45.3,8,5,15,67,0.78,50390898.396760404,60711927.0,0.0036000002,-76.0,46331,80827,102214,-0.513
5398,SKYE,Healthcare,Biotechnology,NASDAQ,45.26,8,13,10,6,0.62,27236383.712108374,35143722.0,0.0506,-89.22,93920,122373,149564,
5399,APVO,Healthcare,Biotechnology,NASDAQ,45.23,8,9,3,1,4.21,6118375.359859467,1246105.0,0.0705,-98.22,23960,70500,56060,
5400,SPRO,Healthcare,Biotechnology,NASDAQ,45.23,8,35,91,93,1.2,163861220.77246666,57901493.0,0.0343,-62.73,2964220,2464250,1819196,-0.956
5401,VRAX,Healthcare,Biotechnology,NASDAQ,45.19,8,5,3,4,2.89,1403028.615257144,7423432.0,0.055999998,153.51,1400750,3086283,2703563,-0.675
5402,STKE,Financial Services,Capital Markets,NASDAQ,45.09,8,14,5,2,1.02,52037602.5,34691735.0,0.0058,-94.48,157860,368276,305950,
5403,LX,Financial Services,Credit Services,NASDAQ,45.03,8,12,9,7,1.45,362534210.6577172,164788274.0,0.0499,-81.84,2483967,2668702,2352231,-0.168
5404,WBUY,Consumer Cyclical,Internet Retail,NASDAQ,44.91,8,7,9,6,0.9,5535914.987728119,5481104.0,0.0252,-90.95,18373280,6341023,3877682,
5405,AEHL,Industrials,Building Products & Equipment,NASDAQ,44.83,8,4,0,3,0.58,22145983.419345617,18152445.0,0.4345,-98.85,20071298,7068129,4721121,-0.057
5406,WXM,Industrials,Industrial Distribution,NASDAQ,44.78,8,9,5,1,3.2,4734731.821056485,10248337.0,0.0425,-24.21,42710,156513,125468,-0.517
5407,TCX,Technology,Software - Infrastructure,NASDAQ,44.6,8,15,23,76,9.08,169021460.9787712,11149173.0,0.0838,-63.93,99770,68230,51306,0.022
5408,OKLO,Utilities,Utilities - Independent Power Producers,NYSE,44.6,8,25,77,83,39.58,11636516732.679482,173990987.0,0.2309,-79.58,8847115,9495175,11452327,
5409,RR,Industrials,Specialty Industrial Machinery,NASDAQ,44.58,8,22,27,83,1.44,675259834.1952453,223595973.0,0.28440002,-80.62,5978708,7996166,10412859,-0.088
5410,AGNT,Real Estate,Real Estate Services,S&P 600,44.53,8,14,12,25,4.02,808473718.6169205,164323924.0,0.11310001,-67.12,1572835,1528215,1419623,0.053
5411,KDK,Technology,Software - Infrastructure,NASDAQ,44.46,8,13,38,60,4.11,1250306914.8250818,177600415.0,0.083100006,-63.79,857691,1278223,1135384,0.244
5412,TGL,Technology,Software - Application,NASDAQ,44.43,8,11,6,1,3.17,7456975.930380821,1675725.0,0.0107,-94.53,18280,40090,66500,1.252
5413,DXST,Industrials,Waste Management,NASDAQ,44.37,8,2,0,87,2.24,2831562.136138916,1815104.0,0.0194,-96.39,2556618,1275196,2670997,-0.2
5414,MB,Consumer Cyclical,Restaurants,NASDAQ,44.21,8,12,86,27,3.67,121800498.36397171,17155000.0,0.0005,-77.62,1700,5593,8780,-0.12
5415,ACON,Healthcare,Health Information Services,NASDAQ,44.19,8,11,14,3,2.13,8076179.929554462,2462250.0,0.0806,-82.29,37822,61660,70116,0.113
5416,INDP,Healthcare,Biotechnology,NASDAQ,44.19,8,64,20,4,1.73,199306489.16003704,113242324.0,0.0005,-91.31,73346,141388,1246533,
5417,UPLD,Technology,Software - Application,NASDAQ,44.04,8,5,4,10,4.89,26514970.418991208,29363201.0,0.0279,25.06,16880,29422,26325,-0.235
5418,SPRB,Healthcare,Biotechnology,NASDAQ,44.02,8,94,5,95,41.6,141109294.31989288,2752278.0,0.079,-95.04,65340,82296,70754,
5419,YAAS,Technology,Software - Application,NASDAQ,44.01,8,7,3,3,0.75,19829000.088680506,22791954.0,0.01,-99.87,447357,239321,182292,-0.18
5420,PSTV,Healthcare,Biotechnology,NASDAQ,44.0,8,7,14,5,3.76,40059678.10156345,6883106.0,0.16950001,-84.0,88880,191720,173186,-0.032
5421,LPSN,Technology,Software - Application,NASDAQ,43.97,8,5,7,4,1.86,27639581.057760715,12176027.0,0.070300005,-91.39,61959,82903,91669,-0.12
5422,NGEN,Healthcare,Biotechnology,NASDAQ,43.94,8,9,77,92,1.61,219840484.43017578,106203136.0,8.83,-74.44,714066,821958,1134175,
5423,CMCM,Communication Services,Internet Content & Information,NYSE,43.93,8,7,42,72,2.92,143398453.18791103,31038627.0,0.0033000002,-69.07,6004,18534,21086,0.303
5424,EEIQ,Consumer Defensive,Education & Training Services,NASDAQ,43.86,8,5,9,6,2.19,5246922.426619768,1629479.0,0.023599999,-92.13,19856,53385,160823,-0.105
5425,DOGZ,Consumer Cyclical,Leisure,NASDAQ,43.85,8,3,8,0,0.96,14945977.324846745,14510658.0,0.0018000001,-96.95,18113,30364,433772,-0.362
5426,ENVX,Industrials,Electrical Equipment & Parts,NASDAQ,43.81,8,27,22,14,3.97,1740864455.3609467,218153440.0,0.26049998,-75.92,6107107,5703259,6560603,0.491
5427,SNT,Industrials,Security & Protection Services,NASDAQ,43.73,8,6,13,32,1.74,64628678.364984035,23331653.0,0.001,-67.42,14490,24906,31738,-0.043
5428,DXF,Financial Services,Credit Services,NYSE ARCA,43.71,8,1,2,3,0.44,2232809.6322848797,3235956.0,0.5221,-93.79,1296003,8603831,6038588,-0.532
5429,SLSN,Consumer Defensive,Household & Personal Products,NASDAQ,43.6,8,7,11,7,0.91,86877908.69720697,70632445.0,0.0392,-83.84,207860,176453,120650,-0.114
5430,PMEC,Industrials,Specialty Business Services,NASDAQ,43.58,8,12,9,20,0.42,26892590.442021906,38417987.0,0.0252,-82.79,21951,477927,314020,0.03
5431,WIMI,Communication Services,Advertising Agencies,NASDAQ,43.58,8,10,10,8,1.14,31438443.041334152,18385054.0,0.0381,-79.82,80540,76530,119288,-0.068
5432,BEEM,Technology,Solar,NASDAQ,43.57,8,17,52,17,1.04,33746410.29653835,22201586.0,0.0655,-74.26,760894,2570578,1753184,-0.505
5433,HYPD,Healthcare,Biotechnology,NASDAQ,43.52,8,13,83,86,2.42,53052114.5,15157747.0,0.0641,-85.91,222447,511879,546803,15.595
5434,OCS,Healthcare,Biotechnology,NASDAQ,43.48,8,10,78,86,11.06,1371111192.8577557,60388073.0,0.0095999995,-67.92,314317,446092,760027,136.0
5435,SMTK,Technology,Semiconductor Equipment & Materials,NASDAQ,43.47,8,7,1,4,0.21,6455310.0925472975,21446213.0,0.0269,-94.47,550380,1172000,12509176,-0.13
5436,WWR,Basic Materials,Other Industrial Metals & Mining,NYSE ARCA,43.47,8,15,22,70,0.41,71192073.98309845,127128703.0,0.0106,-89.07,589100,680400,815770,
5437,BGLC,Basic Materials,Specialty Chemicals,NASDAQ,43.45,8,12,10,12,1.35,5608168.318626881,2417314.0,0.0052,-91.35,5999,14963,122159,-0.989
5438,LGO,Basic Materials,Other Industrial Metals & Mining,NASDAQ,43.42,8,7,30,35,0.6,94243281.45481771,101336861.0,3.4,-77.78,486743,2401221,1757794,-0.025
5439,JELD,Industrials,Building Products & Equipment,NYSE,43.41,7,15,4,8,1.14,186086860.7544272,86151321.0,0.1466,-83.66,951639,1788346,1658997,-0.069
5440,GPRO,Technology,Consumer Electronics,NASDAQ,43.33,7,21,89,57,0.72,213728725.0,170982980.0,0.1362,-76.39,4243171,5620600,6154422,0.004
5441,DFSC,Industrials,Aerospace & Defense,NASDAQ,43.23,7,22,53,5,1.3,9190616.126177788,1993626.0,0.0584,-91.54,62887,86025,81115,0.677
5442,RNAZ,Healthcare,Biotechnology,NASDAQ,43.13,7,10,18,14,5.0,4884552.153120995,950302.0,0.039,-76.18,15943,26751,73484,
5443,CTOR,Healthcare,Drug Manufacturers - Specialty & Generic,NASDAQ,43.13,7,18,16,22,0.54,74198998.75250292,92981204.0,0.018,-91.28,72340,53593,61936,
5444,OCG,Consumer Cyclical,Internet Retail,NASDAQ,43.11,7,3,1,0,1.78,3605260.3477277756,1938312.0,0.0913,-99.99,332119,161529,394477,-0.684
5445,HAIN,Consumer Defensive,Packaged Foods,NASDAQ,42.98,7,10,6,17,0.5,71300253.50662965,90253483.0,0.107700005,-76.96,674245,1359035,1118071,-0.133
5446,LNAI,Healthcare,Biotechnology,NASDAQ,42.83,7,7,3,6,2.24,13964380.854091644,4533890.0,0.0787,-93.78,28724,1666471,1051407,
5447,PASW,Consumer Cyclical,Textile Manufacturing,NASDAQ,42.79,7,10,4,1,0.12,19554350.65329075,124550000.0,0.0007,-97.78,2340353,853501,733056,-0.62
5448,MSTR,Technology,Software - Application,NASDAQ,42.78,7,7,17,5,96.16,55858015432.79846,351109540.0,0.1196,-78.97,14964934,23132614,21318206,0.119
5449,TVGN,Healthcare,Biotechnology,NASDAQ,42.73,7,14,2,4,5.59,33123163.911037445,4187505.0,0.079,-92.6,16030,19626,26572,
5450,HTCR,Technology,Software - Application,NASDAQ,42.72,7,6,5,6,2.27,5218465.135025978,1441565.0,0.043,-93.2,21676,34752,76113,0.354
5451,MDCX,Healthcare,Drug Manufacturers - General,NASDAQ,42.6,7,10,1,7,0.28,21473444.615284204,56658164.0,0.040900003,-92.41,1476683,1771567,2003306,
5452,SCKT,Technology,Computer Hardware,NASDAQ,42.57,7,9,22,41,0.47,7911319.503168225,8240958.0,0.0056,-65.44,57868,167452,196127,-0.067
5453,DAVA,Technology,Software - Infrastructure,NYSE,42.57,7,4,6,6,2.9,170153550.25184226,52842717.0,0.059299998,-83.29,211357,318459,388645,-0.084
5454,YXT,Technology,Software - Application,NASDAQ,42.49,7,8,18,17,3.23,32483450.694726706,59602660.0,0.01,180.87,3370,8955,32238,0.047
5455,EU,Energy,Uranium,NASDAQ,42.45,7,10,20,74,1.15,310772811.0308757,194233004.0,0.1237,-72.49,2279358,3256609,3067435,0.003
5456,FUBO,Communication Services,Broadcasting,NYSE,42.44,7,8,4,9,9.02,297005178.22151566,29435597.0,0.25030002,-84.07,1325763,1470354,1396072,0.398
5457,BYND,Consumer Defensive,Packaged Foods,NASDAQ,42.36,7,14,19,4,0.54,406605134.2640767,515342392.0,0.2696,-92.98,25112368,29843336,32075407,-0.153
5458,NTZ,Consumer Cyclical,"Furnishings, Fixtures & Appliances",NYSE,42.28,7,11,37,29,1.39,24011848.35530448,11014609.0,0.00029999999,-68.83,2740,2650,2690,0.035
5459,MCRB,Healthcare,Biotechnology,NASDAQ,42.23,7,14,8,64,4.8,70886398.54235744,9683934.0,0.069299996,-83.99,52109,112676,93187,
5460,STKH,Consumer Defensive,Packaged Foods,NASDAQ,42.16,7,1,6,4,3.6,2000206.1626315117,1526875.0,0.004,-87.47,3960543,1333553,817592,
5461,FAC,Industrials,Electrical Equipment & Parts,NASDAQ,42.09,7,34,47,46,4.67,,,,,300801,402523,532788,
5462,ACXP,Healthcare,Biotechnology,NASDAQ,42.01,7,4,9,4,1.41,8509521.321972847,4297738.0,0.0344,-93.29,84934,89281,90774,
5463,UPB,Healthcare,Biotechnology,NASDAQ,41.96,7,8,7,96,6.4,454951072.6363802,54419987.0,0.0963,-81.0,492000,568863,603446,0.827
5464,ORBS,Consumer Cyclical,Packaging & Containers,NASDAQ,41.93,7,7,6,14,0.6,359298689.37396336,388011544.0,0.054899998,-99.28,13945805,15720198,19493987,-0.237
5465,GWH,Industrials,Electrical Equipment & Parts,NYSE,41.85,7,16,7,12,0.75,29683061.419723034,29389170.0,0.0537,-94.59,901189,828913,716769,
5466,MASK,Technology,Software - Application,NASDAQ,41.81,7,17,1,2,1.54,4043985.813817978,1129605.0,0.1046,-98.37,336226,393438,5229037,
5467,CHOW,Technology,Software - Infrastructure,NYSE ARCA,41.69,7,8,3,0,0.35,12776400.507688522,35490000.0,0.0064999997,-98.4,563921,949340,6951646,-0.126
5468,LHAI,Real Estate,Real Estate Services,NASDAQ,41.52,7,2,5,1,0.85,14850450.348258018,16230000.0,0.0068,-96.19,653536,16686242,10043421,-0.14
5469,ITOC,Healthcare,Medical Devices,NASDAQ,41.36,7,6,8,5,0.26,5115000.203251839,17050000.0,0.032,-99.19,141476,375768,1044021,0.916
5470,PLUR,Healthcare,Biotechnology,NASDAQ,41.36,7,8,26,22,1.68,25031745.999720097,10789546.0,0.0088,-71.81,29852,36274,28608,-0.609
5471,GLOO,Technology,Software - Application,NASDAQ,41.34,7,15,30,14,3.13,452416178.91846085,82407322.0,0.99,-68.64,228717,392482,305611,4.177
5472,UWMC,Financial Services,Mortgage Finance,NYSE,41.23,7,7,20,42,1.86,1038030071.78936,339225520.0,0.1296,-73.95,14500040,21348856,21754190,0.244
5473,BEAT,Healthcare,Health Information Services,NASDAQ,41.16,7,5,10,28,0.53,48568480.625,55506835.0,0.0515,-86.75,633651,938670,807580,
5474,GV,Consumer Defensive,Education & Training Services,NASDAQ,40.98,7,4,1,17,0.19,1861639.465144515,5607348.0,0.0777,-95.45,183052,321077,441914,-0.617
5475,CXAI,Technology,Software - Application,NASDAQ,40.9,7,8,3,3,0.13,20138312.479501247,96818808.0,0.0963,-88.7,4239397,6726655,27200589,-0.224
5476,SDA,Consumer Cyclical,Auto & Truck Dealerships,NASDAQ,40.89,7,3,9,19,0.77,83239635.38746071,102009359.0,0.0058999998,-75.0,70753,219471,1125792,0.279
5477,BGIN,Technology,Computer Hardware,NASDAQ,40.87,7,8,28,14,1.76,340539181.3310516,113135941.0,0.0101,-72.92,14553,8431,12754,-0.875
5478,UXIN,Consumer Cyclical,Auto & Truck Dealerships,NASDAQ,40.84,7,4,27,27,1.43,494955587.25,219980261.0,0.0083,-73.32,217760,364773,266474,1.007
5479,FULC,Healthcare,Biotechnology,NASDAQ,40.82,7,6,41,91,3.72,461102586.40371895,66633321.0,0.1184,-76.37,1300713,2562464,2897902,
5480,JSPR,Healthcare,Biotechnology,NASDAQ,40.8,7,2,5,7,0.63,23209362.84420061,27996819.0,0.089700006,-91.24,5522674,2342368,1664228,
5481,HKPD,Healthcare,Medical Distribution,NASDAQ,40.54,7,4,11,12,0.38,12337492.089716673,23499986.0,0.0183,-86.23,2853666,993035,892245,-0.357
5482,GWAV,Industrials,Waste Management,NASDAQ,40.44,7,9,7,6,2.48,3028153.2291197777,829631.0,0.0498,-92.8,7247,16709,13383,0.49
5483,NSPR,Healthcare,Medical Devices,NASDAQ,40.44,7,3,9,15,0.68,43091845.82170951,46838962.0,0.0008,-76.79,26419,86936,120921,1.222
5484,EMAT,Basic Materials,Other Industrial Metals & Mining,NASDAQ,40.43,7,9,26,5,4.76,4005111501.0,593349852.0,0.0077,-80.24,66071,74560,94832,
5485,LIDR,Technology,Software - Infrastructure,NASDAQ,40.42,7,24,81,73,1.07,92629640.0,46314820.0,0.1025,-83.39,601033,956134,1071786,0.578
5486,SMR,Industrials,Specialty Industrial Machinery,NYSE,40.42,7,11,8,12,8.22,4385160322.355776,346105785.0,0.19629999,-85.68,30735460,31178526,32800024,-0.958
5487,RAIN,Industrials,Pollution & Treatment Controls,NASDAQ,40.39,7,11,11,9,1.32,18588653.023810387,8188834.0,0.0017,-84.51,13989,39276,39505,
5488,CYN,Technology,Software - Application,NASDAQ,40.38,7,6,9,4,1.09,21490688.827551126,14423281.0,0.11350001,-97.38,107772,205637,220322,1.218
5489,MTEN,Industrials,Metal Fabrication,NASDAQ,40.34,7,7,2,0,1.01,5832951.952158809,5028407.0,0.0082,-99.98,3304631,2920160,4470772,0.17
5490,XCH,Industrials,Specialty Industrial Machinery,NASDAQ,40.29,7,12,24,21,0.5,53808933.57817483,81528684.0,0.0005,-79.99,34700,1011700,638188,-0.426
5491,FLYX,Industrials,Airlines,NYSE ARCA,40.22,7,15,16,32,1.12,116643877.6809454,46104300.0,0.0004,-87.39,707664,449094,423556,0.093
5492,FLYE,Consumer Cyclical,Auto Manufacturers,NASDAQ,40.22,7,8,1,3,1.72,3281095.844432354,1632386.0,0.0075,-98.94,17522,19890,119284,-0.533
5493,PRZO,Industrials,Aerospace & Defense,NASDAQ,40.19,7,7,10,25,0.44,24061714.12363243,25928572.0,0.0571,-79.49,290233,453834,3115934,0.06
5494,GFAI,Industrials,Security & Protection Services,NASDAQ,40.18,7,11,17,6,0.32,16562720.64591837,31250418.0,0.0241,-78.67,203597,301795,1285375,
5495,EXOD,Technology,Software - Infrastructure,NYSE ARCA,40.15,7,6,4,4,5.38,213691054.24530888,30012789.0,0.0523,-86.53,37162,53387,61330,-0.368
5496,SUIG,Financial Services,Credit Services,NASDAQ,40.12,7,13,15,10,0.9,129440001.9288063,80900000.0,0.006,-89.61,365520,327510,355260,-0.237
5497,SPRC,Healthcare,Biotechnology,NASDAQ,40.08,7,16,11,1,5.33,5623514.0705423355,573243.0,0.0126,-93.35,42830,41526,954502,-0.345
5498,WLFC,Industrials,Rental & Leasing Services,NASDAQ,39.91,6,87,72,78,70.4,1410170654.3980713,7966616.0,0.123500004,-70.6,175420,168093,160008,0.246
5499,CCOI,Communication Services,Telecom Services,S&P 600,39.88,6,7,14,8,12.95,889379306.3418674,50077663.0,0.1461,-76.18,1077447,1358749,1245601,-0.032
5500,TAOP,Technology,Software - Infrastructure,NASDAQ,39.84,6,20,6,7,0.73,13060353.497374892,9603201.0,0.0032,-90.85,32040,18233,28820,-0.289
5501,INVZ,Consumer Cyclical,Auto Parts,NASDAQ,39.8,6,16,11,18,0.45,168901752.3753252,221365334.0,0.0992,-82.28,2928777,3177305,2968133,1.103
5502,NXXT,Utilities,Utilities - Renewable,NASDAQ,39.78,6,4,2,7,0.3,107547511.110574,167258958.0,0.1325,-90.74,13668843,6833524,23032660,0.294
5503,FLNA,Healthcare,Biotechnology,NASDAQ,39.68,6,11,15,22,0.88,74394157.99720001,48307896.0,0.1464,-82.33,309510,362596,360110,
5504,BCAB,Healthcare,Biotechnology,NASDAQ,39.56,6,2,2,5,3.53,6511719.290611744,1656926.0,0.0983,-95.06,28124,54834,54830,
5505,FTCI,Technology,Solar,NASDAQ,39.55,6,32,21,95,2.7,88029117.0,16005294.0,0.0943,-78.82,247061,156330,139482,-0.17
5506,HYFM,Industrials,Farm & Heavy Construction Machinery,NASDAQ,39.46,6,6,6,6,0.67,4626438.3269741535,4764612.0,0.0104,-85.98,20229,35926,45843,-0.296
5507,STEX,Financial Services,Capital Markets,NASDAQ,39.41,6,4,3,89,0.73,157454972.67555785,104274817.0,0.0654,-94.83,907440,1679663,1742652,
5508,PBK,Utilities,Utilities - Renewable,NASDAQ,39.35,6,23,4,35,0.43,,,,,383566,4454275,4124017,
5509,CLGN,Healthcare,Biotechnology,NASDAQ,39.24,6,3,1,16,0.33,5794881.600347042,14415128.0,0.008,-89.79,19156,42898,51893,-0.634
5510,FOFO,Industrials,Consulting Services,NASDAQ,39.19,6,6,4,7,2.04,15899263.077965736,7571078.0,0.003,-97.0,25524,113111,294108,-0.441
5511,DFLI,Industrials,Electrical Equipment & Parts,NASDAQ,39.18,6,34,7,6,1.31,27040366.055617332,12815340.0,0.0992,-94.98,217932,342940,374024,0.069
5512,IXHL,Healthcare,Drug Manufacturers - Specialty & Generic,NASDAQ,39.18,6,13,8,30,2.96,40081254.758971214,11964554.0,0.0678,-94.06,109481,223273,248684,
5513,IVVD,Healthcare,Biotechnology,NASDAQ,39.11,6,20,80,95,0.59,335852491.0656066,294607452.0,0.1165,-80.78,3067595,5151981,4790149,0.216
5514,SMXT,Technology,Solar,NASDAQ,39.08,6,4,10,16,0.33,31355521.117729664,56906572.0,0.0138,-86.8,134720,201256,1157808,1.141
5515,SRFM,Industrials,Airlines,NYSE,39.08,6,7,5,11,0.77,124492123.47745919,100396873.0,0.1176,-92.23,2019520,9397640,6880564,0.09
5516,OLOX,Industrials,Metal Fabrication,NASDAQ,39.04,6,2,2,2,4.94,10523956.699314117,1199995.0,0.1038,-99.49,27533,64617,715940,-0.4
5517,HTCO,Industrials,Marine Shipping,NASDAQ,39.01,6,7,15,13,3.53,23745121.842819214,9063024.0,0.048899997,-93.76,102305,235601,518473,0.568
5518,UPXI,Communication Services,Internet Content & Information,NASDAQ,38.97,6,7,5,4,0.88,83611579.34041405,70261828.0,0.2392,-93.52,926250,1803896,2063220,0.442
5519,SERV,Industrials,Specialty Industrial Machinery,NASDAQ,38.96,6,12,39,43,4.7,795593692.3093472,85090231.0,0.2628,-74.79,2995260,3879406,4706168,5.782
5520,ZEO,Technology,Solar,NASDAQ,38.92,6,15,15,7,0.52,29763505.564536095,35139912.0,0.017,-85.87,35420,58423,66304,0.501
5521,RENX,Real Estate,Real Estate - Development,NASDAQ,38.91,6,9,6,0,1.78,4339035.732752442,2613877.0,0.0794,-96.23,63086,87508,183911,216.838
5522,KAPA,Healthcare,Biotechnology,NYSE ARCA,38.85,6,7,15,13,0.31,10898300.362467587,21411199.0,0.0083,-85.31,12022991,4078467,2508140,
5523,LHSW,Technology,Software - Infrastructure,NASDAQ,38.81,6,3,2,3,2.74,8164000.2727508545,52000000.0,0.044,-12.74,198092,4013380,2512416,0.569
5524,IMMP,Healthcare,Biotechnology,NASDAQ,38.77,6,9,2,86,0.39,64843737.28863746,147372131.0,0.0359,-88.95,247179,358079,611253,0.915
5525,SLGB,Industrials,Integrated Freight & Logistics,NASDAQ,38.69,6,4,1,8,0.57,20639999.53866005,43000000.0,0.0016,-90.62,19749190,7304830,6122306,-0.221
5526,AZI,Consumer Cyclical,Auto & Truck Dealerships,NASDAQ,38.66,6,10,0,2,1.26,5232996.691509247,4550432.0,0.005,-99.57,109775,4858568,7641337,-0.44
5527,DH,Healthcare,Health Information Services,NASDAQ,38.66,6,3,4,14,0.71,98243064.97418547,105524238.0,0.064899996,-84.89,181363,466564,396942,-0.055
5528,NXGL,Healthcare,Medical Instruments & Supplies,NASDAQ,38.53,6,6,3,7,0.44,5478633.217701316,9131055.0,0.045,-84.78,67046,370428,279173,-0.081
5529,IMNN,Healthcare,Biotechnology,NASDAQ,38.48,6,5,10,7,1.53,9160617.52052164,4202118.0,0.0352,-96.29,418970,183503,132740,
5530,FEAM,Basic Materials,Specialty Chemicals,NASDAQ,38.44,6,13,10,7,1.12,76803163.53980005,41515223.0,0.0121,-85.07,326922,232814,210318,
5531,BXBL,Consumer Cyclical,Residential Construction,NASDAQ,38.36,6,50,46,45,4.2,,,,,1004590,450353,384524,
5532,AGIG,Utilities,Utilities - Renewable,NYSE ARCA,38.31,6,4,2,6,0.95,51506698.68074548,44022821.0,0.057600003,-96.28,65194,114411,136998,
5533,ALP,Financial Services,Asset Management,NASDAQ,38.23,6,4,1,0,0.2,8919533.242775202,23534388.0,0.4367,-98.55,3840646,3986648,11857921,
5534,ZENA,Technology,Software - Infrastructure,NASDAQ,38.22,6,7,14,27,1.3,139610298.75,85914030.0,0.0429,-81.71,2049770,2013400,3340514,6.708
5535,OLB,Technology,Software - Infrastructure,NASDAQ,38.17,6,6,11,6,0.31,7216612.058594227,14664930.0,0.0105,-87.6,148078,200529,229925,-0.287
5536,RMCF,Consumer Defensive,Confectioners,NASDAQ,38.12,6,5,84,88,0.88,18385659.60701418,9332822.0,0.004,-70.57,38973,131204,98148,-0.241
5537,BLNE,Financial Services,Mortgage Finance,NASDAQ,38.11,6,12,20,86,0.97,40844112.24593973,31178713.0,0.0504,-79.14,268324,442014,570368,0.521
5538,EXOZ,Healthcare,Biotechnology,NASDAQ,37.94,6,25,31,27,4.4,83475678.50413513,8478992.0,0.0029,-76.09,10147,13099,10407,
5539,AUID,Technology,Software - Infrastructure,NASDAQ,37.93,6,12,6,7,0.69,20649582.898445845,16132487.0,0.060300004,-88.76,201036,575232,395953,0.621
5540,IVDA,Industrials,Security & Protection Services,NASDAQ,37.92,6,14,2,4,0.22,4637610.869105786,11594027.0,0.0188,-91.85,292281,13778123,8443170,-0.641
5541,DRCT,Communication Services,Advertising Agencies,NASDAQ,37.91,6,4,1,0,2.57,1983147.9165363312,700759.0,0.026600001,-98.51,37438,25782,49125,-0.181
5542,NCNA,Healthcare,Biotechnology,NASDAQ,37.83,6,12,7,3,1.29,9697392.112466812,4161971.0,0.040599998,-96.78,31972,54544,53386,
5543,OPTU,Communication Services,Telecom Services,NYSE,37.79,6,28,22,16,0.76,313516368.0648327,476468650.0,0.3323,-74.5,4892715,11832421,13024383,-0.04
5544,ZDAI,Industrials,Engineering & Construction,NASDAQ,37.77,6,4,3,41,1.7,18902811.73288822,8043750.0,0.0057,-89.58,57050,848546,595394,-0.432
5545,DFDV,Financial Services,Asset Management,NASDAQ,37.76,6,7,8,87,2.72,117159820.60952544,30118205.0,0.2161,-91.94,672896,828568,890479,8.282
5546,GRML,Basic Materials,Other Precious Metals & Mining,NASDAQ,37.73,6,14,89,16,0.2,43160963.711544275,121238660.0,0.0498,-94.88,15145739,7563419,6003983,
5547,CABO,Communication Services,Telecom Services,NYSE,37.62,6,5,20,9,43.82,298108420.82195663,5672853.0,0.1732,-75.76,191851,277403,251558,-0.073
5548,SLE,Communication Services,Internet Content & Information,NASDAQ,37.58,6,4,4,1,2.78,5184356.471654892,1502712.0,0.0117999995,-97.97,15820,20006,973656,0.105
5549,LESL,Consumer Cyclical,Specialty Retail,NASDAQ,37.5,6,99,13,1,1.05,35753090.73518944,9359448.0,0.2755,-93.52,1119802,1012314,947180,-0.16
5550,QNTM,Healthcare,Biotechnology,NASDAQ,37.44,6,6,22,9,3.0,43894719.27431154,6398647.0,0.0382,-92.16,92286,120785,268081,
5551,EH,Industrials,Aerospace & Defense,NASDAQ,37.38,6,6,11,15,5.24,770588866.3469162,75845362.0,0.11310001,-74.38,857217,1137032,1247235,0.484
5552,SAGT,Technology,Software - Application,NASDAQ,37.25,6,8,21,17,0.75,19992000.085115433,17850000.0,0.0278,-77.88,97328,3189269,2126275,-0.3
5553,GTM,Technology,Software - Application,S&P 600,37.12,6,3,14,14,3.28,981411030.7347984,294718034.0,0.158,-73.78,6598437,10533602,11359917,0.015
5554,UK,Real Estate,Real Estate Services,NASDAQ,37.08,6,2,4,12,1.95,2223679.2606036663,677951.0,0.0306,-87.42,34730,52753,424992,
5555,PROP,Energy,Oil & Gas E&P,NASDAQ,37.06,6,3,8,11,0.68,87274831.14143264,97732173.0,0.2049,-84.29,1360613,2201851,2312696,5.138
5556,AIXC,Technology,Software - Infrastructure,NASDAQ,37.02,6,8,12,14,0.82,25900790.461072206,20234993.0,0.0038,-90.69,40713,114857,87674,
5557,SVRN,Industrials,Marine Shipping,NASDAQ,37.01,5,9,2,4,6.23,18758160.0,1875816.0,0.0128999995,-99.61,7910,9506,19592,-0.374
5558,OBAI,Technology,Software - Infrastructure,NASDAQ,37.0,5,1,0,39,0.5,12720276.453423023,24462071.0,0.11,-98.7,413123,23080604,14052214,0.044
5559,IQST,Communication Services,Telecom Services,NASDAQ,36.96,5,6,3,4,1.0,7948415.926685572,6735946.0,0.1229,-93.08,15922661,9309870,6265268,
5560,DLXY,Energy,Oil & Gas Refining & Marketing,NASDAQ,36.85,5,7,7,10,0.38,7929750.233888626,16350000.0,0.0115,-94.69,49264,394684,621952,0.202
5561,XXI,Financial Services,Shell Companies,NYSE,36.82,5,7,11,5,4.4,2538633419.0535107,346807836.0,0.1104,-90.79,2108990,1534880,1476066,
5562,DCOY,Healthcare,Biotechnology,NASDAQ,36.74,5,23,3,0,4.04,4745154.6005859375,531968.0,0.0161,-99.03,128456,496505,304809,
5563,FRGT,Technology,Software - Application,NASDAQ,36.63,5,6,3,1,2.83,2491604.3859124184,572125.0,0.0147,-95.94,66749,131973,267193,-0.054
5564,MERC,Basic Materials,Paper & Paper Products,NASDAQ,36.51,5,3,5,14,0.68,62293731.05909622,66982506.0,0.08939999,-84.79,428488,663859,589113,-0.035
5565,XCUR,Healthcare,Biotechnology,NASDAQ,36.46,5,5,12,14,1.74,20332789.21471834,6373915.0,0.0106,-83.89,1093100,813046,494882,
5566,IBG,Consumer Defensive,Beverages - Wineries & Distilleries,NASDAQ,36.31,5,5,1,2,0.89,1545315.6019152403,1815882.0,0.0089,-97.56,25319,108979,142959,
5567,LSH,Industrials,Integrated Freight & Logistics,NASDAQ,36.25,5,7,10,14,0.31,23066465.10457188,34427559.0,0.0022,-81.55,208246,169655,139391,1.67
5568,EOSE,Industrials,Electrical Equipment & Parts,NASDAQ,36.22,5,50,19,94,3.37,2862103351.2214584,339514027.0,0.31309998,-83.03,26966517,26166519,24836011,4.447
5569,CRDF,Healthcare,Biotechnology,NASDAQ,36.21,5,10,23,12,0.82,129902800.76993465,68369896.0,0.2699,-82.02,2577036,1715125,1737961,-0.624
5570,DEFT,Financial Services,Capital Markets,NASDAQ,36.2,5,10,10,3,0.43,252055196.10467017,387777239.0,0.0464,-88.06,1881972,2518340,3317616,-0.744
5571,DVLT,Technology,Software - Infrastructure,NASDAQ,36.06,5,6,32,15,0.33,427780997.5,855561995.0,0.1456,-91.95,11287827,18873385,29752231,4.431
5572,CAPS,Basic Materials,Building Materials,NASDAQ,35.95,5,2,5,6,0.25,4040289.50969249,12625905.0,0.0165,-87.92,110550,291270,2974364,0.6
5573,LENZ,Healthcare,Biotechnology,NASDAQ,35.67,5,4,5,10,5.88,243937191.89841366,31354394.0,0.5829,-88.33,1070903,1038927,895868,
5574,RGNT,Healthcare,Medical Instruments & Supplies,NYSE ARCA,35.47,5,20,5,20,1.78,9581849.423485994,5179378.0,0.0050999997,-78.68,160974,6920748,6689866,
5575,BTCS,Financial Services,Capital Markets,NASDAQ,35.45,5,8,21,19,1.04,78147335.08082211,49775371.0,0.056700002,-87.75,580512,938027,854572,2.053
5576,KXIN,Consumer Cyclical,Auto & Truck Dealerships,NASDAQ,35.45,5,3,1,0,5.4,9722467.107121468,1653762.0,0.0452,-99.35,90194,136488,126816,
5577,BYRN,Industrials,Aerospace & Defense,NASDAQ,35.39,5,5,4,12,3.97,141558482.00766563,22685655.0,0.1874,-88.43,1015418,1028719,766703,0.109
5578,LSTA,Healthcare,Biotechnology,NASDAQ,35.19,5,61,46,92,1.16,29595770.75,9106391.0,0.0124,-77.12,147772,70980,131220,
5579,ATER,Consumer Cyclical,"Furnishings, Fixtures & Appliances",NASDAQ,35.1,5,92,41,8,0.39,11900801.257942915,10818910.0,0.0476,-79.14,604544,331058,312348,-0.714
5580,COSM,Healthcare,Medical Distribution,NASDAQ,35.1,5,4,11,15,0.19,13443836.946092531,54428491.0,0.0228,-85.61,4720631,17191830,11283424,0.307
5581,SST,Industrials,Specialty Business Services,NYSE,35.08,5,8,12,18,1.83,24369917.337728977,8150474.0,0.111,-87.8,158180,95576,129372,-0.5
5582,BTGO,Financial Services,Capital Markets,NYSE,35.07,5,5,11,13,4.97,696916074.6310024,115959409.0,0.0361,-79.71,927448,1170679,1648019,1.126
5583,HERE,Consumer Cyclical,Leisure,NASDAQ,35.04,5,5,10,31,1.88,114751531.94482684,54384615.0,0.0495,-87.98,80857,110982,136099,-0.756
5584,CNTX,Healthcare,Biotechnology,NASDAQ,35.01,5,6,95,98,0.59,261855645.68771887,91879177.0,0.0115,-83.7,1479066,4066845,2732709,
5585,PLAG,Industrials,Conglomerates,NYSE ARCA,34.99,5,80,36,96,0.72,22060707.571331263,14232715.0,0.0087,-83.96,7472159,2524013,1520595,-0.444
5586,FRSX,Consumer Cyclical,Auto Parts,NASDAQ,34.77,5,5,5,4,1.2,4817519.737142563,2396776.0,0.024600001,-90.78,70561,116290,1245580,-0.218
5587,FMFC,Consumer Cyclical,Footwear & Accessories,NASDAQ,34.73,5,5,7,1,0.23,6588000.2617836,18300000.0,0.0234,-98.54,109466,4753392,2928959,-0.17
5588,FUSE,Technology,Software - Application,NASDAQ,34.73,5,7,10,6,0.86,41383111.682076454,28939240.0,0.0756,-96.56,66134,66281,77906,-0.038
5589,MTNB,Healthcare,Biotechnology,NYSE ARCA,34.72,5,26,29,16,0.29,5189014.72527355,6406191.0,0.0001,-90.61,25358701,9093363,5612884,
5590,NVX,Industrials,Electrical Equipment & Parts,NASDAQ,34.69,5,6,11,18,0.39,154123205.7317943,215556939.0,0.0191,-89.9,145088,284429,319597,-0.101
5591,EVTL,Industrials,Aerospace & Defense,NYSE,34.65,5,7,7,36,1.35,343785616.87147236,127328004.0,0.118,-82.24,2498612,2185574,2503488,
5592,ADGM,Healthcare,Medical Devices,NASDAQ,34.65,5,7,20,24,0.45,16080371.807642937,22210459.0,0.0034,-82.57,81695,70775,98361,
5593,KSCP,Industrials,Security & Protection Services,NASDAQ,34.39,5,6,16,11,1.52,50374857.27619743,17251663.0,0.1521,-85.01,3338495,1496088,1139195,1.062
5594,LOCL,Consumer Defensive,Farm Products,NYSE,34.38,5,19,32,25,1.02,39437547.534804344,22796270.0,0.22729999,-74.47,22587,25952,31305,0.149
5595,BGM,Healthcare,Drug Manufacturers - Specialty & Generic,NASDAQ,34.37,5,3,0,2,0.28,63597604.82082635,200623358.0,0.00029999999,-98.37,59621,348350,521802,0.139
5596,SLND,Industrials,Engineering & Construction,NYSE ARCA,34.37,5,2,5,8,0.62,66147037.59121466,54218882.0,0.0467,-88.39,23034820,7850666,4744474,-0.28
5597,SES,Consumer Cyclical,Auto Parts,NYSE,34.29,5,21,14,91,0.53,483761185.7094364,369283364.0,0.0715,-85.79,19448628,15041469,12502251,0.158
5598,BIRD,Consumer Cyclical,Apparel Retail,NASDAQ,34.29,5,43,75,7,2.38,36280929.11222744,8806051.0,0.1902,-90.21,307594,2919021,1907256,-0.305
5599,VERI,Technology,Software - Infrastructure,NASDAQ,34.09,5,9,14,62,1.04,197063319.48221302,92954401.0,0.1102,-88.96,2088000,2621986,2714136,-0.098
5600,BIOX,Basic Materials,Agricultural Inputs,NASDAQ,33.93,5,4,3,1,0.32,28461888.009810656,63815891.0,0.0166,-93.79,95216,186202,218979,-0.359
5601,DUO,Real Estate,Real Estate Services,NASDAQ,33.9,5,4,22,8,0.61,42788738.98143947,38548413.0,0.004,-88.58,600691,240650,306388,-0.24
5602,NNNN,Healthcare,Medical Instruments & Supplies,NASDAQ,33.9,5,5,94,98,10.15,1510296185.3027344,43891200.0,0.0021,-81.76,28104,45411,39264,0.739
5603,ERNA,Healthcare,Biotechnology,NASDAQ,33.77,5,14,0,6,3.61,12328139.454063416,1166333.0,0.22129999,-95.99,2736061,945073,622478,
5604,CURX,Healthcare,Biotechnology,NASDAQ,33.77,5,4,13,2,0.2,9437490.51762557,28340812.0,0.0067000003,-97.82,71747,77839,76945,
5605,TPET,Energy,Oil & Gas E&P,NYSE ARCA,33.69,5,2,9,10,0.27,12312845.021989167,33826498.0,0.1337,-89.2,2629400,3539210,3948260,10.294
5606,PSIX,Industrials,Specialty Industrial Machinery,NASDAQ,33.67,5,7,80,87,27.9,960742763.0344391,23050450.0,0.1296,-77.09,459212,422214,518232,-0.051
5607,ENSC,Healthcare,Biotechnology,NASDAQ,33.64,5,3,3,2,0.25,4129152.0803314447,14694492.0,0.0555,-90.91,287666,1263015,1202533,-0.272
5608,AZTR,Healthcare,Biotechnology,NYSE ARCA,33.58,5,6,9,3,0.13,3724260.807560116,16192438.0,0.012,-94.58,1427811,23509990,14293088,
5609,VRM,Financial Services,Credit Services,NASDAQ,33.57,5,4,12,15,7.07,61449999.593276024,5207627.0,0.046,-79.79,3860,44250,29160,-0.106
5610,SDST,Industrials,Electrical Equipment & Parts,NASDAQ,33.44,5,12,12,23,1.3,24121777.257311583,10579727.0,0.0885,-83.05,251293,233251,227168,
5611,GRSD,Consumer Cyclical,Gambling,NASDAQ,33.42,5,4,9,7,1.93,,,,,389259,580456,768987,
5612,STEM,Utilities,Utilities - Renewable,NYSE,33.42,5,17,16,65,5.33,87061585.55176449,8956953.0,0.126,-83.46,105110,105880,136818,-0.108
5613,HRTX,Healthcare,Biotechnology,NASDAQ,33.4,5,4,22,29,0.49,164673051.93255436,189279369.0,0.2672,-78.7,2082597,3041779,3489939,-0.108
5614,PBM,Healthcare,Biotechnology,NASDAQ,33.25,5,6,14,0,3.16,9517224.268706799,2293307.0,0.0311,-99.33,128444,66668,78660,
5615,BHST,Consumer Defensive,Packaged Foods,NASDAQ,33.18,5,6,13,15,2.04,87497867.74204874,22667842.0,0.0033000002,-84.06,76650,45036,37134,0.246
5616,INUV,Technology,Software - Application,NYSE ARCA,33.07,4,7,13,8,0.96,23713437.153357744,14820898.0,0.0392,-84.69,309735,287955,247927,-0.456
5617,AKAN,Healthcare,Drug Manufacturers - Specialty & Generic,NASDAQ,33.05,4,96,99,0,6.2,11751851.697681427,534418.0,0.0744,-97.04,637797,240439,441817,
5618,AGRZ,Consumer Defensive,Farm Products,NASDAQ,32.97,4,4,5,1,0.22,7542372.562970817,21673485.0,0.0026,-96.94,71534,111621,632070,3.202
5619,VENU,Consumer Cyclical,Restaurants,NYSE ARCA,32.91,4,5,7,8,2.3,221352917.25268364,59825112.0,0.0357,-87.34,346290,851313,640328,0.115
5620,WKSP,Consumer Cyclical,Auto Parts,NASDAQ,32.9,4,16,6,8,0.59,9210682.079265118,12531540.0,0.08189999,-87.96,429390,11358616,7029832,0.479
5621,IZM,Technology,Electronics & Computer Distribution,NASDAQ,32.71,4,2,2,13,0.25,4506791.625,12018111.0,0.0073,-90.88,327950,1204076,1330712,0.072
5622,GOAI,Technology,Software - Infrastructure,NASDAQ,32.57,4,5,13,6,1.99,118740014.25,36535389.0,0.0044,-88.94,1274217,486889,349831,0.06
5623,CLIK,Consumer Cyclical,Personal Services,NASDAQ,32.57,4,5,6,6,1.56,6232392.921084523,3263033.0,0.033299997,-91.48,696226,295945,1335193,0.572
5624,CAN,Technology,Computer Hardware,NASDAQ,32.41,4,8,15,12,0.24,307893299.69741106,745504380.0,0.0828,-89.19,6425749,9195583,9744639,-0.243
5625,INBS,Healthcare,Medical Devices,NASDAQ,32.38,4,5,2,12,1.59,6147044.060327053,2391846.0,0.0625,-93.61,118952,69614,79924,0.455
5626,RKDA,Consumer Defensive,Packaged Foods,NASDAQ,32.33,4,3,4,8,0.63,1984893.0060560703,2056884.0,0.0044,-90.61,36396,101925,3827475,-0.083
5627,ARAY,Healthcare,Medical Devices,NASDAQ,32.28,4,4,5,8,0.24,45206203.91273689,118963696.0,0.0636,-88.57,885205,1629681,3724663,-0.074
5628,YRD,Financial Services,Credit Services,NYSE,32.16,4,4,4,15,1.13,118984308.21153247,87488461.0,0.0039,-85.29,58250,2091876,1328818,-0.341
5629,MSGY,Industrials,Engineering & Construction,NASDAQ,32.13,4,6,3,3,0.35,6472375.186532736,14225000.0,0.0117999995,-98.42,227336,453655,801657,-0.191
5630,REFR,Technology,Electronic Components,NASDAQ,32.09,4,5,14,18,0.44,26848194.55494976,34867786.0,0.0106,-83.7,53548,61552,46493,-0.756
5631,EMBC,Healthcare,Medical Instruments & Supplies,NASDAQ,31.94,4,3,23,25,3.59,200527555.04951382,59327677.0,0.1433,-76.91,1140338,2050989,2033459,-0.144
5632,FLUX,Industrials,Electrical Equipment & Parts,NASDAQ,31.94,4,8,15,12,0.56,23070294.556731105,21361383.0,0.034,-92.58,69917,85519,93761,-0.607
5633,ZSQR,Technology,Software - Infrastructure,NASDAQ,31.76,4,45,82,69,4.82,478827221.4115133,51431493.0,2.76,-77.49,598220,796093,582452,
5634,INTJ,Industrials,Consulting Services,NASDAQ,31.66,4,2,37,8,3.53,14606250.0,1537500.0,0.0016,-89.61,9901,68770,43690,0.035
5635,QNCX,Healthcare,Biotechnology,NASDAQ,31.5,4,3,4,0,19.37,22493145.083670974,19559257.0,0.1082,-57.43,31481,31807,59400,
5636,BZAI,Technology,Software - Application,NASDAQ,31.49,4,12,32,4,0.86,250447050.0029266,142299461.0,0.1161,-87.28,3687307,3677005,4853837,1.719
5637,NYXH,Healthcare,Medical Instruments & Supplies,NASDAQ,31.35,4,4,8,17,1.43,133187304.33246517,44693726.0,0.0104,-83.35,119477,251839,374171,4.989
5638,GVH,Industrials,Integrated Freight & Logistics,NASDAQ,31.22,4,82,92,1,1.0,11228280.941059113,2286819.0,0.0231,-99.72,2755647,1665965,1008037,0.207
5639,ICMB,Financial Services,Asset Management,NASDAQ,31.08,4,7,13,65,0.76,18617888.329444885,14432472.0,0.033,-75.64,36195,122298,103855,-0.187
5640,RIME,Technology,Consumer Electronics,NASDAQ,30.95,4,4,16,5,0.44,12032246.798659801,15425958.0,0.057800002,-90.39,145957,238929,394533,18.512
5641,GNS,Consumer Defensive,Education & Training Services,NYSE ARCA,30.94,4,3,7,24,0.16,49448263.10810655,194678195.0,0.039100002,-91.67,2106837,4199845,12370987,
5642,NMTC,Healthcare,Medical Devices,NASDAQ,30.9,4,15,42,58,1.67,30600559.388972282,8619876.0,0.0054,-76.01,37792,46494,40070,0.725
5643,CWD,Financial Services,Asset Management,NASDAQ,30.84,4,3,8,3,0.51,8840224.0,8840224.0,0.0162,-98.94,273421,11847260,7153136,-0.409
5644,GOVX,Healthcare,Biotechnology,NASDAQ,30.67,4,5,1,1,0.73,10733557.601854801,5210465.0,0.1357,-97.9,277180,350586,6226434,
5645,GETY,Communication Services,Internet Content & Information,NYSE,30.66,4,23,6,11,0.41,435717597.7779732,418959244.0,0.19409999,-87.23,6025572,13562720,9344766,0.011
5646,PRFX,Healthcare,Drug Manufacturers - Specialty & Generic,NASDAQ,30.33,4,5,4,6,1.07,2606268.0,868756.0,0.0848,-94.04,150681,2370450,3166276,
5647,NAKA,Financial Services,Capital Markets,NASDAQ,30.33,4,2,2,2,4.52,108937394.12303352,17402139.0,0.0936,-99.52,248697,244329,333644,1.771
5648,XPON,Industrials,Electrical Equipment & Parts,NASDAQ,30.24,4,11,16,14,3.59,6085174.595996261,11438298.0,0.0178,-34.73,33784,17265,16142,0.118
5649,NNOX,Healthcare,Medical Devices,NASDAQ,30.09,4,4,7,10,0.88,133613234.77351141,69590228.0,0.1753,-84.62,1061504,2995018,2280264,0.24
5650,EJH,Consumer Cyclical,Personal Services,NASDAQ,30.07,4,2,0,7,1.2,4928237.037923813,3200154.0,0.0041,-98.9,18095,11915,18775,-0.003
5651,ANTA,Financial Services,Credit Services,NASDAQ,30.0,4,9,21,19,3.27,178744239.62379074,23992516.0,0.002,-79.11,7490,4273,3844,0.524
5652,BJDX,Healthcare,Medical Devices,NASDAQ,29.93,4,7,4,6,1.0,2214290.2085459232,1034715.0,0.0069999998,-94.0,1041806,5636848,4989437,
5653,OPTT,Industrials,Specialty Industrial Machinery,NYSE ARCA,29.84,4,13,17,29,0.15,86648905.73269951,228023439.0,0.066300005,-83.33,5591581,4366990,5013998,-0.378
5654,MIMI,Industrials,Engineering & Construction,NASDAQ,29.82,4,10,6,0,1.71,9498295.18127942,2753129.0,0.0179,-98.75,199917,3479819,2178429,-0.262
5655,AREN,Communication Services,Internet Content & Information,NYSE ARCA,29.78,4,2,8,35,1.07,66643904.865061045,47602790.0,0.0507,-86.37,51460,137553,127874,-0.359
5656,SSTK,Communication Services,Internet Content & Information,NYSE,29.61,4,21,26,27,5.98,547029041.0729961,36738014.0,0.0529,-79.73,1475260,1193523,981982,-0.179
5657,BTCT,Technology,Computer Hardware,NASDAQ,29.6,4,4,11,6,0.54,10849351.36385858,9516975.0,0.0227,-88.73,259640,3053870,1960286,0.004
5658,JFIN,Financial Services,Credit Services,NASDAQ,29.56,4,5,9,14,2.19,226586930.18757248,52329546.0,0.0088,-88.61,62639,96966,89681,-0.224
5659,HCTI,Healthcare,Health Information Services,NASDAQ,29.55,4,2,0,0,1.63,5231679.985292435,2027783.0,0.187,-99.87,69587,229259,165205,1.661
5660,NEON,Technology,Electronic Components,NASDAQ,29.5,4,4,7,4,0.77,28698798.970217705,16782923.0,0.0495,-97.42,93060,228263,234954,0.197
5661,CIRC,Industrials,Staffing & Employment Services,NASDAQ,29.48,4,7,9,85,0.74,,,,,1626842,25118890,15192478,
5662,WNW,Consumer Cyclical,Internet Retail,NASDAQ,29.42,4,1,0,25,2.47,5055789.736558199,1330471.0,0.0093,-99.82,215540,710883,1865894,62.646
5663,NEGG,Consumer Cyclical,Internet Retail,NASDAQ,29.27,4,9,97,99,14.08,389469717.79953,20973060.0,0.2054,-89.79,78362,66677,84768,0.213
5664,YDDL,Industrials,Waste Management,NASDAQ,29.22,4,2,24,85,1.71,187711660.20624495,56033333.0,0.0021,-89.46,19430,22716,37220,0.083
5665,PMAX,Financial Services,Capital Markets,NASDAQ,29.22,4,3,0,36,1.55,4597092.554510832,1715333.0,0.0493,-97.02,1958394,854838,742366,0.727
5666,MRLN,Industrials,Aerospace & Defense,NASDAQ,29.18,4,7,25,44,3.56,777018637.0105019,96524052.0,1.7,-79.06,1680937,2115062,2873243,0.154
5667,RAYA,Industrials,Electrical Equipment & Parts,NASDAQ,28.94,4,3,1,1,2.42,3380037.416223049,982569.0,0.0109,-99.97,24547,44875,46899,-0.231
5668,ANPA,Industrials,Specialty Business Services,NASDAQ,28.81,4,6,7,99,4.17,92573759.8782587,15101755.0,0.0085,-97.69,42635,19135,15839,
5669,MKZR,Real Estate,REIT - Diversified,NASDAQ,28.68,4,3,8,11,1.29,5322068.803429127,2255114.0,0.0043,-92.37,18828,32592,24171,-0.44
5670,CHGA,Real Estate,Real Estate Services,NASDAQ,28.54,4,2,3,2,0.23,,,,,1840571,2810563,1767474,
5671,RCON,Energy,Oil & Gas Equipment & Services,NASDAQ,28.51,4,3,7,13,0.44,53470179.55320114,90627427.0,0.00029999999,-93.85,5216494,1770084,1096254,1.022
5672,MEDS,Healthcare,Medical Distribution,NASDAQ,28.48,4,2,1,4,3.55,,,,,84594,43571,610443,
5673,SNTI,Healthcare,Biotechnology,NASDAQ,28.47,4,48,11,5,0.38,29649806.491144896,31144754.0,0.0373,-90.22,644760,323026,268982,
5674,CDLX,Communication Services,Advertising Agencies,NASDAQ,28.45,4,4,13,6,3.84,38883832.66171318,57605677.0,0.1387,17.07,47121,58847,73529,-0.446
5675,HTZ,Industrials,Rental & Leasing Services,S&P 600,28.34,3,4,66,43,1.76,1705128454.3136516,315764523.0,0.396,-79.15,16172180,25462523,17738640,0.105
5676,LICN,Industrials,Specialty Business Services,NASDAQ,28.32,3,1,75,99,1.17,25148341.779738665,16436825.0,0.0011,-87.68,2921521,1825413,1420404,-0.561
5677,SDOT,Consumer Defensive,Farm Products,NASDAQ,28.23,3,15,1,4,14.96,2031120.0141906738,744000.0,0.0115,-96.75,3472182,4248570,4137059,
5678,NFE,Energy,Oil & Gas Midstream,NASDAQ,28.23,3,3,4,12,0.33,160241035.65357327,285634650.0,0.21149999,-93.34,2345007,4175665,4424123,-0.508
5679,GRI,Healthcare,Biotechnology,NASDAQ,28.12,3,4,3,0,1.43,3647926.178671837,1770838.0,0.0644,-98.22,25355,82665,70051,
5680,TRAW,Healthcare,Biotechnology,NASDAQ,28.08,3,7,18,32,0.51,22119977.317952156,15150669.0,0.1342,-84.4,116430,368886,450234,
5681,ADCT,Healthcare,Biotechnology,NYSE,28.05,3,2,83,91,1.11,432449949.32989407,127191158.0,0.0533,-77.71,787884,1353768,1989948,-0.095
5682,TPST,Healthcare,Biotechnology,NASDAQ,27.88,3,4,6,2,0.87,22654704.986368418,14806997.0,0.0685,-92.89,228610,204273,166286,
5683,AUUD,Technology,Software - Application,NASDAQ,27.8,3,1,1,5,1.08,7563310.320955515,5364050.0,0.0252,-98.09,255080,291793,4332088,
5684,IPDN,Industrials,Staffing & Employment Services,NASDAQ,27.78,3,4,7,7,0.35,7577303.341094971,10524032.0,0.0147,-97.18,43047,62129,71011,0.029
5685,MODD,Healthcare,Medical Devices,NASDAQ,27.68,3,9,2,12,2.34,26947661.56321001,5411177.0,0.0241,-92.2,206511,167553,109134,
5686,SOC,Energy,Oil & Gas Drilling,NYSE,27.55,3,5,54,13,4.14,2261416572.615223,154362910.0,0.22129999,-87.13,7128130,14432783,10212188,
5687,LIQT,Industrials,Pollution & Treatment Controls,NASDAQ,27.55,3,4,67,24,0.65,10942625.337175012,9947841.0,0.0107,-80.6,149256,248615,400941,-0.104
5688,SOAR,Industrials,Airports & Air Services,NYSE ARCA,27.48,3,4,2,4,0.14,5253537.765259162,30903163.0,0.0764,-96.38,1192480,9404866,26340422,-0.961
5689,KNRX,Technology,Software - Application,NYSE ARCA,27.45,3,2,9,5,0.48,18588522.086520612,30423113.0,0.025899999,-88.0,37090,440066,314208,-0.486
5690,ELTX,Healthcare,Biotechnology,NASDAQ,27.41,3,4,85,42,2.95,218344758.6311617,19086081.0,0.1318,-80.24,408103,3332167,2055840,
5691,SLBT,Healthcare,Biotechnology,NASDAQ,27.41,3,4,28,48,2.75,,,,,109990,1481360,910034,
5692,CSAI,Technology,Software - Infrastructure,NASDAQ,27.41,3,3,5,2,0.25,11914668.143070102,24515778.0,0.0254,-90.71,972967,1031855,788193,3.064
5693,XAIR,Healthcare,Medical Devices,NASDAQ,27.36,3,5,3,5,5.46,5838634.745916009,12692684.0,0.0064,-6.51,14990,19044,15917,1.047
5694,ATOS,Healthcare,Biotechnology,NASDAQ,27.33,3,2,7,6,2.41,45037773.83424997,8611429.0,0.0397,-87.55,62388,199189,177899,
5695,LNKS,Industrials,Electrical Equipment & Parts,NASDAQ,26.88,3,1,0,95,1.17,2795506.6353218555,1606613.0,0.53650004,-99.72,72713,2851631,2104004,-0.016
5696,CGTL,Consumer Cyclical,Specialty Retail,NASDAQ,26.88,3,5,61,99,4.44,12862500.0,25725000.0,0.74230003,-30.63,39682,285664,577306,-0.41
5697,SCNI,Healthcare,Biotechnology,NASDAQ,26.77,3,3,9,10,0.26,1781906.352795601,3959792.0,0.0401,-95.79,398834,570608,483106,0.306
5698,GOSS,Healthcare,Biotechnology,NASDAQ,26.72,3,2,2,91,0.21,54214842.3658548,234696281.0,0.1863,-94.57,70651969,35431459,28799155,0.715
5699,VVOS,Healthcare,Medical Devices,NASDAQ,26.71,3,2,4,8,0.42,9726219.83436346,13894600.0,0.08939999,-94.72,151100,703136,2002020,0.705
5700,MVIS,Technology,Scientific & Technical Instruments,NASDAQ,26.48,3,3,13,12,0.25,202285328.5937947,331615285.0,0.2084,-85.55,8635615,10734018,10131355,0.587
5701,MVST,Consumer Cyclical,Auto Parts,NASDAQ,26.35,3,6,14,37,0.77,516393929.313818,333157384.0,0.1041,-89.19,4952170,4553190,4800680,-0.48
5702,CELZ,Healthcare,Biotechnology,NASDAQ,26.3,3,3,33,17,0.74,8317503.0,3696668.0,0.0367,-88.16,181202,6806807,4103204,
5703,RDGT,Healthcare,Pharmaceutical Retailers,NASDAQ,26.26,3,0,0,53,1.16,1609043.4957094193,898907.0,0.0138,-99.85,3476906,5166548,3637985,-0.117
5704,FEMY,Healthcare,Medical Instruments & Supplies,NASDAQ,26.25,3,3,8,11,2.92,23371195.150839984,60390686.0,0.0334,163.06,70378,51039,81905,0.399
5705,MRNO,Real Estate,Real Estate - Development,NASDAQ,26.17,3,2,1,2,0.19,28061028.711948395,79718832.0,0.42970002,-98.43,332720,690903,7464822,-0.149
5706,SEGG,Consumer Cyclical,Gambling,NASDAQ,26.05,3,20,4,3,0.58,25534030.034537792,15108893.0,0.108500004,-96.59,511722,731964,1292274,-0.314
5707,THH,Industrials,Specialty Business Services,NASDAQ,25.99,3,3,2,0,0.21,17766418.21306199,50046250.0,0.0002,-99.62,88440,873520,775696,0.219
5708,RGC,Healthcare,Drug Manufacturers - Specialty & Generic,NASDAQ,25.84,3,2,99,99,5.97,11818284736.467451,494488909.0,0.014400001,-92.86,247190,474430,322002,
5709,FXHO,Technology,Consumer Electronics,NASDAQ,25.76,3,0,2,0,10.3,,,,,52106,347003,352911,
5710,WSHP,Communication Services,Internet Content & Information,NASDAQ,25.74,3,21,2,93,4.96,73566984.34823513,10963783.0,0.6143,-98.02,70120,497680,325606,-0.733
5711,QTI,Healthcare,Medical Devices,NASDAQ,25.71,3,5,22,15,2.65,66212500.0,13242500.0,0.044699997,-94.25,62724,40674,54936,1.333
5712,YOUL,Consumer Defensive,Education & Training Services,NASDAQ,25.58,3,2,7,7,0.38,39545218.549489975,76048500.0,0.0027,-93.09,1372250,603270,1468518,0.177
5713,AVX,Technology,Software - Infrastructure,NASDAQ,25.5,3,6,3,1,3.05,47586215.505829096,89616222.0,0.0047999998,-77.39,19723,29644,29977,6.291
5714,VWAV,Industrials,Aerospace & Defense,NASDAQ,25.48,3,19,28,92,2.29,160450438.99809217,25387727.0,0.0504,-85.51,580870,1001993,798096,
5715,YDES,Healthcare,Biotechnology,NASDAQ,25.37,3,1,5,26,2.3,228076936.14650106,70831346.0,0.001,-90.8,37000,255973,159166,0.956
5716,VSEE,Healthcare,Health Information Services,NASDAQ,25.25,3,2,3,3,0.09,9233889.874129951,48599421.0,0.0208,-96.43,4578800,3513963,3671970,-0.049
5717,CRIS,Healthcare,Biotechnology,NASDAQ,25.19,3,6,6,7,4.83,22217854.731202662,38978693.0,0.0070999996,54.31,80410,352025,215202,
5718,SLMT,Communication Services,Entertainment,NASDAQ,25.13,3,3,2,1,3.92,48714828.89896679,8442778.0,0.0756,-99.26,55060,104623,118644,5.008
5719,ENGN,Healthcare,Biotechnology,NASDAQ,25.02,3,2,76,94,1.76,123930513.69715333,66989466.0,0.026800001,-85.63,749875,1095588,1126009,
5720,PSIG,Industrials,Integrated Freight & Logistics,NASDAQ,24.96,3,2,91,93,1.19,127625550.53284836,15376572.0,0.0023999999,-85.87,72198,1725156,1610859,-0.373
5721,CVKD,Healthcare,Biotechnology,NASDAQ,24.53,3,5,15,6,2.01,15268105.237425804,3078247.0,0.0271,-87.43,67147,86862,79621,
5722,AIFC,Technology,Software - Infrastructure,NASDAQ,24.43,3,3,2,11,0.39,118861037.68396223,139836511.0,0.1074,-96.44,1102751,1231383,1277966,-0.028
5723,BOXL,Technology,Consumer Electronics,NASDAQ,24.33,3,3,5,0,2.92,3521502.140918374,4001707.0,0.021,-95.21,15259,981708,596232,0.001
5724,MPU,Communication Services,Entertainment,NYSE ARCA,24.27,3,3,9,8,0.24,27199677.605306774,67999193.0,0.0097,-94.59,224911,301097,3950620,-0.492
5725,AEON,Healthcare,Biotechnology,NYSE ARCA,24.24,3,20,73,79,0.25,19914559.4921996,26307211.0,0.0166,-82.76,639924,2339414,1424880,
5726,GCDT,Industrials,Specialty Industrial Machinery,NYSE ARCA,24.21,3,2,1,40,0.41,12250000.23841858,12500000.0,0.0023,-92.99,115254,252468,2206546,1.429
5727,LZMH,Technology,Information Technology Services,NASDAQ,24.2,3,0,0,4,1.24,11492479.743123055,8978500.0,0.0150999995,-99.78,55799,50643,427362,0.912
5728,DGNX,Industrials,Consulting Services,NASDAQ,24.17,3,1,0,1,1.5,42196365.837641,29100941.0,0.0444,-99.53,585412,3113080,2368352,2.927
5729,CHAI,Communication Services,Internet Content & Information,NASDAQ,24.14,3,3,4,2,0.47,20918521.150025845,19922402.0,0.0089,-97.73,28030465,9937975,11000437,
5730,SNWV,Healthcare,Medical Devices,NASDAQ,24.13,3,4,9,28,6.36,141625128.81555176,8598976.0,0.142,-86.35,448320,323156,222472,0.031
5731,GAUZ,Technology,Electronic Components,NASDAQ,24.01,3,3,3,1,0.32,13101452.780874848,18743137.0,0.0106,-96.67,165596,126472,114481,-0.178
5732,FGL,Industrials,Engineering & Construction,NASDAQ,23.67,3,2,0,1,1.01,2291320.0,1145660.0,0.0495,-99.29,233653,161191,1248670,0.089
5733,LIMN,Healthcare,Biotechnology,NASDAQ,23.54,3,2,1,6,0.1,7359932.015293568,44877633.0,0.0173,-99.7,74318949,49159996,38434293,
5734,VTGN,Healthcare,Biotechnology,NASDAQ,23.4,2,25,9,1,0.23,24960799.521075606,39620317.0,0.0647,-95.53,767720,3385166,2273440,0.295
5735,UCAR,Consumer Cyclical,Auto & Truck Dealerships,NASDAQ,23.23,2,29,0,12,1.0,35524861.017249465,25742653.0,0.0099,-97.99,508630,501203,827582,-0.248
5736,BIAF,Healthcare,Diagnostics & Research,NASDAQ,22.95,2,2,68,2,0.63,7573292.825382948,4534906.0,0.111099996,-95.43,216996,569298,411861,-0.271
5737,CVM,Healthcare,Biotechnology,NYSE ARCA,22.88,2,2,6,13,1.2,22319390.38713169,14493111.0,0.0177,-91.1,365491,408663,416616,
5738,AIM,Healthcare,Biotechnology,NYSE ARCA,22.63,2,2,3,4,0.24,5971041.097916812,14563515.0,0.0379,-98.78,487088,2120832,34211867,-0.533
5739,ACTU,Healthcare,Biotechnology,NASDAQ,22.57,2,4,7,12,1.06,48330220.58365059,23925852.0,0.084300004,-90.94,165757,353862,276555,
5740,AMIX,Healthcare,Medical Devices,NASDAQ,22.56,2,5,7,3,2.75,4563737.66800499,11409344.0,0.0173,4.17,1008122,445044,304129,
5741,VEEA,Technology,Information Technology Services,NASDAQ,22.36,2,4,11,9,0.16,30496579.60144806,50407568.0,0.01,-92.63,1300360,2552116,1703284,11.65
5742,LNZA,Industrials,Waste Management,NASDAQ,22.34,2,4,82,5,5.45,80629242.08275223,13089163.0,0.0375,-92.35,66476,175342,179729,0.268
5743,GNLN,Consumer Defensive,Tobacco,NASDAQ,22.27,2,5,2,2,1.79,2194319.964779377,631459.0,0.0238,-98.25,9259,14923,14319,-0.695
5744,TRUG,Consumer Cyclical,Leisure,NASDAQ,22.26,2,1,1,1,1.17,1926661.231241703,1113677.0,0.026800001,-99.13,1656010,688146,472494,-0.042
5745,UZX,Consumer Cyclical,Internet Retail,NASDAQ,22.16,2,1,3,14,0.22,40481790.939706564,48481188.0,0.00029999999,-92.9,565390,497700,8522518,-0.709
5746,ZEPP,Technology,Consumer Electronics,NYSE,22.11,2,9,95,98,4.64,119666242.72230148,14664981.0,0.0502,-92.5,34550,67943,122232,0.43
5747,PSQH,Technology,Software - Application,NYSE,21.88,2,5,8,4,3.7,31867066.14125955,48726402.0,0.0002,30.28,202281,90828,63615,0.209
5748,IVF,Healthcare,Medical Devices,NASDAQ,21.67,2,5,1,1,0.98,3036987.712297082,1615419.0,0.0762,-99.52,112110,4431210,2978512,0.226
5749,RMSG,Technology,Software - Application,NASDAQ,21.6,2,5,81,4,0.38,10238799.067681432,11092957.0,0.0925,-93.04,349293,330921,5495612,
5750,BNKK,Financial Services,Asset Management,NASDAQ,21.53,2,4,4,3,1.04,15441813.780333996,8000940.0,0.106400006,-97.78,59805,196655,305559,102.016
5751,FBLG,Healthcare,Biotechnology,NASDAQ,21.48,2,1,1,7,0.65,6042341.226133704,5208915.0,0.048600003,-96.72,79994,142034,134012,
5752,BAOS,Communication Services,Advertising Agencies,NASDAQ,21.33,2,34,38,58,0.68,4450012.446340084,1534487.0,0.049200002,-87.41,158720,65263,122082,-0.505
5753,VTIX,Technology,Computer Hardware,NASDAQ,21.28,2,1,3,2,1.69,121399565.66453576,32810693.0,0.1062,-98.18,2022780,812896,711894,-0.238
5754,CLDI,Healthcare,Biotechnology,NYSE ARCA,21.19,2,3,1,4,0.11,3572650.671042502,19311625.0,0.2039,-99.43,11930898,6817069,5593239,
5755,SURG,Communication Services,Telecom Services,NASDAQ,20.99,2,2,4,7,0.24,14872162.031664848,25121895.0,0.0315,-93.04,702090,9246350,5635310,0.511
5756,WCT,Technology,Software - Application,NASDAQ,20.71,2,1,2,6,0.88,4212725.738536835,2905328.0,0.0023,-96.48,119750,365533,3840318,-0.879
5757,PPCB,Healthcare,Biotechnology,NASDAQ,20.53,2,2,1,0,1.21,4146637.1595053673,2278372.0,0.0121,-99.55,102764,2127648,4829554,
5758,DCX,Consumer Cyclical,Auto Manufacturers,NASDAQ,20.45,2,3,2,0,0.9,49360826.43905282,19823625.0,0.0028,-99.97,72104,1201794,726120,
5759,PPBT,Healthcare,Biotechnology,NASDAQ,20.43,2,2,5,5,1.37,2787499.2688908577,932274.0,0.008,-95.28,16553,50277,382234,
5760,SNYR,Healthcare,Medical Distribution,NASDAQ,20.39,2,0,1,16,0.17,4008068.4346373677,14899883.0,0.028900001,-95.75,187620,323083,2909036,-0.328
5761,SPWR,Technology,Solar,NASDAQ,20.34,2,4,6,32,0.29,154568834.43613195,145819663.0,0.1608,-87.22,6563580,4782150,4201722,-0.072
5762,BIYA,Technology,Software - Application,NASDAQ,20.29,2,0,2,2,6.44,3695632.8849015236,4119992.0,0.2693,-95.71,23879676,9837860,6318562,0.532
5763,VRRM,Technology,Information Technology Services,S&P 600,20.18,2,1,14,19,4.18,685099039.7986736,151906653.0,0.026300002,-83.82,3421950,5207570,8034784,0.001
5764,REED,Consumer Defensive,Beverages - Non-Alcoholic,NYSE ARCA,20.13,2,3,28,3,0.9,20275617.512311935,11857086.0,0.0041,-92.5,13379,24283,29327,-0.288
5765,RVSN,Industrials,Railroads,NASDAQ,20.08,2,1,0,0,4.11,10730946.228186607,2192226.0,0.0343,-99.54,9006,17642,34959,1.319
5766,MNDR,Healthcare,Health Information Services,NASDAQ,19.98,2,4,5,2,1.67,5576097.139494419,7167220.0,0.0217,-78.99,58481,171690,116962,-0.077
5767,BTOG,Financial Services,Financial Data & Stock Exchanges,NASDAQ,19.85,2,2,3,1,0.84,2850303.539285183,1610341.0,0.0307,-98.61,81310,1720823,1110910,
5768,BDRX,Healthcare,Biotechnology,NASDAQ,19.84,2,5,1,1,1.44,2589015.601346493,746114.0,0.027999999,-97.83,395754,282801,178980,
5769,IPST,Financial Services,Capital Markets,NASDAQ,19.78,2,1,0,0,2.37,3306905.7177734375,686080.0,0.0934,-99.55,12486,36928,56309,0.607
5770,TOPS,Energy,Oil & Gas Midstream,NYSE ARCA,19.68,2,1,5,23,0.74,4987502.867876291,5541670.0,0.4495,-93.55,184580,191500,1051412,-0.169
5771,ISPC,Healthcare,Diagnostics & Research,NASDAQ,19.65,2,2,2,3,1.89,4541416.243352175,1437157.0,0.0785,-98.51,123508,95886,153781,-0.852
5772,ENVB,Healthcare,Biotechnology,NASDAQ,19.57,2,4,18,2,1.33,8468333.02443409,3681884.0,0.0319,-92.46,141268,130029,173599,
5773,VIVS,Healthcare,Biotechnology,NASDAQ,19.42,2,10,11,66,0.38,3791819.7243742943,2894519.0,0.014099999,-92.83,20651830,7001650,4222474,0.083
5774,CMCT,Real Estate,REIT - Office,NASDAQ,19.35,2,1,0,5,2.95,11981777.219324112,2639158.0,0.0298,-99.8,22035,29771,33577,-0.1
5775,ALAR,Technology,Software - Infrastructure,NASDAQ,19.25,2,39,17,14,1.79,68190439.13999367,7340198.0,0.0077,-90.06,152826,343265,248183,0.604
5776,CANG,Financial Services,Capital Markets,NYSE,19.23,2,2,2,10,1.7,180496654.2619601,410219671.0,0.0401,-40.87,134653,179777,142811,0.879
5777,FLD,Financial Services,Capital Markets,NASDAQ,19.13,2,1,8,6,0.45,49056717.1412617,50783350.0,0.0154,-91.51,262682,408357,2833090,-0.211
5778,NWGL,Basic Materials,Lumber & Wood Production,NASDAQ,19.1,2,2,15,40,0.24,13639807.975786328,16553165.0,0.0081,-96.37,319511,4041053,2791740,-0.119
5779,IMCC,Healthcare,Drug Manufacturers - Specialty & Generic,NASDAQ,19.1,2,1,1,17,0.11,1792316.946844697,6223323.0,0.0052,-98.46,7432006,10203565,6415001,-0.306
5780,CIGL,Industrials,Security & Protection Services,NASDAQ,19.08,2,1,13,30,0.41,138688121.27270532,226985468.0,0.0023,-98.68,296079,2427979,1884810,0.108
5781,ICCM,Healthcare,Medical Devices,NASDAQ,18.98,2,3,4,15,2.79,17791077.71952389,81237799.0,0.027,99.29,80719,6798883,4118867,0.257
5782,TNON,Healthcare,Medical Devices,NASDAQ,18.89,2,6,18,11,0.19,7985665.292406797,11573428.0,0.0167,-92.34,439830,14692400,8846496,0.899
5783,CCHH,Consumer Cyclical,Restaurants,NASDAQ,18.82,2,6,6,0,1.52,14510399.675667286,30230000.0,0.00090000004,-90.12,194946,785306,822444,0.101
5784,FNGR,Communication Services,Telecom Services,NASDAQ,18.7,2,2,12,21,0.26,47186605.99115181,61281308.0,0.0234,-91.33,230175,371998,842741,-0.321
5785,GNPX,Healthcare,Biotechnology,NASDAQ,18.56,2,1,2,2,8.03,8257393.257120609,10586402.0,0.098000005,-85.4,57276,31100,22929,
5786,TC,Communication Services,Advertising Agencies,NASDAQ,18.49,2,17,18,17,2.31,233578837.83182144,26422945.0,0.0001,-89.72,1744390,3530770,2119240,
5787,ZBAO,Financial Services,Insurance Brokers,NASDAQ,18.41,2,7,13,23,0.17,30553338.227498293,34061692.0,0.0378,-87.31,54710240,31879946,19308232,0.407
5788,JEM,Consumer Cyclical,Apparel Retail,NASDAQ,18.38,2,2,1,1,5.9,2701902.0,1801268.0,0.1178,-96.27,4471909,2269845,1383846,0.235
5789,ABTC,Financial Services,Capital Markets,NASDAQ,18.15,2,6,10,8,5.48,1201204916.5811582,1063013205.0,0.024500001,-62.26,1295862,1586818,1248829,4.035
5790,AMOD,Technology,Software - Application,NASDAQ,18.13,2,1,2,20,3.63,12158544.89192754,53094082.0,0.022,39.62,10765,44935,34114,
5791,LRHC,Real Estate,Real Estate Services,NASDAQ,18.09,2,0,0,0,0.96,1375499.939918518,1050000.0,0.033099998,-99.95,89902,207027,445372,0.032
5792,HPAI,Technology,Software - Infrastructure,NASDAQ,18.09,2,1,5,18,0.44,39529253.70485544,37646910.0,0.0165,-91.57,1120083,470521,597064,0.224
5793,AIRE,Real Estate,Real Estate Services,NASDAQ,17.98,1,1,2,13,1.41,13358230.041162252,5364751.0,0.0979,-96.87,87864,64861,85956,-0.091
5794,SLXN,Healthcare,Biotechnology,NASDAQ,17.95,1,0,1,3,2.45,2057265.3860664368,418995.0,0.044899996,-98.9,18950,98420,791214,
5795,VSA,Consumer Defensive,Education & Training Services,NASDAQ,17.89,1,2,1,0,3.04,2414554.6890728474,621507.0,0.1097,-99.86,582060,208996,586820,
5796,FEED,Healthcare,Medical Devices,NASDAQ,17.86,1,1,2,3,0.34,5494839.741001129,6091840.0,0.0317,-98.05,219354,340451,921106,-0.363
5797,VBIO,Healthcare,Biotechnology,NASDAQ,17.79,1,3,7,4,0.29,2451831.0970025063,3200824.0,0.0794,-94.82,1234070,573810,523562,
5798,JYD,Industrials,Integrated Freight & Logistics,NASDAQ,17.7,1,1,63,5,1.02,5784333.521604538,8298900.0,0.0018000001,-91.94,316879,245319,801171,0.086
5799,PWCM,Financial Services,Capital Markets,NASDAQ,17.57,1,3,4,2,1.96,,,,,366489,251461,159235,
5800,TNMG,Communication Services,Publishing,NASDAQ,17.39,1,3,1,5,0.39,1834967.4702612162,2931258.0,0.0385,-97.91,3672150,13596050,8386176,0.057
5801,FLZH,Communication Services,Broadcasting,NASDAQ,17.2,1,1,74,4,1.41,,,,,38440,414326,277464,
5802,KWM,Communication Services,Entertainment,NASDAQ,17.17,1,1,2,4,0.12,18214706.087586343,68476338.0,0.0073,-98.58,14329849,5835436,3933233,1079.59
5803,VNRX,Healthcare,Medical Devices,NYSE ARCA,16.98,1,2,4,9,0.85,22241821.535549164,8330270.0,0.0353,-95.48,235830,253670,294882,1.332
5804,NAMI,Communication Services,Internet Content & Information,NASDAQ,16.93,1,1,6,9,2.8,22851638.137189776,79071411.0,0.0008,36.59,13700,71451,55488,-0.019
5805,NXTT,Technology,Software - Application,NASDAQ,16.91,1,2,1,0,0.6,110583345.93656874,76264374.0,0.001,-99.92,211313,180127,159280,
5806,SCAG,Industrials,Farm & Heavy Construction Machinery,NASDAQ,16.71,1,2,2,10,0.31,35070468.939394206,72609665.0,0.0008,-98.73,212511,5346170,5788128,0.388
5807,VTAK,Healthcare,Medical Devices,NYSE ARCA,16.67,1,10,4,9,0.28,2369376.2271612883,2692473.0,0.0070999996,-98.22,11898210,18423943,11094752,2.021
5808,GCTK,Healthcare,Medical Instruments & Supplies,NASDAQ,16.44,1,1,2,1,0.3,4131124.3041561246,6259279.0,0.0069999998,-98.11,11708863,5956934,3994798,
5809,MF,Communication Services,Advertising Agencies,NASDAQ,16.38,1,1,5,16,6.68,,,,,394254,1144301,1475509,
5810,NXTS,Basic Materials,Agricultural Inputs,NASDAQ,16.37,1,7,3,1,1.55,4075961.164270401,730459.0,0.037100002,-98.28,109877,2684255,1626003,
5811,ARAI,Technology,Scientific & Technical Instruments,NASDAQ,16.16,1,2,2,2,0.25,34227170.3800655,51859347.0,0.051799998,-98.41,419948,506362,808713,
5812,PLYX,Healthcare,Biotechnology,NASDAQ,16.13,1,1,1,12,1.99,162996396.15926313,49845993.0,0.0094,-95.93,85870,100746,220910,
5813,MGN,Industrials,Engineering & Construction,NASDAQ,16.1,1,6,0,15,0.07,5438999.995589256,37000000.0,0.0208,-99.19,743767,19392105,14702053,1.259
5814,AEMD,Healthcare,Medical Devices,NASDAQ,16.08,1,2,7,2,0.56,3467733.1598567963,1569110.0,0.0185,-98.16,74889,172486,792105,
5815,VRXA,Healthcare,Biotechnology,NASDAQ,16.06,1,1,74,48,1.98,,,,,349680,875420,530600,
5816,RCT,Technology,Software - Application,NASDAQ,16.05,1,3,6,6,0.18,40366178.1045903,59362026.0,0.0584,-96.64,690429,12220503,8615179,0.005
5817,JUNS,Healthcare,Biotechnology,NASDAQ,16.0,1,3,7,10,0.11,11116572.688008845,43424110.0,0.0032,-96.7,39535501,15460527,16816480,
5818,TRNR,Consumer Cyclical,Personal Services,NASDAQ,15.85,1,1,0,0,2.97,1874072.5906820297,2330936.0,0.024400001,-97.64,35050,287623,310575,2.791
5819,GSUN,Consumer Defensive,Education & Training Services,NASDAQ,15.83,1,3,4,6,0.19,4252240.829787552,10028870.0,0.0299,-94.56,21642243,11721927,7102756,3.046
5820,FCUV,Technology,Scientific & Technical Instruments,NASDAQ,15.63,1,0,0,1,2.11,1670313.228509009,2069781.0,0.3084,-95.98,17568,3615905,2258294,-0.748
5821,EZRA,Financial Services,Insurance Brokers,NASDAQ,15.42,1,2,5,1,1.98,2184152.5571012497,555764.0,0.0559,-98.61,106536,96585,133689,-0.097
5822,CRMT,Consumer Cyclical,Auto & Truck Dealerships,NASDAQ,15.29,1,0,5,20,3.26,102037110.18328667,8302450.0,0.2481,-94.8,483335,2911908,2081767,-0.12
5823,SHPH,Healthcare,Drug Manufacturers - Specialty & Generic,NASDAQ,15.27,1,2,4,5,2.79,3071927.110494375,5851290.0,0.0764,-55.0,646890,4213510,2602009,
5824,DDC,Consumer Defensive,Packaged Foods,NYSE ARCA,15.14,1,3,5,6,0.47,64199440.86121917,44275475.0,0.0067000003,-97.74,177868,125669,107345,0.078
5825,CYCU,Technology,Information Technology Services,NASDAQ,14.96,1,3,2,4,0.3,7481908.2213673,8590021.0,0.0392,-98.11,2354209,1162403,1191201,-0.155
5826,CTNT,Industrials,Integrated Freight & Logistics,NASDAQ,14.84,1,0,0,14,1.89,4912588.961219668,2959391.0,0.0154,-99.59,493019,1899959,1812453,-0.807
5827,ELAB,Healthcare,Biotechnology,NASDAQ,14.75,1,0,0,0,0.95,8042439.183334827,4543751.0,0.0848,-99.69,1312814,4105874,3558902,
5828,SBEV,Consumer Defensive,Beverages - Wineries & Distilleries,NYSE ARCA,14.72,1,1,2,2,0.35,1874978.7898273468,10964788.0,0.0199,-93.15,222598,4573786,7915567,-0.938
5829,KITT,Industrials,Aerospace & Defense,NASDAQ,14.46,1,1,1,4,0.87,9005264.761441946,5002925.0,0.2068,-99.0,231465,258465,295109,-0.034
5830,MDXH,Healthcare,Diagnostics & Research,NASDAQ,14.13,1,0,16,83,0.41,39037034.710149765,51364520.0,0.0235,-92.31,252151,615243,733304,0.127
5831,HODO,Technology,Software - Application,NASDAQ,14.11,1,66,66,5,0.95,,,,,636047,650609,439301,
5832,ARTL,Healthcare,Biotechnology,NASDAQ,14.01,1,0,5,4,0.88,4879755.916898251,3485540.0,0.0162,-98.97,171048,221876,1380957,
5833,HDRN,Industrials,Specialty Industrial Machinery,NASDAQ,14.01,1,1,47,44,1.62,313516301.7666607,105206812.0,,-87.04,80586,90495,126179,
5834,BYAH,Consumer Defensive,Household & Personal Products,NASDAQ,13.79,1,6,1,0,0.36,3929039.3721399307,3220524.0,0.0126,-99.98,1617066,4668945,5926847,-0.159
5835,ENLV,Healthcare,Biotechnology,NASDAQ,13.69,1,10,17,36,2.24,195249467.01470494,241048724.0,0.0017,6.67,499125,195194,128335,
5836,ONEG,Industrials,Engineering & Construction,NASDAQ,13.62,1,6,96,86,1.03,14880000.114440918,16000000.0,0.0042,-93.11,43037,181902,563867,-0.034
5837,SHFS,Financial Services,Banks - Regional,NASDAQ,13.55,1,1,5,4,0.19,3163340.1015672684,6455796.0,0.0752,-97.93,225140,1156016,4185664,-0.541
5838,SRXH,Consumer Defensive,Packaged Foods,NYSE ARCA,13.54,1,5,6,3,1.48,65518280.20336622,590254769.0,0.0304,89.74,2932910,7629755,4857662,
5839,KUST,Communication Services,Entertainment,NASDAQ,13.47,1,1,2,1,1.02,1987146.2478256226,626860.0,0.063,-98.08,15001627,10990312,6760367,0.381
5840,CETX,Technology,Software - Infrastructure,NASDAQ,13.15,1,2,4,1,2.79,10343305.699549556,11121834.0,0.0771,-87.35,112388,989079,638558,-0.337
5841,OFAL,Industrials,Engineering & Construction,NASDAQ,13.15,1,2,70,3,0.11,6435377.395250082,26266846.0,0.0156,-98.1,1458393,1302221,1194186,4.05
5842,GIPR,Real Estate,REIT - Diversified,NASDAQ,13.12,1,3,2,7,0.7,1351024.839563638,6558373.0,0.0306,-64.82,1174663,619071,1399709,-0.083
5843,VCIG,Industrials,Consulting Services,NASDAQ,13.04,1,19,0,1,0.35,46924512.95936203,5540084.0,0.0481,-99.99,5754660,1970183,4413822,0.219
5844,ZSTK,Financial Services,Asset Management,NASDAQ,13.02,1,3,5,11,1.35,11277385.115497112,2430471.0,0.015800001,-97.13,27790,25820,20038,0.059
5845,MSS,Consumer Defensive,Grocery Stores,NASDAQ,12.78,1,2,2,4,1.59,2913452.4833233953,3184101.0,0.0365,-95.98,1903645,984817,656253,-0.086
5846,OMH,Real Estate,Real Estate Services,NASDAQ,11.89,1,6,19,81,0.15,18919826.421185732,23101131.0,0.0055,-95.38,77232590,25922813,15744318,-0.129
5847,BNZI,Technology,Software - Application,NASDAQ,11.53,1,0,1,5,1.91,5650762.326669693,1456382.0,0.1104,-99.08,142632,329384,438830,-0.202
5848,NCRA,Consumer Defensive,Packaged Foods,NASDAQ,11.27,1,2,2,5,1.43,4425244.605030298,19933534.0,0.0201,-40.42,97357,779899,957695,-0.12
5849,CHSN,Consumer Cyclical,Restaurants,NASDAQ,10.86,1,0,0,7,1.1,2481423.211640954,2319087.0,0.026300002,-99.98,107817,1527132,1386581,-0.103
5850,NTCL,Technology,Software - Application,NASDAQ,10.69,1,1,8,1,3.27,59103703.42974901,59942904.0,0.0023,-11.62,68127,82314,169892,-0.029
5851,SBFM,Healthcare,Drug Manufacturers - Specialty & Generic,NASDAQ,10.5,1,1,15,18,1.43,4107765.1751623154,1616594.0,0.0991,-94.12,57860,80870,2026118,-0.091
5852,DAIC,Technology,Information Technology Services,NASDAQ,9.87,0,1,2,0,1.01,169453.6207214445,1210383.0,0.014199999,-98.65,650721,364527,1168653,-0.965
5853,AMZE,Technology,Software - Application,NYSE ARCA,9.84,0,3,1,2,0.25,6841124.884022683,45007402.0,0.0681,-97.87,1953909,1050649,1314962,6.79
5854,ONFO,Communication Services,Internet Content & Information,NASDAQ,9.83,0,3,89,10,0.11,4377267.790946245,6662508.0,0.0343,-95.56,29942510,15648653,9498130,-0.336
5855,FAMI,Consumer Defensive,Packaged Foods,NASDAQ,9.27,0,1,18,16,0.15,18650532.47938025,13815209.0,0.0128999995,-93.09,520864,926488,579374,-0.573
5856,BGL,Basic Materials,Gold,NASDAQ,9.18,0,0,1,3,0.21,27565497.26182419,40837773.0,0.006,-99.87,367644,1249021,904316,
5857,PHGE,Healthcare,Biotechnology,NYSE ARCA,9.04,0,0,1,10,0.18,12784610.063235283,10146516.0,0.0225,-98.78,1823610,4195166,9870882,
5858,FCHL,Consumer Defensive,Education & Training Services,NASDAQ,9.02,0,0,0,2,1.02,1819863.9537117481,1318742.0,0.19379999,-99.97,26295,79568,297119,-0.001
5859,ZNB,Communication Services,Entertainment,NASDAQ,8.86,0,0,0,2,2.93,3242844.5,1853054.0,0.0735,-99.89,704402,451815,343150,3.93
5860,PMI,Healthcare,Medical Devices,NYSE ARCA,8.75,0,0,1,8,0.09,13815777.2380507,93349845.0,0.0104,-99.34,22102010,23074086,47046464,0.855
5861,CDTG,Industrials,Waste Management,NASDAQ,8.45,0,1,6,8,0.95,755250.0,3021000.0,0.0007,-55.4,386271,283407,354021,-0.361
5862,CMND,Healthcare,Biotechnology,NASDAQ,8.42,0,0,1,0,1.46,3648138.062253952,1019033.0,0.0202,-99.72,284584,850091,2479432,
5863,RITR,Industrials,Engineering & Construction,NASDAQ,8.11,0,6,3,4,0.08,30472550.342418253,62443750.0,0.0135,-99.04,2187791,1139577,1363964,-0.714
5864,SUGP,Industrials,Security & Protection Services,NASDAQ,8.07,0,1,13,27,0.5,1494067.4120616913,1464772.0,0.0791,-97.28,849380,12990560,9496320,-0.065
5865,FTFT,Technology,Software - Application,NASDAQ,7.91,0,3,5,2,0.98,7104453.513978004,5871449.0,0.0134000005,-93.92,161560,97936,76463,-0.608
5866,CPOP,Communication Services,Entertainment,NASDAQ,7.66,0,1,8,9,0.37,25319162.477316827,81939041.0,0.0023999999,-85.82,699035,3530404,3379065,1.816
5867,BNRG,Utilities,Utilities - Renewable,NASDAQ,7.65,0,0,0,1,0.56,897289.7419576645,540536.0,0.3473,-99.59,7177962,3167990,2810516,
5868,AIXI,Technology,Software - Application,NASDAQ,7.39,0,5,95,1,1.05,11120702.96976471,920588.0,0.26,-93.55,756472,1541547,1002060,-0.978
5869,NIVF,Healthcare,Medical Care Facilities,NASDAQ,7.06,0,0,1,0,0.93,517373.23491060734,568542.0,0.11270001,-99.95,185859,2353498,2342107,0.119
5870,JZ,Technology,Information Technology Services,NASDAQ,7.05,0,0,14,3,2.55,34397547.94156194,47249380.0,0.0008,-41.65,168885,186880,229337,0.581
5871,POAS,Healthcare,Medical Devices,NYSE ARCA,6.98,0,0,10,78,0.22,8585203.743115067,16446750.0,0.0381,-97.03,202584,345964,1312056,0.388
5872,LGHL,Financial Services,Capital Markets,NASDAQ,6.74,0,1,2,0,1.08,486281.0846477747,507071.0,0.06,-98.28,7863000,4101795,2593029,
5873,POM,Healthcare,Pharmaceutical Retailers,NASDAQ,6.38,0,1,15,0,0.68,13956234.631950289,134194561.0,0.0149,-89.42,78301,66087,69783,0.172
5874,NEXR,Consumer Cyclical,Internet Retail,NASDAQ,6.27,0,0,1,0,0.34,1100469.8515752554,809169.0,0.0398,-99.77,5109927,13345679,12538591,0.315
5875,TDIC,Communication Services,Advertising Agencies,NASDAQ,5.9,0,1,10,1,2.51,10926069.071596384,27801702.0,0.0496,-93.65,102460,1614920,1744800,0.289
5876,WETO,Technology,Software - Infrastructure,NASDAQ,5.47,0,80,7,4,0.04,82819999.21798706,82000000.0,0.0001,-99.04,19319140,6582810,4032598,-0.45
5877,JAGX,Healthcare,Biotechnology,NASDAQ,5.39,0,0,1,1,0.96,2333613.7686548233,657356.0,0.1313,-99.37,129855,97798,100369,8.156
5878,RBNE,Energy,Oil & Gas Midstream,NASDAQ,5.34,0,1,2,6,2.64,7229366.25669229,6572151.0,0.024300002,-97.43,366334,155425,127028,2.386
5879,KALA,Healthcare,Biotechnology,NASDAQ,4.96,0,0,1,3,0.66,41455325.71457291,18589832.0,0.0023,-99.94,155778,189612,150849,
5880,XXII,Consumer Defensive,Tobacco,NASDAQ,4.91,0,0,0,1,3.93,2432784.370996952,4455649.0,0.0224,-98.53,10650,20890,25554,-0.433
5881,YMT,Technology,Software - Application,NASDAQ,4.8,0,0,0,23,0.32,8616405.903640509,7625138.0,0.015,-99.65,1030560,998696,951185,-0.077
5882,ONCO,Healthcare,Biotechnology,NASDAQ,4.34,0,0,0,4,0.83,1375748.4546673298,1146457.0,0.0049,-99.78,280002,802044,1082104,-0.789
5883,EDBL,Consumer Defensive,Farm Products,NASDAQ,4.29,0,0,0,1,2.43,2285365.4301675856,8722769.0,0.2351,-93.13,3721603,2057405,1302827,0.229
5884,IPW,Consumer Cyclical,Internet Retail,NASDAQ,3.64,0,0,0,2,0.63,2545773.9369392395,661240.0,0.1821,-99.77,3731492,1842610,1265631,-0.782
5885,VIVK,Energy,Oil & Gas Integrated,NASDAQ,2.96,0,0,12,0,1.94,5799123.552416205,4295647.0,0.0341,-99.23,28804448,9986841,6045742,-0.479
5886,GMM,Technology,Information Technology Services,NASDAQ,2.95,0,0,19,8,2.47,8529414.295597583,62258501.0,0.0039,-24.92,2922451,6446003,5330061,0.362
5887,AVAT,Financial Services,Asset Management,NASDAQ,2.9,0,0,47,45,0.33,,,,,371272,865670,591838,
5888,PFSA,Healthcare,Medical Devices,NASDAQ,2.89,0,0,0,2,1.04,1649734.8819998503,4660268.0,0.0581,-99.75,977382,609108,370520,
5889,VMAR,Consumer Cyclical,Recreational Vehicles,NASDAQ,2.88,0,0,1,0,0.76,934849.6802787781,1560684.0,0.0877,-99.78,3865300,6620164,4042360,192.73
5890,GMEX,Technology,Consumer Electronics,NASDAQ,2.85,0,0,0,0,1.56,2092711.1507298946,1423613.0,0.0661,-99.85,2905784,1964561,1470829,0.032
5891,NUWE,Healthcare,Medical Devices,NASDAQ,2.49,0,0,2,18,1.93,2064178.9888687134,2680752.0,0.013300001,-95.06,138194,164915,145588,0.262
5892,KIDZ,Consumer Defensive,Education & Training Services,NASDAQ,2.35,0,0,0,1,0.65,3193512.199548483,7944060.0,0.0215,-99.79,62586149,28356346,17808008,-0.364
5893,CISS,Industrials,Marine Shipping,NASDAQ,1.96,0,0,0,0,0.17,1233680.6245193481,541088.0,0.1925,-99.98,45002084,15103581,9847122,0.335
5894,RPGL,Technology,Software - Application,NASDAQ,1.92,0,0,0,3,1.9,10848803.862957,1094733.0,0.0271,-99.95,128193,1183647,943823,48.927
5895,HKIT,Technology,Information Technology Services,NASDAQ,1.82,0,0,0,75,3.12,5117989.2537231445,3505472.0,0.2143,-99.5,127437,353954,889865,4.409
5896,ELPW,Industrials,Electrical Equipment & Parts,NASDAQ,1.77,0,1,0,0,0.18,2436217.636302471,3045272.0,0.5697,-100.0,5499095,12611841,10922629,
5897,PAVS,Consumer Defensive,Packaged Foods,NASDAQ,1.63,0,0,0,0,4.63,1216410.7649981976,1048630.0,0.0098,-99.69,2086180,1309439,873647,180.334
5898,HUBC,Technology,Software - Infrastructure,NASDAQ,1.53,0,0,0,0,1.07,334615.5814756155,1282052.0,0.9486,-99.97,318312,2820574,5517000,-0.038
5899,YYAI,Technology,Software - Infrastructure,NASDAQ,1.46,0,0,3,3,0.9,12368805.898859024,1053561.0,0.061100002,-99.99,1843310,622463,383869,1.131
5900,WHLR,Real Estate,REIT - Retail,NASDAQ,1.36,0,0,0,0,0.25,1872481.4513177872,1800463.0,0.1047,-99.97,750030,2194568,1567212,-0.014
5901,YHC,Consumer Defensive,Beverages - Wineries & Distilleries,NASDAQ,1.31,0,31,18,11,1.39,19272321.63395226,21366210.0,0.0106,-87.52,278950,666195,401581,-0.642
5902,YYGH,Consumer Cyclical,Personal Services,NASDAQ,1.25,0,0,0,4,1.22,830564.4695777893,4371392.0,0.015800001,-99.29,402100,1625016,1883239,0.442
5903,LBGJ,Industrials,Specialty Industrial Machinery,NASDAQ,1.16,0,4,0,22,0.03,3331534.7295520306,3358402.0,0.060900003,-99.98,104681090,34944370,21054482,-0.096
5904,SXTC,Healthcare,Drug Manufacturers - Specialty & Generic,NASDAQ,1.1,0,6,1,0,0.06,7444993.408679962,4458080.0,0.0014,-99.99,81806150,27299773,16432202,-0.245
5905,RUBI,Industrials,Marine Shipping,NASDAQ,0.9,0,0,0,0,2.16,1490207.800818801,2512998.0,1.96,-99.99,3182504,1242591,1188299,-0.051
5906,WOK,Healthcare,Medical Devices,NASDAQ,0.75,0,0,3,0,1.84,121818.35582882166,1295940.0,0.3796,-99.98,178250,1326891,1333902,-0.144
5907,INLF,Industrials,Specialty Industrial Machinery,NASDAQ,0.45,0,0,1,8,5.3,52463749.3416667,13806250.0,0.0032,-81.07,8997044,4171628,2503163,-0.102
5908,ZCMD,Healthcare,Health Information Services,NASDAQ,0.35,0,0,5,5,1.17,643741.2294572592,3854738.0,0.0254,-90.4,18593340,9452895,5959849,-0.232
5909,EZGO,Consumer Cyclical,Recreational Vehicles,NASDAQ,0.27,0,0,7,2,0.94,3574143.3400461674,2305899.0,0.0084,-99.96,180601,809147,1107004,0.219
5910,GDC,Communication Services,Electronic Gaming & Multimedia,NASDAQ,0.14,0,0,65,86,1.61,6683568.17378439,60759711.0,0.1372,-83.76,481545,1613550,1038411,
5911,HAO,Communication Services,Advertising Agencies,NASDAQ,0.09,0,0,9,56,0.16,2333625.944022894,2222501.0,0.012999999,-99.94,4613736,9241928,6135580,0.412
